:020000042400D6
:1000000000000220E9050024DD05002485530024BA
:10001000DD050024DD050024DD05002400000000CE
:10002000000000000000000000000000DD050024CA
:10003000DD05002400000000DD0500240953002434
:10004000DD050024DD050024DD050024DD05002498
:10005000DD050024DD050024DD050024DD05002488
:10006000DD050024DD050024DD050024D94E002433
:10007000E54E002435330024F14E0024FD4E0024CB
:10008000ED1D0124B53F0024DD050024DD0500241D
:10009000DD050024DD050024DD050024DD05002448
:1000A000DD050024DD050024DD050024DD05002438
:1000B0006D0F0124790F0124850F0124E93F0024ED
:1000C000DD050024F53F0024DD050024B5070124EB
:1000D000C1070124211C01244D1C0124811C012481
:1000E000DD050024DD05002400000000DD050024FE
:1000F000DD050024DD050024DD050024DD050024E8
:10010000DD050024DD050024910F0124CD07012425
:10011000B51C0124E91C012455360024DD0500240A
:100120003D36002449360024F10701242508012426
:10013000211E0124DD050024DD050024DD05002449
:1001400000000000000000000000000000000000AF
:10015000DD050024DD050024DD0500241D1D01242E
:1001600001400024DD050024195300243D530024E0
:10017000DD05002461530024DD050024DD05002495
:10018000DD050024DD050024511D0124851D012409
:10019000D9070124E5070124DD050024DD0500243D
:1001A000DD050024DD050024DD050024DD05002437
:1001B000CD4B0024DD050024DD050024DD050024F1
:1001C000DD050024DD050024DD050024DD05002417
:1001D000DD050024DD050024DD050024DD05002407
:1001E000DD050024DD050024DD050024DD050024F7
:1001F000DD050024DD050024DD050024DD050024E7
:10020000DD050024DD050024DD050024DD050024D6
:10021000DD050024DD050024DD050024DD050024C6
:10022000DD050024DD050024DD05002400000000BC
:10023000DD050024DD05002400000000DD050024AC
:10024000DD050024DD050024DD050024DD05002496
:10025000DD050024DD050024DD050024DD05002486
:10026000DD050024DD050024DD050024DD05002476
:10027000DD050024DD050024B91D01240000000077
:10028000DD050024DD050024DD050024000000005C
:0802900000000000DD05002460
:1002980010B5054C237833B9044B13B10448AFF3B8
:1002A80000800123237010BDE0030020000000003F
:1002B800304D012408B5034B1BB103490348AFF384
:1002C800008008BD00000000E4030020304D012438
:1002D80053B94AB9002908BF00281CBF4FF0FF31A5
:1002E8004FF0FF3000F074B9ADF1080C6DE904CEA1
:1002F80000F006F8DDF804E0DDE9022304B07047F9
:100308002DE9F047089D04468E46002B4DD18A42C0
:10031800944669D9B2FA82F252B101FA02F3C2F1F3
:10032800200120FA01F10CFA02FC41EA030E944084
:100338004FEA1C48210CBEFBF8F61FFA8CF708FBA5
:1003480016E341EA034306FB07F199420AD91CEB7D
:10035800030306F1FF3080F01F81994240F21C81AF
:10036800023E63445B1AA4B2B3FBF8F008FB1033F7
:1003780044EA034400FB07F7A7420AD91CEB04042C
:1003880000F1FF3380F00A81A74240F207816444FC
:10039800023840EA0640E41B00261DB1D440002381
:1003A800C5E900433146BDE8F0878B4209D9002DE5
:1003B80000F0EF800026C5E9000130463146BDE86F
:1003C800F087B3FA83F6002E4AD18B4202D38242D9
:1003D80000F2F980841A61EB030301209E46002D88
:1003E800E0D0C5E9004EDDE702B9FFDEB2FA82F2DD
:1003F800002A40F09280A1EB0C014FEA1C471FFA3B
:100408008CFE0126200CB1FBF7F307FB131140EA21
:1004180001410EFB03F0884208D91CEB010103F1EE
:10042800FF3802D2884200F2CB804346091AA4B2B0
:10043800B1FBF7F007FB101144EA01440EFB00FE84
:10044800A64508D91CEB040400F1FF3102D2A645E9
:1004580000F2BB800846A4EB0E0440EA03409CE788
:10046800C6F12007B34022FA07FC4CEA030C20FA35
:1004780007F401FA06F31C43F9404FEA1C4900FA55
:1004880006F3B1FBF9F8200C1FFA8CFE09FB1811D2
:1004980040EA014108FB0EF0884202FA06F20BD945
:1004A8001CEB010108F1FF3A80F08880884240F295
:1004B8008580A8F102086144091AA4B2B1FBF9F0D9
:1004C80009FB101144EA014100FB0EFE8E4508D9D4
:1004D8001CEB010100F1FF346CD28E456AD9023859
:1004E800614440EA0840A0FB0294A1EB0E01A1423E
:1004F800C846A64656D353D05DB1B3EB080261EBAC
:100508000E0101FA07F722FA06F3F1401F43C5E985
:10051800007100263146BDE8F087C2F12003D840BB
:100528000CFA02FC21FA03F3914001434FEA1C47FD
:100538001FFA8CFEB3FBF7F007FB10360B0C43EAEF
:10054800064300FB0EF69E4204FA02F408D91CEB9F
:10055800030300F1FF382FD29E422DD9023863449D
:100568009B1B89B2B3FBF7F607FB163341EA03413D
:1005780006FB0EF38B4208D91CEB010106F1FF388C
:1005880016D28B4214D9023E6144C91A46EA004683
:1005980038E72E46284605E70646E3E61846F8E615
:1005A8004B45A9D2B9EB020864EB0C0E0138A3E75E
:1005B8004646EAE7204694E74046D1E7D0467BE73F
:1005C800023B614432E7304609E76444023842E7B7
:1005D800704700BF684620F007018D46FEE700BF60
:1005E8000A480B4A904208B503D0121A094914F078
:1005F80097F80948094A904203D0121A002114F0CA
:100608009DF814F069F800F017FDFEE700000020DF
:10061800E0030020704D0124E0030020743C00201A
:10062800704700BFA94BD1ED005AD3ED047A93ED82
:10063800035A93ED056AD1ED026AA54AA54B92EDDE
:10064800017A70B52DED068BD1ED019AB0EE409A86
:10065800D1ED038A84B067EEA99A93ED00AA70EEF3
:10066800288ADFED9D7A0D460646E5EE259A6AEE64
:10067800277AE6EE269AE7EE289AB1EE697A87EEAF
:10068800270A002800F0FD8013F0CAFBDFED937AFB
:1006980020EE278A102438E0B4EE478ADFED90AACE
:1006A8009FED8E0AF1EE10FA48BFB0EE478AEEB31E
:1006B80088EE000A13F01CFC9FED8A6ADFED8A6A57
:1006C800B7EE007AC7EE007A30EE677A70EE277AD6
:1006D80027EE067A67EEA67AF0EE696A9FED836ADE
:1006E800EAEE076ABFEE007AAAEE277A76EEC87AB3
:1006F800C7EE876AF0EEE67A38EE668AF4EEC67AD6
:10070800F1EE10FA2DD4013C2BD0F0EE087AB8EEB9
:10071800087AB4EEE78AF1EE10FABDDDB0EE678A2A
:10072800DFED6FAA9FED6D0A002EC1D188EE2A0A6F
:1007380013F0DEFBDFED695ADFED6A6A20EE006A2E
:10074800B7EE005AC0EE2A7A85EE067A87EE256A59
:1007580030EE477A27EE267A77EE867A67EEA67A23
:10076800BAE7002E7AD09FED5D0A88EE000A13F0F2
:10077800BFFB9FED5C7AF7EE006AC6EE807A30EE3A
:10078800670A20EE077A514B01AAD5ED003A95ED9C
:10079800014A03F12404D5ED024A4D485449D3EDEA
:1007A800017A0C3313ED035A64EE277A53ED015A9C
:1007B800B0EC016A9C42F1EC016AE5EE237AE5EEC1
:1007C800A47AE6EE287AE6EE877AE2EC017AE6D1B8
:1007D8009DED010A9FED477AB0EEC06ADDED027A21
:1007E800DDED036A85ED000AB4EE476AC5ED017ACE
:1007F800C5ED026A85ED039AF1EE10FA85ED048ADB
:1008080018D8B0EEE76AB4EE476AF1EE10FA11D8DC
:10081800F0EEE66AF4EE476AF1EE10FA0AD877EEDF
:10082800C07A37EE890AF0EEC07AF4EE477AF1EE34
:1008380010FA0FD9DFED307AB0EE670AC5ED027A0B
:10084800C5ED017AC5ED007AC5ED037AC5ED047AE8
:10085800C5ED057A04B0BDEC068B70BD9FED200A8E
:1008680088EE000A13F044FB9FED1E7A60EE006AE2
:10087800B7EE006AC6EE267A30EE670A20EE077AEF
:1008880081E7B5EEC00AF1EE10FA0EDDDFED156A6C
:10089800F7EE007A80EE267A37EE270A13F0A2FBED
:1008A800DFED0F7A20EE278AF4E6F1EE407ADFEDED
:1008B8000D6AB7EE007A87EEA60A30EE070A13F043
:1008C80091FBDFED0E7A20EE278AE3E60C04002088
:1008D80030040020680700204F2CAD316D5C393D95
:1008E8006D5CB93D4F2C2D31D82A6F3395BFD63367
:1008F8003C040020FFFF7F7F000000006D5C39BDD5
:100908009FED9D7AF7EE007A20EE070A30B5B4EE37
:10091800E70A2DED028BF1EE10FAA5B000F1238164
:10092800DFED966ABFEE007ADFED957A30EE260AA3
:1009380020EE270AC7EE007A00229249924B0DF169
:10094800040E9FED927A09AD12AC019270EEA00AE6
:100958000391059106930893CDED047A02920792CC
:1009680020462946F44600239A429FED898A03F1DE
:10097800010340FE887A77EEC76A77EE877A032B01
:10098800E1EC016AE0EC017A02D0BCEC017AEBE719
:1009980001320EF10C0E0C350C34032A02D01EED78
:1009A800017ADDE7242200211BA813F0C7FEDDED44
:1009B8000E0ADDED0F6A9DED110A26EEE03A9DED77
:1009C800101A9DED0C5A21EE606ADDED0D1AA0EEAD
:1009D800053A9DED0A2A66EEE13ADDED092AA1EE17
:1009E800806A9DED0B7ADFED6B7AE1EE053A63EEF6
:1009F800424AE2EE864AE7EE234AF0EEE45AF4EE83
:100A0800E75AF1EE10FA00F1B180B7EE004A67EE4E
:100A1800417A27EE618AC4EE245A67EE664A27EEC9
:100A2800457A66EEC26A25EE425AE0EE027AA2EEF6
:100A3800A07AA0EE828AE2EE804AE2EE816AA2EE15
:100A4800A15A27EEE54A26EE256A67EE657A25EE75
:100A5800888A8DED1C4A23EE653A8DED1B6A63EE9C
:100A6800A53ACDED207A65EEA44A8DED1D8A26EED5
:100A7800E57A8DED1E3A65EE855ACDED213ACDED3C
:100A88001F4A8DED227ACDED235A0DF16C0CF0EE54
:100A9800484AB0EE445A4049F0EE465A21AC604606
:100AA800A1F10C0212ABF3EC016AD3ED027A93EDDB
:100AB800057A65EE277AE6EEA57AE7EE247AE2EC87
:100AC800017A9142EFD1844201F10C0107D0D0EDB7
:100AD800035A0C3090ED015AD0ED024AE0E72F4A54
:100AE800F0EE484AB0EE447A1BABB0EE465A02F13B
:100AF8000C01DFED2B5ADFED2B6A27EE257ADFEDAF
:100B08002A7AA5EE267AA4EEA77AA2EC017A914277
:100B180007D093ED035A0C3393ED017AD3ED024AD3
:100B2800E7E722490B4601F10C02DFED217A9FED40
:100B3800187A64EE277AE6EE077AE8EE077AE3ECAD
:100B4800017A9A4208D09CED036A0CF10C0C9CEDDA
:100B5800014A9CED028AE8E7164B4A681A6025B0FC
:100B6800BDEC028B30BDDFED147AE5E6B0EE484A05
:100B7800B0EE486A89E700BF00504347003847474E
:100B8800E54C602EA6A17ECA7B778DC50000C8C241
:100B9800000000006042A20D18040020300400206C
:100BA800A6A17E4A0000C8427B778D453C04002000
:100BB800FE1692D0680700207FB9BBC82DE9F84F10
:100BC8000746D84892468846D74C2DED068B00F04C
:100BD80023FFD44800F02CFFD44802F0EDF8D448A5
:100BE80002F0EAF80421D048F7EE00AA00F05CFB16
:100BF8000021CD48F0EE408A00F0FCFAB1EE047A0C
:100C08009FEDCC9A0521DFEDCC6A204689FE008A4B
:100C180028EE078AA8EE878A88FE478AB4EE668A95
:100C2800F1EE10FA48BFB0EE668A00F03DFBF0EE38
:100C3800408A0121204600F0DDFA0621204689FE7F
:100C4800000A78EE808A00F02FFBF0EE409A02212D
:100C5800204600F0CFFA0721204689FE000A79EEE7
:100C6800809A00F021FB03212046B0EE40AA00F054
:100C7800C1FAB24B89FE000A9FEDB17AC8FEEA8A32
:100C8800D3ED007A3AEE00AA94F86890C9FEEA9A81
:100C980078EE677AA9F1FF098AFE6AAAF0EEE77A88
:100CA800B9FA89F94FEA5919F4EEC77AF1EE10FA50
:100CB80000F32B81A34B93ED009A9FEDA38AF0EEEE
:100CC800680AB0EE480A13F00BFB20EE080ADFEDC5
:100CD8009F7A20EE270A80EE090A13F009F9B7EE89
:100CE800009A39EE409ABAF1000F00F0CE80002643
:100CF800974C984D2EE0984BB7EE006A93ED005A4A
:100D080036EE456A26EE076AA5EE856AB0EEE75A22
:100D1800D5ED065A84ED066AF4EEC55AF1EE10FADE
:100D28006CD58D4BB7EE007A93ED006A37EE467AB4
:100D380027EE057AA5EE867A0136D8E90023B24572
:100D480085ED067A5A445B44C2ED006AC3ED007A29
:100D580000F09D80DFED817A4FEA860BB4EEE7AABA
:100D6800D7E90023F1EE10FA02EB860203EB8603C3
:100D7800D2ED008A93ED008A5ADB69EEA88A69EE03
:100D8800887AB7EE007AF4EEC78AF1EE10FA45DDFC
:100D9800F0EE478AB7EE007AF4EEC77AF1EE10FA71
:100DA80032DDF0EE477AD4ED076AD4ED084A78EEE2
:100DB800E66A9FED6B6A95ED077AC5ED077AE4EE72
:100DC800866A95ED085A37EEC77AD4ED065AC4ED0F
:100DD800078AF0EE477AB0EEE67AC4ED086AE5EEE7
:100DE800067AF4EEC75AF1EE10FAC5ED087A82D405
:100DF8005C4B93ED006A25EE866A87E7594B93EDC5
:100E0800007A25EE877A97E7BFEE007AF4EE477A04
:100E1800F1EE10FA48BFF0EE477AC4E7BFEE007A69
:100E2800F4EE478AF1EE10FA48BFF0EE478AB1E7D0
:100E3800B0EE680A46494846F7EE00AAFFF7F2FB0B
:100E4800D4ED057A6AEE288A424930EE677A484638
:100E58007AEECAAAB0EE480AE7EE097AE7EEAA8A5D
:100E6800C4ED057AFFF7DEFB95ED057A6AEE087AA0
:100E780030EE470AA0EE097A69EEA88AEAEE877A88
:100E880085ED057A69EEA77A7BE7314C314DB1EEF5
:100E9800048A94ED060A0121234820EE080A00F08E
:100EA8006BF995ED060A02211F4820EE080A00F0AA
:100EB80063F9DFED217A94ED067AB4EEE77AF1EE84
:100EC80010FA06DC95ED067AB4EEE77AF1EE10FA40
:100ED8000EDD254C0323236001221348114600F040
:100EE800DDF92368BDEC068B013B2360BDE8F88F74
:100EF8001D4C2368002BEFDC002201210A48BDECC1
:100F0800068BBDE8F84F00F0C9B983ED008AB0EE52
:100F1800480A0C4B93ED009AF0EE490AFFF7F0FCF3
:100F2800CBE600BF4805002090040020B80400204C
:100F3800DC040020000000000AD7233C6C070020D6
:100F4800CDCCCC3D040400200000C842DB0FC9C052
:100F5800480400206C040020FC030020A4707D3F9E
:100F6800CEAA7F3F000400200804002030B500F11D
:100F7800B805044683B0284600F0A8FA204600F0D9
:100F88006DF9284600F040FD254B04F128001A7839
:100F9800597842EA012101F0F7FE284600F034FDB5
:100FA800204B04F14C001A78597842EA012101F0EB
:100FB800EBFE284600F028FD1B4B04F170001A7860
:100FC800597842EA012101F0DFFE284600F01CFDB5
:100FD800164B04F194001A78597842EA012101F07D
:100FE800D3FE28463021002500F0E0FC104B009588
:100FF80004F52A701A7859782B4642EA0121012211
:1010080002F08AFD0B4B009504F52F701A78597879
:101018002B4642EA0121012202F07EFD03B030BDD9
:10102800D0470124D4470124DC470124EC4701249C
:10103800C8470124CC47012408B52048FFEE008AA0
:10104800FFF794FF1E4800F0DBFC1E4B2422002112
:101058001D48B0EE408A83ED000A13F06FFB0021B3
:1010680024221A4813F06AFB9FED190A28EE000A99
:1010780088EE800A12F03CFFDFED167A164B83EDFE
:10108800000A68EE277A88EEA70A12F031FF134AA1
:10109800134BF0EE407A9FED130AF0EE480A83ED09
:1010A800000AC2ED007AFFF72BFC0F49044800F054
:1010B80075FC024800F01CF9FBE700BF9004002013
:1010C8004805002004040020480400206C04002087
:1010D8000AD7A33BCDCCCC3DFC0300200004002064
:1010E8006C07002000004842C50B00241F4800235D
:1010F8001F4A204910B44FF60B74C0F8D830C0E925
:101108000043C0E90543C0E90C43C0E91543C0E901
:101118001E43C0E92743C0E93834C0E90233C0E9B7
:101128000733C0E90E33C0E91733C0E92033C0E9FB
:101138002933C0E93133C0E93A33C0F8F030A0F8B8
:10114800BC42C0F8C832C0E99E43C0E9A443C0E924
:10115800AA43C0E9A0335DF8044BC0E9A633C0E94F
:10116800AC33C0E9B03312F055BE00BF9004002084
:101178000000002029060024F1EE047AB4EEE70A04
:10118800F1EE10FA26DCB9EE047AB4EEC70AF1EEF5
:1011980010FA04D5B0EE670AB83000F051BCB5EECD
:1011A800C00AF1EE10FA1AD830EE270AB8EE047A1F
:1011B800C0EE276AE6EE877AB0EE670AF1EE047AA7
:1011C800B4EEE70AF1EE10FAE4DCB5EEC00AF1EE8F
:1011D80010FAE1D59FED060AB83000F031BC80EE78
:1011E800277AF8EE047AB0EE040AA7EE270AE5E7B4
:1011F8000000000010B50C46B83000F01BFC032CB2
:101208001BD89FED137ADFED137AB4EEC70AF1EE1F
:1012180010FA9CBF30EE270A9FED0F7AC0EE276ABE
:10122800A6EEA77AF7EE007AB4EEE77AB0EE470AB0
:10123800F1EE10FA02DDB0EE670A10BDFFEE007A9B
:10124800B4EE677AF1EE10FA48BFB0EE670A10BD47
:1012580000000000CDCC4C3FCDCC4CBF0D4B30B581
:101268001A7883B000245978054642EA01212346BA
:101278000122009402F050FC074B009405F1140081
:101288001A785978234642EA0121012202F044FCE7
:1012980003B030BDE0470124E44701240129114689
:1012A80018BF143002F02ABD10B50C46B83000F053
:1012B800C1FB211F052913D80B4B03EB8101D1ED8D
:1012C800007A80EE270AB5EEC00AF1EE10FA08D4CB
:1012D800F7EE007AB4EE670AF1EE10FA37FE800AEC
:1012E80010BD9FED020A10BDB047012400000000A8
:1012F800F0B5044685B0283001F05EFD04F13000F9
:1013080002F0F0FC94F8453013B180F00100C0B24F
:101318003F4D002851D02B78002B57D03D4E04F07C
:101328009DF83368C01A40F6B733984248D994F804
:101338004430FF2B69D0002704F1B8002F70042532
:101348000390376000F064FB039804F1140600F082
:1013580029FB314B009720461A7859783B4642EAD8
:101368000121012202F0D8FB2C4A00973B46117854
:101378003046527841EA0221012202F0CDFB0121D8
:10138800204602F0BBFC0021304602F0B7FC642086
:1013980004F066F80021204602F0B0FC3046012136
:1013A80002F0ACFC642004F05BF8013DE7D10320B7
:1013B80005B0BDE8F04004F055B8164E287030600E
:1013C80094F84430FF2B0ED005B0F0BD0123114E28
:1013D8002B7004F043F82B783060002B9FD194F8E1
:1013E8004430FF2BF0D104F039F807EE900AD4ED21
:1013F800126AF8EE677A9FED0A7A77EEE67AF4EEEB
:10140800C77AF1EE10FA96DADEE704F027F892E7E9
:101418007407002070070020E0470124E4470124F6
:1014280000007A4400294ED0274BF0B5D0E90024BB
:10143800481E03F10C0E951C03F1100C4E00AC4233
:1014480018BF052802EB41058CBF0120002062452A
:1014580038BFAE452CBF01270027384227D0264485
:10146800644538BFB64522D39D890026D8894FEAFE
:10147800510E65F30F06A44602EB8E0E65F31F4668
:10148800002560F30F0560F31F45104640F8046B14
:1014980070454CF8045BF9D121F00100C90705D566
:1014A800998922F81010DB8924F81030F0BD023A2F
:1014B800023C023D998922F8021FAA42D98924F8E0
:1014C800021FF7D1F0BD7047780700202DE9F04FD3
:1014D80040F201130E4A012680462DED028BADF233
:1014E800844DC0F81C22ADF81430002304968DF802
:1014F800163004F0B1F9044604F002F804A90546D0
:1015080040B93CB140468DF8166004F025F90BE06F
:1015180078070020404604F01FF9002D00F02A82C9
:1015280008F1080000F0E4FB072C24AC0CD0D249E9
:1015380008F10C00D14BD24AC4E90013012321461B
:10154800A260A38103F05CF90322012300251AA9F4
:1015580002A8DFF83CA3029508F1100B0DF1500921
:1015680027462E46CDE91E2300220123CDE920235C
:1015780001220023CDE92223C24BCDE91A5303F1FE
:10158800007303F540731C934FF44173ADF8743046
:1015980003F02AFD01230AA903A80D950A930C93C9
:1015A800102303958DF83830B74B0B9302F02AFDC2
:1015B800039908F1200000F099FA0DF1180C9AE847
:1015C8000F008CE80F006146029A584601F080FA35
:1015D800584601F0C7FA5846B0EE408A01F0B0FA12
:1015E800D0ED007A4FF60B7300200021F8EE677AF1
:1015F8000DF5836223800AF1100CA382CE4688EE93
:10160800277AE560C4E90155CDE92A012385A38736
:1016180025626563C4E90B55CDE93401A4F854305B
:10162800A56488ED867ACDE93A01A4F86830A4F873
:101638007C3025666567C4E91B55CDE94401A4F8EB
:101648009030A4F8A830C4F88850C4F89C50C4E975
:101658002555C4E92B55A4F8BC30C4F8B450CDE9DD
:101668005401A4F8D030A4F8E430C4F8C850C4F841
:10167800DC50C4E93555CDE95E01A4F8FC30C4F866
:10168800F050CDE96401A4F81031A4F82431C4F86D
:101698000851C4F81C51C4E94555CDE96E01A4F8B8
:1016A8003831A4F85031A4F86431C4F83051C4F882
:1016B8004451C4F85C51C4E94F55C4E95555CDE9C6
:1016C8007E01C4F87051A4F87831A4F88C31C4F8BC
:1016D8008451C4E95F55CDE98801A4F8A431C4F860
:1016E8009851CDE98E01A4F8B831A4F8CC31C4F8EA
:1016F800B051C4F8C451C4E96F55CDE99801A4F8B4
:10170800E031A4F8F831A4F80C32C4F8D851C4F880
:10171800EC51C4F80452C4E97955C4E97F55CDE9C0
:10172800A801A4F82032A4F83432C4F81852C4F836
:101738002C52C4E98955CDE9B201A4F84C32C4F859
:101748004052CDE9B801A4F86032A4F87432C4F864
:101758005852C4F86C52C4E99955CDE9C201A4F8AD
:101768008832A4F8A032A4F8B432C4F88052C4F87D
:101778009452C4F8AC52C4E9A355C4E9A955CDE9BB
:10178800D201A4F8C832A4F8DC32C4F8C052C4F8B4
:10179800D452C4E9B355CDE9DC01A4F8F432C4F855
:1017A800E852CDE9E201C4F80053A4F80833A4F8DC
:1017B8001C33C4F81453C4E9C355CDE9EC01A4F8AB
:1017C8003033A4F84833A4F85C33C4F82853C4F879
:1017D8003C53C4F85453C4E9CD55C4E9D355CDE9B5
:1017E800FC01A4F87033A4F88433C4F86853C4F82F
:1017F8007C53C4E9DD55C2E900010DF58662A4F801
:101808009C33C4F89053C2E900010DF58B62A4F82B
:10181800B033A4F8C433C4F8A853C4F8BC53C4E91B
:10182800ED55C2E90001A4F8D833C4F8D053C4F880
:10183800E453BCE80F00AEE80F009CE80300C4E9DD
:10184800F7558EE8030039F816100136384602229B
:1018580001F0DCFA0C2E07F15407F4D108F1140753
:10186800214604233246384608F1400500249FEDFE
:10187800078A01F0DBFA17E00508050905070506E0
:10188800050A060604020404010A010B6F12033B51
:101898005447012401F0EEFC98ED860A01462846DB
:1018A800013401F0D9F92035072CE1B23846F1D9D5
:1018B800E1B2013401F0DEFC00230146F0EE480AF3
:1018C80028461A4698ED860A01F094F90C2CEAD1BC
:1018D80000242C4A08F12C002346116800940122A8
:1018E80002F01AF9284B012208F5E070196801F096
:1018F80039FA264B012208F5EC70196801F032FA22
:10190800234A234608F5F87011680122009402F072
:1019180003F9204A234608F5017011680122009452
:1019280002F0FAF80123D8F81C024BF680320FA90E
:10193800139410300F92CDE911330223109301F064
:101948001DFF384601F07AFCD8F81C42237D04F1CB
:1019580010059BB92846104D2368D4E9011200955B
:1019680001F08AFF012323750DF2844DBDEC028B33
:10197800BDE8F08F002C3FF4D3ADD5E5284601F043
:10198800B1FFE7E7F0470124E8470124D8470124DD
:10199800C8470124CC4701242D140024103001F03D
:1019A800E5B800BF103001F003B900BFF8B500F189
:1019B8001007054600F1400400F5E07638462DEDA5
:1019C800028B01F0C1F8384601F0CCF83846B0EE89
:1019D800408A01F0B5F8D0ED007AF8EE677A88EE23
:1019E800270A85ED860A01E095ED860A204620340F
:1019F80001F08CF9B442F7D1BDEC028BF8BD00BF01
:101A0800103001F0AFB800BF90ED860A704700BFF4
:101A1800143001F029BC00BF38B500F1400400F5CE
:101A2800E0752046203401F04DF9AC42F9D138BDBB
:101A3800704700BF00EB411191ED130A704700BFDA
:101A48000129D0F81C221CD931F002010DD19FEDDB
:101A58001B7ADFED1B7A20EE070AB4EEE70AF1EEF7
:101A680010FA03DD40F6FF71D1817047B5EEC00A68
:101A7800F1EE10FAF8D4BCEEC00A10EE103A99B2A2
:101A8800F2E7DFED0E7A9FED0E7A60EE277AF4EE3C
:101A9800C77AF1EE10FA0ADCF5EEC07AF1EE10FA28
:101AA80009D4FCEEE77A17EE903A9BB201E040F6D3
:101AB800FF739381C8E70023FBE700BF00C04C44D5
:101AC80000F07F4507490022074B01F1600010B480
:101AD800302459601A611C601A755DF8044BC3E91B
:101AE800020270470000003078070020F0B5462356
:101AF80087B00160002203710124FA26194605AB5C
:101B08008DF814200296402200932346019405463E
:101B180002F010FB002840F09B809DF814300DF176
:101B280017074022284603F07F030097CDE90146B6
:101B38008DF814308DF817302346297902F022FBEE
:101B4800002840F08580042003F08AFC05AB402281
:101B5800284600932346CDE90146297902F0EAFA9E
:101B6800002875D19DF8143040220097284603F0CC
:101B7800BF03CDE901468DF814308DF817302346A0
:101B8800297902F0FFFA002862D1042003F068FCEA
:101B98000DF115034322284600932346CDE901465B
:101BA800297902F0C7FA002852D10DF1160348220C
:101BB800284600932346CDE90146297902F0BAFA6E
:101BC800002845D19DF8153043220097284643F058
:101BD80001038DF815308DF817309DF8163043F055
:101BE8000103CDE901468DF816302346297902F024
:101BF800C9FA68BB9DF816304822009728468DF828
:101C080017302346CDE90146297902F0BBFAF8B925
:101C180005AB4022284600932346CDE901462979A1
:101C280002F088FAA0B99DF81420234601942846AA
:101C380002F0CF0402960097402229798DF81440CB
:101C48008DF8174002F09EFA003818BF012000E016
:101C5800012007B0F0BD00BFF0B5102387B0234CBA
:101C6800012200250126002702A920460195CDE979
:101C780002234FF48052CDE904670CF0BBF86420CE
:101C880003F08AFF02A94FF480522046CDE9046789
:101C980002261027CDE902670CF0ACF803221023C6
:101CA80002A92046CDE9022300230422CDE904231A
:101CB8004FF480520CF09EF840F23223042202A91D
:101CC800019310232046CDE90223019A01230592AE
:101CD8004FF4805204930CF08DF840F6060120462C
:101CE8000CF0A8F8284607B0F0BD00BF9807002000
:101CF8001C4B00221C494FF0400C30B5054689B0FA
:101D08000220596007219A601A620124DA620A22C5
:101D18004FF4006EDC6006922022CDE90001042019
:101D28000821CDE9020103201021CDE90401082092
:101D38006946C3E904024FF4C072181DC3E906C21C
:101D48004FF48052C3E909E20CF02AF838B9284662
:101D5800FFF782FF003818BF012009B030BD2046C8
:101D680009B030BD9407002040410052614A00216B
:101D7800D0B513688EB00A91002B40F0B9805E4B45
:101D880001214FF683700C2411600221D3F8D4206E
:101D98000026032742F48052C3F8D420D3F8D42075
:101DA80002F480520092009AD3F8E02042F0100228
:101DB800C3F8E020D3F8E02002F010020192019A63
:101DC800D3F8E02042F04002C3F8E020D3F8E02046
:101DD80002F040020292029AD3F8E02042F0080290
:101DE800C3F8E020D3F8E02002F008020392039A37
:101DF800D3F8E02042F48072C3F8E020D3F8E02062
:101E080002F480720492049AD3F8E02042F080022F
:101E1800C3F8E020D3F8E02002F080020592059A8A
:101E2800D3F8E02042F02002C3F8E020D3F8E02005
:101E380002F020020692069AD3F8E02042F004024B
:101E4800C3F8E020D3F8E0300C9403F004030793C0
:101E58000323079A0B93CDE9080108A9274806F040
:101E6800F3FA48F23712022308A925480C94CDE961
:101E78000823CDE90A6706F0E7FA4CF20372022359
:101E880008A920480C94CDE90823CDE90A6706F093
:101E9800DBFA40F2FF62022308A91B480C94CDE943
:101EA8000823CDE90A6706F0CFFA4FF60C72022331
:101EB80008A916480C94CDE90823CDE90A6706F06D
:101EC800C3FA4FF63F02022308A911480C94CDE942
:101ED8000823CDE90A6706F0B7FA2022022308A9E9
:101EE8000A480C94CDE90A67CDE9082306F0ACFA54
:101EF8000EB0D0BD900700200044025800100258D0
:101F080000180258000C025800200258001C025801
:101F1800001402582DE9F04FDFF8108406460D46EC
:101F2800144608F118002DED028B89B000AF03F0BC
:101F380053F9D8F8183073B3D8F81C30D8F804908F
:101F4800002B43690BBF4FF0080A4FF0100A4FF0FF
:101F5800020B4FF0040BB9F1000F2AD0A200EA4699
:101F6800012B02F1070222F00702ADEB020D6846D1
:101F7800ADEB020D694600F03F81022B00F0D680E0
:101F8800002B6FD02246C847D5462437BD46BDEC46
:101F9800028BBDE8F08FD8F81C30002BF5D0D8F8AC
:101FA80004904FF0080A4FF0020B4369B9F1000F93
:101FB800D4D1FB61D8F80030BB61002BE5D0D548FF
:101FC80003F088F96B46BBF1020F786108EE103A0E
:101FD800FB6900F083816A465146A2EBC40295462C
:101FE8006200EA46B2FBFBF2AAEBC40085460AEBA4
:101FF8008200EE46F861ADEB010DF8690EEB820C3C
:10200800C7F810C0EC46ADEB010D00EB8201CCF82F
:102018000400CCF8081001EB82013869E946CCF8D5
:102028000C1000EB8201CCF800A001EB8202C9E998
:1020380000E0C9E90212012B00F06483022B00F0D2
:102048006C82002B00F08081620849466046BB69BB
:10205800984718EE103A24379D46BD46BDEC028BD2
:10206800BDE8F08F002C8DD01A46D8ED0C6A9FED94
:10207800B27A8446331D36F922E00CF1080C07EEDB
:1020880090EA33F922E00232F8EEE77A944267EEFA
:10209800877A67EEA67A4CED027A07EE90EAF8EEB8
:1020A800E77A67EE877A67EEA67A4CED017AE2D88E
:1020B800F9612246C847984ED8ED0D6A0020F969A3
:1020C8002B1D9FED9E7A9FED9E6ADFED9E5A22E0C2
:1020D800F4EEC67AF1EE10FAC0F2C88447F6FE7242
:1020E800D1ED017A45F8202066EEA77AF4EEC77A9A
:1020F800F1EE10FA40F2F080F4EEC67AF1EE10FA42
:10210800C0F2D58447F6FE7243F820200230083129
:1021180084427FF639AFD1ED007A66EEA77AF4EE05
:10212800C77AF1EE10FAD3D83246D9E7002C3FF43B
:1021380029AFD8ED0C6A84469FED787A0022331DCA
:102148008E4656F822100CF1080C07EE901A53F838
:1021580022100232F8EEE77A944267EE877A67EE49
:10216800A67A4CED027A07EE901AF8EEE77A67EE57
:10217800877A67EEA67A4CED017AE2D87146224654
:10218800C7F81CE0C847664ED8ED0D6A0020F9690B
:102198002B1D9FED6A7A9FED6A6ADFF894C120E0F3
:1021A800F4EEC67AF1EE10FAC0F279843246D1ED37
:1021B800017A45F8202066EEA77AF4EEC77AF1EEA8
:1021C80010FA40F28780F4EEC67AF1EE10FAC0F207
:1021D8005E84324643F820200230083184427FF67C
:1021E800D3AED1ED007A66EEA77AF4EEC77AF1EEB7
:1021F80010FAD5D86246DAE7002C3FF4C3AED8ED22
:102208000C6A86469FED477A4FF0000C331D56F84E
:102218002C200EF1080E82F40002A2F5000207EE4F
:10222800902A53F82C200CF1020CF8EEE77A82F48D
:1022380000026445A2F5000267EE877A67EEA67A87
:102248004EED027A07EE902AF8EEE77A67EE877A83
:1022580067EEA67A4EED017AD9D8F9612246C847C9
:10226800314ED8ED0D6A0020F9692B1D9FED337AA8
:102278009FED336ADFF8BCC01FE0F4EEC67AF1EEDA
:1022880010FAC0F2FC833246D1ED017A45F82020DD
:1022980066EEA77AF4EEC77AF1EE10FA18D9F4EEE2
:1022A800C67AF1EE10FAC0F2DA83324643F82020FB
:1022B8000230083184427FF667AED1ED007A66EECF
:1022C800A77AF4EEC77AF1EE10FAD6D86246DBE7C1
:1022D8006246EBE762467DE7324615E7A100D6463F
:1022E8006208073121F00701ADEB010DEA46ADEBBD
:1022F800010D6946ADEB0E0D0AEB8200EC46ADEB25
:102308000E0D01EB8202F861E946CCE900A0C9E9AB
:10231800001290E6E80700200280FFFF000000306E
:102328000082FF7F0000003482FF7F00CC0700207E
:10233800007E00807E0080FF0000003804FF7FBF21
:1023480004FF7F3F00FEFF46002C00F0C982BBF16E
:10235800020FD8F8242000F0FA827969C7F80490AF
:1023680002EB810E5FED0C5A8A00DCF808100EF1C2
:1023780004007A611A46DCF80C303B61331DD7F84B
:1023880010903D61FD69C7E902CB8C46834636F95A
:102398002210D8ED0C7A06EE101A33F9221006EE48
:1023A800901A3EF92210B8EEC66A07EE101AF8EE37
:1023B800E66A3BF92210B8EEC77A26EE256A66EE81
:1023C800A56A27EE257A26EE276A66EEA76A27EE23
:1023D800277A07EE901A51080232F8EEE77A0AEBEC
:1023E8008100944280ED006A05EB810067EEA57AD2
:1023F800C0ED006A0CEB810009EB810180ED007AE9
:1024080098ED0C7A67EE877AC1ED007ABFD8D7F8D5
:1024180004903D69D7E902CB60466208BB6949462A
:102428009847D8F82C307A69D8ED0D6A1A441FED10
:102438003D7A1FED3D6A2B1D904602F1040A5FEDBF
:102448003F5A0022A84ED9E900EC51E0F4EEC67AD2
:10245800F1EE10FAC0F2C78247F6FE7045F8220086
:102468000CEB0100D0ED007A66EEA77AF4EEC77A9D
:10247800F1EE10FA4BD9F4EEC67AF1EE10FAC0F28A
:10248800BA8247F6FE70BBF1020F43F822002BD048
:10249800D9F808000844D0ED007A66EEA77AF4EE81
:1024A800C77AF1EE10FA36D9F4EEC67AF1EE10FAE0
:1024B800C0F2CD8247F6FE7048F82200D9F80C0029
:1024C8000144D1ED007A66EEA77AF4EEC77AF1EE10
:1024D80010FA1ED9F4EEC67AF1EE10FAC0F2AF8205
:1024E80047F6FE714AF82210023294427FF6B1ADE7
:1024F80051080EEB81008900D0ED007A66EEA77ACC
:10250800F4EEC77AF1EE10FAA0D83046A6E73046C6
:10251800B9E73146E6E73046CEE7002C00F0E08127
:10252800BBF1020FD8F8243000F0E1817A69DCF8B9
:10253800081003EB820EC7F804909300DFED6B5A86
:102548000EF1040000227B61DCF80C303B61331D86
:10255800D7F810903D61FD69C7E902CB8C468346E8
:1025680056F82210D8ED0C7A07EE101A53F82210FC
:10257800B8EEC76A07EE101A5EF82210F8EEC76ABE
:1025880007EE101A26EE256A5BF82210B8EEC77A15
:1025980066EEA56A26EE276A27EE257A66EEA76A12
:1025A80027EE277A07EE901A51080232F8EEE77AFA
:1025B8000AEB8100944280ED006A05EB810067EE2A
:1025C800A57AC0ED006A0CEB810009EB810180ED72
:1025D800007A98ED0C7A67EE877AC1ED007ABFD859
:1025E800D7F804903D69D7E902CB60466208BB6919
:1025F80049469847D8F82C307A69D8ED0D6A1A44BC
:102608009FED3E7A9FED3E6A131D9246DFF8E4C0C7
:102618000022FB612B1D364ED9E9008E4EE0F4EE08
:10262800C67AF1EE10FAC0F2FC81304645F8220075
:102638000EEB0100D0ED007A66EEA77AF4EEC77AC9
:10264800F1EE10FA49D9F4EEC67AF1EE10FAC0F2BA
:10265800EF813046BBF1020F43F822002AD0D9F8A7
:1026680008000844D0ED007A66EEA77AF4EEC77A3F
:10267800F1EE10FA35D9F4EEC67AF1EE10FAC0F29E
:10268800C98130464AF82200D9F80C000144D1ED3E
:10269800007A66EEA77AF4EEC77AF1EE10FA1ED940
:1026A800F4EEC67AF1EE10FAC0F2AD813146F8695F
:1026B80040F82210023294427FF6CBAC510808EB66
:1026C80081008900D0ED007A66EEA77AF4EEC77A29
:1026D800F1EE10FAA3D86046A8E76046BAE761466B
:1026E800E5E76046CEE700BF0280FFFF000000304C
:1026F8000082FF7F007E00800000003404FF7FBF5F
:1027080004FF7F3F002C00F0EB807A690021D8F8A5
:102718002430C7F8109003EB820ED7F81C90930072
:10272800FD610EF104021FED0C6A7B61331D154635
:1027380056F821204808D8ED0C6ABBF1020F82F444
:102748000002A2F5000207EE902A53F8212082F435
:102758000002B8EEE77AA2F5000227EE067A07EE45
:10276800902A0AEB8002F8EEE77A27EE267A67EEDF
:10277800867A82ED007A09EB80024FEA800067EEE4
:10278800A67AC2ED007A27D05EF8212082F40002F2
:10279800A2F5000207EE902A55F8212082F40002E3
:1027A800B8EEE77AA2F5000227EE067A07EE902A3D
:1027B800DCF80820F8EEE77A024427EE267A67EE7E
:1027C800867A82ED007A98ED0C7ADCF80C2067EEB8
:1027D800877A0244C2ED007A02318C42A8D8D7F831
:1027E800109060466208BB694946FD699847D8F869
:1027F8002C307A69D8ED0D6A1A441FED407A1FED26
:10280800406A131D9246DFF8C4C20022FB612B1DEB
:10281800AB4ED9E9008E4EE0F4EEC67AF1EE10FA2E
:10282800C0F2C580304645F822000EEB0100D0ED1D
:10283800007A66EEA77AF4EEC77AF1EE10FA49D973
:10284800F4EEC67AF1EE10FAC0F2BF803046BBF162
:10285800020F43F822002AD0D9F808000844D0ED26
:10286800007A66EEA77AF4EEC77AF1EE10FA35D957
:10287800F4EEC67AF1EE10FAC0F2AE8030464AF8AD
:102888002200D9F80C000144D1ED007A66EEA77A4F
:10289800F4EEC77AF1EE10FA1ED9F4EEC67AF1EE2C
:1028A80010FAC0F28B803146F86940F822100232E3
:1028B80094427FF6CEAB510808EB81008900D0ED39
:1028C800007A66EEA77AF4EEC77AF1EE10FAA3D88A
:1028D8006046A8E76046BAE76146E5E76046CEE7A6
:1028E800224649466046BB699847FFF7B2BBC7F81E
:1028F80010B0002298ED0C6A331DDFED726AD7F82C
:102908001CB0786956F8221007EE901A53F8221076
:10291800B8EEE77A07EE901A51080232F8EEE77A35
:1029280027EE267A0AEB810E94420BEB810167EEC3
:10293800A67A27EE067A67EE867A8EED007AC1EDE2
:10294800007ADFD88300D7F810B07B614DE61A46CD
:10295800C7F810B098ED0C6A331DDFED5B6AD7F845
:102968001CB0786936F9221007EE101A33F92210D4
:1029780007EE901AB8EEC77A51080232F8EEE77AF5
:1029880027EE267A0AEB810E94420BEB810167EE63
:10299800A67A27EE067A67EE867A8EED007AC1ED82
:1029A800007ADFD88300D7F810B07B6134E5F0EE09
:1029B800675AFEEEE45A15EE900A34E7F0EE675ACD
:1029C800FEEEE45A15EE901A6EE7F0EE675AFEEE48
:1029D800E45A15EE900A3AE7F0EE675AFEEEE45A2A
:1029E80015EE900A4BE767EEA57AFDEEE77A17EE4B
:1029F800900A00B232E567EEA57AFDEEE77A17EEA7
:102A0800900A00B23FE5F0EE675AFEEEE05A15EE86
:102A1800901A4CE6F0EE675AFEEEE05A15EE900A70
:102A280030E6F0EE675AFEEEE05A15EE900AFDE544
:102A3800F0EE675AFEEEE05A15EE900A0AE667EEE7
:102A4800A57AFDEEE77A17EE901A09B24AE567EE25
:102A5800A57AFDEEE77A17EE900A00B22CE5F0EEC3
:102A6800675AFEEEE45A15EE902A1FE467EEA57A3F
:102A7800FDEEE77A17EE902A12B2FFF731BBF0EEBF
:102A8800675AFEEEE45A15EE902AFFF7FDBBF0EE0A
:102A9800675AFEEEE05A15EE902AFFF79BBBF0EE60
:102AA800675AFEEEE05A15EE902AFFF780BB67EEF4
:102AB800A57AFDEEE77A17EE902A12B2FFF724BB4B
:102AC80082FF7F0000000030000000387E0080FF99
:102AD80030B5184C154685B0046004F1080EEC4674
:102AE8000FC98EE80F00D4ED047AF5EEC07A8CE8B1
:102AF8000F00F1EE10FA1ADDB7EE006A94ED057AD0
:102B080027EE277AC6EE276A84ED0D7AC4ED0C6AA3
:102B18006DB1204640F8185F02F05EFB0649036974
:102B28000020064A2162A262E36005B030BD0120A0
:102B380005B030BDCC070020C0200030C0000030F8
:102B480000680830704700BFB1F5807F03680A4607
:102B580028BF4FF48072B1F5807F9A6094BF00203F
:102B6800012070470068183002F0A2BB30B5046835
:102B780083B00D46E3694BB1A3680020E26A616A3D
:102B88009B00009004F11C0002F028FBA368074892
:102B9800A26A9B00216A009004F1180002F01EFB53
:102BA8000020C4E9005003B030BD00BF1D1F002441
:102BB80010B50468A3691BB104F1180002F06CFB9E
:102BC800E3691BB104F11C0002F066FB002010BD94
:102BD80010B4074B4FF07E513024002203201961B6
:102BE8009C60D8605DF8044B5961C3E906227047C0
:102BF800CC070020F6EE007A9FED166A20EE207AC8
:102C08000160F7EE006A80ED036A80ED020A27EEA4
:102C1800277AC6EE877AF4EEE67AF1EE10FA11DD3D
:102C2800F0EE667A4FF07E514FF0000C02760022EB
:102C3800C0ED017AC0F814C0016143768276C0ED18
:102C4800070A7047F4EEC67AF1EE10FAEAD5F0EE0C
:102C5800467AE7E700000000DFED187AB6EE007A62
:102C6800F7EE006A9FED166A60EE277A016080ED44
:102C7800036A80ED020A67EE877A86EEA77AB4EED9
:102C8800E67AF1EE10FA10DDB0EE667A4FF0804C7D
:102C98004FF07C514FF48072012380ED017AC0F827
:102CA80010C04161028383767047B4EEC67AF1EEB4
:102CB80010FAEBD5B0EE467AE8E700BF6F12033B97
:102CC800000000000268037E128807EE902AFBEEDF
:102CD800C87A1BB1B7EE007A77EE677AD0ED056A4D
:102CE80090ED047A77EEE67A437E67EE877A0BB149
:102CF800F1EE677A90ED030A90ED017A77EEC07AEB
:102D0800A7EE270A80ED030A704700BF837E80ED97
:102D1800020AABB9D0ED077A27EE800AF6EE007A00
:102D2800B7EE007A20EE270AC7EE007AF4EEC77AEB
:102D3800F1EE10FA07DDF0EE477AC0ED017A704740
:102D4800DFED067AE8E7F5EEC07AF1EE10FAF4D591
:102D5800DFED037AC0ED017A704700BF6F12033BC5
:102D68000000000070B584B0002504461646ADF892
:102D78000C102B462A460399009500F0CDFEA5823B
:102D8800A67504B070BD00BF10B586B00446ADF896
:102D98000C10ADF8141002F061FB4FF480710022A2
:102DA80020600123A18004F10800A1830599009205
:102DB80000F0B2FE06B010BD10B5044602F04EFB9E
:102DC800002122682171824200D110BD03460122F0
:102DD80004F108002360227100F084FF227F617FE4
:102DE80053005BB281B180F0010252B21343DBB2EF
:102DF8007F2B2377E9D102F031FB07EE900AF8EE3A
:102E0800677AC4ED087A10BD42B2EFE710B4002328
:102E180083B00324018080F8503080F85120C0E945
:102E2800014303B05DF8044B704700BF2DE9F04F34
:102E3800BE4F0024BE4D8DB0037007F140034260C1
:102E4800804616468946202221463846C5F88835E8
:102E5800C5F88475CDE90244CDE90444CDE90644BA
:102E6800CDE90844CDE90A4411F068FC2022214646
:102E780005F26250C5F85145C5F85545C5F859459C
:102E8800C5F85D4511F05AFC85F85065D8F804304E
:102E980085F86846002B62D005F5AA6A09F1500B3F
:102EA800264609EB040128195222013611F038FC94
:102EB8004FF0000327F8023B1BF804300AF8013FE3
:102EC800002B70D0D8F804304FF0010254349E42E1
:102ED80085F86826E5D3974A082195F850350026E5
:102EE800C5F88C254FF4802293480027C5F8A435EF
:102EF8000023C5F890250122C5F89C1595F8681699
:102F0800C5F8943585F8A035C5F89825C0E9006757
:102F180000293ED0C5F8B82585F8A13585F8A8352B
:102F2800002298F80030C5F8BC25C5F8C025002B4C
:102F380040D0012200200121013B85F8C4257F4AA9
:102F4800C2E90001082B37D8DFE813F0BD00C20042
:102F5800C700CC00D100D600DB00E100E800C5F8CE
:102F68009435F6B285F8A0350020724B0021C5F8DB
:102F7800A465C5F88C354FF48023C5F89035012336
:102F8800C5F898350823C5F89C3505F5B663C3E937
:102F98000001012385F8A135002385F8A83503230E
:102FA800C5F8B835BCE7D8F804305434B3423FF616
:102FB80078AF90E785F8C435614803F015FB034600
:102FC80008B1FFBEFEE702A95D48029303F06CFC5E
:102FD8000446002875D1042340F2FF720A90CDE917
:102FE800082395F85035002B00F0F58006234FF0A4
:102FF8005409019309FB045393F85130072B07D860
:10300800DFE803F0595C5653504D4A0407230793F1
:1030180026B206EB4606C6EBC60605EB8608B700E1
:10302800404600F09BFC09FB045393F85030042BF6
:1030380000F3AD80022B00F3C08000F0BC802B1998
:10304800002283F8402515F8262098F80130002A38
:103058007CD0022A00F08D80012A40F0B480012B38
:1030680000F0B380002B374B18BF0023059305A948
:10307800019B3348069302F0F3FD002840F0AE8030
:10308800013495F85035E4B2A34240F2A4802E4BA7
:1030980053F824300193ADE706230793B8E70523D7
:1030A8000793B5E704230793B2E703230793AFE732
:1030B80002230793ACE700230793A9E701230793AB
:1030C800A6E7FFBEFEE70320402142E9020173E7BD
:1030D8000720602142E902016EE70F20802142E9C2
:1030E800020169E71F20A02142E9020164E73F20AD
:1030F800C02142E902015FE77F20E02142E90201A5
:103108005AE7FF204FF4807142E9020154E740F288
:10311800FF104FF4907142E902014DE740F2FF3091
:103128004FF4A07142E9020146E700BFC0400030F9
:103138000808002000200240B80D0020D80D00200B
:10314800940D00200002B025F4470124062B36D048
:10315800072B3CD0022B49D0032B49D0002B4BD056
:10316800012B47D0042B49D0052B254B18BF002332
:103178007CE7042B25D0052B2BD08BB3012B31D02A
:10318800022B31D0032B1F4B18BF00236EE70323FC
:10319800143705EB040B4FF0000A2F448BF8403529
:1031A80038460AF1010A00F0D9FB9BF8403514377C
:1031B8005345F5DC47E70123EAE70223E8E7124B2A
:1031C80054E7124B52E7002350E7114B4EE7114BDF
:1031D8004CE7114B4AE70DB0BDE8F08FFFBEFEE7A4
:1031E8000E4B43E70E4B41E70E4B3FE70E4B3DE7D7
:1031F8000E4B3BE70E4B39E70E4B37E70E4B35E7E7
:103208000000B84F002090360800900C1000C01045
:103218002000F0148000501D000180210004002AC5
:103228000008302E001060320040C03A0080F03EA6
:1032380000005247000021430000844B38B5094C78
:1032480040F2FF724FF0011104F28C55284603F04A
:10325800D9FA94F85025D4F884152846BDE83840A2
:1032680002F0F0BF08080020014803F0B7B800BF1B
:10327800940D0020034B0F29D3F8840598BF00EB69
:103288004100704708080020244B02689A4200D089
:103298007047234A00232348D2F8D81030B5224C6F
:1032A80041F0200183B0C4F8F0050920C4F8F835CE
:1032B80004F5BE65C4F8F4054FF48060C2F8D81070
:1032C8004FF40061D2F8D820C4F8000694F86806D4
:1032D80002F02002C4F8FC3598420192C4F80416A2
:1032E8004FF40051C4F810362846C4F81436019B30
:1032F80014BF00234FF48073C4F80816C4F80C36C2
:1033080003F0FEFE08B1FFBEFEE704F28C53C4F8DA
:10331800D855C4F8283603B030BD00BF002002409D
:10332800004402584000024008080020014804F008
:1033380039BD00BFF80D002002682DE9F84F504B49
:103348009A4201D0BDE8F88F4E4D95F86836002BAB
:10335800F8D095F85035002B7BD0002405F13C09B6
:1033680005F2625605F5AA67A04613E003F00101CD
:1033780017F811BCA9F1280000F0C0FCBBF1010F3F
:1033880025D895F85035013409F154090236A2B20E
:1033980093422BD917F8012F002AF4D0D5F8843599
:1033A8000021327833F81400D5F8883503EB04137C
:1033B80023F81200338801339BB233805FFA83FA13
:1033C8003A789A42D2D88A46A6F80080D0E7CAF35B
:1033D8004001A9F1140000F091FCBBF1020FCAF3FF
:1033E8008001CED0484600F089FCCAE7002395F852
:1033F8006806254909229842C5F8F8354FF48060D7
:10340800C5F8F015C5F8F4254FF400614FF40052E3
:10341800C5F8FC3508BF4FF48073C5F80006C5F839
:103428000416C5F8082600221848C5F80C36C5F851
:103438001026C5F8142603F063FE08B1FFBEFEE7A8
:1034480095F85025D5F884151148BDE8F84F02F0D5
:10345800F9BE0D4909224FF48060C5F8F835C5F862
:10346800F0154FF40061C5F8F4254FF40052C5F883
:10347800FC35C5F80006C5F80416C5F80826D2E7D5
:10348800002002400808002040000240F80D0020FB
:10349800940D0020704700BF0C4B4FF60B710022B3
:1034A80003F5A8601980DA6099821A6219855A634F
:1034B80099879A64C3E90122C3E90622C3E90B226A
:1034C800C3E9102254339842ECD170470808002011
:1034D800504B02689A4200D070474F4BD3F8E8101F
:1034E80030B541F000514D4C87B0D4F85421C3F8A1
:1034F800E810D3F8E81001F0005104910499D3F8CA
:10350800E01041F00101C3F8E010D3F8E03003F017
:1035180001030593059B32F002033DD0013A012ACD
:103528006CD9D4F85831012B0AD000223620114624
:1035380003F034FA362007B0BDE8304003F06CBA27
:10354800D4F8543133F0020235D0013B012BECD8CA
:10355800442240233249334DC4F88C1000212846B8
:10356800C4F8B010C4E9242300224FF48063C4E9EE
:1035780026234FF400624FF40053C4E928234FF484
:1035880080724FF48033C4E92A2303F0B9FD88B967
:10359800E560C4F8C440C8E74FF48061032204F52D
:1035A800BA700093ADF80C10039900F0B5FAD4F88E
:1035B8005421B3E7FEE71C4BA26343226361402317
:1035C8001A4DC4E9062300224FF480632846C4E953
:1035D80008234FF400624FF40053C4E90A234FF460
:1035E80080724FF48033C4E90C2303F089FD20B9BD
:1035F800D4F85431A560E464A7E7FEE74FF4A0616E
:10360800002303220A48ADF80C100399009300F038
:1036180083FA86E70074004000440258780E0020C0
:1036280028040240040F0020100402408C0E0020E1
:1036380000100020014804F0B5BB00BF8C0E00202C
:10364800014804F0AFBB00BF040F002010B5054CC3
:10365800204603F06FFB04F58270BDE810400AF0C5
:103668003FBE00BF780E0020164BD3F85421D3F884
:103678006411022A4FEA510130B583B00CD088B2E8
:10368800D3F86821D3F8704102EB400300930CB1E2
:103698006846A04703B030BDD3F86C21002AF9D0A2
:1036A80088B2D3F86841D3F8705104EB400402EBB8
:1036B8004002CDE90042002DECD06846A84703B08F
:1036C80030BD00BF780E0020134BD3F85421022AD6
:1036D80010B582B00CD0D3F86811D3F870210091DE
:1036E80022B1D3F8641168464908904702B010BD6A
:1036F800D3F86C21002AF9D0D3F86811D3F87041B7
:10370800CDE90012002CF1D0D3F8641168464908BD
:10371800A04702B010BD00BF780E0020094BD3F8B7
:103728005421022A0DD000B5D3E95B1283B0019170
:1037380022B1D3F8641101A84908904703B05DF895
:1037480004FB7047780E00200B4BD3F85421022A53
:1037580010D0D3F8641110B5D3E95B24C1F34F033B
:1037680082B0490802EB430301930CB101A8A047BA
:1037780002B010BD704700BF780E002030B58C46EF
:103788003A4C3B4D8DB0046004F5A87EBCE80F00B0
:10379800AEE80F00DCF8003020462560CEF8003097
:1037A80003F0DAF90023D4F858510393CDB1162267
:1037B800012D049218D00022D4F860110125D4F804
:1037C80054319142CDE9065218BF0222059233F0D6
:1037D800020235D0013B012B3DD9002528460DB00A
:1037E80030BD02230493E6E7224A0093C4F80C3163
:1037F800C4F81431C4F80421C4F81C31CDE90133EC
:1038080002F028F8D4F850314BF68032C4F8085149
:10381800002B08BF1346B0FBF3F304F58270C4F81D
:1038280010310AF01FFB0028D8D1202302906946E6
:1038380004F5827000930AF0FDFD0028BBD0CDE7A7
:1038480003A90A4803F0AAFA0028C7D1D4F85431CA
:10385800013B012BC1D8102203A9044803F09EFAAA
:10386800051E18BF012528460DB030BD780E002072
:10387800007400400010004070B504681D4682B016
:103888001046D4F85831012B03D0D4F85431022B08
:1038980024D1D4F85C31069A002BC4F86811C4F816
:1038A80070212B460CBF08260026C4F86C010A4676
:1038B800C4F8645100212046009603F063F9D4F857
:1038C8006C212B4610212046009603F05BF904F585
:1038D80082700AF07DFB002002B070BD012002B0AA
:1038E80070BD00BF10B50468D4F85831012B09D158
:1038F800D4F8543133F0020106D0013B012B0BD927
:10390800002010BD012010BD204603F0C7F9D4F8EF
:103918005431013B012BF3D81021204603F0BEF9A6
:10392800002010BD000000009FED097B0A4B00221B
:103938004FF60B71C3F88021C3F88C21A3F87411DA
:10394800A3F8881183ED5E7BC3E96422704700BF4A
:103958000000000000000000780E002003780B2B08
:103968002DD042780F2A2AD84168022910B590B084
:103978003ED0032902D0012900D000210C91816892
:10398800012902D0022918BF00210D91C16802291E
:1039980004D0032902D0012918BF00210A2B0E9157
:1039A8000ED85B4C04EB832404610A2B17D8DFE89C
:1039B80003F009A0928476685A4C3E302200704782
:1039C8000024F1E7534BD3F8E01041F00101C3F8AC
:1039D800E010D3F8E03003F001030093009B0123CB
:1039E8000BA9204693400B9304F02EFD10B010BD98
:1039F80011210C91C3E7474BD3F8E01041F48061E3
:103A0800C3F8E010D3F8E03003F480630A930A9B0C
:103A1800E5E7404BD3F8E01041F40071C3F8E0103B
:103A2800D3F8E03003F400730993099BD7E7394BC7
:103A3800D3F8E01041F48071C3F8E010D3F8E03017
:103A480003F480730893089BC9E7324BD3F8E0105E
:103A580041F08001C3F8E010D3F8E03003F08003B0
:103A68000793079BBBE72B4BD3F8E01041F04001CD
:103A7800C3F8E010D3F8E03003F040030693069B48
:103A8800ADE7244BD3F8E01041F02001C3F8E01073
:103A9800D3F8E03003F020030593059B9FE71D4B07
:103AA800D3F8E01041F01001C3F8E010D3F8E0308B
:103AB80003F010030493049B91E7164BD3F8E0102E
:103AC80041F00801C3F8E010D3F8E03003F0080330
:103AD8000393039B83E70F4BD3F8E01041F00401F5
:103AE800C3F8E010D3F8E03003F004030293029B1C
:103AF80075E7084BD3F8E01041F00201C3F8E01075
:103B0800D3F8E03003F002030193019B67E700BF9D
:103B1800000002580044025810B592B0ADF80410E5
:103B28000180C9B2149C0B29C460C0E901233FD0AD
:103B380090F801C0BCF10F0F3AD8022A3FD0032AEF
:103B480002D0012A00D000220E92012B02D0022BB3
:103B580018BF0023022C0F932CD0032C2AD0012C41
:103B680028D000230A29109327D85C4A02EB812227
:103B780002610A2914D8DFE801F0A39587796B5D03
:103B88004F4133250600564BD3F8E01041F48061CD
:103B9800C3F8E010D3F8E03003F480630C930C9B77
:103BA80001230DA9104603FA0CF30D9304F04CFC05
:103BB80012B010BD0A291094D7D90022D8E71122D3
:103BC8000E92C2E7464BD3F8E01041F40071C3F8F7
:103BD800E010D3F8E03003F400730B930B9BDFE79E
:103BE8003F4BD3F8E01041F48071C3F8E010D3F8EC
:103BF800E03003F480730A930A9BD1E7384BD3F87B
:103C0800E01041F08001C3F8E010D3F8E03003F091
:103C180080030993099BC3E7314BD3F8E01041F0C7
:103C28004001C3F8E010D3F8E03003F040030893F4
:103C3800089BB5E72A4BD3F8E01041F02001C3F800
:103C4800E010D3F8E03003F020030793079BA7E7C1
:103C5800234BD3F8E01041F01001C3F8E010D3F87B
:103C6800E03003F010030693069B99E71C4BD3F84A
:103C7800E01041F00801C3F8E010D3F8E03003F099
:103C880008030593059B8BE7154BD3F8E01041F02B
:103C98000401C3F8E010D3F8E03003F00403049300
:103CA800049B7DE70E4BD3F8E01041F00201C3F806
:103CB800E010D3F8E03003F002030393039B6FE7AF
:103CC800074BD3F8E01041F00101C3F8E010D3F836
:103CD800E03003F001030293029B61E70000025801
:103CE8000044025808B5012143780069994089B217
:103CF80004F0ACFD003818BF012008BD01230A46B6
:103D08004178006903FA01F189B204F0A5BD00BF4A
:103D180010B5002386B0122204460493CDE902238D
:103D28000368022B1FDC002B01DB04230593237996
:103D38000A2B1FD8114800EB83206279012301A9BF
:103D48009340019304F080FBA3790A2B14D80B4805
:103D580000EB8320E279012301A99340019304F049
:103D680073FB06B010BD032BE1D10623059323791D
:103D78000A2BDFD90020E0E70020EBE7000002581B
:103D8800634A0368934210B58CB028D0614A9342C5
:103D980058D0614A934200F09480604A934201D01F
:103DA8000CB010BD5E4C5F48D4F8E03043F002031D
:103DB800C4F8E030D4F8E03003F002030A930A9B19
:103DC800FFF7A6FFD4F8F43043F08003C4F8F430CA
:103DD800D4F8F43003F080030B930B9BE0E7504CCE
:103DE8005148D4F8E03043F00203C4F8E030D4F886
:103DF800E03003F002030193019BFFF789FFD4F839
:103E0800E83000221F2043F400131146C4F8E830BC
:103E1800D4F8E83003F400130293029BD4F8D830A6
:103E280043F00103C4F8D830D4F8D83003F00103C4
:103E38000393039B02F0B2FD1F200CB0BDE81040B5
:103E480002F0EABD364C3948D4F8E03043F080033C
:103E5800C4F8E030D4F8E03003F080030493049B06
:103E6800D4F8E03043F00203C4F8E030D4F8E0308E
:103E780003F002030593059BFFF74AFFD4F8E830E7
:103E88000022212043F480031146C4F8E830D4F816
:103E9800E83003F480030693069BD4F8D83043F047
:103EA8000103C4F8D830D4F8D83003F001030793DD
:103EB800079B02F073FD21200CB0BDE8104002F012
:103EC800ABBD1B48FFF724FF154B00224820D3F851
:103ED800E840114644F40004C3F8E840D3F8E84049
:103EE80004F400040894089CD3F8D84044F0010472
:103EF800C3F8D840D3F8D83003F001030993099BDD
:103F080002F04CFD48200CB0BDE8104002F084BD22
:103F18000054004000580040005C0040001C00585D
:103F280000440258B812002018100020F810002091
:103F3800D81100202DE9F0431A4B87B000254FF027
:103F480010099E46EC46184BFF22E04667461A7059
:103F58000EF118060EF13004CDE90055CDE90255F1
:103F6800ADF80090BCE80F00CDE90455AEE80F00AD
:103F78009CE803000095ADF800908EE80300B8E8CF
:103F88000F000FC69CE803000095ADF8009086E886
:103F980003000FCF0FC49CE8030084E8030007B0B8
:103FA800BDE8F083040000201410002010B5EFF3E2
:103FB800108472B6084B1A78120602D504B962B694
:103FC80010BD1878054B40B2C0EBC00003EB4010A1
:103FD800143003F0E7FEF1E7141000201810002059
:103FE800014805F025BD00BFA4100020014805F0D8
:103FF8001FBD00BF84110020014805F019BD00BF96
:10400800641200202DE9F0430D6885B0404EC5EBE1
:10401800C503032D4FEA431706EB4313036041DC46
:10402800CA680C46012A3DD84FEAC5084CD020681A
:104038009C466168A8EB0509A2680DF1100EE368BB
:1040480006EB4919ACE80F00324B227C8CF80020B3
:10405800D9F808C00FCB0EE90F000EEB8503BCF1B1
:10406800010F53F8103CC9F88C3032D0BCF1020F64
:1040780043D0BCF1000F36D0227C8C37A8EB050565
:1040880000233744520006EB451601213846C6F88E
:10409800AC30C6E92521C6E92733C6E9293305F03E
:1040A800D7F918B1012005B0BDE8F08301463846BC
:1040B80005F0CAFC0028F5D10146384605F0EEFCAB
:1040C800003818BF0120EEE70A7C103A672AAED9FB
:1040D800E8E701F0BDFB104B98420CBF0F4B104BAB
:1040E800C9F89030C8E701F0B3FB0B4B98420CBFFE
:1040F8000C4B0D4BC9F89030BEE701F0A9FB064BFD
:1041080098420CBF094B0A4BC9F89030B4E700BF7E
:10411800181000207C470124000E27072D0FB0300F
:104128003211D0205F4390608A62E030200BA010EB
:104138001A0980102DE9F041046884B09846E368B4
:10414800BDF82C70CBB90D4616468C34204605F0C8
:1041580077FC2028FAD120460C9C69004346324659
:1041680089B2CDE901740A9C009405F0FBFA003885
:1041780018BF012004B0BDE8F081012004B0BDE8FB
:10418800F08100BF2DE9F041046884B09846E368E7
:10419800BDF82C70CBB90D4616468C34204605F078
:1041A8004FFC2028FAD120460C9C69004346324631
:1041B80089B2CDE901740A9C009405F09FF9003892
:1041C80018BF012004B0BDE8F081012004B0BDE8AB
:1041D800F08100BF094B6FF0F41110225960C3F849
:1041E800E4101A7483F8F020C3F8C41183F8D021BE
:1041F800C3F8A41283F8B022704700BF181000203B
:1042080030B5002395B04FF48071062204460B9315
:1042180006921393CDE90C13CDE90E33CDE9113392
:1042280001F01AFB07282BD004F1100541F288325F
:1042380006A9284606F070FC28B10123184684F820
:104248005C3015B030BD0222022306A92846CDE90C
:10425800002310220123CDE9022300224FF480031A
:10426800CDE9042305224FF0807306926A460F9326
:1042780041F2883306F0BCFD0028DED115B030BD10
:104288000323012084F85C3015B030BD0000000025
:1042980070B50023A4B04FF080724FF480750446C7
:1042A800ADF806300D93CDE910320122CDE90E5359
:1042B800CDE91223CDE91433002943D0F02300F1CE
:1042C800100508AEADF80630C02341F288323146F9
:1042D8002846089306F020FC28B10123184684F8E4
:1042E8005C3024B070BD41F288320DF106012846D9
:1042F80006F07CFC03460028EFD105224FF48071BC
:104308001E93284616924FF080721B9321931F929A
:1043180002AA9FED1F7BCDE91C13CDE922338DED59
:10432800027B9FED1D7B41F2883316A98DED047B3E
:104338009FED1B7B8DED067B06F05AFD0028CCD146
:1043480024B070BD00F1100508AE612341F2883237
:1043580031462846089306F0DFFB0028BDD141F21C
:1043680088320DF10601284606F0BEFC0028B4D1BB
:10437800BDF80630204623F0780343F04003ADF83B
:104388000630FFF73DFF00289ED0A6E7AFF3008078
:104398000000000001000000100000000100000003
:1043A80000000000000040002DE9F04F00234FF40A
:1043B800807501264FF0807804462DED028BABB056
:1043C8008DF8073013932193299314950E96CDF801
:1043D8005C80CDE91533CDE91863CDE91A33CDE911
:1043E8002253CDE92433CDE9273306231C9301F06A
:1043F80033FA072808D004F1100741F288321CA9C3
:10440800384606F089FB40B10123184684F85C3031
:104418002BB0BDEC028BBDE8F08F4FF0020A4FF0D5
:10442800020B4FF0050941F2883308AA1CA9384647
:10443800CDF89480CDF870909FED2F8BCDE908AB27
:104448004FF0000A4FF4800B8DED0A8BCDE90CABD1
:1044580006F0CEFC0028D7D141F2883238460EA9A2
:1044680006F05AFB0028CFD1402341F288320DF1E3
:10447800070138468DF8073006F0B8FB0028C3D18D
:1044880041F288330EA902AA3846CDF83890CDF803
:104498005C809FED1B7BCDE906AB8DED027B9FED2C
:1044A8001A7B8DED047B06F0A3FC03460028ABD1F4
:1044B800CDF870904FF00109CDF894804FF00008C6
:1044C800219308AA29931CA938462295CDE92333BC
:1044D800CDE9273341F288338DED0A8BCDE90CAB5A
:1044E800CDE9088906F084FC002891D0304684F88C
:1044F8005C608DE7AFF30080100000000100000051
:10450800400000004300000000800000010000009F
:104518002DE9F04F00234FF4807601254FF0807885
:1045280004462DED028BABB0CDE9153313932193DF
:10453800299314960E95CDF85C80CDE91853CDE9F2
:104548001A33CDE92263CDE92433CDE92733062395
:104558001C9301F081F9072808D004F1100741F2F3
:1045680088321CA9384606F0D7FA40B1012318460C
:1045780084F85C302BB0BDEC028BBDE8F08F4FF0B7
:10458800020A4FF0020B4FF0050941F2883308AADE
:104598001CA93846CDF89480CDF870909FED308BEB
:1045A800CDE908AB4FF0000A4FF4800B8DED0A8B74
:1045B800CDE90CAB06F01CFC0028D7D141F28832BB
:1045C80038460EA906F0A8FA0028CFD1402341F2B8
:1045D80088320DF1070138468DF8073006F006FBE2
:1045E8000028C3D19DF8073008AA0C90FF20089333
:1045F8004FF400430EA90B95CDF83890CDF85C80A8
:10460800CDE909034FF4800338460D9341F288330E
:1046180006F0EEFB03460028A8D100222193299337
:104628001CA938462296CDF87090CDF89480CDE933
:104638002333CDE927330123CDE9022341F288331F
:1046480002AA8DED048BCDE906AB06F0D1FB00285C
:1046580090D0284684F85C508CE700BFAFF3008008
:10466800100000000100000070B50122AAB0044645
:104678000D465F48C02104F0EFF800265D4B069612
:104688005B4895FAA5F5CDE90466D3F8E02042F039
:104698002002C3F8E020C022D3F8E03003F0200362
:1046A80001930123019902A9CDE9022303F0CCFE6D
:1046B800142001F071FA3246C0214D4804F0CCF8BC
:1046C800142001F069FA0122C021494804F0C4F815
:1046D800142001F061FA0123474AE6612261C4E926
:1046E8000533002D77D0B5FA85F1013900234FF451
:1046F800807604F11005C4E908162846C4E90B338E
:1047080006F09CF930B101231D4684F85C30284638
:104718002AB070BD66231690179041F28832139024
:104728000EA91B900E93CDE91460CDE91900284617
:1047380006F0F2F90028E6D199230EA941F2883251
:1047480028460E9306F0E8F90028DCD1052301215C
:10475800249008AA219027901C934FF08073CDE9EC
:104768002260CDE928001020259341F28833CDE955
:104778000A019FED1D7B00204FF48001CDE90C015B
:104788001CA928468DED087B06F032FB0028BAD11B
:104798002046FFF7BDFE0028B5D1284606F0AAF945
:1047A80005460028AFD123790A2B18D9637901214E
:1047B800994003F083FFA3790A2B0ED80F4800EB2A
:1047C80083200126E17906FA01F103F077FF2666D6
:1047D80084F864609BE71F2188E70020F1E7074819
:1047E80000EB8320E2E700BF0000000001000000AA
:1047F80000140258004402580050005200000258A9
:104808002DE9F041684CA2B00D46046001F024F88F
:1048180007284BD028682346AA68696807C3AA896D
:10482800184620F8042B267B677B06F063F90028DE
:1048380034D1012E94F8643014BF4FF480154FF42E
:1048480000052366002B39D0584B95FAA5F523614E
:104858000123C4E905330023E361002D6ED0B5FAC6
:1048680085F1013900234FF480785148C4E90818CC
:10487800C4E90B3306F0E2F880B966230B90139075
:1048880041F2883206A90693CDE90C80CDE90E00E5
:10489800CDE91100464806F03FF9A0B101231D46B5
:1048A80084F85C30284622B0BDE8F0810125032356
:1048B800284684F85C3022B0BDE8F08129462046BD
:1048C800FFF7D2FEC0E7992341F2883206A938489B
:1048D800069306F021F90028E0D105231C901990D1
:1048E8006A4614934FF08073219014A91D9341F2E6
:1048F80088339FED277BCDE91A80CDE91F008DED28
:10490800007B9FED257B2A488DED027B9FED247B64
:104918008DED047B06F06CFA0028BFD131462248A1
:10492800FFF7B6FC0028B9D11F48FFF73DFD054643
:104938000028B3D127B102232366B3E71F2191E7EB
:10494800EB2300260027189014934FF440631F9020
:1049580006AA1B934FF40053209014A917934FF401
:10496800404313481C93A023CDF868801693062370
:1049780019934FF0805321934FF04073CDE90667A8
:104988001D9306F0ADFA0028D5D087E7AFF3008075
:1049980000000000010000001000000001000000FD
:1049A8000000000000004000981300200050005252
:1049B800A81300205E4B02682DE9F0419A428CB0A2
:1049C8004FF00004CDE90744CDE909440B9402D027
:1049D8000CB0BDE8F081574B574DD3F8D420574F52
:1049E80042F48042564EDFF85C81C3F8D420D3F8F5
:1049F800D42002F480420092009ADA6F42F4804296
:104A0800DA67DA6F22F48042DA67D3F8E02042F0FE
:104A18004002C3F8E020D3F8E02002F040020192FF
:104A2800019AD3F8E02042F02002C3F8E020D3F83E
:104A3800E02002F020020292029AD3F8E02042F02D
:104A48001002C3F8E020D3F8E02002F0100203922D
:104A5800039AD3F8E02042F00202C3F8E020D3F82A
:104A6800E03003F002030493049B22E014F0FC02FC
:104A780052D103F1200155F8211008780A2839D8B5
:104A880091F801C00121099207EB802201FA0CF18B
:104A980007910221CDF81480089103210A910CA9ED
:104AA8000B4413F81C3C07A9104601340B9303F080
:104AB800CBFC2A6EE3B2002AD8D0052B2CD803F100
:104AC8001A0255F822100A780A2A18D949780122B8
:104AD8008A40022107920022CDE9081203210A9197
:104AE8000CA90B4496E803000590ADF8181013F8CC
:104AF8001C3CD8E74878012109928140C8E74878EA
:104B0800012107EB82228140022007910021CDE993
:104B1800080103210A91E3E700225C20114601F015
:104B28003DFF5C2001F078FF0CB0BDE8F08100BFCC
:104B38000050005200440258981300200000025808
:104B4800344801240A0A090A0268F8B5194B9A423E
:104B580000D0F8BD184A0024184F0125D2F8D430E7
:104B6800174E23F48043C2F8D43011E014F0FC0F40
:104B78001BD157F821301A780020597801340A2AB5
:104B880005FA01F198BF06EB822089B203F096FD81
:104B9800E3B23A6E03F12001002AE7D0052B03F1B6
:104BA8001A0202D857F82230E5E75C20BDE8F84041
:104BB80001F040BF005000520044025898130020F2
:104BC80000000258014806F017BA00BFA8130020D9
:104BD8000E4B6FF0F4120021981C30B41C1D9D1D63
:104BE8009A605D671C67C3E90022C3E9181103F1E5
:104BF8000A0203F1080130BCC3E91A30C3E91E12E6
:104C0800C3E92030C3E92212704700BF981300207F
:104C180038B5036871B9026A00F1280500F5AC746B
:104C2800012A0CBF002140218BBB1D4B5722C0F825
:104C380058310DE0426A00F1C00500F5E874012A18
:104C48000CBF00214021EBB1164B5A22C0F8D031DD
:104C580000232046C4E901214FF480524FF48061BB
:104C6800636262614FF48042C4E903314FF4807398
:104C7800C4E906234FF40033236202F041FA58B125
:104C8800FFBEFEE7084B5822C0F8D031E0E7074BDB
:104C98005922C0F85831DBE7C5E92044A56338BD7F
:104CA80010000240700002402800024058000240F4
:104CB8002DE9F043C28889B081468388ADF8002089
:104CC8000089B9F80A10B9F80C20ADF80230D9F803
:104CD8001830ADF80400ADF80610ADF80820002B28
:104CE8003FD0D9F81C70B7FA87F77F09012502234E
:104CF8006C460DF10A06DFF870800695CDE904359B
:104D080099F8042020788242627818D0D9F80010E7
:104D1800F9B1012902D1F8B10A2107910A2805FA47
:104D280002F203A994BF08EB80200020039203F04D
:104D38008BFB0234A642E3D109B0BDE8F08399F8B1
:104D480005109142E2D1002FF3D0D9F800100029C4
:104D5800DFD106210791E1E7022A0CBF08210A21C9
:104D6800DBE70127C2E700BF00000258534A036887
:104D7800934230B505468BB055D02032934252D07D
:104D88004F4A934204D02032934201D00BB030BD39
:104D98004C4C4D48D4F8E03043F00103C4F8E030FF
:104DA800D4F8E03003F001030593059BD4F8E03014
:104DB80043F00803C4F8E030D4F8E03003F0080307
:104DC8000693069BD4F8E03043F04003C4F8E03083
:104DD800D4F8E03003F040030793079BD4F8F03091
:104DE80043F40003C4F8F030D4F8F03003F40003BF
:104DF8000893089BFFF75CFFD4F8D830296843F084
:104E080001032F4A3048C4F8D830891AD4F8D8306A
:104E180018BF012103F001030993099B0BB0BDE8FA
:104E28003040FFF7F5BE274C2848D4F8E03043F06F
:104E38000103C4F8E030D4F8E03003F00103009334
:104E4800009BD4F8E03043F01003C4F8E030D4F805
:104E5800E03003F010030193019BD4F8E03043F0F5
:104E68004003C4F8E030D4F8E03003F04003029384
:104E7800029BD4F8F03043F48003C4F8F030D4F83F
:104E8800F03003F480030393039BFFF711FFD4F87A
:104E9800D830296843F00103084A0C48C4F8D830D0
:104EA800891AD4F8D83018BF012103F001030493FC
:104EB800049B0BB0BDE83040FFF7AABE0458014080
:104EC800045C014000440258841600202814002085
:104ED800014802F067BF00BF80150020014802F0BA
:104EE80061BF00BFF8150020014802F05BBF00BF9A
:104EF800DC170020014802F055BF00BF54180020FD
:104F08001A4A0368934210B40BD02032934208D057
:104F1800174A934216D02032934213D05DF8044BBF
:104F28007047144B0022D3F85442C3F85822002C7F
:104F3800F4D0D3F84802D3E9931223465DF8044B22
:104F4800520818470B4B0022D3F8B044C3F8B424D6
:104F5800002CE3D0D3F8AC24D3F8A814D3F8A404D5
:104F6800520823465DF8044B184700BF0458014017
:104F7800045C014028140020184A0368934210B4C6
:104F88000BD02032934208D0154A934217D02032D2
:104F9800934214D05DF8044B7047124BD3E9942424
:104FA8005208C3F85822002CF4D0D3E992012346C2
:104FB80001EB820100EB82005DF8044B1847094BB6
:104FC800D3F8AC24D3F8B0445208C3F8B424002C66
:104FD800E0D0D3F8A814D3F8A404E8E704580140B3
:104FE800045C0140281400202DE9F0470C684FF4B8
:104FF8001776774F86B004FB06F6012C07EB0608F8
:10500800C0F8008000F39F8000230D468E46C446FA
:10501800C8F85032C8E9923369A3D3E900236AA1DA
:10502800D1E90001CDE9022306AB03EB8403CDE906
:10503800040153F810AC53F8089CBEE80F00ACE824
:105048000F00BEE80F00ACE80F009EE80300C8F8A8
:1050580028A0C8F8C0908CE803002B69042B0CD852
:10506800DFE803F078828C9603004FF41773594AEF
:1050780003FB04739A64C3F8E020AA692B6A002A28
:1050880042D0002B4FF4177308BF022203FB0473AE
:1050980018BF0322DA6201221A63EA696B6A002ADE
:1050A8003FD1191E4FF4177318BF012103FB047376
:1050B800C3E931126969012943D0022947D103257F
:1050C80000214FF4177306F128002A46019103FBCB
:1050D8000473002438445C645C63DC65C3F8DC401A
:1050E800C3F8CC40C3F8F440C3E90F44C3E91544FE
:1050F800C3E93544C3E93B44022308F083FB019923
:1051080000284FD0FFBEFEE7191E4FF4177318BFD3
:10511800012103FB0473C3E90B12EA696B6A002AD5
:10512800BFD0002B4FF417730CBF0222032203FBDE
:105138000473C3F8C4200122C3F8C820696901298F
:10514800BBD10225BDE7012006B0BDE8F0870025E8
:105158002946B6E74FF417734FF4FA5203FB04736A
:105168009A64C3F8E02088E74FF417734FF47A5233
:1051780003FB04739A64C3F8E0207EE74FF41773C7
:105188004FF4FA4203FB04739A64C3F8E02074E70F
:105198004FF417734BF6803203FB04739A64C3F819
:1051A800E0206AE706F1C00002232A46384408F0E6
:1051B80029FB0028C8D0FFBEFEE700BFAFF3008080
:1051C80004580140045C014024580140245C01401B
:1051D80028140020007701000068704770B5046843
:1051E80082B015460E46C4F85032C4E99212069AA7
:1051F800C4F85422A269012A26D0626A012A9AB206
:1052080011D0294604F1C000019208F023FC236A5A
:10521800019A012B10D0294604F1280008F01AFC45
:10522800002002B070BD04F1C000019208F0A4FC97
:10523800236A019A012BEED1314604F1280008F0C7
:105248009BFC002002B070BD226A012A9AB211D0DC
:10525800294604F12800019208F0FCFB636A019AD0
:10526800012B10D0294604F1C00008F0F3FB002000
:1052780002B070BD04F12800019208F07DFC636A59
:10528800019A012BEED1314604F1C00008F074FCFC
:10529800002002B070BD00BF10B5046804F12800FA
:1052A80008F06AFB04F1C00008F066FB002010BD9E
:1052B80003681B69042B05D8044A02EB830393EDAA
:1052C800000A70479FED020A704700BF3C4801245E
:1052D80000803B470368D3F858027047064B6FF0CD
:1052E800F4124FF60B71C3E901229981A3F86812F1
:1052F800C3E99822704700BF28140020704700BFF8
:1053080008B500F037FCBDE8084001F021BC00BF3B
:10531800064808B503680BB103F0A2FA044803680D
:105328001BB1BDE8084004F0E5BB08BDF81D00202E
:10533800E8180020064808B503680BB103F090FA96
:10534800044803681BB1BDE8084004F0D3BB08BD9E
:10535800F81D0020E8180020064808B503680BB1BE
:1053680003F07EFA044803681BB1BDE8084004F066
:10537800C1BB08BDF81D0020E8180020364BDA6ACA
:10538800520062D59A6A9A6A9A6A9B6A180600D588
:1053980000BE314B9B6A990600D500BE2E4B9B6A16
:1053A800DA0600D500BE2C4B9B6A1B0700D500BE51
:1053B800294B9B6A980700D500BE274B9B6AD907E3
:1053C80000D500BE244B9B6A1A0400D500BE224BB0
:1053D8009B6A9B0400D500BE1F4B9B6AD80400D56E
:1053E80000BE1D4B9B6A190500D500BE1A4B9B6A6F
:1053F8005A0500D500BE184B9B6A9B0500D500BE18
:10540800154B9B6AD80500D500BE134B9B6A9901C2
:1054180000D500BE104B9B6ADA0100D500BE0E4BCA
:105428009B6A1B0300D500BE0B4B9B6A580300D533
:1054380000BE094B9B6A990300D500BE064B9B6AC8
:10544800DA0306D400BE00BEFEE7DB6A9B07FAD586
:10545800F8E700BEF6E700BF00ED00E000F096BBFD
:1054680000F09ABBB0B1431E022B12D81F4B9B68A9
:1054780003F17843B3F5003F0BD3022831D003285A
:105488002BD11B4B1B4A1A601B4B00221A6601F0DA
:10549800E5BA704700B540F2063189B04FF60B7295
:1054A8000346ADF8081002990090ADF80C200122CF
:1054B8000690CDE9040003A8FEF72EFB03A80121FE
:1054C800FEF71CFC0A2000F067FB0B4B00221A6653
:1054D80009B05DF804EB01F0C1BA054B00221A606F
:1054E800D2E7034B054A1A60CEE700BF00ED00E0A3
:1054F80000008038FA4E07B00044025807B0FE5A40
:105508000A4B9B6803F17843B3F5003F0BD3084B74
:10551800986848B19868012806D09868022803D08E
:105528009B68032070470120704700BF00ED00E032
:1055380000008038000000002DE9F041CEB004469C
:105548004C2200210AA80FF0F9F82022002102A815
:105558000FF0F4F8C02200211EA80FF0EFF8022087
:1055680005F086F92368012B4FF0000354D0584A00
:1055780002250193C820D16A564B21F00101D1625E
:10558800D26A02F0010201929A6942F440429A6199
:105598009B6903F440430193019B4E4A93699B0422
:1055A800FCD54D490224002201268B6A04274FF0BE
:1055B800080823F0030323438B62052316900AA8E7
:1055C80018934FF480331096179419941597CDF8C3
:1055D8006880CDE91B222122CDE91344CDE90A23B5
:1055E80005F0AAFE00B1FEE73F220323294602A8E0
:1055F800CDE9022300220823CDE9042340224023D9
:10560800CDE9062340234FF48062CDE9082306F054
:105618002DFA0346B8B1FEE72E4A04250093F02080
:1056280091692B4B41F440419161926902F44042E7
:105638000092DA6A42F00102DA62DB6A03F00103DF
:105648000093009BA9E7202226932E9380212C9279
:105658004FF48052319306253F931EA82792369225
:105668004FF4803225914FF4401132924792002234
:105678002895802540911021CDF888802B97209679
:105688002A91CDE92F3440F2271329934FF48063F0
:105698002D930023CDE92346CDE93C234FF48074B4
:1056A8000C2344940224219307A3D3E90023CDE9D2
:1056B8003445CDE91E2306F0C5FC00B1FEE705F030
:1056C800FBF84EB0BDE8F0810F130F030000000097
:1056D80000040058004802580044025870B584B0CD
:1056E800012401F0E3F94FF480764FF04052194B52
:1056F80068460025ADF800400396CDE9012301F086
:10570800F3F919224FF0404368468DF808200193B9
:105718008DF80F40ADF80D608DF801408DF80A50F6
:1057280001F0E2F902230B2268468DF80F508DF83C
:1057380001304FF062538DF808200193ADF80D4009
:105748008DF80A4001F0D0F9042001F0BDF904B049
:1057580070BD00BF0E00010330B50D46044685B08C
:10576800D1E9000184E8030000F0D4F9AB79002BFB
:1057780063D00CF025FDFEF7DDFB0AF0D7FF0CF037
:10578800C3F92B795BB3304C636913F4803326D1AA
:10579800C4F88430BFF34F8FD4F8801043F6E07E0E
:1057A800C1F34E3CC1F3C9014FEA4C1C0CEA0E0090
:1057B8000B4640EA8372013BC4F860225A1CF8D1B8
:1057C800ACF1200C1CF1200FF0D1BFF34F8F6369AF
:1057D80043F480336361BFF34F8FBFF36F8F6B79EF
:1057E800B3B1194A536913F4003311D1BFF34F8F82
:1057F800BFF36F8FC2F85032BFF34F8FBFF36F8F75
:10580800536943F400335361BFF34F8FBFF36F8F76
:105818004FF0FF3200230024002569460B4802920E
:105828008DF80C30CDE900450BF0B4FB07480BF0C0
:1058380019FC0AF017F905B030BD2046FFF77CFEC9
:105848002046FFF74BFF94E700ED00E0E01800204A
:1058580006F074BA06F0BABA1C4B9B6803F178429A
:10586800B2F5003F25D3B3F5803F20D303F1604262
:10587800B2F5003F1FD303F15C42B2F5002F1CD3F1
:1058880003F17042B2F5902F19D303F14842B2F5F3
:10589800803F16D303F18042B2F1806F13D303F136
:1058A800E043B3F5000F2CBF082007207047012004
:1058B800704700207047022070470320704704207B
:1058C8007047052070470620704700BF00ED00E0D4
:1058D80003480023034A044903600EF09BBA00BF43
:1058E800E0180020000000200553002400F2C44105
:1058F800D0F8080509F01CBC01EBC10300EB8303D9
:10590800D0F80805D3F8882209F042BC01EBC1039E
:1059180000EB8303D0F808059A6C09F073BC00BF4C
:10592800D0F8080509F01CBD016910B5044619B185
:10593800022900D0FEE70121D4F8080509F0F0FC9F
:10594800D4F80805BDE8104009F0BCBC10B5044601
:10595800D0F8080509F0E8FC2268D2F8003E43F0C8
:105968000103C2F8003E236A23B1034A136943F0D6
:105978000603136110BD00BF00ED00E0D0F8080574
:1059880009F0E2BCD0F8080509F010BDD0F8080508
:1059980009F0F6BCD0F8080509F01EBDD0F80805D6
:1059A80009F01CBD9446D0F8C8021A4608B56346EB
:1059B80004F05AFE032802D8024B185C08BD0320E5
:1059C80008BD00BF50480124D0F8C80208B504F04B
:1059D800CDFE032802D8024B185C08BD032008BD81
:1059E80050480124D0F8C80208B504F003FF032882
:1059F80002D8024B185C08BD032008BD504801249A
:105A08000A06D0F8C83206D401EBC10103EB8101C4
:105A180091F87E02704701F07F0101EBC10103EBB1
:105A2800810191F83E007047D0F8C80208B504F02B
:105A380005FE032802D8024B185C08BD032008BDE8
:105A480050480124D0F8C80208B504F06DFE0328B8
:105A580002D8024B185C08BD032008BD5048012439
:105A6800D0F8C80208B504F03DFE032802D8024B5E
:105A7800185C08BD032008BD50480124D0F8000375
:105A880009F0AABFD0F8000309F0BEBFD0F80003A0
:105A980009F0C6BF704700BFD0F8000309F0ACBFDB
:105AA800D0F8000309F0ACBFD0F8D40308B503F070
:105AB80051FB032802D8024B185C08BD022008BD20
:105AC80054480124704700BF0F4B1B780BB90120C5
:105AD800704710B504464FF47A700C4AB0FBF3F3E4
:105AE8001068B0FBF3F000F0CBFF0F2C00D808B122
:105AF800012010BD002221464FF0FF3000F04EFF7C
:105B0800034B00201C6010BD4C00002074030020D3
:105B18005000002010B50320124C00F02DFF05F0B6
:105B280005FF114B11499A699B69C2F3032203F0DF
:105B38000F038A5CCB5C02F01F020D4903F01F03C0
:105B4800D04020FA03F308600E202360FFF7BCFF63
:105B580010B10124204610BD0446FFF7B3FF2046CC
:105B680010BD00BF7803002000440258C448012437
:105B780074030020034A044B11681B780B4413601C
:105B8800704700BFFC2000204C000020014B186823
:105B9800704700BFFC20002038B50446FFF7F6FF29
:105BA8000546631C02D0044B1B781C44FFF7EEFF2C
:105BB800431BA342FAD338BD4C000020014B1868A0
:105BC800000C70470010005C704700BF806B08B580
:105BD800FFF7FAFF08BD00BF836B5A6D12F0500F34
:105BE8005A6D10B51DD1196842F400725A650A68D9
:105BF80012F0080FCA681BD012F4406F0DD1CA68A2
:105C080094040AD45A6D22F480725A655A6DD104EC
:105C180003D45A6D42F001025A651846FDF78CFB11
:105C280010BDD2060AD4DB6CBDE81040DB6C184707
:105C38009007E7D01846FDF77FFBF1E71846FDF718
:105C480029FC10BD806B08B5436D43F040034365E4
:105C5800836D43F004038365FDF71CFC08BD00BF9A
:105C6800F0B5002283B0019290F85020012A00F08C
:105C7800B880034601201A6883F8500094686407C6
:105C880008D55A6D42F020025A65002283F8502048
:105C980003B0F0BD0C68002CC0F2A180C4F313055A
:105CA800002D00F0978094FAA4F515B1B5FA85F5A2
:105CB800A840A40ED5692843D0614D681F2002F181
:105CC800300E04F01F04AE0905EA000C06F00C06BD
:105CD80000FA0CF704FA0CF456F80E0020EA070054
:105CE800044346F80E409068400776D4956815F04E
:105CF800080555D10C6802F1140607208F684FEA91
:105D0800D45CC4F304540CF0040C00FA04FE07FA43
:105D180004F4B64F5CF8060020EA0E0020434CF865
:105D28000600386800F07040B0F1805F00F0E8804D
:105D3800D068D668C70600F1EB80C6F382064869CA
:105D4800760000FA06F60F69042F7BD002F1600492
:105D5800086854F827C000F0F8400CF0004C40EAFE
:105D68000C00304344F82700487E0E69012854F897
:105D780026000CBF4FF00047002720F000403843B2
:105D880044F826000C7E0869012C04D100F01F009D
:105D98004FF400658540106920F4F0400543156113
:105DA8009068C40714D4CE680C6806F018079048A9
:105DB800D2F8C050F840C4F31307204025EA07057D
:105DC8002843C2F8C0008B48864257D0002C0BDB12
:105DD80000205AE7A40EA0406CE79068E0E7A40E04
:105DE8006BE7022003B0F0BD83498A4200F0B68019
:105DF80001F580718A4200F0B180804D8048A96821
:105E0800806801F0E076C04300F00100002800F04F
:105E1800B4807C48844200F0FD807B48844200F0D6
:105E28001C817A488442D3D14902D1D474498A4228
:105E3800CED1AA68002022F0E072324342F48002F8
:105E4800AA6022E7106E0C6800F0F840A506B0EBD7
:105E5800846F79D0506E00F0F84085426FD0906E14
:105E680000F0F840854274D0D06E00F0F8408542CA
:105E780096D1D06E20F00040D06691E7002F4ED02A
:105E880094FAA4F5002D00F08C80B5FA85F0013065
:105E980000F01F06092E40F28480B5FA85F58006C9
:105EA8000126013500F0F84094FAA4F405F01F0526
:105EB80006FA05F50543002C00F0DF80B4FA84F4F7
:105EC800A0196FF01D0600F01F04032010FB0460EA
:105ED800000540F000702843072402F11405C60DA0
:105EE800C0F3045006F0040604FA00F7745924EAD3
:105EF80007048F6807FA00F0204370510C6865E7C3
:105F0800D6684869C6F38206760000FA06F61AE7EC
:105F18007608486906F0080600FA06F613E7A40EA4
:105F2800013404F01F06092E2DD8A506012005F01E
:105F3800F845B040054306EB46000005CBE7506E38
:105F480020F0004050668AE7106E20F0004010668E
:105F580080E7906E20F00040906685E726482C4D3B
:105F680000F58070A96850F8F86C8068304301F03B
:105F7800E076C04300F0010048E75A6D012042F086
:105F880020025A6581E606EB4600A50601241E3864
:105F980005F0F84504FA06F60005354340F00070B0
:105FA80099E794FAA4F000286ED0B0FA80F0013096
:105FB800800600F0F84094FAA4F5002D62D0B5FAF6
:105FC80085F50126013505F01F0506FA05F5054397
:105FD80094FAA4F4002C52D0B4FA84F4013404F0F6
:105FE8001F0404EB4404200575E700BF0010005CA3
:105FF800FFFF0F000000FF47002002400063025827
:1060080000600258000084CB000052C70000B8CFDF
:106018000023024008023FF5DBAE1D498A427FF4A7
:10602800D7AE1C4A1C481268A968920921F0E07191
:10603800A0FB02023143920941F400010132A96038
:1060480052000192019A002A3FF4C2AE019A013A25
:106058000192019A002AF9D1BAE611F080707FF412
:10606800B7AE0B498A427FF4B3AEAA6822F0E07259
:10607800324342F08072AA6007E608482BE74FF4E3
:10608800401028E70225A2E74FF0806093E700BFA1
:106098000060025874030020632D3E05000050FE86
:1060A80003689A6812F0040F9A6870B5044603D121
:1060B800120701D4002070BDDA68960104D5A08AC1
:1060C80040F2011290421AD002299A6840D056072D
:1060D80008D59A68900705D498682D4A024042F07E
:1060E80010029A60012919D09A68120702D59A6895
:1060F800900734D5032914BF04250C250FE01A682E
:10610800500606D4234A01E0013A18D01968490616
:10611800FAD540221A609A68520727D40425FFF757
:1061280035FD236806469B681D42C3D0FFF72EFD48
:10613800831B052B2368F6D99A682A42F3D0636D2E
:10614800012043F010036365A36D0343A36570BD8D
:10615800150702D59A68920713D50825DFE79868CE
:106168000B4A024042F020029A60C3E79A689607F9
:10617800D4D499680425064A0A4042F010029A606D
:10618800CDE79968024A0A4042F020029A60E4E7A3
:10619800C0FFFF7F00DC0C0003689A68D10701D5B7
:1061A800002070479968214A114270B504462CD1E5
:1061B80099681F4A0A4042F001029A60FFF7E6FC1C
:1061C80023681C4A0546934228D002F58072934200
:1061D80024D0194A92681A68D60714D4144E9A68BB
:1061E800D00704D49A68324042F001029A60FFF75F
:1061F800CDFC431B022B236802D91A68D10704D5AA
:106208001A68D207EBD5002070BD636D012043F0FA
:1062180010036365A36D0343A36570BD074A9268C5
:10622800D206D8D0064A9342D5D1ECE73F00008089
:10623800C0FFFF7F00200240006302580023024095
:10624800002102402DE9F0413E4D044600680F460A
:106258001646A84219D03C4B984216D03B4DAB6825
:106268008068420716D494F85020012A12D003F00F
:106278001F080122B8F1090F84F850200DD9002316
:10628800012084F85030BDE8F081314DAB6880685A
:106298004207E8D50220BDE8F08140F2212323FA25
:1062A80008F3DB4313EA0205E9D12046FFF774FF40
:1062B800002841D1626D274B2168134043F4807355
:1062C8006365B8F1000F02D01F4B994203D0636D8C
:1062D80023F480136365636D13F4805330D0A36D8A
:1062E80023F00603A365E06C33461B4D3A46E66A85
:1062F8004031C563194D0564194DC5641C2541F825
:10630800405C002584F8505051F83C5C45F010057D
:1063180041F83C5C51F8345C25F00305354341F8FD
:10632800345C01F05BF922680E4B91680B4043F036
:1063380004039360BDE8F08184F85050BDE8F08113
:10634800A365D0E700200240002102400063025804
:1063580000230240FEF0FFFFE15B0024D55B002430
:106368004D5C0024C0FFFF7F38B503689A68950725
:1063780002D59B68002038BD9A68D40729D59A6849
:10638800044602F00D02012A08D0636D012043F093
:1063980010036365A36D0343A36538BD98680321A3
:1063A8000D4A024042F002029A601960FFF7EEFBC4
:1063B800236805469B68D9070BD5FFF7E7FB401B09
:1063C8002368022802D99A68D207DED49B68DB07C3
:1063D800F3D4002038BD00BFC0FFFF7F38B590F868
:1063E8005030012B26D001230321044680F8503079
:1063F800FFF756FE0546C0B92368E06CDA6822F05C
:106408000302DA6090F83520022A16D05A6822F082
:1064180010025A602046FFF7A7FF054628B9626DAB
:10642800114B134043F0010363650023284684F8A9
:10643800503038BD0225284638BD01F071FA0546AE
:1064480060B1636D2046226843F04003636553687A
:1064580023F010035360FFF787FFE6E722685368CD
:1064680023F010035360D5E7FEEEFFFF38B5574A17
:1064780004460368934226D002F58072934222D0E4
:10648800534B9B6813F4403F22D005F017FC636818
:106498000546B3F5003F00F08880B3F5403F6CD067
:1064A800B3F5803F00F08180FFF788FB41F20303DA
:1064B80098424BD8474B9D422AD92268936843F4A7
:1064C8008073936038BD444B9B6813F4403FDCD124
:1064D8004FF40020002106F005FE63680546B3F579
:1064E800101F6CD008D8B3F5E01F50D016D9B3F5FB
:1064F800001FD9D14509D7E7B3F5201F45D0B3F51B
:10650800301FD1D1FFF75AFB41F20303984240D81C
:106518002268936823F48073936038BDB3F5801FB5
:1065280006D00AD9B3F5A01F02D0B3F5C01FBBD15E
:106538009B0C5B00B5FBF3F5B6E7B3F5002FF7D07E
:1065480023F40022B2F5802FF2D0ADE7234B9D4211
:1065580005D82268936823F44073936038BD204BB4
:106568009D421AD91F4B22689D42936829D823F46B
:10657800407343F40073936038BD8508FFF71EFB32
:1065880041F203039842E1D894E7C5098CE705096D
:106598008AE7124BB3EB152FDBD22268936823F4FA
:1065A800407343F48073936038BD1B0CB5FBF3F55F
:1065B800FFF704FB41F203039842C7D87AE785093D
:1065C80072E743F44073936038BD00BF0020024077
:1065D80000630258002D31010023024021BCBE0097
:1065E80041787D0181F0FA0270B5002382B00193F1
:1065F800002800F0D180456D0446002D00F0BB80D6
:10660800226893689D0003D59168724B0B40936094
:106618009368D80016D4704B70491B6890689B0922
:10662800A1FB03136E499B090140013341F08051DE
:1066380091600193019B2BB1019B013B0193019B4D
:10664800002BF9D19368D90024D4636D012543F058
:1066580010036365A36D2B43A365936813F0040FC0
:10666800636D1DD1DB061BD4636D23F4817343F086
:10667800020363659368DE0728D45A4B9A4217D001
:1066880003F580739A4213D0574B9B68D9071DD4E2
:10669800564A15E09368002513F0040F636DE1D0A6
:1066A800636D012543F010032846636502B070BD91
:1066B8004C4A4F4B92689B681343D80706D44D4AFF
:1066C8009368616823F47C130B439360FFF776FAB1
:1066D80041F20303A1689842237F52D894F815C069
:1066E8001A04206B42EA4C3202430A43012B03D1BD
:1066F800236A013B42EA4342636A23B103F4787395
:10670800A16A0B431A4323683B49D86801400A43EE
:10671800DA609A6812F0040F9A681CD112071AD42A
:10672800D868364A217D024042EA8132E16A0A434A
:10673800DA6094F83820012A3AD01A6922F0010266
:106748001A611A692046616B22F070420A431A6185
:10675800FFF78CFE2368E268012A21D01A6B22F029
:106768000F021A63636D284623F0030343F0010305
:10677800636502B070BDFCF787FDA56584F85050CD
:106788003EE71029AAD1617D1A0442EA4132216B01
:106798000A4342F01C02A9E70125284602B070BD51
:1067A800196BA26921F00F01013A0A431A63D9E76C
:1067B800D4E90F12666C01391869324342EA014282
:1067C800A16C0A430E4901400A4342F001021A61D2
:1067D800B7E700BFC0FFFF5F74030020632D3E05CD
:1067E800C0FFFF6F0020024000600258006302589B
:1067F800002102400023024003C0F0FFFCBFFFFF5E
:106808001EF800FCF0B5002383B0019390F85030D7
:10681800012B40D0012304460E46154680F850301F
:10682800FFF7A2FDE8B9676D05F080421B4B06F43F
:1068380080311B4D3B401B4F43F0020363652368C7
:106848009E68354015430D4345F000459D609A68A4
:10685800002A0FDB636D23F0030343F00103636534
:1068680003E0636D43F010036365002384F8503040
:1068780003B0F0BD019A01320192019ABA42E6D3FF
:10688800636D0022012023F0120384F8502043F0A6
:1068980010036365ECE7022003B0F0BDFDEEFFFFD7
:1068A800C0FFFE3F00F8C325F0B490F850209AB01E
:1068B8000E68012A4DD003462B4C002201201D688A
:1068C8001692A54283F85000179208D0596D83F8A4
:1068D800502041F0200159651AB0F0BC7047234C94
:1068E800A26852070BD5AA685A6D012042F020020F
:1068F8005A65002283F850201AB0F0BC7047A86887
:1069080010F00400F0D1C6B1DFF868C04F68DCF8B9
:10691800082022F440423A43CCF80820AD68A26827
:106928002A43D40713D48A68DCF808101643104A9F
:106938000A401643CCF80860DBE70E498A6822F45F
:1069480040428A60A868A2680243D00705D50020A3
:10695800CFE702201AB0F0BC70478C683046044A72
:1069680022408A60C5E700BF0020024000210240A3
:10697800E0F0FFFF0023024006494FF6FF0C00023B
:10698800054BCA6800F4E06002EA0C0210430343B6
:10699800CB60704700ED00E00000FA051B4BDB6898
:1069A800C3F3022300B5C3F1070E03F1040CBEF1D3
:1069B800040F28BF4FF0040EBCF1060F1AD9033B91
:1069C8004FF0FF3C0CFA03FC22EA0C024FF0FF3CAC
:1069D80000280CFA0EFC21EA0C0101FA03F141EA45
:1069E80002010ADB09010A4BC9B2034483F8001308
:1069F8005DF804FB00221346E8E700F00F000901E8
:106A0800044BC9B2034419765DF804FB00ED00E0BD
:106A180000E100E0FCEC00E0002807DB012300F0C7
:106A28001F01034A40098B4042F82030704700BFDD
:106A380000E100E000280DDB4309012200F01F00FF
:106A48000549203302FA00F041F82300BFF34F8FC5
:106A5800BFF36F8F704700BF00E100E0BFF34F8FB7
:106A68000549064BCA6802F4E0621343CB60BFF3E2
:106A78004F8F00BFFDE700BF00ED00E00400FA05FE
:106A8800431EB3F1807F0CD24FF0E022002006496C
:106A98004FF0F00C5361072381F823C09061136114
:106AA80070470120704700BF00ED00E0BFF35F8F23
:106AB800044B00215A6A22F480325A62C3F89410B7
:106AC800704700BF00ED00E0064B40F00100C3F83E
:106AD80094005A6A42F480325A62BFF34F8FBFF370
:106AE8006F8F704700ED00E0174A4378C2F898307E
:106AF800017821B3436800B5C2F89C30C37A90F896
:106B08000CC01B0690F80FE043EA0C7390F80AC01B
:106B18000B43817B43EACC4390F80DC043EA8C4396
:106B280090F809C043EA4143017A43EA0E4343EA35
:106B38000C2343EA4103C2F8A0305DF804FBC2F815
:106B48009C10C2F8A010704700ED00E0704700BF2D
:106B580008B5FFF7FBFF08BD88B110B503790446F7
:106B680003F0FF023BB100230221012221711846E4
:106B78002361227110BD4271FCF7AAFCF3E70120E2
:106B8800704700BFF8B504464079069F012853D0E6
:106B98000D461146012226686271022222713DBB10
:106BA800A068042F374ADFF8E4C0C2633268C0F82F
:106BB80040C042F48052DFF8D8C0C0F84CC0326000
:106BC80042D0082F3DD0002F38D02A46376847F4E6
:106BD8000057376000F002FD0023637138BB23685B
:106BE80005F0100101251A688D4015431D60F8BD98
:106BF800E068042F244ADFF89CC0C2633268C0F8FA
:106C080040C042F08052DFF890C0C0F84CC03260FB
:106C18002FD0082F24D0D7B13768002247F000576B
:106C2800376000F0DBFC002363710028D7D02369AC
:106C380043F004032361F8BD0220F8BD06F1080201
:106C4800C4E706F11002C1E706F10C02BEE7376897
:106C580006F1140247F00057376000F0BFFCE2E786
:106C6800376806F11C0247F00057376000F0B6FCA1
:106C7800D9E7376806F1180247F00057376000F087
:106C8800ADFCD0E7016D0024016F0024116D0024D4
:106C9800216D0024116F0024216F002438B54FF4B2
:106CA800805C036801F0100E04461D6801200CFA90
:106CB8000EFC00FA0EF025EA0C051D601A6822EA9F
:106CC80000021A6059B9A06800F02AFE2268002064
:106CD800136823F4005313600123237138BDE0685F
:106CE80000F01EFE22680020136823F00053136092
:106CF8000123237138BD00BF10B5846B2046FCF713
:106D0800B3FC0123237110BD806B08B5FCF7DCFCD4
:106D180008BD00BF704700BF10B5846B23692046CB
:106D280043F004032361FFF7F5FF0123237110BD2E
:106D3800704700BF03681A68910410B5044602D56D
:106D48005A6B920418D41A68910002D55A6B9200B3
:106D580000D410BD04224FF0005120462271226950
:106D680042F00202226159631A6822F08052BDE89B
:106D780010401A6000F0DCB804224FF40051027190
:106D8800026942F00102026159631A6822F48052D2
:106D98001A60FFF7CDFF2368D5E700BF2DE9F04162
:106DA80043790E460968012B00F0988001230429D5
:106DB8000546144643714FF00203037145D002F0B3
:106DC800100200683369012B08D11F24836B94409B
:106DD80023EA04047369934023438363072404FA72
:106DE80002F3C46B24EA0304D6E90273012B28D00A
:106DF800022B28D0B7FA87F35B093B430B43716832
:106E08009340914023434FF48044C3639440036804
:106E180023EA040340F6FE7403609440036823EAFF
:106E2800040301240B43C021036001FA02F3026842
:106E3800002122EA0302026008462C716971BDE84C
:106E4800F0810023D9E70123D7E7FEF79FFE2B68DF
:106E580007465B6B1CBBDFF89C8013EA080F0DD05C
:106E6800FEF794FEC31B012B2B6803D95A6B12EA59
:106E7800080F36D15B6B13EA080FF1D10120FEF73A
:106E88008BFE2868B369036411E0FEF77FFEC31B1D
:106E9800012B2B6802D95A6B002A22DB5B6B002B73
:106EA800F3DB0120FEF778FE2868B369436404F039
:106EB800100240F2FF31836C914023EA0103F1692B
:106EC80091400B43FF2183649140C36C23EA010383
:106ED800316A91400B433168C36473E70220BDE80F
:106EE800F0812B69032243F0080310462B612A71B5
:106EF800A5E700BF0080002010B5846B2046FCF792
:106F080023FC0123237110BD806B08B5FCF706FC38
:106F180008BD00BF704700BF10B5846B23692046C9
:106F280043F004032361FFF7F5FF0123237110BD2C
:106F3800704700BF0268344B344930B4344D354C87
:106F4800AA4218BF9A420CBF012300238A4208BFF5
:106F580043F001033031A24208BF43F0010330344B
:106F68008A4208BF43F001033031A24208BF43F010
:106F7800010330348A4208BF43F0010301F55C7114
:106F8800A24208BF43F0010304F55C748A4208BFBB
:106F980043F001033031A24208BF43F0010330340B
:106FA8008A4208BF43F001033031A24208BF43F0D0
:106FB800010330348A4208BF43F001033031A24252
:106FC80008BF43F001038A4208BF43F0010313B925
:106FD800114B9A4213D1D3B21049114C103BA1FB6B
:106FE80003515F2B0F4BC1F3021103EA0203615CEB
:106FF80088BF0433C1658365184630BC704722F0EA
:10700800FF038365F8E700BF10000240400002401C
:107018002800024058000240B8040240ABAAAAAABD
:107028005848012400FCFFFF0368294A294930B465
:10703800294D2A4CAB4218BF93420CBF01220022B3
:107048008B4208BF42F001022831A34208BF42F038
:10705800010228348B4208BF42F001022831A342C2
:1070680008BF42F001028B4208BF42F0010212B988
:107078001B4A934213D1DBB21A4C1B4A0121083B2D
:107088001A4DA4FB0343456602EB1312C3F3041322
:10709800920001FA03F30266836630BC7047DAB2E5
:1070A8001349144C1944103AA829A4FB02234FEAA7
:1070B800131300D80833104A03F01F0501210F4CA1
:1070C8001A44A9404466920081660266E5E700BF5B
:1070D80008540258305402581C5402584454025858
:1070E80094540258CDCCCCCC009600168058025847
:1070F800F0FBFDBFABAAAAAA0082001080080240DC
:10710800F8B50446FEF742FD002C00F077812368AD
:107118000546924A934248D01832934245D03032BD
:107128008F498B4218BF934201F130010CBF0122F5
:1071380000228B4208BF42F0010218318B4208BF7F
:1071480042F0010218318B4208BF42F001021831A7
:107158008B4208BF42F0010201F556718B4208BF0D
:1071680042F0010218318B4208BF42F00102183187
:107178008B4208BF42F0010218318B4208BF42F02F
:10718800010218318B4208BF42F0010218318B42CC
:1071980008BF42F0010218318B4208BF42F00102D9
:1071A8001AB9704A934240F098810022022184F86B
:1071B800342084F835101A6822F001021A6006E0BB
:1071C800FEF7E4FC431B052B00F2FF8023681A68D6
:1071D800D607F5D4D4E9022520692A43A1691D6898
:1071E800024360690243E0690A4302435E4828405B
:1071F800256A2A435D4D0243606A042800F0008135
:107208002E685B4D3540B5F1005F80F0BB801A6099
:107218005A6922F0070202435A612046FFF78AFEA4
:10722800E26D3F2302F01F029340836022684B4BBC
:1072380050484B49824218BF9A4200F130000CBFB7
:10724800012300238A4208BF43F001033031824200
:1072580008BF43F0010330308A4208BF43F00103FE
:107268003031824208BF43F0010330308A4208BF00
:1072780043F0010301F55C71824208BF43F001034A
:1072880000F55C708A4208BF43F001033031824246
:1072980008BF43F0010330308A4208BF43F00103BE
:1072A8003031824208BF43F0010330308A4208BFC0
:1072B80043F001033031824208BF43F0010330300C
:1072C8008A4208BF43F001032B49824208BF43F0BA
:1072D80001032A488A4208BF43F001032831824249
:1072E80008BF43F0010328308A4208BF43F0010376
:1072F8002831824208BF43F0010328308A4208BF80
:1073080043F001032831824208BF43F001038A4257
:1073180008BF43F0010313B9194B9A4218D120460C
:10732800FFF782FEA368802B5CD06368A06EDAB298
:10733800013BD4E91851072B2A60486059D8501EE0
:1073480007286ED9626FD4E91B31002018604A60A3
:1073580000200123606584F83530F8BD1000024034
:1073680040000240B80402403F8010FE0010005C5C
:107378000000FFFF28000240085402581C5402581D
:10738800945402586568A5F129061F2E24D94F3D4B
:10739800032D01D842F480121A6004285A6922F099
:1073A800070242EA00027FF437AFE56AA06A0243A7
:1073B800002D3FF431AF002969D1012800F0888001
:1073C80030F002017FF428AF69E020220323012076
:1073D800626584F83530F8BD734D25FA06F6F50771
:1073E800DAD5D7E70023A16ED4E9180263600360F9
:1073F80051600023C4E91B336367A9E70120F8BD86
:107408002F68D4E90B562E433243684E3E40B6F1FE
:10741800005FB7D21A605A6922F0070242F00402EC
:10742800C4E72168624B634DA94218BF994205F130
:1074380014050CBF01230023A94208BF43F0010330
:107448001435A94208BF43F001031435A94208BF07
:1074580043F001031435A94208BF43F00103143572
:10746800A94208BF43F001033BB9534B994204D0EA
:10747800524B534913449B0003E0524B5249134467
:107488009B0001228240C4E91B3162675DE7B1F5C8
:10749800005F0ED0022805D903287FF4BDAEE901AC
:1074A8007FF5BAAE012340221846626584F835306C
:1074B800F8BD03283FF6B0AE01A151F820F000BF97
:1074C800AD740024A7740024AD740024D97400247A
:1074D800B5F1C07F7FF4A0AEE4E7354A35483B49B3
:1074E800834218BF934200F128000CBF01220022FA
:1074F8008B4208BF42F001022831834208BF42F0A4
:10750800010228308B4208BF42F001022831834231
:1075180008BF42F001028B4208BF42F0010212B9D3
:10752800254A934238D100220221294D84F835108A
:1075380084F834201A681540A268402A2AD0802A84
:107548000CBF4FF480400020266AD4E90312D20809
:1075580042EAD102616942EAD102A16942EAD10252
:10756800E16942EAD1021B4942EA161219442A4348
:1075780002431948A0FB010120461A600B099B0031
:10758800E365FFF7D7FCE26D012302F01F02934089
:1075980043604BE61020D7E74022032301206265B1
:1075A80084F83530F8BD00BF3F00C0C30000FFFFBE
:1075B800085402581C540258945402583F82001030
:1075C800400902403F96001640590258305402586C
:1075D8000F00FEFFF8ABFDA7CDCCCCCC002800F007
:1075E8008281844690F83400012800F07E810120D1
:1075F8002DE9F0439CF835408CF83400844208D0DB
:107608004FF400620023CCF854208CF83430BDE8E5
:10761800F0830220DCF80040554D8CF8350000203E
:10762800544ECCF854005448AC4218BF844205F17B
:1076380018050CBF01200020AC4208BF40F0010033
:107648001835AC4208BF40F001001835AC4208BFFD
:1076580040F001001835AC4208BF40F0010005F5C4
:107668005675AC4208BF40F001001835AC4208BF5F
:1076780040F001001835AC4208BF40F00100183551
:10768800AC4208BF40F001001835AC4208BF40F0DA
:1076980001001835AC4208BF40F001001835AC4273
:1076A80008BF40F001001835AC4208BF40F00100A7
:1076B800A5F59265AC4218BFB4420CBF0125002560
:1076C80001D000285AD02668DCF8589026F0010628
:1076D8002660002D7ED0DCF864603746DCF86860F0
:1076E8007E60DCF86C7037B1DCF87060B646DCF8A8
:1076F8007460CEF80460DCF85C604FF03F0E06F072
:107708001F080EFA08FEC9F808E0266826F4802645
:1077180026606360DCF80830402B00F0E880A16048
:10772800E26015B9002800F0E880236823F01E0302
:1077380043F016032360DCF840301BB1236843F0A4
:1077480008032360DCF860301A68D20303D51A688E
:1077580042F480721A601FB13B6843F480733B6047
:107768002368002043F001032360BDE8F08300BFD5
:10777800580002401000024040000240644F654E2D
:10778800DCF85890B44218BFBC4206F128060CBF7A
:1077980001270027B44208BF47F001071436B44256
:1077A80008BF47F001071436B44208BF47F0010785
:1077B8001436B44208BF47F00107266826F00106D0
:1077C8002660554EB44208BF47F0010717B9534F1A
:1077D800BC4212D1DCF864603746DCF868607E6031
:1077E800DCF86C7037B1DCF87060B646DCF87460B1
:1077F800CEF8046000287FF47EAF464FDFF810E132
:10780800744518BFBC420EF1140E0CBF01270027A7
:10781800744508BF47F001070EF1140E744508BF00
:1078280047F001070EF1140E744508BF47F0010731
:107838000EF1140E744508BF47F001070EF1140E3F
:10784800744508BF47F0010717B9344FBC4254D1FB
:10785800DCF85C60012706F01F0E07FA0EF7C9F87E
:1078680004706360DCF80830402B43D0A160E2600C
:10787800236823F00E0343F00A032360DCF840304A
:10788800002B2DD0236843F004032360204B214AAA
:10789800944218BF9C4202F128020CBF0123002326
:1078A800944208BF43F001031432944208BF43F0E6
:1078B80001031432944208BF43F001031432944286
:1078C80008BF43F001031432944208BF43F0010398
:1078D8001432944208BF43F00103002B3FF440AF39
:1078E800DCF86C702EE70120704702207047A26018
:1078F800E16016E7A260E160BAE7236823F00E03AF
:1079080043F00A032360DCF84030002BBAD1BDE70E
:107918001C5402580854025880540258945402586F
:1079280070B50546FEF732F9002D00F0248195F870
:107938003530022B40F0DD802C6806468F4B90488E
:10794800904A844218BF9C4200F130008E490CBF17
:1079580001230023844208BF43F001031830844206
:1079680008BF43F001031830844208BF43F0010305
:107978001830844208BF43F0010300F55670844272
:1079880008BF43F001031830844208BF43F00103E5
:107998001830844208BF43F001031830844208BFFE
:1079A80043F001031830844208BF43F00103183044
:1079B800844208BF43F001031830844208BF43F0F3
:1079C80001031830844208BF43F001038C4218BFFA
:1079D80094420CBF0122002202D0002B00F09080BC
:1079E800216821F01E012160616921F08001616137
:1079F800002A00F0B0802A6E136823F480731360A5
:107A0800236823F00103236005E0FEF7BFF8831B1A
:107A1800052B00F2A6802368DB07F6D42A68574BAB
:107A280057485A49824218BF9A4200F148000CBF91
:107A3800012300238A4208BF43F001033031824208
:107A480008BF43F0010330308A4208BF43F0010306
:107A580001F55C71824208BF43F0010300F55C70D8
:107A68008A4208BF43F001033031824208BF43F025
:107A7800010330308A4208BF43F0010330318242AB
:107A880008BF43F0010330308A4208BF43F00103C6
:107A98003031824208BF43F001038A4208BF43F0F5
:107AA800010318318A4208BF43F0010333B9A1F535
:107AB8009561354B9A4218BF8A426FD1EA6D3F23D0
:107AC800A96D02F01F0293408B60EB6ED5E9192176
:107AD800516033B11A68D5E91C1022F480721A601B
:107AE800486000230122184685F8352085F834308F
:107AF80070BD8022002301206A6585F8343070BD8E
:107B08002268234922F00E022260224A8C4218BFC2
:107B1800944201F128010CBF012200228C4208BFC7
:107B280042F0010214318C4208BF42F001021431C4
:107B38008C4208BF42F0010214318C4208BF42F067
:107B4800010214318C4208BF42F001021AB9124AEC
:107B580094427FF455AF296E0A6822F480720A6055
:107B68004EE72021032200230120696585F834307F
:107B780085F8352070BD012070BD00BF5800024057
:107B880040000240100002402800024070000240FD
:107B9800085402581C54025894540258E86D0121A4
:107BA800164B00F01F00164C8140A24218BF9A42A3
:107BB800A86D0CBF0123002341601248124982427C
:107BC80008BF43F0010328308A4208BF43F001038D
:107BD8002831824208BF43F001038A4208BF43F0BC
:107BE800010314318A4208BF43F00103002B7FF4DC
:107BF8006CAF064B9A423FF468AF72E71C540258C8
:107C080008540258305402584454025894540258A4
:107C180000285FD038B590F835200346022A55D1A0
:107C28000168574A914248D01832914245D03032C3
:107C3800544C5548A14218BF914204F148040CBF66
:107C480001220022814208BF42F001023030A142E5
:107C580008BF42F001023034814208BF42F00102FD
:107C680000F55C70A14208BF42F0010204F55C74A3
:107C7800814208BF42F001023030A14208BF42F001
:107C880001023034814208BF42F001023030A14283
:107C980008BF42F001023034814208BF42F00102BD
:107CA8003030A14208BF42F00102814208BF42F0D1
:107CB800010212B9354A91420ED10422002083F8FC
:107CC80035200B6823F001030B6038BD80220120AA
:107CD8005A6538BD012070472D4A2E4D0868A942C3
:107CE80018BF91422C4C20F00E0005F13C050CBF4A
:107CF800012200220860A14208BF42F00102086880
:107D08002834A94208BF42F0010220F00100A14234
:107D180008BF42F0010214340860A14208BF42F0D3
:107D280001021E48814208BF42F0010212B91C4AF2
:107D3800914217D101229D6DD3E91704216800F003
:107D48001F0021F48071824021606A60DA6ED3E9F5
:107D58001910486032B11168D3E91C0421F480710C
:107D680011604460012100241A6D83F8351083F8EE
:107D780034401AB118469047204638BD104638BDE1
:107D8800100002404000024070000240B804024067
:107D98001C5402580854025830540258805402584F
:107DA800945402582DE9F04300229C4B83B09C4E1A
:107DB8001D688146019203689A4A846D934218BFF0
:107DC800B342276808BF0126216818BF002645D09E
:107DD80018329548834218BF934200F118000CBF2F
:107DE80001220022834208BF42F001021830834278
:107DF80008BF42F001021830834208BF42F0010276
:107E08001830834208BF42F0010200F556708342E1
:107E180008BF42F001021830834208BF42F0010255
:107E28001830834208BF42F001021830834208BF6D
:107E380042F001021830834208BF42F001021830B4
:107E4800834208BF42F001021830834208BF42F063
:107E580001021AB9754A934240F05082D9F85C1071
:107E6800082201F01F0C02FA0CF2174240F0888138
:107E780027FA0CF2D2070CD55A69100609D5012247
:107E880002FA0CF2A260D9F8542042F00202C9F8B2
:107E980054204FF0040E0EFA0CF038425BD0002E3E
:107EA8004FD1614ADFF88881434518BF934208F1F2
:107EB80030080CBF01220022434508BF42F00102EE
:107EC80008F11808434508BF42F0010208F11808F4
:107ED800434508BF42F0010208F11808434508BFAE
:107EE80042F0010208F55678434508BF42F0010206
:107EF80008F11808434508BF42F0010208F11808C4
:107F0800434508BF42F0010208F11808434508BF7D
:107F180042F0010208F11808434508BF42F0010287
:107F280008F11808434508BF42F0010208F1180893
:107F3800434508BF42F001021AB93C4A934240F057
:107F480019821A68920706D5A060D9F8542042F021
:107F58000402C9F85420102202FA0CFC1CEA070F8C
:107F68006CD0002E45D1304A314EB34218BF9342EF
:107F780006F130060CBF01220022B34208BF42F0CE
:107F880001021836B34208BF42F001021836B34264
:107F980008BF42F001021836B34208BF42F001029E
:107FA80006F55676B34208BF42F001021836B342CE
:107FB80008BF42F001021836B34208BF42F001027E
:107FC8001836B34208BF42F001021836B34208BF60
:107FD80042F001021836B34208BF42F001021836D7
:107FE800B34208BF42F001021AB9104A934240F066
:107FF800C9811A68100721D5C4F808C01A68560341
:1080080000F14C811A68D20503D41A6822F00802DC
:108018001A60D9F840308BB10CE000BF740300201F
:10802800100002402800024058000240B8040240F4
:108038004000024048469847D9F85C1001F01F01FB
:1080480020268E403E4268D0D9F80020A54BA64F86
:10805800BA4218BF9A4207F118070CBF0123002340
:10806800BA4208BF43F001031837BA4208BF43F0C9
:1080780001031837BA4208BF43F001031837BA4260
:1080880008BF43F001031837BA4208BF43F00103A1
:108098001837BA4208BF43F0010307F55677BA42CA
:1080A80008BF43F001031837BA4208BF43F0010381
:1080B8001837BA4208BF43F001031837BA4208BF5D
:1080C80043F001031837BA4208BF43F001031837D9
:1080D800BA4208BF43F001031837BA4208BF43F059
:1080E80001031BB9814B9A4240F062811368DB0699
:1080F80013D5A66099F83530042B136800F0AE80CC
:1081080013F4802F136800F0D3801C0340F1DE8045
:10811800D9F83C300BB148469847D9F85430002B71
:1081280000F0B980D9F85430D8071FD5D9F8002005
:10813800042189F83510136823F0010313606C4B90
:10814800A3FB0535AD0A02E01368D90704D5019BE6
:108158000133AB420193F7D91368DB074CBF032304
:10816800012389F83530002389F83430D9F84C30A8
:10817800002B00F09080484603B0BDE8F043184754
:10818800186840070AD5186820F004001860A26033
:10819800D9F8542042F00102C9F8542027FA0CF209
:1081A800D2077FF576AE534A5348834218BF9342AD
:1081B80000F130000CBF01220022834208BF42F0C8
:1081C80001021830834208BF42F00102183083428E
:1081D80008BF42F001021830834208BF42F0010292
:1081E80000F55670834208BF42F0010218308342FE
:1081F80008BF42F001021830834208BF42F0010272
:108208001830834208BF42F001021830834208BF89
:1082180042F001021830834208BF42F001021830D0
:10822800834208BF42F001021830834208BF42F07F
:108238000102002A7FF420AE002E7FF41DAE1A68DA
:10824800042202FA0CF23A4240F09480102202FA18
:108258000CFC17EA0C0F3FF4F1AE84E623F016038A
:108268001360536923F080035361D9F840309BB3FE
:10827800136823F0080313603F230125002203FA43
:1082880001F1D9F85030A16089F8355089F83420C7
:10829800002B7FF470AF03B0BDE8F0831B681803B0
:1082A8007FF5B7AED9F84830002B7FF4C3AEC5E6EA
:1082B80013F480737FF42CAF116821F01001116062
:1082C800012289F8343089F8352021E7D9F844307B
:1082D800002B7FF420AF20E7D9F84830002BC7D116
:1082E800CAE700BF1000024028000240B80402405C
:1082F800B5814E1B58000240400002404E4A4F4D87
:10830800AB4218BF934205F114050CBF01220022AD
:10831800AB4208BF42F001021435AB4208BF42F03D
:1083280001021435AB4208BF42F001021435AB42DA
:1083380008BF42F001021435AB4208BF42F0010207
:1083480012B93F4A9342A6D1D9F85C5004261A685C
:1083580005F01F05AE400E4219D0570717D5100477
:1083680066604BD5D1034FD4D9F84830002B7FF441
:1083780002AF90E71A68102202FA0CFC17EA0C0FF9
:108388003FF45CAE1A6852077FF558AE34E6022611
:10839800AE400E4211D097070FD56660140439D548
:1083A800D00343D4D9F84430002B7FF4E4AE72E70D
:1083B80013689F077FF5B1AE9BE60826AE400E42D4
:1083C8003FF469AF11077FF566AF1A68002122F004
:1083D8000E021A600123D9F84C2003FA05F56560EE
:1083E800C9F8543089F8341089F83530002A3FF438
:1083F80052AF484603B0BDE8F0431047920603D495
:108408001A6822F004021A60D9F84030002B7FF471
:10841800B2AE40E712F0200208D11968012421F019
:108428000A01196089F8354089F83420D9F83C30B8
:10843800002B7FF4A0AE2EE7085402581C540258B3
:1084480094540258406D70472DE9F04F0C6883B082
:10845800002C00F0A6804FF0000C8E4F63460122DE
:108468009A4012EA040E00F095804D6805F0030961
:1084780009F1FF36012E40F29780B9F1030F40F061
:10848800D18009FA0CF26FEA0208066815F4403F39
:1084980006EA080842EA080202607BD0D7F8F4200E
:1084A80023F0030803F0030942F0020208F1B04880
:1084B8004FEA8909C7F8F42008F58068D7F8F4204E
:1084C80002F002020192019A0F22D8F8086002FA1B
:1084D80009F226EA0202704EB04229D006F58066FB
:1084E800B04200F0AC806D4EB04200F0AE806C4EF1
:1084F800B04200F09E806B4EB04200F0B2806A4EEF
:10850800B04200F0B480694EB04200F0A480684EDA
:10851800B04200F0B280674EB04200F0B480664EC0
:10852800B0420CBF09260A2606FA09F942EA0902EE
:10853800C8F808204FF0B042EE026FEA0E08126841
:108548004FF0B04654BF08EA02024EEA0202326017
:10855800AA0276684FF0B04254BF08EA06064EEA0F
:1085680006065660D2F88460AA034FF0B04254BFA2
:1085780008EA06064EEA0606ED034FF0B045C2F8D3
:108588008460D2F8802054BF08EA02024EEA020250
:10859800C5F8802001330CF1020C34FA03F27FF4A1
:1085A8005EAF03B0BDE8F08F4FF00308866808FAA5
:1085B8000CF826EA080ACE686FEA080806FA0CF6EC
:1085C80046EA0A068660C5F30016D0F804A09E4065
:1085D8002AEA020232434260C268B9F1020F8E6889
:1085E80002EA080206FA0CF646EA020609FA0CF252
:1085F800C6607FF44AAF03F007064FEAD3094FEA93
:10860800860B0F2600EB890906FA0BF6D9F820A08D
:108618002AEA060A0E6906FA0BF646EA0A06C9F8B5
:10862800206032E74FF0030808FA0CF86FEA0808F0
:10863800D2E7032606FA09F942EA090278E7012691
:1086480006FA09F942EA090272E7022606FA09F966
:1086580042EA09026CE7062606FA09F942EA090223
:1086680066E7042606FA09F942EA090260E70526E0
:1086780006FA09F942EA09025AE7072606FA09F949
:1086880042EA090254E7082606FA09F942EA090209
:108698004EE700BF00440258000002580008025884
:1086A800000C025800100258001402580018025812
:1086B800001C02580020025800240258002900F02B
:1086C800A88000232DE9F04FDFF8689183B0DFF828
:1086D8006881DFF868A1DFF868B14FF0010E0EFA83
:1086E80003F212EA010C6FD023F0030503F0030430
:1086F8000F2640454D444FEA8404AF6806FA04F655
:1087080007EA0607019721D0504566D0584567D03B
:10871800434FB8426ED0434FB84270D0424FB84230
:1087280063D0424FB84256D0414FB84272D0DFF8BA
:1087380014E1704568D0DFF810E1704514BF4FF0C0
:108748000A0E4FF0090E0EFA04F400E00024019F0F
:10875800A74219D14FF0B044D4F8807027EA0C072B
:10876800C4F88070D4F8847027EA0C07C4F88470C1
:10877800676827EA0C076760276827EA0C072760FD
:10878800AC6824EA0606AE6003255C0003F0070720
:108798000F2605FA04F40568BF00254306FA07F713
:1087A8000560DD0800EB85052E6A26EA07062E62BD
:1087B800C56825EA0405C560456825EA02024260E5
:1087C800826822EA04048460013331FA03F284D116
:1087D80003B0BDE8F08F4FF0060E0EFA04F4B6E7CA
:1087E8004FF0020E0EFA04F4B1E74FF0050E0EFA40
:1087F80004F4ACE74FF0030E0EFA04F4A7E74FF0C9
:10880800040E0EFA04F4A2E74FF0080E0EFA04F470
:108818009DE770474FF0070E0EFA04F497E700BF84
:10882800000C025800100258001402580018025890
:10883800001C0258000400580000025800040258A6
:1088480000080258002002580024025803691942FF
:1088580014BF01200020704702B9090481617047E4
:108868002DE9F04F056885B00446284606F07EFAE3
:10887800012802D005B0BDE8F08F206806F040FA64
:108888000028F7D0206806F03BFA10F4001F206893
:1088980002D04FF40013436106F032FA10F4801F3F
:1088A800206802D04FF48013436106F029FA10F0D3
:1088B800806F206802D04FF08063436106F020FA91
:1088C80010F0020F206801D00223436106F018FA65
:1088D80010F0005F206875D106F012FAC20100F1AD
:1088E8001081206806F00CFA030700F10381206864
:1088F80006F006FAC706266800F1E980304606F059
:10890800FFF98001B6D5206806F098FAA26881467A
:10891800002A00F0D780002605F5A0654FF02C0A44
:108928002BE006F0F1F9410763D508F5A0630422AE
:1089380003EB47139A6007220AFB0743394683F87B
:108948006120206806F07EFA3946206806F0DCF9D6
:1089580010F4007F394620687BD008F5A06806F03F
:1089680071FA4FF4007308EB4718C8F80830A2688A
:1089780001362035964280F0A58006F00F0329FACB
:1089880003F3D907F4D52B68F7B2D4F800801B0499
:1089980039464046C5D406F0B7F910F0040B40D06C
:1089A80008F5A06804230722394608EB4718C8F8D9
:1089B80008300AFB074383F86120206806F042FA72
:1089C800A268D5E74FF000534361D5F84034D90782
:1089D80082D41021284605F0B7FE284605F0DEFEB1
:1089E800A369022B00F0E0812046FDF74FF82068CC
:1089F80072E73946206806F087F9C20540F1BB8066
:108A080008F5A0634FF48072394603EB47139A6068
:108A180008220AFB074383F86120206806F012FA4F
:108A280092E73946206806F06FF9810640F1B9806F
:108A380008F5A06820220AFB07F308EB4718C8F8D6
:108A48000820E21892F83D10012900F05181A2682F
:108A58008EE706F059F9C20740F1B78008F5A0681B
:108A68002023E168780108EB471BCBF8083051B1A7
:108A7800DBF810200AFB074CC2F31202DCF848307E
:108A88009B1ACCF850300AFB07430022DA65012212
:108A980083F86120CBF8082093F83F2012F0FD02FC
:108AA80000F0C680012A00F0158101290AFB07475A
:108AB80000F0B38097F8543083F0010387F85430FE
:108AC800A26855E723684FF000725A61D2E6B3698D
:108AD80023F01003B361376AC7F34341C7F30A129F
:108AE800022902D1002A40F0AC80B36943F0100398
:108AF800B36103E72046FCF7C1FF20680823436100
:108B0800F6E62668D6F840340293D6F84034039344
:108B1800039B23F02E030393029B9B0707D5029B1D
:108B2800DF0700F1A580039B43F002030393029B38
:108B3800180715D5039B43F008030393029B5907B5
:108B480040F19A80A169022900F0EB802369012B8A
:108B580003D14EF66022C6F804242046FCF79CFF99
:108B6800029B9A0603D5039B43F020030393039BC0
:108B7800C6F84034B5E63946206806F0C5F803075C
:108B880033D508F5A0630822394603EB47139A60EA
:108B980006220AFB074383F86120206806F052F991
:108BA800D2E63946206806F0AFF810F4007B67D0AB
:108BB80008F5A0634FF400723946206803EB4713A9
:108BC8009A6006F03FF9A268D2E63946206806F0B6
:108BD8009BF8800640F1B08008F5A068202308EBD8
:108BE8004718C8F80830A268C2E63946206806F077
:108BF8008BF8400540F1888008F5A0634FF4806247
:108C0800394603EB47139A6009220AFB074383F8A6
:108C18006120206806F016F996E63B6DB7F840200B
:108C2800013B1344B3FBF2F3DB073FF543AF0EE719
:108C38003946206806F006F91023E168CBF80830B9
:108C480033E707F00F074FF02C0808FB0748D8F860
:108C5800441000293FF449AFD8F85030D8F84C00F8
:108C68001344834240F2DB80042388F860303CE7F9
:108C78002046FCF707FF56E72046FCF711FF6FE791
:108C88003946206806F040F810F0010300F09180A2
:108C98000AFB074239462068C2F85CB0019206F028
:108CA80033F808F5A06310F0400F019A03EB47135F
:108CB80004D0012182F83D1040229A6001223946F1
:108CC8009A600AFB074383F86120206806F0BAF827
:108CD800A2684DE658F8001041F0005148F800101D
:108CE8003946204683F86020FCF7D4FEE168DCE6CC
:108CF80082F83DB0603340F202323946E2522068D1
:108D080006F0A0F8A26833E63946206805F0FCFFB3
:108D180001067FF519AE08F5A063802203EB47131F
:108D280008E6029B206803F4C023B3F5802F18BF20
:108D3800012106F061F810E73946206805F0E4FFE4
:108D480010F0020B00F08A8008F5A06802200AFBE8
:108D580007F2790108EB47139860A01890F8613082
:108D6800012B00F09580062B00F0E980072B00F01E
:108D7800D580092B00F0D280052B00F01C81032B35
:108D880000F01E81042B00F02D81082B00F01F81BC
:108D9800022B3FF45CAE0AFB07433946204693F8A2
:108DA8006020FCF777FE52E60121206806F024F8DF
:108DB8001AE639462068019305F0A6FF420616D543
:108DC8000AFB0742019B08F5A0683946D3650523CD
:108DD80008EB471882F86130012382F83D3020689B
:108DE80006F030F84023C8F80830A268C0E53946D4
:108DF800206805F089FF10F0080B4ED008F5A06335
:108E08000822394603EB47139A6006220AFB0743F8
:108E180083F86120206806F015F8A268A8E53046B6
:108E280006F5A066019205F0D3FE06EB4711D8F8C7
:108E38004430019A0969D8F850001344C1F3C94174
:108E48001044C8F844307B01C8F8500021B1B8F884
:108E58004010914200F0A280266846E63946206814
:108E680005F052FF10F040023CD008F5A063402006
:108E78000AFB0742394603EB471398600523C2F8FB
:108E88005CB082F86130206805F0DCFFA2686FE50D
:108E9800603240F20123A3527DE73946206805F08D
:108EA80033FFC3065DD50AFB07430422C3F85CB051
:108EB80083F8612093F83D303BB90AFB074393F8E8
:108EC8003C2012B9012283F83D203946206805F07C
:108ED800B9FF08F5A068102308EB4718C8F8083050
:108EE800A26845E539462068019205F00DFF10F0AB
:108EF800100F019A3FF4ABAD0AFB074393F83F10FC
:108F0800032900F0868011F0FD01E2D1E268D965FD
:108F1800002ADED1042283F86120D6E70AFB074243
:108F28004FF0020382F86130D36D0133022BD36511
:108F38000AD90023D365042382F860302BE7603216
:108F480040F20523A35226E74FF0020382F860306F
:108F580058F8013023F0804343F0004348F80130CB
:108F680019E73946206805F0CFFE000653D5E368B7
:108F7800002B73D00AFB0743DA6D0132022ADA6547
:108F880062D84FF0020283F8602008F5A0688023B9
:108F980008EB4718C8F80830A268E9E49A5922F0A3
:108FA800804242F000429A5198F8543083F001030D
:108FB80088F8543050E74FF0020380F86130EAE651
:108FC8000AFB07434FF0020283F86120E3E60AFB3D
:108FD80007F34FF40170E1186033CA6D0132CA65B6
:108FE800E052D8E60AFB07F340F2022003F16002E0
:108FF8002344A05293F83F3013F0FD0F7FF4CBAE1B
:1090080058F8013023F0804343F0004348F801301A
:10901800C1E6DA657EE73946206805F075FE410548
:1090280026D50AFB0743092208F5A068394683F8C4
:109038006120206808EB471805F004FF4FF48063AF
:10904800C8F80830A26893E4002239462046DA6559
:10905800042283F86020FCF71DFD96E70AFB07430E
:109068000722394683F86120206805F0EBFE8CE77B
:109078003946206805F048FE82077FF5E8AC08F518
:10908800A06802210AFB07F3780108EB47129160F8
:10909800E21892F86110012927D0032920D0042969
:1090A80046D0052944D0062915D0072902D0092918
:1090B8007FF4CDAC0AFB07434FF0020283F861202E
:1090C800DA6D0132022ADA6537D90022DA6504221C
:1090D80083F860205FE6603340F20522E2525AE6E8
:1090E8004FF0020382F8613055E6603340F2012107
:1090F800E15292F83F30023B012B3FF64CAEE36859
:109108007BB1012B7FF447AED36C002B3FF443AE09
:10911800B2F84010013B0B44B3FBF1F3DB077FF5DA
:109128003AAE92F8553083F0010382F8553032E6B2
:10913800603340F20222E2522DE64FF0020283F839
:10914800602058F8003023F0804343F0004348F88B
:10915800003020E690F8F832012B0CD0012310B52E
:109168000446006884F8F83205F0DEFE002318464D
:1091780084F8F83210BD0220704700BF2DE9F0478F
:1091880003684FF0200805460E461746986910F008
:10919800020940F09E809C6914F0100468D01022E7
:1091A8003C46CA46DA61711C9A6963D1900600F19F
:1091B8009380BAF1000F04D19C69A106FCD5C3F8CD
:1091C8001C8049F0040401219A69D00530D54FF478
:1091D8008071560544F00104D96104D54FF48061CB
:1091E80044F00804D961910504D54FF4007244F0A5
:1091F8000204DA619A69900701D500229A629A6995
:10920800D10703D49A6942F001029A615A68002191
:1092180034482026024001205A606B6C85F84010C3
:109228001C436C6485F8416085F84210BDE8F087FE
:109238005005D3D49205D8D40029DBD1721CA5D00F
:10924800FCF7A4FCC01B2B68B04201D8002E9DD1AE
:109258009A6912F0020299D16B6C2021012085F8DD
:1092680040200B436B6485F8411085F84220DDE708
:109278002146A9E792062FD4BAF1000FA1D1FCF735
:1092880085FC001B2B68864201D3002E8BD15868C1
:1092980095F842209969D2B209040BD5410409D442
:1092A800202A07D05A6842F480425A60FCF76EFCC4
:1092B8002B6804469A6990063FF575AFFCF766FC83
:1092C800001B2B681928F5D94FF020094FF0010A27
:1092D80069E70020BDE8F087BAF1000F3FF46FAFEF
:1092E8006FE700BF00E800FE03682DE9F0479046ED
:1092F8009A69940665D406460F464FF010099C6992
:1093080014F0100460D000254446C3F81C90AA4607
:10931800791C9A695AD190067DD4BAF1000F04D10C
:109328009C69A106FCD52022DA6145F004040121DC
:109338009A69D00530D54FF48071550544F0010481
:10934800D96104D54FF4806144F00804D9619705C8
:1093580004D54FF4007244F00204DA619A69900768
:1093680001D500229A629A69D10703D49A6942F01A
:1093780001029A615A6800213448202502400120E0
:109388005A60736C86F840101C43746486F8415028
:1093980086F84210BDE8F0875005D3D49505D8D497
:1093A8000029DBD1FCF7F2FBA0EB08003368B842D8
:1093B80000D81FB99A6912F0200230D09A69920633
:1093C8009DD50020BDE8F0872146B1E7920622D45A
:1093D800BAF1000FA9D1FCF7D9FB001B336887420B
:1093E80001D3002F94D1586896F842209969D2B2D7
:1093F800090403D5410401D4202A1DD19A69900695
:1094080086D4FCF7C3FB001B33681928F6D920253E
:109418004FF0010A7CE7BAF1000F84D085E7736C3E
:109428002021012086F840200B43736486F8411000
:1094380086F84220BDE8F0875A6842F480425A60B4
:10944800FCF7A4FB33680446D8E700BF00E800FE39
:1094580000284ED010B590F84130044603F0FF02C2
:10946800002B41D023682421626884F841101968D0
:1094780022F07062E06821F00101012819601A6188
:109488009A6822F400429A60A26829D042F4044201
:1094980002289A6002D14FF400625A6058684FF06F
:1094A800200C1549226901435960D96821F400410B
:1094B800D960D4E90501024342EA0122D4E9071040
:1094C800DA600022014310461960196841F0010171
:1094D8001960626484F841C0226384F8422010BD98
:1094E80042F400429A60D9E780F84020FAF748FC35
:1094F800B8E70120704700BF008000022DE9F0475F
:10950800984690F84130BDF824A0202B0A9F32D10C
:10951800089B04464BB3BAF1000F26D090F84030B0
:10952800012B28D001230E46914680F84030FCF7E5
:109538002DFB236805469A6911041FD5FCF726FB05
:10954800401B23681928F6D99A691204F3D5636C6D
:109558002021002201200B4384F84020636484F812
:10956800411084F84220BDE8F0874FF400730120D1
:109578006364BDE8F0870220BDE8F087089A2121DE
:10958800C6F30906204684F8411040216262002291
:1095980084F84210626362646D49A4F82AA05A688C
:1095A8000A405FFA88F142EA01426A4932431143AC
:1095B8002A4659603946FFF7E1FD002875D1B8F110
:1095C800010F0AD04FEA19222368394620469A62C9
:1095D8002A46FFF7D3FD002867D15FFA89F322688E
:1095E8009362781C4AD193691906FCD5638D9BB2A6
:1095F800FF2B40F28A80536857490B405749334341
:109608001943FF2323855160DFF84C814FF0FF0A8F
:10961800DFF8489104E0638D9BB2002B00F0838053
:109628002A4639462046FFF7A9FD00286BD1626A11
:10963800216812F8010B238D88626262013B628DFA
:109648009BB2013A238592B26285628D92B2002A5A
:10965800E1D0002BDFD1781C2CD18B691A06FCD500
:10966800638D9BB2FF2B40D94B68A4F828A003EA6E
:109678000803334343EA09034B60CCE793691B06AD
:10968800B4D4FCF783FA401B2268874201D3002F29
:10969800A7D1936913F08003A3D1626C20210A43F8
:1096A800626484F8411084F842300023012084F871
:1096B80040305EE78B691B06D2D4FCF767FA401B83
:1096C8002168874201D3002FC5D18B6913F080032D
:1096D800C1D1626C2021012084F840300A436264C1
:1096E80084F8411084F8423043E7638D9BB2DAB2C4
:1096F80023854B6803EA0803334343EA024343F0F4
:1097080000734B6087E7012033E7638D12489BB2F3
:10971800D9B2238553680340334343EA014343F0F6
:109728000073536070E72A4639462046FFF7DCFD90
:109738000028E8D123682021094DD9615A682A40B8
:109748005A6084F8411084F8400084F8420010E719
:10975800009800FC00200001009C00FC0000FF01B4
:1097680000E800FE2DE9F0471F4690F84130BDF8AB
:109778002490202B0A9C37D1089B82466BB3B9F101
:10978800000F2AD090F84030012B2DD001230E462F
:10979800904680F84030FCF7F9F9DAF800300546D1
:1097A8009A69120423D5FCF7F1F9401BDAF8003066
:1097B8001928F5D99A691004F2D5DAF8443020212D
:1097C800002201200B438AF84020CAF844308AF866
:1097D80041108AF84220BDE8F0874FF40073012059
:1097E800CAF84430BDE8F0870220BDE8F087089A3F
:1097F8002221C6F3090650468AF841104021CAF8CA
:10980800242000228AF84210CAF83420CAF84420DA
:109818008149AAF82A905A680A40F9B242EA0142F4
:109828002146324342F400525A602A46FFF7A6FC0A
:10983800002840F09080012F0CD04FEA1822DAF867
:109848000030214650469A622A46FFF797FC0028C6
:1098580040F081805FFA88F3DAF800209362611C97
:109868005FD193695B06FCD5BAF82A309BB2FF2B0F
:1098780040F2AB80536868490B4068493343194349
:10988800FF23AAF828305160654F4FF0FF09DFF831
:109898009C81601C27D193695907FCD5526ADAF874
:1098A80024301A70BAF82A20DAF82430013A013341
:1098B80092B2CAF82430BAF82830AAF82A20013B14
:1098C800BAF82A209BB292B2AAF828300AB1002B23
:1098D80046D0BAF82A309BB2002B00F08680601C74
:1098E800DAF80020D7D093695B07D7D4FCF74EF994
:1098F800401BDAF80020844201D3002CC9D19369B7
:1099080013F00403C5D1DAF84420202101208AF895
:1099180040300A43CAF844208AF841108AF8423095
:1099280060E793695F069FD4FCF730F9401BDAF8CB
:109938000020844201D3002C91D1936913F0400395
:109948008DD1DAF8442020210A43CAF844208AF845
:1099580041108AF84230002301208AF8403041E75C
:10996800DAF80020601C10D193691906FCD5BAF802
:109978002A309BB2FF2B19D95368AAF828903B408C
:10998800334343EA08035360A3E793691B06EED405
:10999800FCF7FCF8401BDAF80020844201D3002CC5
:1099A800E0D1936913F08003DCD1ACE7BAF82A3030
:1099B8009BB2D9B2AAF8283053683B40334343EAF4
:1099C800014343F00073536083E7BAF82A30124822
:1099D8009BB2D9B2AAF8283053680340334343EA0C
:1099E80001431049194351604EE72A462146504623
:1099F800FFF77AFC70B9DAF8003020210A4CD961F7
:109A08005A6822405A608AF841108AF840008AF859
:109A18004200E7E60120E5E6009800FC0024FF018B
:109A2800009C00FC0024000200E800FE0000FF018A
:109A38000268436B9169126803B11847704700BF09
:109A480090F84100704700BF90F84120202A23D1A8
:109A58005FFA82FC90F840200346012A1CD0026875
:109A6800242000B583F841004FF0000E106820F064
:109A780001001060106820F48050106010680143E5
:109A880070461160116841F00101116083F841C00E
:109A980083F840E05DF804FB0220704790F841200D
:109AA800202A22D1034600B55FFA82FE90F84020B2
:109AB800012A1CD0026824204FF0000C83F84100D2
:109AC800106820F001001060106820F4706040EA0F
:109AD800012160461160116841F00101116083F8AD
:109AE80041E083F840C05DF804FB02207047022083
:109AF8005DF804FB2DE9F04F056889B00446284657
:109B080005F034F910B109B0BDE8F08F834620683C
:109B180005F0F6F80028F6D0D5F8083805F5006203
:109B28002068C3F30D230292C4F8FC3405F0E8F86A
:109B380010F0020F206803D0436903F00203436169
:109B480005F0DEF810F0100F206812D0836923F0BA
:109B5800100383612E6AC6F3434306F00F07022BF6
:109B680000F0E383062B00F02283836943F010039F
:109B7800836105F0C5F8070300F18082206805F0CD
:109B8800BFF8460300F12882206805F0B9F80028DC
:109B9800C0F29A81206805F0B3F8030500F15781F7
:109BA800206805F0ADF8060114D52268536903F062
:109BB8000063536194F8F434002B40F0AB82012128
:109BC800204684F8F414536DC3F38303C4F8F834BF
:109BD80000F04CFE206805F093F8C00400F19E8167
:109BE800206805F08DF810F4005F206840F07F8150
:109BF80005F086F8010700F1E681206805F080F895
:109C0800020671D5AA69636822F08002012BAA6155
:109C18006AD994F8A322012A00F0E883022B63D9B9
:109C280094F8C722012A00F0FC83032B5CD994F82E
:109C3800EB22012A00F0B482042B55D994F80F23A3
:109C4800012A00F0C782052B4ED994F83323012A44
:109C580000F02484062B47D994F85723012A00F0F2
:109C68003184072B40D994F87B23012A00F04884DB
:109C7800082B39D994F89F23012A00F05584092B21
:109C880032D994F8C323012A00F062840A2B2BD915
:109C980094F8E723012A00F06F840B2B24D994F859
:109CA8000B24012A00F07C840C2B1DD994F82F2456
:109CB800012A00F07D840D2B16D994F85324012A2B
:109CC80000F09D840E2B0FD994F87724012A00F018
:109CD800A4840F2B08D994F89B34012B04D104F5E4
:109CE8009361206804F01AFF206805F009F8C302A0
:109CF80040F1AB806368012B40F2898094F86420BE
:109D0800D5F82019012A00F01482022B7FD994F883
:109D18008820D5F84019012A00F01E82032B76D935
:109D280094F8AC20D5F86019012A00F02182042BA0
:109D38006DD994F8D020D5F88019012A00F0248232
:109D4800052B64D994F8F420D5F8A019012A00F05D
:109D58004183062B5BD994F81821D5F8C019012A3C
:109D680000F05383072B52D994F83C21D5F8E01919
:109D7800012A00F05E83082B49D994F86021D5F8B0
:109D8800001A012A00F06183092B40D994F8842134
:109D9800D5F8201A012A00F06C830A2B37D994F8D9
:109DA800A821D5F8401A012A00F080830B2B2ED960
:109DB80094F8CC21D5F8601A012A00F095830C2B71
:109DC80025D994F8F021D5F8801A012A00F0A0834B
:109DD8000D2B1CD994F81422D5F8A01A012A00F0EA
:109DE800AB830E2B13D994F83822D5F8C01A012A60
:109DF80000F0B6830F2B0AD994F85C22D5F8E01A44
:109E0800012A00F0C183102B01D9D5F8003B206846
:109E1800436903F48013436104F072FF870221D47D
:109E2800206804F06DFF400000F1C480206804F051
:109E380067FF41077FF567AE23685D686A0700F131
:109E480095825A682A435A605DE62068E4E7029BD7
:109E58009B68DF0700F186822068436903F400638A
:109E680043619EE6D4F804C0BCF1010F26D905F57C
:109E780032622346012104E0013120322433614556
:109E88001CD093F8A40216680128F5D1002EF3DA45
:109E9800D4F8FC7406F4803607F00107BE42EBD113
:109EA80083F8A302A86940F08000A86168690606E3
:109EB800E2D4029A536843F40073536020684369FC
:109EC80003F400134361ACE7029A536823F00103DB
:109ED800536094F8F434012B00F037812046FBF7E7
:109EE8004DFD2068436903F00043436153E604F0E5
:109EF80041FF206804F07AFC2668206101F0DEFE4C
:109F0800227C0146304604F0A5FB2046FBF70CFDF9
:109F18002068436903F40053436169E6029A1021FB
:109F28002068536823F00103536004F00DFC606857
:109F3800E0B105F510634FF67F3199600BF1010B25
:109F48001A682033834522F4001243F8202CC3F802
:109F5800E811D3F8E02122F40012C3F8E021D3F885
:109F6800E02142F00062C3F8E021E6D10299226BB9
:109F7800CB6943F00113CB61002A40F0CF804A69D6
:109F880042F22B0313434B610B6943F00B030B6144
:109F9800D5F8003804F2C442217B23F4FE6320681C
:109FA800C5F8003804F0FCFE2068436903F48053C8
:109FB800436116E62046FBF7EDFC2068436903F091
:109FC8008043436133E72046FBF7AAFC20684369D6
:109FD80003F00803436111E6206804F0A5FE8046FB
:109FE80000283FF4D1AD4FF0000A2068274605F558
:109FF800106956460395CDF810B009E05FEA580895
:10A0080006F1010607F1240709F1200900F0EC80A8
:10A0180018F0010FF2D05FFA86FA514604F096FE66
:10A02800C107054613D5029906F00F0301229A408D
:10A038004B6B23EA02034B630123E168C9F808303C
:10A04800994200F0988151462046FBF75FFC2A07A9
:10A0580002D50823C9F80830EB0602D51023C9F841
:10A068000830680602D54023C9F80830A90700F16E
:10A078004F812A0600F1F9802068BFE7206804F0C4
:10A088004BFE064600283FF479AD05F53067A24639
:10A098004FF00009CDF80CB008E0760809F1010985
:10A0A80007F120070AF1240A00F09B80F007F4D595
:10A0B8005FFA89FB2068594604F03EFE10F0010F54
:10A0C800804640F0B38018F0080F40F0908018F0F8
:10A0D800100F01D01022BA6018F0020F0ED06A6972
:10A0E800100604D5029B5A6842F480625A609AF8B6
:10A0F8007F22012A00F081810223BB6018F0200F23
:10A1080001D02023BB6018F4005FC6D04FF4005381
:10A11800BB60C2E72046FBF719FC5BE5D1F8843049
:10A1280043F00B03C1F884304B6C43F00B034B64D2
:10A138002EE70029BFF6E9AD214684F8632051F8DF
:10A14800600B04F0EBFC6368DFE50021204684F82F
:10A15800F41400F08BFBC4E60029BFF6DFAD2146FE
:10A1680084F8872051F8840B04F0D8FC6368D5E59F
:10A178000029BFF6DCAD214684F8AB2051F8A80BC6
:10A1880004F0CCFC6368D2E50029BFF6D9AD2146BE
:10A1980084F8CF2051F8CC0B04F0C0FC6368CFE5FD
:10A1A80004F53A71206804F0B9FC636844E507EBEC
:10A1B800C707082204F2C441284604F009FDC6F383
:10A1C8000A1304EB87022068D2F890120B44C2F8F5
:10A1D8009032CAE404F54371206804F09FFC636878
:10A1E80031E5DDF80CB0C9E4DDE9035BCDE42168B5
:10A1F8000822BB4BBA6001F53062096C02EB4912C8
:10A208009942906840F2C880030402D54FF4004197
:10A2180091602046FBF76AFBE16801297FF457AF9C
:10A2280004F2C442206804F0BBFD50E72068012214
:10A23800E168BA6000F530620129D0F840C002EB4D
:10A248004912936800F0AC80A6498C4500F009815A
:10A25800B9F1000F04D1D4F88C22002A00F0D7817C
:10A2680059462046FBF748FB2DE7D7E91353D4F8A6
:10A2780000B0AB4258463FF6C1AE0BF51062796CA0
:10A28800CDF81CB002EB46120592EA1A8A4228BFA2
:10A298000A4605998969033289B2B1EB920FC0F079
:10A2A800958052460696CA462646C146059C904663
:10A2B80019E0ED1A7B6CB96C42469D42584628BF9E
:10A2C8001D46337B0093ABB204F06CFCBB6CA169F8
:10A2D8002B4489B2BB643B6D2B440335B1EB950F1E
:10A2E8003B656BD3FD6C9D42E3D83446C846069E59
:10A2F800D146D4F800B0079B0122584603F5006107
:10A3080006F00F039A404B6B23EA02034B6375E692
:10A318003146039804F018FA97F83F30012B00F003
:10A32800B4800223C9F80830A3E647F6F0731E424A
:10A338003FF41BAC07EBC707C6F30A12284604EB29
:10A3480087071646D7F8881204F042FCD7F88832F7
:10A3580020683344C7F88832D7F890323344C7F8B6
:10A36800903202E42046FBF7F1FA75E52046FBF748
:10A3780015FB236865E5D7E911231344BB64002E58
:10A388007FF461AEE36C002B7FF45DAE04F2C4424F
:10A39800206804F005FD56E62046FBF7A7FA96E686
:10A3A800190740F197804E498C457FF68CAE18040A
:10A3B8007FF589AE4FF40041916084E63446C84683
:10A3C800069ED146D4F800B0FD6C58469D423FF633
:10A3D80015AE90E70029BFF6BCAC214684F8F320FF
:10A3E80051F8F00B04F09AFB6368B2E404F52871A5
:10A3F800206804F093FB636810E400235946204664
:10A408008AF87F32FBF7BEFA76E60029BFF6AAACD7
:10A4180004F58A71206884F8172104F07FFB6368CB
:10A42800A0E404F53171206804F078FB6368FFF755
:10A43800FCBB0029BFF69FAC04F59C71206884F82A
:10A448003B2104F06BFB636895E40029BFF69CACE4
:10A4580004F5AE71206884F85F2104F05FFB63683F
:10A4680092E41804A6D499067FF5FAAE20219160EB
:10A47800F6E60029BFF691AC04F5C071206884F8AF
:10A48800832104F04BFB636887E44FF000035146D7
:10A49800204687F83F30FBF779FA42E704F54C711C
:10A4A800206804F03BFB6368FFF7D4BB0029BFF6C4
:10A4B8007DAC04F5D271206884F8A72104F02EFB46
:10A4C800636873E404F55571206804F027FB63683A
:10A4D800FFF7C7BB990673D520219160F3E500BF4C
:10A4E8000A30544F0A31544F0029BFF668AC04F5BE
:10A4F800E471206884F8CB2104F010FB63685EE403
:10A5080004F55E71206804F009FB6368FFF7B0BBCF
:10A518000029BFF65DAC04F5F671206884F8EF21D8
:10A5280004F0FCFA636853E404F56771206804F0EA
:10A53800F5FA6368FFF7A3BB0029BFF652AC04F530
:10A548000471206884F8132204F0E8FA636848E488
:10A5580004F57071206804F0E1FA6368FFF796BBB0
:10A568000029BFF647AC04F50D71206884F837223E
:10A5780004F0D4FA63683DE404F57971206804F0C6
:10A58800CDFA6368FFF789BB0029BFF63CAC04F538
:10A598001671206884F85B2204F0C0FA636832E41C
:10A5A80004F58161206804F0B9FA6368FFF77CBBA1
:10A5B80004F22C41206804F0B1FA6368FFF77BBB12
:10A5C80013F0280F7FF47FAD1B498C4502D91B047B
:10A5D8003FF5F0AE1169DAF89C22C1F31201521A64
:10A5E800CAF89022B9F1000F7FF43AAED4F88C1271
:10A5F800D9B1D4F888120A44C4F8882230E604F5A0
:10A608008A61206804F08AFA6368FFF75BBB04F28A
:10A61800C442494604F0C4FB22E604F274412068AF
:10A6280004F07CFA6368FFF754BB04F2C4420121CA
:10A6380004F0B6FB14E600BF0A30544F90F8BC246F
:10A64800012A0ED0012210B50446006884F838109B
:10A6580084F8BC2404F042FB0023184684F8BC3478
:10A6680010BD0220704700BF10B501F00F0E09069B
:10A67800044627D44FF0240C0CFB0E0C0CF51F716C
:10A688000EEBCE0C00EB8C0C00208CF87D028A605F
:10A698004A7881F800E00B710AB1A1F81AE0022BA0
:10A6A80001D100234B7194F8BC34012B18D001233D
:10A6B800206884F8BC3404F0A5F80023184684F810
:10A6C800BC3410BD24204FF0010C00FB0E4000F1FB
:10A6D8003C010EEBCE0004EB800080F83DC0D6E7CD
:10A6E800022010BD08B501F00F0E24210EEBCE0C90
:10A6F80001FB0E0100EB8C0C01F51F71CCF88C32BC
:10A708000023CCF888228CF87CE2CCF890328CF8C4
:10A718007D32C3680068012B08BFCCF89822DAB2F2
:10A7280004F0B8F8002008BD08B501F00F0E242188
:10A738000EEBCE0C01FB0E0100EB8C0C3C31CCF87F
:10A748004C300023CCF84820CCF8503001238CF84A
:10A758003CE08CF83D30C3680068012B08BFCCF89A
:10A768005820DAB204F096F8002008BD38B54368DE
:10A7780001F00F059D4234D80B0604461DD424224F
:10A7880001EBC10302FB010100EB8303002201F589
:10A798001F7183F87D2201230D708B7094F8BC24FF
:10A7A8009A421CD0206884F8BC3404F037FAD5B13A
:10A7B8000023184684F8BC3438BD242105EBC503B2
:10A7C800012201FB050100EB83033C3183F83D20A6
:10A7D80001230D708B7094F8BC249A42E2D10220B8
:10A7E80038BD012038BD04F2C442217B206804F042
:10A7F800D7FADDE7426838B501F00F03934232D843
:10A8080011F0800F04464FF0240103EBC30219D165
:10A8180001FB0341002004EB8202002501F51F71B2
:10A8280082F87D020B708D7094F8BC34012B18D01F
:10A838000123206884F8BC3404F024FA284684F8FC
:10A84800BC5438BD01FB0341012004EB8202002502
:10A858003C3182F83D000B708D7094F8BC34012BAC
:10A86800E6D1022038BD012038BD00BF704700BFC7
:10A8780038B5104CE36813F0040FE36805D103F012
:10A888000703181A18BF012038BD23F0070318431F
:10A89800E060FBF77BF9054605E0FBF777F9401B1D
:10A8A800B0F57A7F04D863689B04F6D5002038BDDC
:10A8B800012038BD00480258024AD36843F080732B
:10A8C800D36070470048025870B44D6A15B1B2F1B0
:10A8D800406F3AD18B691BB30C6A002C4CD08E6840
:10A8E8000068C661CE69002E69D02B431343234309
:10A8F800CC6A334323430C6B23434C6B23430C69CF
:10A908002343CC6823430C6823434C69B2F1406F5E
:10A9180043EA8443436165D04B6870BC83617047E8
:10A928000B6ABBB100682B438C68CE69C461002EEA
:10A938006BD01343CC6A334323430C6B23434C6BD8
:10A9480023430C692343CC68DEE78B6A0468013B28
:10A958002361BFE7CB69002B66D1002D42D0CB6ABB
:10A968000C6B2B43006813434A6923434C6B234306
:10A9780043EA8243436135E0CC6945EA030C002C85
:10A9880032D003684CEA0200B2F1406F40EA04009A
:10A99800CC6A40EA04000C6B40EA04004C6B40EAC5
:10A9A8000400CC6840EA04000C6840EA04004C69E2
:10A9B80040EA8440586115D04A689A6112E045EA35
:10A9C800030C0D694CEA0203CA6A23431343D1E915
:10A9D8000C4223430C6813434A692B43234343EA3D
:10A9E8008243436170BC7047CC6A4CEA020300683A
:10A9F8002343D1E90C4223430C6813434A69234398
:10AA080043EA824370BC43617047CC6A13432343D3
:10AA1800D1E90C4223431343D1E90442234343EAD7
:10AA2800824370BC436170472B43CD6A0C6B134360
:10AA380000682B4323434C6B84E700BF70B5054681
:10AA4800FBF7A4F8002D46D095F841300646002BB8
:10AA580039D0AC6C2A68A9681368013923F4F85313
:10AA680043EA0123136001E0631C24D1936813F0C7
:10AA78002003F9D1E869E96814680143286A0143A9
:10AA8800686841EA0061194820400143686911601B
:10AA9800A96954680143286941EA004114482040E3
:10AAA80001240143184651601168214311606B6409
:10AAB80085F8414070BDFBF769F8801BA0420CD8AF
:10AAC8005CB12A68D2E72846F9F774FF41F2883367
:10AAD8001C46AB64BEE7012070BD0423012085F845
:10AAE80041306B6C03436B6470BD00BF2FFFFF00E8
:10AAF800FEF8E0FF70B10268136823F0010310B597
:10AB080013600446FAF720F800236364184684F8B3
:10AB1800413010BD012070472DE9F04104460E4632
:10AB28001546FBF733F894F84030012B3AD001234F
:10AB380084F8403094F84130012BDFB206D0022768
:10AB48000023384684F84030BDE8F0810023804671
:10AB58006364022384F84130681C23680ED19A6824
:10AB680012F02002FBD131462046FFF7ADFE736A92
:10AB7800E3B10123002784F84130E1E79A6812F035
:10AB880020021ED0FBF702F8A0EB0800854201D393
:10AB9800002DE1D1042384F84130636C43F00103B4
:10ABA8006364CDE702273846BDE8F08122689368E0
:10ABB8009B07FCD5022101230027D16084F841308E
:10ABC800BEE731462046FFF77FFE736A43B1D0E700
:10ABD800FAF7DCFFA0EB08008542DBD3002DD9D0C3
:10ABE800226893689907F3D5E4E700BF2DE9F84395
:10ABF800044689461546FAF7C9FF94F84030276895
:10AC0800012B67D0012384F8403094F84130012BA0
:10AC18005FFA83F807D04FF002080023404684F813
:10AC28004030BDE8F88300236364B9F1000F56D0C3
:10AC38001223064684F841303B690133E3623B69DD
:10AC4800C4F824900133A3627B6923F040637B61DD
:10AC5800E36A002B31D06A1C394611D18B685B0737
:10AC6800FCD5636A1B7887F82030E26A636A013A88
:10AC78000133E262E26A6362F2B16A1C2168EDD0D4
:10AC88008B685807EDD4FAF781FF801B854201D302
:10AC9800002DF2D1042384F84130636C43F00103A2
:10ACA800636413E0BB689B070CD4FAF76FFF801B43
:10ACB8008542EFD3002DEDD02768691CF2D1BB681F
:10ACC8009A07FCD502234FF00008FB60012384F8A3
:10ACD8004130A2E74FF002084046BDE8F883636CB4
:10ACE80043F00803636498E72DE9F84304461546E2
:10ACF8008946FAF74BFF2768BA6994F84030012B68
:10AD08006CD0012384F8403094F84130012B5FFA6D
:10AD180083F807D04FF002080023404684F84030FB
:10AD2800BDE8F88300236364B9F1000F5BD02223E8
:10AD3800064684F841303B690133A3633B69C4F894
:10AD48003090013363637B6923F0406343F0806391
:10AD58007B61BA61A36B002B33D0681C394612D1D2
:10AD68008B6813F0060FFBD097F82020236B1A701E
:10AD7800A26B236B013A0133A263A26B2363FAB17E
:10AD8800681C2168ECD08B6813F0060FECD1FAF739
:10AD9800FDFE801B854201D3002DF1D1042384F8E8
:10ADA8004130636C43F00103636413E0BB689B07A5
:10ADB8000CD4FAF7EBFE801B8542EFD3002DEDD0C3
:10ADC8002768691CF2D1BB689A07FCD502234FF0AB
:10ADD8000008FB60012384F841309DE74FF002082A
:10ADE8004046BDE8F883636C43F00803636493E767
:10ADF8002DE9F84F04461F4689469046FAF7C6FEE5
:10AE080094F84030012B52D0012384F8403094F854
:10AE18004130012B5FFA83FB07D04FF0020B002370
:10AE2800584684F84030BDE8F88F002382466364B2
:10AE3800422384F841307A1C26682CD1B568AB06C9
:10AE4800FCD4D8F8003049462046B362D8F804301C
:10AE58007362D8F80830F3623268D8F8103022F4F8
:10AE680040021343D8F80C2043F480033360C9F838
:10AE780028204FF00062FFF727FD781C22681BD1BD
:10AE880093681907FCD5082101234FF0000BD16006
:10AE980084F84130C3E7B3689D06D2D5FAF776FE49
:10AEA800A0EB0A00874212D3002FC4D10FE04FF065
:10AEB800020B5846BDE8F88F93681B07E3D4FAF7EE
:10AEC80065FEA0EB0A00874201D3002FD5D10423E9
:10AED80084F84130636C43F0010363649FE700BF6B
:10AEE8002DE9F04704460F461646FAF74FFE94F848
:10AEF8004030012B45D0012384F8403094F841308C
:10AF0800012B5FFA83F907D04FF002090023484666
:10AF180084F84030BDE8F08700238046D4F848A084
:10AF28006364822384F84130BAF1FF3F256814D165
:10AF3800AB689A06FCD42B68726823F00803082AC9
:10AF480043EA02032B6021D04FF040623946204685
:10AF58004FF00009FFF7B8FCD8E7AB689B06EAD5C5
:10AF6800FAF714FEA0EB0800824502D3BAF1000FED
:10AF7800DAD1042384F84130636C43F0010363643D
:10AF8800C4E74FF002094846BDE8F087326810234D
:10AF98002A63EB602B6843F480132B60D4E700BF6F
:10AFA800704700BF08B5006C00238363C36290F844
:10AFB8004130082B0BD103680222DA601A6842F488
:10AFC80000321A601A6842F002021A6008BD0123B2
:10AFD80080F84130FFF7E4FF08BD00BF704700BFAD
:10AFE800704700BF704700BF704700BF704700BF81
:10AFF800704700BF704700BF38B5036804469A68B9
:10B00800196855070ED548030CD594F84120122A23
:10B0180075D094F84120222A00F0A1802046FFF73D
:10B02800E5FF38BD950726D5880324D50222DA60C6
:10B038001A6822F4E0221A6094F84120122A7AD081
:10B0480094F84120222A00F0A98094F84120022A8D
:10B0580000F0D08094F84120082AE2D15A690121F1
:10B06800204622F040625A6184F84110636C3BBB71
:10B07800FFF7B4FF38BD150725D4D50735D5C80364
:10B0880033D50125DD601A6822F470221A60626CDB
:10B0980042F0020262641A68520779D51A68E06BB6
:10B0A80022F004021A60574B836507F01FF9002845
:10B0B800B7D0636C204643F00403636484F84150BE
:10B0C800FFF76EFF38BD0803D7D50822DA601A6883
:10B0D800520206D51A68012122F410221A6084F857
:10B0E80041102046FFF784FF38BDD00699D5CA0223
:10B0F80097D510222046DA60FFF77CFF38BD9A68A2
:10B1080050078BD518460EE0626A127883F8202023
:10B11800E16A20680139626AE1620132816862622B
:10B128004D077FF57BAFE26A002AEDD1036823F46F
:10B138008023036072E71A68510709D51A68E16B22
:10B1480022F0040209681A60CB6823F00103CB607F
:10B158000123204684F84130FFF746FF38BD9A683E
:10B1680052077FF55BAF18460EE093F82010226B6C
:10B178001170A16B20680139226BA16301328168CB
:10B18800226349077FF54AAFA26B002AEDD1CDE7CC
:10B19800204684F84150FFF703FF38BD1A6852076C
:10B1A8001DD49A6812F47C5F0FD111E093F8201037
:10B1B800226B1170A16B20680139226BA1630132E7
:10B1C8008168226311F47C5F02D0A26B002AEDD162
:10B1D8000123204684F84130FFF704FF38BD1A6880
:10B1E800E16B22F0040209681A60CB6823F00103BE
:10B1F800CB60EDE70123204684F84130FFF7F0FEED
:10B2080038BD00BFADAF0024454B30B49A6A9C6A84
:10B21800DD6A14F47C7F596BC4F3051038D0C1F390
:10B22800CC0105F0010502F0030205FB01F1012A3A
:10B2380007EE901AB8EEE77A02D0022A4ED04AB347
:10B2480007EE900ADFED376AF8EEE77A1B6B86EEB9
:10B25800A76A9FED355AC3F3080306EE903AF7EE56
:10B26800005AF8EEE66AE7EE056A76EEA56A66EE3B
:10B27800266A2B4B1B6BC3F34623013307EE903A28
:10B28800B8EEE77AC6EE877AFCEEE77A17EE900A10
:10B2980030BC70471A68920627D5196807EE900ADD
:10B2A800224AF7EE005A1B6BC1F3C101F8EEE77AA8
:10B2B8009FED1D5AC3F30803CA4006EE903A06EE06
:10B2C800102AF8EEE66AB8EEC66AE7EE056A86EE78
:10B2D800277A76EEA56A66EE876ACAE707EE900ACD
:10B2E800DFED136AF8EEE77AB0E707EE900A9FED14
:10B2F800115A1B6BB7EE006AF8EEE77ADFED0A5ACF
:10B30800C3F30803C5EE276A07EE903AF8EEE77A2A
:10B31800E7EE257A77EE867A66EEA76AA9E700BF98
:10B32800004402580024744A000000390090D003F9
:10B338000024744B0024744C002800F0EC81F8B50C
:10B3480003680446D80730D5A5490A69896A02F016
:10B358003802102A00F00981182A00F00181636878
:10B36800B3F5803F00F02C81002B00F06A81B3F523
:10B37800A02F9B4B1A6800F08E8222F480321A604C
:10B388001A6822F480221A60FAF700FC944E41F2FF
:10B398008837054605E0FAF7F9FB401BB84200F28A
:10B3A8004E8133689A03F6D523689D0700F18A8099
:10B3B800D90633D58A4A1369926A03F03803082BF1
:10B3C80000F0E380182B00F0DB80E369844D002B4C
:10B3D80000F071812B6843F080032B60FAF7D6FBED
:10B3E800064605E0FAF7D2FB801B022800F2278107
:10B3F8002B68DB05F6D5FAF7E1FB41F20303984227
:10B4080000F27182226A6B68202A23F0F8430CBF8D
:10B4180043F0804343EA82636B6023681D0716D5B7
:10B4280063696F4D002B00F024816B6F43F00103BB
:10B438006B67FAF7ABFB064605E0FAF7A7FB801B3C
:10B44800022800F2FC806B6F9807F6D523689A06ED
:10B4580016D5A369624D002B00F01C812B6843F4BC
:10B4680080532B60FAF792FB064605E0FAF78EFB4D
:10B47800801B022800F2E3802B689F04F6D523681E
:10B48800590700F1A380606AD0B1554D2B6903F0CC
:10B498003803182B00F0B1812B68022823F0807341
:10B4A8002B6000F04481FAF771FB044605E0FAF7D7
:10B4B8006DFB001B022800F2C2802B689B01F6D4AA
:10B4C8000020F8BD464A1369926A13F038032DD15B
:10B4D800434BE2681B68590701D5002A4ED0404DFE
:10B4E8002B6823F0190313432B60FAF74FFB06462A
:10B4F80005E0FAF74BFB801B022800F2A0802B68BE
:10B508005B07F6D5FAF75AFB41F20303984200F2BB
:10B51800F98022696B68402A23F47C330CBF43F41A
:10B52800003343EA02336B60236841E7182B00F0CD
:10B53800E5802B4DE2682B68002A00F0CE8023F0CE
:10B54800190313432B60FAF721FB064604E0FAF7C8
:10B558001DFB801B022872D82B685F07F7D5D1E73F
:10B5680001F0030102297FF4FAAE1D4A1268910323
:10B578007FF51BAF6268002A7FF417AF0120F8BD82
:10B5880002F00302012A7FF420AF154B1B68DA058D
:10B5980002D5E369802BF1D1FAF710FB41F20303DE
:10B5A800984200F2BA80226A202A00F0AB810C4946
:10B5B8004B6823F0F84343EA82634B6023682DE726
:10B5C800074A136843F480331360DDE6054D2B68A2
:10B5D80043F480732B60FAF7D9FA064609E000BFF6
:10B5E8000044025800480258FAF7D0FA801B642831
:10B5F80025D82B68DA05F7D5A368012B00F07C81E4
:10B60800002B00F05781052BA74B1A6F00F08381A0
:10B6180022F001021A671A6F22F004021A67FAF779
:10B62800B5FAA14E41F28837054604E0FAF7AEFABA
:10B63800401BB84203D8336F9B07F7D523E7032095
:10B64800F8BD994D41F288372B6823F480332B607D
:10B658002B6823F480232B60FAF798FA064604E057
:10B66800FAF794FA801BB842E9D82B689B03F7D401
:10B678009AE66B6F23F001036B67FAF787FA0646C1
:10B6880004E0FAF783FA801B0228D8D86B6F990771
:10B69800F7D4DBE62B6823F480532B60FAF776FAAD
:10B6A800064604E0FAF772FA801B0228C7D82B680E
:10B6B8009804F7D4E3E62B6823F080032B60FAF7AD
:10B6C80065FA064604E0FAF761FA801B0228B6D844
:10B6D8002B68DF05F7D42368A0E623F001032B606D
:10B6E800FAF754FA064604E0FAF750FA801B0228E3
:10B6F800A5D82B685807F7D4236859E690077FF434
:10B7080018AFE5E66B68226923F0FE4343EA02635B
:10B718006B6023684CE601207047634A216AD3684E
:10B7280023F07C5343EA0163D360236876E6FAF793
:10B738002DFA064605E0FAF729FA801B02283FF69B
:10B748007EAF2B689901F6D4A96A584BA26A0B40C0
:10B758005749554E1343E26A43EA0213AB62D4E9F0
:10B768000D32013B013A5B0212049BB202F4FE0265
:10B778001343226B013AC2F308021343E26B013A06
:10B78800120602F0FE4213432B63EB6A23F0010317
:10B79800EB626A6BA36C114041EAC3016963EB6A0F
:10B7A800226C23F00C031343EB62EB6A626C23F008
:10B7B80002031343EB62EB6A43F48033EB62EB6AF8
:10B7C80043F40033EB62EB6A43F48023EB62EB6AE9
:10B7D80043F00103EB622B6843F080732B60FAF7A8
:10B7E800D5F9044605E0FAF7D1F9001B02283FF61F
:10B7F80026AF33689A01F6D562E60128AA6A2E6B4D
:10B808003FF45FAE02F00303A16A8B427FF4B6AE49
:10B81800C2F30512E36A9A427FF4B0AE236BC6F313
:10B828000802013B9A427FF4A9AE636BC6F3462235
:10B83800013B9A427FF4A2AEA36BC6F30642013BDA
:10B848009A427FF49BAEE36BC6F30666013B9E42C9
:10B858007FF494AE6B6BA26CC3F3CC039A423FF4B3
:10B868002FAE114AD36A23F00103D362FAF78EF997
:10B878000546FAF78BF9A842FBD00B4A0020A16CC9
:10B888000B4B546B234043EAC1035363D36A43F021
:10B898000103D362F8BD42F480221A601A6842F4A8
:10B8A80080321A6070E500BF004402580CFCFFFFAC
:10B8B8000700FFFF1C4D41F288372B6F23F001036F
:10B8C8002B672B6F23F004032B67FAF75FF9064603
:10B8D80005E0FAF75BF9801BB8423FF6B0AE2B6F74
:10B8E8009807F6D4CFE5EB68226A23F07C5343EA45
:10B8F8000263EB60236891E50B4A136F43F0010381
:10B9080013678CE6084A536823F0F84343F08043F2
:10B918005360236882E542F004021A671A6F42F006
:10B9280001021A677BE600BF00440258474A1369C0
:10B9380003F03803102B04D0182B0DD01BB144484A
:10B94800704744487047136899064AD513684248B7
:10B95800C3F3C103D8407047936A30B4946AD56A78
:10B9680014F47C7F516BC4F3051038D0C1F3CC01BB
:10B9780005F0010503F0030305FB01F1012B07EEB8
:10B98800901AB8EEE77A02D0022B2CD093B307EEC8
:10B99800900A9FED325AF8EEE77A136BC5EE276AE4
:10B9A800DFED2F5AC3F3080307EE903AB7EE006AAB
:10B9B800F8EEE77AE7EE257A77EE867A66EEA76AFA
:10B9C800224B1B6BC3F34623013307EE903AB8EEC4
:10B9D800E77AC6EE877AFCEEE77A17EE900A30BC73
:10B9E80070471D48704707EE900A9FED1E5AF8EE03
:10B9F800E77AD2E713689B0620D5146807EE900A09
:10BA08001549F7EE005A136BC4F3C104F8EEE77A50
:10BA18009FED135AC3F30803E14006EE903A06EE91
:10BA2800101AF8EEE66AB8EEC66AE7EE056A86EE20
:10BA3800277A76EEA56A66EE876AC1E707EE900A6E
:10BA48009FED095AF8EEE77AA7E700BF00440258CD
:10BA580000093D000024F4000090D0030024744A3B
:10BA6800000000390024744B0024744C002800F0B6
:10BA78000C818C4A136803F00F038B422DE9F041C7
:10BA880004460D460CD2136823F00F030B431360D2
:10BA9800136803F00F038B4202D00120BDE8F08148
:10BAA80023685F070BD5804920698A6902F0700214
:10BAB800904204D98A6922F0700202438A611E0703
:10BAC8000BD579496069CA6902F07002904204D9BD
:10BAD800CA6922F070020243CA61D8060BD57249BE
:10BAE800A069CA6902F4E062904204D9CA6922F4E2
:10BAF800E0620243CA6199060BD56B49E0690A6A9C
:10BB080002F07002904204D90A6A22F070020243DD
:10BB18000A629A0740F1AB806348E168826902F0E3
:10BB28000F02914204D9826922F00F020A4382610E
:10BB3800D80730D55C4AA168936923F470630B4336
:10BB4800936161681368022900F0A180032900F05D
:10BB58009880012900F0A18058079ED5524E41F2E5
:10BB68008838336923F007030B433361FAF70EF87B
:10BB7800074605E0FAF70AF8C01B404500F28B803B
:10BB88003369626803F03803B3EBC20FF2D123685C
:10BB9800990706D5E1684448826902F00F028A4293
:10BBA80069D840490A6802F00F02AA420AD90A680D
:10BBB80022F00F022A430A600A6802F00F02AA4222
:10BBC8007FF46BAF5A070BD5374920698A6902F0B1
:10BBD8007002904204D28A6922F0700202438A619C
:10BBE8001F070BD530496069CA6902F0700290429C
:10BBF80004D2CA6922F070020243CA61DE060BD57C
:10BC08002949A069CA6902F4E062904204D2CA696B
:10BC180022F4E0620243CA619D060BD5224AE1691B
:10BC2800136A03F07003994204D2136A23F0700375
:10BC38000B431362FFF77AFE1B4A03461B489169C0
:10BC48009269C1F303211A4D02F00F02194C415CAD
:10BC5800825C01F01F01184802F01F02CB40006807
:10BC68002B60D3402360BDE8F041F9F72DBFDA0718
:10BC78003FF560AF95E7826922F00F0211438161B9
:10BC88008FE79F013FF56AAF07E7012070479B03E5
:10BC98003FF564AF01E7032000E7DE053FF55EAF3F
:10BCA800FBE600BF0020005200440258C4480124AB
:10BCB800740300207803002050000020184A38B58B
:10BCC800136903F03803102B1AD0182B23D0CBB1EB
:10BCD8001448134B14499A699B69C2F30322134C05
:10BCE80003F00F03124D8A5CCB5C02F01F0220FAAE
:10BCF80002F203F01F0022FA00F02A60206038BD2B
:10BD08000C48E6E713689B0608D512680A48C2F390
:10BD1800C102D040DDE7FFF777FADAE70648D8E74F
:10BD28000044025800093D00C4480124780300205B
:10BD3800740300200024F4000090D0031C4A38B596
:10BD4800136903F03803102B21D0182B2BD003B321
:10BD58001848174A18499369184DC3F30323184C18
:10BD6800CB5C03F01F0320FA03F3906900F00F0087
:10BD78002B60085C00F01F00C3402360D269C2F347
:10BD88000212885C00F01F0023FA00F038BD0D484D
:10BD9800DFE713689B0609D510680B4BC0F3C10099
:10BDA80023FA00F0D5E7FFF72FFAD2E70648D0E7E5
:10BDB8000044025800093D00C448012474030020CF
:10BDC800780300200024F4000090D0031C4A38B502
:10BDD800136903F03803102B21D0182B2BD003B391
:10BDE8001848174A18499369184DC3F30323184C88
:10BDF800CB5C03F01F0320FA03F3906900F00F00F7
:10BE08002B60085C00F01F00C3402360D269C2F3B6
:10BE18000222885C00F01F0023FA00F038BD0D48AC
:10BE2800DFE713689B0609D510680B4BC0F3C10008
:10BE380023FA00F0D5E7FFF7E7F9D2E70648D0E79D
:10BE48000044025800093D00C4480124740300203E
:10BE5800780300200024F4000090D003F8B53A4C91
:10BE6800A36A03F00303032B67D0236806460F4633
:10BE780023F080632360F9F789FE054604E0F9F7AB
:10BE880085FE431B022B56D823681A01F7D4A36AF0
:10BE9800326823F47C3343EA0233A362D6E90232E0
:10BEA800013B013A5B0212049BB202F4FE02134307
:10BEB8007268013AC2F3080213433269013A120662
:10BEC80002F0FE421343A363E36A726923F0C003DE
:10BED8001343E362E26AB36922F020021A431B4B60
:10BEE800E262E26A22F01002E262E16BF2690B4060
:10BEF80043EAC203E363E36A43F01003E362E36ADD
:10BF0800EFB1012F0CBF43F4801343F40013E36235
:10BF18000D4C236843F080632360F9F737FE05462C
:10BF280004E0F9F733FE401B022804D823681B01FC
:10BF3800F7D50020F8BD0320F8BD0120F8BD43F473
:10BF48000023E362E4E700BF004402580700FFFF54
:10BF5800F8B53A4CA36A03F00303032B67D02368B0
:10BF680006460F4623F080532360F9F70FFE054677
:10BF780004E0F9F70BFE431B022B56D823689A00FE
:10BF8800F7D4A36A326823F07C7343EA0253A362AE
:10BF9800D6E90232013B013A5B0212049BB202F479
:10BFA800FE0213437268013AC2F30802134332696E
:10BFB800013A120602F0FE4213432364E36A7269EF
:10BFC80023F440631343E362E26AB36922F4007224
:10BFD8001A431B4BE262E26A22F48072E262616CED
:10BFE800F2690B4043EAC2036364E36A43F4807373
:10BFF800E362E36AEFB1012F0CBF43F4000343F09F
:10C008008073E3620D4C236843F080532360F9F793
:10C01800BDFD054604E0F9F7B9FD401B022804D828
:10C0280023689B00F7D50020F8BD0320F8BD012048
:10C03800F8BD43F48003E362E4E700BF004402581C
:10C048000700FFFF2DE9F843D0E9003204461D013F
:10C0580003F0006623D5816EB1F5001F00F04F850F
:10C0680012D8002900F0A585B1F5801F40F09E8503
:10C0780002210830FFF7F2FE0646002E40F01E852A
:10C08800A16ED4E9003203E0B1F5401F40F08E857F
:10C09800AE4D0026286D20F4401001432965D805CF
:10C0A8000AD5A16D042906D8DFE811F03205390553
:10C0B8001605100310030126354699051DD5E16DB7
:10C0C800802900F0128500F2F980002900F0208410
:10C0D800402940F0FA80002104F10800FFF7BEFE75
:10C0E8000546D4E90032002D40F0EB83974FE06D10
:10C0F800396D21F4E071014339655F0521D5D4F824
:10C10800A810B1F5800F00F01D8500F2E18000292C
:10C1180000F00584B1F5001F40F0E280002104F131
:10C128000800FFF79BFE0546D4E90032002D40F0D9
:10C13800CF83864FD4F8A800B96D21F4600101437C
:10C14800B965180521D5D4F8AC10B1F1007F00F01D
:10C15800B98400F2C880002900F0D483B1F1807F4F
:10C1680040F0C980002104F10800FFF777FE05467A
:10C17800D4E90032002D40F0A283744FD4F8AC000B
:10C18800B96D21F0E0610143B965990118D5E16CF9
:10C19800202900F01E8400F2B18039B1102940F046
:10C1A800B0806A48C16A41F40031C162002D40F094
:10C1B800D383664FE06CF96C21F030010143F964D8
:10C1C800DF041FD5216EB1F5005F00F0B18400F2E5
:10C1D8009B80002900F09083B1F5805F40F09C803F
:10C1E800002104F10800FFF739FE0546D4E90032C2
:10C1F800002D40F06883554F206E396D21F4E041E1
:10C208000143396598041DD5616EB1F5003F00F012
:10C218000F8400F2848059B1B1F5803F40F08780E7
:10C22800012104F10800FFF719FE0546D4E90032A0
:10C23800002D40F09B83454F606E396D21F4E0215D
:10C248000143396559041DD5D4F8B010B1F1005F28
:10C2580000F0FA836ED851B1B1F1805F72D101213B
:10C2680004F10800FFF7FAFD0546D4E90032002D75
:10C2780040F08083354FD4F8B000B96D21F0E0412B
:10C288000143B9651F040DD5216FB1F1805F00F03E
:10C29800C783B1F1005F00F02582002900F02A82EF
:10C2A80001263546D8015FD5A16C032900F2BB846D
:10C2B800DFE811F05600E1034E005600C0293FF4B4
:10C2C80012AFB1F5807F3FF40EAF0126354614E773
:10C2D800B1F5C00F3FF42AAFB1F5000F3FF426AF18
:10C2E800012635462DE7B1F1407F3FF443AFB1F168
:10C2F800806F3FF43FAF0126354646E730293FF4CB
:10C3080055AF012635465BE7B1F5405F3FF470AFA6
:10C31800B1F5804F3FF46CAF0126354672E721F442
:10C328008030B0F5802F83D0B1F5403F80D0012612
:10C33800354687E721F08050B0F1804F97D0B1F1B2
:10C34800405F94D0012635469CE700BF0044025860
:10C35800022104F10800FFF781FD0546D4E9003207
:10C36800002D00F0FB822E46590200F15A82D807B0
:10C378002FD5E16F28292AD8DFE811F0FA01290022
:10C38800290029002900290029002900060429007C
:10C39800290029002900290029002900F201290083
:10C3A800290029002900290029002900FA0129006B
:10C3B800290029002900290029002900FA0129005B
:10C3C800290029002900290029002900FA0101264D
:10C3D8003546990717D5A16F052900F22084DFE8B3
:10C3E80011F00E00BB0306000E000E000E00012126
:10C3F80004F12800FFF7ACFD0546D4E90032002D12
:10C4080000F099822E465F0718D5D4F894100529B4
:10C4180000F20D84DFE811F00E00AC0306000E00F8
:10C428000E000E00012104F12800FFF791FD0546DA
:10C43800D4E90032002D00F086822E4698061FD5DA
:10C44800D4F89010B1F1005F00F0098300F20B817D
:10C4580059B1B1F1805F40F01081002104F108006A
:10C46800FFF7FCFC0546D4E90032002D40F05F825E
:10C47800A64FD4F89000796D21F0E0410143796529
:10C4880059061FD5D4F89C10B1F5006F00F0B282A0
:10C4980000F2F68059B1B1F5806F40F0FB800021C1
:10C4A80004F10800FFF7DAFC0546D4E90032002D54
:10C4B80040F06282954FD4F89C00B96D21F4E051A8
:10C4C8000143B9651F061FD5D4F8A010B1F5804FF8
:10C4D80000F09B8200F2E18059B1B1F5005F40F0B5
:10C4E800E680002104F10800FFF7B8FC0546D4E90E
:10C4F8000032002D40F03C82844FD4F8A000B96D82
:10C5080021F460410143B96518070BD5D4F88400BC
:10C51800B0F5805F00F0B8827C4F796D21F440510E
:10C5280001437965D9060BD5D4F89800B0F5807F1A
:10C5380000F0B782754FB96D21F440710143B965B8
:10C548001F030ED5D4F8A410B1F5803F00F0F48095
:10C55800B1F5003F00F0F880002900F02E82012696
:10C56800354658030FD5D4F88810B1F5001F00F0F0
:10C57800CF80B1F5401F00F0D380B1F5801F00F0E7
:10C58800148201263546D90309D5216D002900F00A
:10C598000382B1F5803F00F09D81012635469F005A
:10C5A80000F1F18098030CD5D4F88010B1F5807FA4
:10C5B80000F0EA817ED921F48070B0F5007F7BD04D
:10C5C8000126D90206D55148656F016D21F0004159
:10C5D80029430165DF0007D54C48D4F8B8500169F4
:10C5E80021F48041294301619D0206D54748E56E43
:10C5F800016D21F0807129430165580009D543492F
:10C60800086920F4004008610869D4F8BC50284340
:10C618000861002B06DA3D48656DC16C21F0405178
:10C628002943C164190207D53849D4F88C004B6DE9
:10C6380023F4400303434B65D30700F1B080970709
:10C6480000F1BA80550700F1C480100700F1CE80D0
:10C65800D10600F1D880920600F12581301E18BF5E
:10C668000120BDE8F88321F08050B0F1804F3FF4FD
:10C67800FCAEB1F1405F3FF4F8AE01263546FFE667
:10C6880021F48060B0F5805F3FF411AFB1F5406FE1
:10C698003FF40DAF0126354614E721F40050B0F5FC
:10C6A800004F3FF426AFB1F5C04F3FF422AF01264B
:10C6B800354629E7002983D1002D40F06381134DC9
:10C6C800686D20F44070014369657AE73546002DAE
:10C6D80040F0FB800D4FA06D396D21F0070101433B
:10C6E8003965EAE4012104F10800FFF7B7FB0546C4
:10C6F800D4E90032002D40F01C81044F206F396DC1
:10C7080021F0405101433965CCE500BF004402588F
:10C71800012104F12800FFF71BFC0546D4E900328B
:10C72800002D40F02D81B14FD4F88800796D21F4A7
:10C7380040110143796526E7022104F12800FFF73B
:10C7480007FC0546D4E90032002D40F01781A74FB9
:10C75800D4F8A400B96D21F440310143B96500E76C
:10C76800012104F12800FFF7F3FB0546D4E9003264
:10C77800002D40F0DA809D4FE06F796D21F038018F
:10C788000143796525E6022104F12800FFF7E0FB63
:10C79800D4E9003200283FF405AF012602E7002162
:10C7A80004F10800FFF75AFB626800283FF447AF1E
:10C7B800970706467FF546AF012104F10800FFF709
:10C7C8004DFB626800283FF43DAF550706467FF5EC
:10C7D8003CAF022104F10800FFF740FB6268002823
:10C7E8003FF433AF064610077FF532AF002104F15E
:10C7F8002800FFF7ADFB626800283FF429AFD10697
:10C8080006467FF528AF04F1280501212846FFF7E1
:10C818009FFB002800F0DB8063689B064CD506462A
:10C8280043E0734F3B6843F480733B60F9F7AEF91C
:10C83800804606E0F9F7AAF9A0EB0800642800F2A0
:10C84800AF813B68DA05F5D5002D40F0E381674AF2
:10C85800D4F8B430116F594011F4407F0BD0116FE8
:10C86800106F21F4407140F480301067106F20F48D
:10C87800803010671167B3F5807F00F0AD8103F455
:10C888004072B2F5407F00F0BB8158490A6922F432
:10C898007C520A615548C3F30B01076F3943D4E949
:10C8A8000032016763E504F1280502212846FFF7F5
:10C8B8004FFB00283FF4D2AE0120BDE8F8832E4696
:10C8C80063E42E4619E42E469CE42E46FFF7F5BB9A
:10C8D8002E4636E4022104F10800FFF7BFFA0546A8
:10C8E800D4E90032002D5ED1404F206DF96C21F45F
:10C8F80080310143F96452E63C48C16A41F4003191
:10C90800C16275E43948C16A41F40031C16231E459
:10C918003648C16A41F40031C162FFF7E4BB3348CD
:10C92800C16A41F40031C16200E42E4651E52E4649
:10C93800A6E52E46B6E42D4FA06F796D21F00701CC
:10C94800014379655FE5294FD4F89400B96D21F06A
:10C9580007010143B96571E52E4631E4234FA06C08
:10C96800F96C21F003010143F964FDE42E4669E402
:10C978002E46C9E52E4685E42E46A3E52E46F0E56B
:10C988002E4600E62E461CE6184FF86A40F40030A2
:10C99800F862002DF6D192E61448C16A41F40031DC
:10C9A800C162002DA0D02E46F9E51048C16A41F4B5
:10C9B8000031C162002DE3D1B5E604F10800FFF7AC
:10C9C8004DFA0546D4E90032002DD7D1BFE662689A
:10C9D80041E6022104F10800FFF740FA0546D4E9D0
:10C9E8000032002DB8D1FFF7E4BB00BF0044025865
:10C9F80000480258022104F12800FFF7A9FA054669
:10CA0800D4E90032002DB7D154E5022104F1280001
:10CA1800FFF79EFA0546D4E90032002DA8D16BE550
:10CA28008448C16A41F40031C162002D81D164E6B5
:10CA3800012104F12800FFF78BFA0546D4E90032FA
:10CA4800002D93D1FFF7F7BB012104F12800FFF770
:10CA58007FFA0546D4E90032002D8BD10AE4022181
:10CA680004F12800FFF774FA0546D4E90032002DD6
:10CA78007FF45DAFFCE46F48C16A41F40031C162E4
:10CA8800002D7FF470AC69E7022104F12800FFF75C
:10CA98005FFA002840F09480D4F88400D4E900328A
:10CAA8003AE5022104F12800FFF752FA002840F085
:10CAB8008D80D4F89800D4E900323BE5D4E90032FF
:10CAC800FFF7EDBA002104F12800FFF741FA054607
:10CAD800D4E90032FFF74EBB002104F12800FFF72C
:10CAE80037FA0546D4E90032F1E5002104F12800BF
:10CAF800FFF72EFA0546D4E90032FFF7F4BA02210F
:10CB08002830FFF725FA0646002E3FF4B9AAD5E7E4
:10CB180048483546C16A41F40031C162D7E5002171
:10CB280004F10800FFF79AF90546D4E90032CEE58A
:10CB3800002104F12800FFF70BFA0546D4E900327A
:10CB4800FFF756BB002104F12800FFF701FA05465C
:10CB5800D4E90032FFF7EABA012104F10800FFF72F
:10CB68007DF90546D4E90032002D7FF44BACE2E6AE
:10CB7800012104F10800FFF771F90546D4E90032F4
:10CB8800002D7FF45AACDEE6012104F10800FFF71E
:10CB980065F90546D4E90032002D7FF4C6AEEAE512
:10CBA8000326D4E900323546FFF7E1BB0126FFF73B
:10CBB80076BA204DE86A40F40030E862FFF768BAB8
:10CBC800D4F884000126D4E90032A5E4D4F898000A
:10CBD8000126D4E90032ADE4F8F7D8FFDFF8548035
:10CBE800074641F2883904E0F8F7D0FFC01B4845F2
:10CBF800D6D8D8F870309B07F6D5D4F8B4303EE6CE
:10CC08000C480D4A016902EA131221F47C510A43C7
:10CC180002613FE6D4E900322E46FFF7A8BB0126A1
:10CC28003546FFF7F0BB01263546FFF79DBB0126C9
:10CC3800354603E400440258CFFFFF0008B5FFF76C
:10CC48003DF8054B054A1B6AC3F30213D35C03F096
:10CC58001F03D84008BD00BF00440258C44801243F
:10CC6800584B70B4996A9D6ADE6A15F47C3FC5F327
:10CC78000532DC6B5CD0C4F3CC04C6F3001601F0BB
:10CC8800030106FB04F4012907EE904AB8EEE77A9F
:10CC980003D0022975D000294FD007EE902ADFED86
:10CCA8004A6AF8EEE77A9B6B86EEA76A9FED475AC9
:10CCB800C3F3080306EE903AF7EE005AF8EEE66A78
:10CCC800E7EE056A76EEA56A66EE266A3D4AB7EE95
:10CCD800006A936BC3F3462307EE103AB8EEC77A9F
:10CCE80070BC37EE067AC6EE877AFCEEE77AC0EDBE
:10CCF800007A936BC3F3064307EE103AB8EEC77A8F
:10CD080037EE067AC6EE877AFCEEE77AC0ED017A4E
:10CD1800936BC3F3066307EE903AF8EEE77A77EE83
:10CD2800867A86EEA77ABCEEC77A80ED027A7047DB
:10CD380070BCC0E90022826070471968890627D54F
:10CD48001C6807EE902A2249F7EE005A9B6BC4F341
:10CD5800C102F8EEE77A9FED1D5AC3F30803D140EC
:10CD680006EE903A06EE101AF8EEE66AB8EEC66AD3
:10CD7800E7EE056A86EE277A76EEA56A66EE876A9A
:10CD8800A4E707EE902ADFED136AF8EEE77A8AE760
:10CD980007EE902A9FED105A9B6BB7EE006AF8EEEB
:10CDA800E77ADFED0A5AC3F30803C5EE276A07EEF0
:10CDB800903AF8EEE77AE7EE257A77EE867A66EE2D
:10CDC800A76A83E7004402580024744A0000003927
:10CDD8000090D0030024744B0024744C584B70B45A
:10CDE800996A9D6ADE6A15F07C7FC5F305525C6C12
:10CDF8005CD0C4F3CC04C6F3002601F0030106FBA3
:10CE080004F4012907EE904AB8EEE77A03D0022924
:10CE180075D000294FD007EE902ADFED4A6AF8EE68
:10CE2800E77A1B6C86EEA76A9FED475AC3F308039F
:10CE380006EE903AF7EE005AF8EEE66AE7EE056A73
:10CE480076EEA56A66EE266A3D4AB7EE006A136C6E
:10CE5800C3F3462307EE103AB8EEC77A70BC37EE34
:10CE6800067AC6EE877AFCEEE77AC0ED007A136C94
:10CE7800C3F3064307EE103AB8EEC77A37EE067AE0
:10CE8800C6EE877AFCEEE77AC0ED017A136CC3F33D
:10CE9800066307EE903AF8EEE77A77EE867A86EE42
:10CEA800A77ABCEEC77A80ED027A704770BCC0E9F9
:10CEB8000022826070471968890627D51C6807EE2A
:10CEC800902A2249F7EE005A1B6CC4F3C102F8EE0F
:10CED800E77A9FED1D5AC3F30803D14006EE903A56
:10CEE80006EE101AF8EEE66AB8EEC66AE7EE056ACC
:10CEF80086EE277A76EEA56A66EE876AA4E707EEDD
:10CF0800902ADFED136AF8EEE77A8AE707EE902AAF
:10CF18009FED105A1B6CB7EE006AF8EEE77ADFED6A
:10CF28000A5AC3F30803C5EE276A07EE903AF8EEEB
:10CF3800E77AE7EE257A77EE867A66EEA76A83E7E0
:10CF4800004402580024744A000000390090D003BD
:10CF58000024744B0024744C5C4B70B4996A9D6A2D
:10CF6800DE6A15F47C7FC5F305125C6B5CD0C4F3F4
:10CF7800CC0406F0010601F0030106FB04F40129C4
:10CF880007EE904AB8EEE77A7ED0022975D00029DC
:10CF98004FD007EE902ADFED4E6AF8EEE77A1B6B6A
:10CFA80086EEA76A9FED4B5AC3F3080306EE903A44
:10CFB800F7EE005AF8EEE66AE7EE056A76EEA56A3D
:10CFC80066EE266A414AB7EE006A136BC3F346233E
:10CFD80007EE103AB8EEC77A70BC37EE067AC6EE9E
:10CFE800877AFCEEE77AC0ED007A136BC3F3064349
:10CFF80007EE103AB8EEC77A37EE067AC6EE877AA9
:10D00800FCEEE77AC0ED017A136BC3F3066307EE13
:10D01800903AF8EEE77A77EE867A86EEA77ABCEE53
:10D02800C77A80ED027A704770BCC0E9002282603E
:10D038007047196889062ED51C6807EE902A26497C
:10D04800F7EE005A1B6BC4F3C102F8EEE77A9FEDC6
:10D05800215AC3F30803D14006EE903A06EE101A9F
:10D06800F8EEE66AB8EEC66AE7EE056A86EE277A53
:10D0780076EEA56A66EE876AA4E707EE902ADFEDEA
:10D08800176AF8EEE77A8AE707EE902ADFED146A66
:10D09800F8EEE77A83E707EE902A9FED0D5A1B6BAF
:10D0A800B7EE006AF8EEE77ADFED0A5AC3F3080331
:10D0B800C5EE276A07EE903AF8EEE77AE7EE257AAA
:10D0C80077EE867A66EEA76A7CE700BF00440258CE
:10D0D8000024744C000000390090D0030024744BE5
:10D0E8000024744AA0F580730B4300B585B000F0A6
:10D0F8008480A0F500730B4339D0A0F580630B43FF
:10D1080000F0E680A0F500630B4300F08980A0F5ED
:10D1180080530B4361D0A0F500530B4300F01281FC
:10D12800A0F500230B4300F0A380A0F580330B4348
:10D1380000F0FA80A0F580430B4300F04381A0F58E
:10D14800004050EA010337D1994A136D03F0405368
:10D15800B3F1805F00F08380B3F1005F00F0568187
:10D1680053BB106810F4003044D0924842E0904A13
:10D17800136D03F4E073802B00F0A58020D9C02B39
:10D1880037D0B3F5807F17D1D36C116803F04053C3
:10D19800490702D5002B00F0C180854A1268D005E6
:10D1A80003D5B3F1805F00F00181814A12689103D1
:10D1B80002D5B3F1005FD8D0002005B05DF804FBBC
:10D1C800002B4CD0402BF7D1106810F0006011D024
:10D1D80001A8FFF745FD01980CE0754A136D03F4AB
:10D1E800E043B3F5005F6ED037D9B3F5405F40F048
:10D1F8008780714805B05DF804FB6D4B1B6D03F02B
:10D208000703042BD8D801A252F823F0B7D2002480
:10D2180093D20024A3D20024FBD100249FD200245F
:10D22800634A936D03F0E063B3F1007F4BD044D9B8
:10D23800B3F1407FDDD0B3F1806FBDD1D36C1268FC
:10D2480003F040535207A8D5002BA6D1584B5B4892
:10D258001B68C3F3C103D840CCE7002B54D1106836
:10D2680010F00070C6D001A8FFF776FE0298C1E75B
:10D278004F4A936D03F44033B3F5803F00F0D080FC
:10D28800B3F5003FDAD0002B96D1494B186810F05F
:10D298000060AFD09CE7464A76E7454B186810F027
:10D2A8000050A7D001A8FFF799FD0198A2E7404BCD
:10D2B800186810F000709DD0D5E7002BCFD0B3F1DF
:10D2C800807F81D078E7106810F0005092D0E9E7AD
:10D2D800374A936D03F46003B3F5800FF3D006D893
:10D2E800002BBCD0B3F5001F3FF46EAF64E7B3F575
:10D2F800C00F3FF47EAFB3F5000F3FF445AF5BE7D7
:10D30800B3F5804F9AD057E7B3F5805F3FF45CAF31
:10D3180052E7106810F004003FF46CAF1368274818
:10D32800C3F3C103D84065E7214BDA6CD203BFD5FC
:10D33800186810F000603FF45DAF01A8FFF790FC9B
:10D34800039857E71A4A136D03F4E023B3F5403FF7
:10D35800DFD010D8B3F5803F58D0B3F5003F18D1CF
:10D36800134B186810F000503FF444AF01A8FFF7C2
:10D3780035FD02983EE7B3F5802F12D0B3F5A02F04
:10D388007FF41AAF0A4B186810F400303FF432AF3C
:10D39800EBE6002B7FF410AF05B05DF804EBFEF769
:10D3A800CDBC106810F480703FF424AF044821E726
:10D3B800004402580024F4000080BB000090D00311
:10D3C80000093D00284B9B6D03F0E043B3F1405F3B
:10D3D80037D014D8B3F1805F3FD0B3F1005FBFD02E
:10D3E800002B7FF4E9AEFEF769FC1F4B1F4A1B6A4E
:10D3F800C3F30213D35C03F01F03D840FAE6B3F17A
:10D40800804F17D0B3F1A04FBCD0D5E6106810F00C
:10D4180000603FF4EFAE01A8FFF722FC0298E9E6AE
:10D42800106810F000503FF4E5AE01A8FFF7D6FCF5
:10D438000398DFE60C4B186810F480703FF4DAAEFE
:10D44800B4E7094B186810F004003FF4D3AE1B682A
:10D458000748C3F3C103D840CCE6034B186810F063
:10D4680000603FF4C7AED6E700440258C448012420
:10D478000090D003F8B501680546AB4B99421CD023
:10D488002033994219D003F5787399424ED020334E
:10D4980099424BD003F57873994200F02E812033DE
:10D4A800994200F02A81A14B994200F0288120334B
:10D4B800994200F024810120F8BD9D4E95F89130E5
:10D4C80003F0FF02002B38D09A4B9B4A1B68A2FB43
:10D4D80003230A681B0B22F480329B000A60002B8E
:10D4E80032D00C68013B14F48034F8D1022385F85B
:10D4F8009130EB68012B00F04481022B15BF03200B
:10D5080023200227222715BF4FF0010C4FF0210CD2
:10D5180000222022AB68013B042B00F26E81DFE879
:10D5280013F0E1001C00E8001B00E40095F89130BE
:10D53800824E03F0FF02002BC6D1284685F89020C2
:10D54800F7F714FC2968BFE7D5F89430012043F0B9
:10D558004003C5F89430F8BD3A464FF400672B6A8B
:10D568003260002B49D0704B994200F01F817448FB
:10D57800081AB0FA80F04009002840F01781714B72
:10D58800994200F021812033994200F01D816E4BB1
:10D59800994200F012812033994200F00E81634BCA
:10D5A800994200F02181694B994200F01781AB69DB
:10D5B800B3F5002F00F0EB80AA6A00EB8000696CDD
:10D5C800B2F1806F4FEA4003286A0CBF02220122A1
:10D5D80000FB02F21202B3FBF2F35D4AA2FB030264
:10D5E800D20802EB8200A3EB4003092B08BF0132EB
:10D5F80004296A6201D152086A626B6833F0020337
:10D608002B6D40F0B980012B14BF4FF40074002437
:10D61800F8F7D4FA696CB0F5005FD5E9003242EA50
:10D628000102A96C42EA0102E96C42EA0102E96AD4
:10D6380042EA0102696942EA0102C0F09580A969DB
:10D6480018680A43A96A0A434249014019602969CE
:10D658000A4319680A43696A42EA01523E493A4351
:10D6680022431A605A68286B1140EA690243686BC2
:10D678005960024359680A4338495A609A68114008
:10D688006A6E9960E96D98680A43296E0A43696D64
:10D6980001390A43A96D013942EA012202434FF2D6
:10D6A80020009A60D968AA6E0140D960E96ED868EE
:10D6B8000A43696F42EA0142296F013942EA0122AD
:10D6C800194902438B42DA601BD0184A934218D09A
:10D6D80000230122C5F89430184685F8912085F872
:10D6E8009030F8BD4FF4806739E702464FF4006781
:10D6F80035E762464FF4006731E7194EDEE6194E0A
:10D70800DCE6736C23F00103736495F83830012B61
:10D71800DED1D5E90F23013A43EA02137364736C2F
:10D7280043F001037364D3E70458014004540058DC
:10D7380000580140740300201BECCB95005C0140AD
:10D7480024580140045C01400460014024540058FE
:10D75800CDCCCCCC10C005F0F01FFFFF0080F8FF47
:10D768000060014000540058A96918680A43244918
:10D7780001401960A96A6BE7012B08BF4FF40074D8
:10D7880046E7132012274FF0110C1022C2E6696CED
:10D79800042930D008291ED06A6D00EB80004300B0
:10D7A800286A00FB02F2B3FBF2F316E700214FF4FC
:10D7B8008070FFF797FC2968E1E600214FF40070BC
:10D7C800FFF790FC2968EAE600214FF40070FFF7A4
:10D7D80089FC2968DBE64FF48072DEE700214FF40C
:10D7E8000060FFF77FFCE2E600214FF48060FFF75E
:10D7F80079FC2968D7E64022CFE70027AFE600BFCB
:10D8080010C005F8022938B5044635D9C81E0128C4
:10D8180030D8002023676064E064E065A0664FF6B6
:10D82800FF706067606830F002000CBF01250025BA
:10D8380004294FF4003125650CBF01200D20216615
:10D848004FF48021A0656166032A13D8DFE802F04F
:10D858003E4F555C2368474A934205D002F1C052B7
:10D86800A2F58232934205D16368012B02D1636C21
:10D87800002B37D0012038BD002023676064E064A6
:10D88800A066606830F0020014BF01200020206507
:10D898004FF48030E0654FF6FF70606713F00100C9
:10D8A800E8D149B94FF48020C4E91810032AE1D817
:10D8B800DFE802F05546362C60664FF400302066EB
:10D8C800032AD7D8DFE802F04B3C2C2280211B0129
:10D8D8004022A1646365E266F8F770F994F838307D
:10D8E800012BB7D02046BDE83840FFF7C3BD8022E2
:10D8F8005B01A2646365E266EEE7C0215B018022FA
:10D90800A1646365E266E7E7E021F7E75B08E020EA
:10D9180080219A01A0645B01E166C4E91523DBE775
:10D928005B08C022802502294FEA8310A2644FEACF
:10D938004313E5666065A365CED10823A366CBE7EC
:10D948005B08802202294FEA8310A2644FEA43133E
:10D95800E266C4E91503BFD11023A366BCE75B08E0
:10D96800802040215A01A0641B01E166C4E9152307
:10D97800B2E700BF0458014038B590F89030012B49
:10D9880061D0324A0546324B126801680120A3FB78
:10D99800023285F89000120B0B68920023F4803352
:10D9A8000B60F2B10B68013A13F48033F9D11C46CD
:10D9B8000B6823F400330B6095F89130122B2DD0AF
:10D9C80095F89130222B14D02A6801200021536841
:10D9D80043F00803536085F89100204685F89010BD
:10D9E80038BDD5F89430012443F04003C5F894308D
:10D9F800DEE7D5F884000028E6D0F9F791FF002883
:10DA0800E2D0D5F884305B6D802BDDD0D5F894302A
:10DA1800012443F08003C5F89430D5E7D5F8800099
:10DA28000028CDD0F9F77CFF0028C9D0D5F8803080
:10DA38005B6D802BC4D0D5F89430012443F080036B
:10DA4800C5F89430BCE70224204638BD7403002092
:10DA58001BECCB952DE9F8430F4604461546F8F71D
:10DA680095F8002F61D0B5FA85F84FEA5818002DBF
:10DA78005BD094F89130012B5FFA83F950D194F878
:10DA88009030012B4CD04346C4F894800646D4F815
:10DA9800800065F30F03226884F89090394665F397
:10DAA8001F43A7671C32E3672B46122584F8915061
:10DAB8002E4DC0F8508005642D4DC5632D4DC564AD
:10DAC800F9F78CFD00283ED1636C082B636831D0D0
:10DAD80005216122023B012B98BF11462268136978
:10DAE8000B431361136843F40033136006E0F8F73F
:10DAF8004DF8831BB3F57A7F2AD82268556915F447
:10DB0800E025F4D01368DB0303D4136843F48033AF
:10DB180013600023994684F890304846BDE8F8839E
:10DB28004FF002094846BDE8F8834FF0010948461E
:10DB3800BDE8F88323F00202012A0BBF1521052155
:10DB480071226122C6E7484684F89080BDE8F883D0
:10DB5800D4F894304FF0030984F8905043F0400310
:10DB68004846C4F89430BDE8F88300BFBDDC002403
:10DB780055DC00243DDD0024F8B500294ED0B2FA6A
:10DB880082F513466D09002A48D090F89120044682
:10DB9800012AD6B23FD190F89020012A3BD0816764
:10DBA8000A462946222780F8906063F30F01C0F8DF
:10DBB800945063F31F41C167D0F8840084F89170D2
:10DBC8001E4F216807641E4F1C310565C7631D4F32
:10DBD800C764F9F703FD20BB636C6268082B24D087
:10DBE800052161202368023A012A98BF01461A6973
:10DBF8000A431A611A6842F400321A601A68D2039A
:10DC080003D41A6842F480321A6000231E4684F84E
:10DC180090303046F8BD02263046F8BD0126304621
:10DC2800F8BD304684F89050F8BD22F00203012B6D
:10DC38000BBF1521052171206120D3E72DDD0024BC
:10DC4800C9DC00243DDD0024704700BF08B5C36966
:10DC5800806BB3F5807F1BD003684FF0000C416CDC
:10DC68001A680829A0F87EC022F400321A604268B7
:10DC780011D06FF0610C6FF00501023A012A98BFCC
:10DC880061461A694FF0010C0A401A6180F891C088
:10DC9800FFF7DAFF08BD22F0020101290BBF6FF080
:10DCA800710C6FF0610C6FF015016FF00501E4E77E
:10DCB800704700BF806B08B5FFF7FAFF08BD00BFCB
:10DCC80008B5C369806BB3F5807F1BD003684FF03C
:10DCD800000C416C1A68082922F400321A60426864
:10DCE800A0F87EC011D06FF0610C6FF00501023A08
:10DCF800012A98BF61461A694FF0010C0A401A615F
:10DD080080F891C0F7F738F908BD22F0020101291F
:10DD18000BBF6FF0710C6FF0610C6FF015016FF0B5
:10DD28000501E4E7806B08B5F7F7EAF808BD00BF1E
:10DD3800704700BF10B5846BFAF784FB022823D024
:10DD4800D4F89420216842F08002134B1348C4F899
:10DD580094201B680A68A0FB030322F400321B0B03
:10DD68000A600A689B0022F480320A606BB10A6874
:10DD7800013BD203FAD401220023204684F89120E3
:10DD8800A4F87E30FFF7D4FF10BDD4F8943043F0E8
:10DD98004003C4F89430EEE7740300201BECCB95E5
:10DDA80018B338B590F82C3004460D4603F0FF023E
:10DDB800B3B12146022384F82C3051F8040B00F04B
:10DDC80099FB62682946206800F0D2FB084A0121C5
:10DDD8000020136843F00043136084F82C1038BD0A
:10DDE80080F82D20F3F7C2FFE3E70120704700BF5A
:10DDF8000040005270B590F82C300446022BD8B27F
:10DE080004D000F0FB06012E01D0012070BD0223D2
:10DE18000D46206884F82C3000F0F6FB2B68022BA6
:10DE280003D0002084F82C6070BD0523002084F8FE
:10DE38002C3070BD38B590F82C300446022BD8B27F
:10DE480005D094F82C30012BDDB201D0012038BD6B
:10DE58000223206884F82C3000F0EEFB002084F8C0
:10DE68002C5038BD002800F0A58038B590F83D301A
:10DE7800044603F0FF02002B76D0226802234E49A5
:10DE8800B2F1804F84F83D30A2EB01011368B1FA7A
:10DE980081F14FEA511127D031BB4848484D8242A1
:10DEA80067D000F58060824263D0551B00F5806022
:10DEB800B5FA85F582424FEA551563D0002D61D138
:10DEC800404841498A4218BF824265D001F58061C5
:10DED8008A4261D0A06923F08003E168034313609C
:10DEE8006368D162936223E0354D23F07003A06824
:10DEF800551B0343B5FA85F56D09206923F4407372
:10DF08000343A06923F0800303431360E368D362EB
:10DF18006368936251B94DB92A492B4B9A4218BF8D
:10DF28008A4203D003F580639A4201D1636913637F
:10DF380001230020536184F8483084F83E3084F887
:10DF48003F3084F8403084F8413084F8423084F817
:10DF5800433084F8443084F8453084F8463084F8F7
:10DF6800473084F83D3038BD80F83C2002F0E8FEA8
:10DF780083E7551B23F07003A068B5FA85F50343C2
:10DF88006D09BAE7A06823F0700303430F48824283
:10DF9800B3D0002DB1D193E7206923F44073A16970
:10DFA8000343E06823F080030B4361681360D06289
:10DFB8009162B1E701207047000001400004004071
:10DFC800000401400040014000440140000C0040B2
:10DFD80090F83D30012B3DD10268234B2349B2F123
:10DFE800804F18BF9A4230B40CBF01230023204D44
:10DFF8000224AA4208BF43F0010380F83D401D4CAB
:10E008008A4208BF43F001031B4801F58051A24230
:10E0180008BF43F00103824208BF43F001038A426C
:10E0280008BF43F0010333B900F57050101AB0FA75
:10E0380080F0400998B19168104B0B40062B0BD02B
:10E04800B3F5803F08D01368002043F00103136044
:10E0580030BC704701207047002030BC70471368FF
:10E0680043F001031360F3E700000140000800409B
:10E0780000040040000C00400004014007000100BB
:10E0880090F83D30012B41D102680221244BB2F1B6
:10E09800804F18BF9A4230B40CBF01230023214D92
:10E0A800214CAA4208BF43F0010380F83D10D16813
:10E0B800A24208BF43F0010304F5806441F0010166
:10E0C8001A48A24208BF43F00103D160824208BF48
:10E0D80043F0010316498A4208BF43F0010333B9EC
:10E0E80000F57050101AB0FA80F0400998B19168A4
:10E0F800104B0B40062B0BD0B3F5803F08D01368AC
:10E10800002043F00103136030BC704701207047C2
:10E11800002030BC7047136843F001031360F3E735
:10E1280000000140000400400008004000040140D5
:10E13800001800400700010090F83C30012B00F067
:10E1480081800246022370B40468012082F83D30C1
:10E1580082F83C005A4BA5682B40A3600B68702BD3
:10E1680000F09C8025D8502B6ED039D9602B18D15F
:10E17800206A4D6820F01000C96820620020A36959
:10E1880023F4704343EA0133216A21F0A001A3611B
:10E198004C4B41EA05112162A1680B4043F067032B
:10E1A800A3600121002382F83D1082F83C3070BC46
:10E1B8007047B3F5005F60D033D943498B4206D02E
:10E1C80029D942498B4202D010318B42E9D1A0684B
:10E1D8003C49014000200B4343F00703A360E0E7FC
:10E1E800402B23D1236A256A486823F00A0325F0C7
:10E1F8000105CE681843334B2562A16921F0F0016F
:10E2080041EA0611A16120620020A1680B4043F099
:10E218004703A360C5E723F01001B1F5801FC0D103
:10E22800D5E7B3F5805018BF0120BAE7B9D8202B3D
:10E23800CDD003D9302BCAD00120B2E733F010017A
:10E24800AFD1C4E702207047236A256A486823F0E3
:10E258000A0325F00105CE6818431A4B2562A16907
:10E2680021F0F00141EA0611A16120620020A168B5
:10E278000B4043F05703A36093E7D1E90153A0682B
:10E288002B43CD6820F47F41002043EA05230B434C
:10E29800A360A36843F48043A36082E7D1E90153F4
:10E2A800A0682B43CD6820F47F41002043EA052372
:10E2B8000B43A360A36843F07703A36071E700BF33
:10E2C8008800CEFF8FFFCFFF200010003000100025
:10E2D800704700BF704700BF704700BF704700BF5E
:10E2E800036870B5DE6805461C69A10701D5B20749
:10E2F80054D4620701D573073DD4200701D53107EF
:10E3080027D4E30601D5F00610D4E10701D5F207BA
:10E3180062D4230652D5300666D4600601D571064C
:10E3280073D4A20601D5B3064DD470BD2B686FF027
:10E33800100228461A6108222A77DB6913F4407F05
:10E3480074D1FFF7C5FF2846FFF7C6FF00232B77D8
:10E35800DBE72B686FF0080228461A6104222A7747
:10E36800DB699A075FD1FFF7B3FF2846FFF7B4FFD1
:10E3780000232B77C5E72B686FF0040228461A6143
:10E3880002222A779B6913F4407F49D1FFF7A0FF47
:10E398002846FFF7A1FF00232B77AEE76FF00202B4
:10E3A8001A61012202779B69990736D1FFF790FF1E
:10E3B8002846FFF791FF00232B779AE7E205ACD5B3
:10E3C80033061AD4A9E72B686FF0200228461A6191
:10E3D800BDE8704000F088B82B686FF0010228464D
:10E3E8001A6102F09DFD94E72B686FF080022846C1
:10E3F8001A6100F07BF8E1058FD52B686FF4807205
:10E4080028461A6100F074F887E72B686FF040021D
:10E4180028461A61FFF762FF83E7FFF75BFFCAE749
:10E42800FFF758FFB7E7FFF755FFA1E7FFF752FFE0
:10E438008CE700BF90F83C30012B4BD003680246B4
:10E44800022030B4244D82F83D00AB4258689C68E5
:10E4580029D005F58065AB4225D0204D20F070000D
:10E46800AB4218BFB3F1804F05F580650CBF4FF084
:10E47800010C4FF0000CAB4208BF4CF0010C05F545
:10E488008065AB4208BF4CF0010C0D682843144D61
:10E498005860AB4214BF60464CF0010060B91148A7
:10E4A800834209D00DE04D6820F4700028430D68C0
:10E4B80020F0700028435860896824F080040C43D9
:10E4C8009C6000230121184682F83D1082F83C30F8
:10E4D80030BC704702207047000001400004004033
:10E4E8000018004000400140704700BF704700BF5F
:10E4F800704700BF0B6810B4D3B90468A3F5004394
:10E508004A6823401343D1E9024223431343D1E924
:10E51800044223431343D1E9064223431343D1E979
:10E52800084223435DF8044B1343036000207047FF
:10E538000268D1E9074322F4F84222434C6A1A439D
:10E548000A4B2243026042681340D1E90142234347
:10E558001343D1E9034223431343D1E9054223433B
:10E568005DF8044B13434360002070470080FFFFB1
:10E5780030B40ABB8368D1E9002403F07043013C3E
:10E58800013A43EA04131343D1E90224013A013C56
:10E5980043EA022343EA0432D1E904348969013B9E
:10E5A800013C013942EA034343EA045343EA016365
:10E5B80030BC8360002070478268CC68114B013CF6
:10E5C80013404A6943EA0433541E43EA0454D1E928
:10E5D80000258460C3686C1E013A03F0704343EA67
:10E5E80004130C691A438B68013C8969013B0139A2
:10E5F80042EA032343EA044343EA016330BCC360AD
:10E6080000207047FF0F0FFF10B4D1E90034024615
:10E6180000692343D1E9021443EA4423054C013934
:10E628000440002023435DF8044B43EA411313617F
:10E63800704700BF0000C0FF0246054B002010B421
:10E64800546923405DF8044B43EA41015161704726
:10E6580001C0FFFF022A03460BD04FF4105CD968B3
:10E66800002021F47051D960DA6842EA0C02DA60BD
:10E678007047234A23480A4482422CD9224A234815
:10E688000A4482422AD9224A22480A44824228D984
:10E69800214A22480A44824226D3214A21480A4470
:10E6A800824224D9204A21480A44824222D3204A5D
:10E6B80020480A448242D0D31F4A20480A44824252
:10E6C8001BD31F4A1F480A44824234BF4FF4E05C00
:10E6D8004FF4C05CC3E74FF4705CC0E74FF4605C74
:10E6E800BDE74FF4505CBAE74FF4405CB7E74FF42E
:10E6F800305CB4E74FF4205CB1E74FF4005CAEE760
:10E70800405327FFFF340C00401E1BFF3F420F0001
:10E7180000DC0BFF7F4F1200808CF9FE20D613001F
:10E7280060B6E5FE5FE3160000D3CEFE40771B001F
:10E73800C05BB3FEC091210000CA91FE207538006D
:10E74800E05459FEE09C410082B00023124A019334
:10E7580002E00369002B08DB019B01330193019B55
:10E768009342F6D9032002B07047890100230A4A70
:10E7780041F020010193016103E0036913F02003D4
:10E7880006D0019B01330193019B9342F5D9E9E738
:10E79800184602B0704700BF400D030082B0002346
:10E7A800114A019302E00369002B08DB019B013346
:10E7B8000193019B9342F6D9032002B070470021D0
:10E7C8001023094A0191036103E0036913F0100360
:10E7D80006D0019B01330193019B9342F5D9EBE7E6
:10E7E800184602B0704700BF400D0300D0F8083843
:10E7F80013F0060004D013F0020F14BF02200F20FC
:10E80800704700BF30B44B780A78012B20D002F053
:10E818000F0C4FF48033D0F81C4800EB421203FA77
:10E828000CF32343C0F81C38D2F8003B1B040CD46B
:10E838008B68D2F8004BC3F30A03087914492343C1
:10E8480043EA80431943C2F8001B002030BC7047DC
:10E8580000F5006402F00F0500EB4210AB40E569DB
:10E868002B43E361D0F800391C04EED48B68D0F850
:10E878000059C3F30A030C7905492B4343EA84433F
:10E8880043EA8252114330BCC0F800190020704797
:10E89800008000102DE9F0414B780C78012B45D011
:10E8A80000EB44139A4E9B4DD3F8107B03F5306C64
:10E8B8003E40C3F8106BD3F8106B3540C3F8105BBB
:10E8C8007CBB0C69002C40F093808C680C62DCF8EF
:10E8D8001050C4F31204012A44EA0504CCF810408D
:10E8E800DCF8104044F40024CCF8104000F0A1807B
:10E8F8000A79012A0CD1D0F8082812F4807FD3F8BD
:10E90800002B0CBF42F0005242F08052C3F8002B9B
:10E91800D3F8002B002042F00442C3F8002BBDE8D6
:10E92800F0810C69002C66D18C68D0E70B6900EB8C
:10E9380044162BBBD6F810C9012A764F744D0CEA41
:10E948000707C6F81079D6F8107947F40027C6F8F3
:10E958001079D6F8107905EA0705C6F8105906F5B2
:10E9680010650F7900F0B180D6F800C9012F4CF07E
:10E97800044CC6F800C900F088800020BDE8F0818A
:10E98800D6F810C9624F634D0CEA0707C6F810792C
:10E99800D6F810793D40C6F8105906F51065002CD8
:10E9A8004ED18F68BB4200F2A0802F6947F4002740
:10E9B8002F61D5F810C0C3F3120747EA0C072F617F
:10E9C8000F79012F4DD0012A00F08A80D6F800294E
:10E9D80042F00442C6F80029002BCED004F00F0202
:10E9E8000124D0F8343894401C43C0F83448C4E7B4
:10E9F8008C680C616AE78D68012A474E2C4404F143
:10EA0800FF34B4FBF5F4A4B204FB05F506EAC444EC
:10EA1800DCF810600D62C5F3120544EA0604CCF870
:10EA28001040DCF8104045EA0405CCF810507FF49B
:10EA38005FAFCA68002A3FF45BAFCCF8142057E7F1
:10EA4800D1F808E0344F03EB0E0CD5F810800CF128
:10EA5800FF3CBCFBFEFC07EACC4747EA08072F61EE
:10EA6800A7E7D5F810C0012A2CF0C04CC5F810C093
:10EA7800D5F810C04CF0005CC5F810C038D0D6F8F6
:10EA8800007947F00447C6F80079D0F8086816F40A
:10EA9800807F2E680CBF46F0005646F080562E60E8
:10EAA800002A7FF46AAF9BB203339A083FF465AF3C
:10EAB800CB6800EB043003EB820100F5805053F87B
:10EAC800042B8B420260FAD157E7CB695BB9012F5F
:10EAD80011D02B68002043F004432B60BDE8F0817F
:10EAE800CB69002BF5D06B61F1E73B460F615CE722
:10EAF800CB69002BF7D1D0F8083813F4807F2B6846
:10EB08000CBF43F0005343F080532B60E1E700BF94
:10EB18000000F8FFFFFF07E00000F81F002382B0A5
:10EB280001934B78012B0B7820D000F5306000EB77
:10EB380043100368002B02DB002002B07047036813
:10EB480042F2107243F000630360036843F08043AD
:10EB5800036002E00368002BEEDA019B01330193A6
:10EB6800019B9342F6D9012002B0704700F510606E
:10EB780000EB43131A68002ADEDA1A6842F21071B1
:10EB880042F000621A601A6842F080421A6002E09D
:10EB98001A68002AD0DA019A01320192019A8A424F
:10EBA800F6D9E0E710B49DF8044064B903339B0834
:10EBB80009D0013201EB830300EB023051F8042B3A
:10EBC8008B420260FAD100205DF8044B704700BF09
:10EBD8005FEA920C70B5054602F003061CD000F5FA
:10EBE800805E0A4600230133DEF800409C4542F867
:10EBF800044BF8D101EB8C006EB105F58055731EFE
:10EC08002A689BB202702BB1110A012B417001D006
:10EC1800120C8270304470BD0846EDE74A780B78D4
:10EC2800012A00EB43100CD0D0F8002B0BB1002ABE
:10EC380014DAD0F8003B43F40013C0F8003B00207E
:10EC48007047D0F80029002A00DB73B9D0F80039E2
:10EC580043F40013C0F8003900207047D0F8003B97
:10EC680023F08043C0F8003BE3E7D0F8003923F0F5
:10EC78008043C0F80039D0F8003943F40013C0F8D5
:10EC88000039E9E74A780B78012A00EB431013D0E2
:10EC9800D0F8003B23F40013C0F8003B0B79023B8B
:10ECA800012B01D900207047D0F8003B43F0805376
:10ECB800C0F8003B00207047D0F8003923F4001357
:10ECC800C0F800390B79023B012BEBD8D0F800399A
:10ECD80043F08053C0F8003900207047034609010B
:10ECE8000020D3F8002801F4FE6122F4FE62C3F884
:10ECF8000028D3F800281143C3F80018704700BF54
:10ED0800426980691040704700EB4111D1F808054D
:10ED1800D1F80C3518407047D0F81838D0F81C08CE
:10ED28001840000C704700BFD0F81838D0F81C08FD
:10ED3800184080B2704700BF00EB411100F5006039
:10ED4800D1F8082B40691040704700BFD0F8102850
:10ED5800D0F8343800EB411001F00F01D0F8080961
:10ED6800CB40DB01DBB2134318407047406900F029
:10ED7800010070470346094A002003F5006110B4FA
:10ED8800D3F8004922405DF8044BC3F80029D3F8B2
:10ED9800043843F480734B60704700BF00F8FFFFEE
:10EDA800144B10B4046C9C421AD800F53060002350
:10EDB80001290361036943F400230361036943F0F4
:10EDC80018030361036943F0C043036104D142613E
:10EDD800036843F08023036000205DF8044B70470C
:10EDE800D0F8003B00F53060002BE0DA00205DF839
:10EDF800044B70470A30544FD0F8002401F0030345
:10EE0800012900F5806C22F00302C0F80024D0F834
:10EE1800002443EA0203C0F8003409D0022905D1CE
:10EE280041F270730020CCF804307047012070471D
:10EE38004BF680330020CCF804307047D0F8140427
:10EE480080B2704700EB4111002310B483B001F584
:10EE5800A06C0193D1F80035D1F8004582689B0C6D
:10EE6800920601D5002C25DA13F0010FD1F80035F0
:10EE780043F08043C1F8003521D0D0F8103413F4A2
:10EE88007F0FD1F800353AD123F00043C1F800359F
:10EE9800D1F8003543F00043C1F8003503E0DCF851
:10EEA8000030002B06DA019B01330193019BB3F577
:10EEB8007A7FF4D9002003B05DF8044B704783686B
:10EEC8009B0625D4C36A13F47F0FD1F8003516D1F9
:10EED80023F00043C1F80035D1F8003543F0004372
:10EEE800C1F8003503E0DCF80030002BE2DA019BC2
:10EEF80001330193019BB3F57A7FF4D9DAE743F044
:10EF080000430020C1F8003503B05DF8044B70479A
:10EF1800D1F80035002043F00043C1F8003503B0B4
:10EF28005DF8044B704700BF10B4002485B0764AE2
:10EF380001460194836823F001038360029403E08F
:10EF48000B69002BC0F2BB80029B01330293029B2A
:10EF58009342F5D9012000236B4A039303E00B6920
:10EF6800002BC0F2BF80039B01330393039B9342A2
:10EF7800F5D90120D1F8003501F5A06201F5E06C62
:10EF880023F0802343F08043C1F80035D1F82035C1
:10EF980023F0802343F08043C1F82035D1F8403571
:10EFA80023F0802343F08043C1F84035D1F8603521
:10EFB80023F0802343F08043C1F86035D1F88035D1
:10EFC80023F0802343F08043C1F88035D1F8A03581
:10EFD80023F0802343F08043C1F8A035D1F8C03531
:10EFE80023F0802343F08043C1F8C035D1F8E035E1
:10EFF80023F0802343F08043C1F8E035D1F8003690
:10F0080023F0802343F08043C1F80036D1F820363E
:10F0180023F0802343F08043C1F82036D1F84036EE
:10F0280023F0802343F08043C1F84036D1F860369E
:10F0380023F0802343F08043C1F86036D1F880364E
:10F0480023F0802343F08043C1F88036D1F8A036FE
:10F0580023F0802343F08043C1F8A036D1F8C036AE
:10F0680023F0802343F08043C1F8C036D1F8E0365E
:10F0780023F0802343F08043C1F8E036136823F47B
:10F08800004343F04043136002E01368002B06DAA4
:10F09800019B01330193019BB3F57A7FF5D92032A7
:10F0A8006245EBD14FF0FF33C1F814344B618B68E4
:10F0B80043F001038B6005B05DF8044B70470020F6
:10F0C8004FF48463104A02900B6104E0086910F061
:10F0D80020003FF440AF029B01330293029B93420E
:10F0E800F4D937E700241023074A03940B6103E09F
:10F0F8000B69DB067FF53EAF039B01330393039B4C
:10F108009342F5D935E700BF400D0300D0F8B83277
:10F118000BB11B6818471846704700BF08B5D0F8F0
:10F12800B8325B689847002818BF032008BD00BFA5
:10F1380038B500F2AA250446284600F007FCB4F8C2
:10F14800B03294F8AA120122C4F8983201F01F03D1
:10F15800C4F89422934209D0022B13D063B12046FD
:10F1680001F08001BDE83840F6F72EBC294620465C
:10F17800BDE8384000F0F8BA29462046BDE83840D6
:10F1880000F042B929462046BDE8384000F02EBBC1
:10F1980070B5044631B90B46D0F89412032910D043
:10F1A800002070BD90F89C32032BF9D1D0F8B8320A
:10F1B8009B69002BF4D00022BDE87040C0F8D4222F
:10F1C8001847D0E95715A94208D890F89C22032A75
:10F1D8000FD0204600F0E8FB002070BD4B1B114605
:10F1E8002A469D42C0F85C3128BF1A4600F0D2FB7F
:10F1F800D6E7D0F8B8221269002AEAD0C0F8D4328B
:10F208009047E6E770B5044659B9D0F89432022B16
:10F2180016D094F8A03213B1002384F8A03200204D
:10F2280070BD90F89C32032BF9D1D0F8B8325B69E5
:10F23800002BF4D00022BDE87040C0F8D422184753
:10F24800D0E907360D46B34210D81CD094F89C324A
:10F25800032B2BD080212046F6F7B6FB204600F082
:10F26800AFFB94F8A032002BD9D0D5E79B1B1146F1
:10F27800C3611A4600F084FB2B462A4629462046DD
:10F28800F6F7EEFBC5E782699342DFD8D0F89832EB
:10F298009A42DBD20A4600F073FB2B462A462946DF
:10F2A8002046C4F89852F6F7DBFBB2E7D4F8B83238
:10F2B800DB68002BCED000222046C4F8D422984721
:10F2C800C8E700BFF8B500210122D0F8B8320446DB
:10F2D80080F89C224160C0F89412C0F8A41280F80B
:10F2E800A0121BB15B680BB19847B0B90027402347
:10F2F8000022012620461D461146F6F753FB002240
:10F308002B4680212046A4F86461C4F86051F6F7C2
:10F3180049FB3846A6842562F8BD0327E7E700BF06
:10F32800034600201974704790F89C220346042A6B
:10F3380004D090F89C22D2B280F89D2204220020AA
:10F3480083F89C22704700BF90F89C32042B04D1AC
:10F3580090F89D32DBB280F89C320020704700BFE5
:10F3680090F89C22032A01D00020704708B5D0F8F5
:10F37800B83213B1DB6903B19847002008BD00BF5C
:10F38800D0F8D422AE3250F822205AB108B590F8FD
:10F398009C32032B01D0002008BD136A23B1984783
:10F3A800002008BD03207047184608BDD0F8D422B5
:10F3B800AE3250F822205AB108B590F89C32032B8F
:10F3C80001D0002008BD536A23B19847002008BD2A
:10F3D80003207047184608BD002070470121D0F867
:10F3E800B82280F89C1242B15268017908B590475A
:10F3F80008B9002008BD032008BD0020704700BFE1
:10F408000020704700207047F0B50C7883B00E4696
:10F41800054604F06004202C0ED0402C0CD0BCB162
:10F4280080212846F6F7D0FA002128460C46F6F740
:10F43800CBFA204603B0F0BDD5F8D4323146284681
:10F44800AE3355F823309B6803B0BDE8F040184749
:10F458004B78092BE4D801A252F823F0C5F4002414
:10F46800F3F4002429F4002411F5002429F40024DD
:10F4780033F500246BF5002429F400249DF50024BD
:10F488008DF400248978B34E0129317000F250813F
:10F4980090F89C32022BDFB200F00E81032F00F0AF
:10F4A8001F8180210324F6F78FFA00212846F6F7FA
:10F4B8008BFA31782846FFF731FEBAE790F89C229C
:10F4C800013A022A26D8CA88022A23D10121D0F873
:10F4D800A422C1600AB10322C260022205F10C0114
:10F4E80028461C4600F03EFAA3E790F89C32013B00
:10F4F800022B0FD84B88012B9BD100232846C5F837
:10F50800A43200F051FA94E74B88012BF6D0022B75
:10F5180000F0078180212846F6F756FA0021284690
:10F52800F6F752FA204603B0F0BD8B88002BF1D1D4
:10F53800CB88002BEED14E887F2EEBD890F89C32EA
:10F54800032BE7D0F1B280F89E12F6F76DFA284641
:10F5580000F02AFA002E40F0E080012385F89C3262
:10F5680067E700234A88ADF80630130A013B062BEB
:10F57800D0D801A151F823F029F600240FF6002471
:10F5880039F600241DF500241DF50024FBF50024A0
:10F59800C3F50024CA88012ABCD190F89C1202291C
:10F5A800CBB200F28280002B3FF43AAF0146002331
:10F5B80041F8083F00F0D6F93BE7037C002BA9D1BE
:10F5C800D0F8B8320DF106001B6B9847072343703B
:10F5D800F288002A65D0BDF80630002B9AD09A42EE
:10F5E8000146284628BF1A46ADF8062000F0BAF9A9
:10F5F8001FE7037C002B8DD1D0F8B8320DF106003F
:10F608005B6B9847E4E7037C002B40F09A80D0F8C6
:10F61800B8320DF106009B6A984702234370D7E77A
:10F62800D0F8B4320DF10601007C1B689847CFE78B
:10F63800D2B2052A3FF66EAFDFE802F026201A1490
:10F648000E03D0F8B4329B69002B3FF463AF0DF181
:10F658000601287C9847BBE7D0F8B4325B69002BD9
:10F66800F5D157E7D0F8B4321B69002BEFD151E739
:10F67800D0F8B432DB68002BE9D14BE7D0F8B432CC
:10F688009B68002BE3D145E7D0F8B4325B68002BC8
:10F69800DDD13FE7022341600C4680F89C32FFF73A
:10F6A8003DFD284600F080F9C3E6032B7FF4B8AE91
:10F6B800011D00F057F9BCE60029F2D00121416094
:10F6C800FFF724FD0446002846D080212846F6F797
:10F6D8007BF900212846F6F777F985F89C72A8E6A9
:10F6E8000029D7D041680129DBD0C9B2FFF716FD40
:10F6F800317828466960FFF709FD06460028D0D012
:10F7080080212846F6F760F9002128463446F6F7A6
:10F718005BF929792846FFF701FD022385F89C3219
:10F7280087E68B881B0A80F8A03200F03DF980E656
:10F7380080210324F6F748F900212846F6F744F912
:10F7480077E6D0F8B8320DF10600DB6A9847022355
:10F7580043703DE700210020284600F025F90323E7
:10F7680085F89C3265E600BF38B50B780D4604462F
:10F7780003F06002402A0BD05B0609D500258021E2
:10F78800F6F722F920462946F6F71EF9284638BD2D
:10F7980094F89C32013B022B02D8297901290AD915
:10F7A80080212046F6F710F9002120460D46F6F78D
:10F7B8000BF9284638BD2046FFF722FE90B9D4F849
:10F7C800B8329B6873B12946C4F8D40220469847DA
:10F7D800EB880546002BD9D10028D7D1204600F068
:10F7E800E3F8D3E70325284638BD00BF30B50C46FB
:10F7F8008A8883B005462378D1B203F06003202BB2
:10F808001ED0402B1CD06BB380212846F6F7DCF8BD
:10F8180000212846F6F7D8F8002003B030BD90F84C
:10F828009C32022BDAB259D0032AEDD16388002B1F
:10F83800F2D14B067ED12846019100F0B5F8019926
:10F848002846FFF7DFFD0028E6D1D5F8B832C5F81D
:10F85800D4029B68002BDFD02146284603B0BDE8C0
:10F86800304018476378012BD9D0032B24D0002BC4
:10F87800CAD190F89C32022BD8B238D00328C3D111
:10F8880001F00F03120603EB830305EB83033FD458
:10F89800B3F86431002BB7D001F07F03142404FBC4
:10F8A800035404F5AA74002B3ED12360022221469A
:10F8B800284600F057F8AFE790F89C32022BDAB2EE
:10F8C8000CD0032AA0D1638823B9480602D0E38864
:10F8D800002B36D0284600F067F89DE74A0693D0FB
:10F8E800F6F772F880212846F6F76EF894E748068E
:10F8F8008AD111064FF000034FF0020228464CBF90
:10F9080005F1140105F5AA710B6000F02BF883E7E7
:10F918009B8C002B3FF478AF01F07F035C1C04EB59
:10F92800840405EB8404BEE72846F6F769F830B18D
:10F938000123BAE70191F6F755F801997BE72060B2
:10F94800B4E72846F6F740F8C4E700BF0B78037021
:10F958004B7843704B8843808B888380CB88C380E7
:10F96800704700BF10B5134602240A460021C0F8AC
:10F978009442C0E90633F6F765F8002010BD00BFD1
:10F988008C46002108B513466246F6F75BF800205E
:10F9980008BD00BF8C46002108B513466246F6F73D
:10F9A8005FF8002008BD00BF002310B504241A46E4
:10F9B8001946C0F89442F6F745F8002010BD00BF7C
:10F9C800002310B505241A461946C0F89442F6F7E4
:10F9D80047F8002010BD00BFD0F8C8230132C0F896
:10F9E800C82302780B2A00D07047D0F88033002B48
:10F9F800FAD09B69184700BF012380F8233370476A
:10FA0800002380F823337047034600220121104663
:10FA180083F8201383F8212383F82223704700BF3B
:10FA280038B501230025044680F8213380F8235394
:10FA380080F82053F6F738F82179204600F006F8C8
:10FA48006179204600F002F8284638BD0A2907D80F
:10FA580000EB8100D0F88833C3F30E03C0F8883375
:10FA6800002070470C4A82B00C4BD2F8DC1041F0F1
:10FA78004001C2F8DC10D2F8DC2002F0400201920A
:10FA8800019A1A6822F020021A601A6842F00402E9
:10FA98001A6002B0704700BF0044025800180248BC
:10FAA80070B5002304464FF4806204214FF44035BA
:10FAB8003448C4F83821C4F8D410C4F83431C4F830
:10FAC8004C113149C4F8B000C4F82811C4E92F32E8
:10FAD800C4E93133C4E93335C4E93733C4E94F33B2
:10FAE800C4E95135C4E95533A2680323C4F8D830B2
:10FAF800C4F85031042A0AD8DFE802F01F262D3452
:10FB0800030055225623C4F8B420C4F82C3100222F
:10FB1800402304F1B005C4F8B8202846C4F83031B1
:10FB2800F7F7EEFA08B1FFBEFEE704F59476304623
:10FB3800F7F7E6FAE8B1FFBEFEE725222623C4F868
:10FB4800B420C4F82C31E2E727222823C4F8B420D3
:10FB5800C4F82C31DBE73D223E23C4F8B420C4F8B6
:10FB68002C31D4E753225423C4F8B420C4F82C31E0
:10FB7800CDE704F12803C4E92865C4F8E830C4F8DF
:10FB8800603170BD40040240580402402DE9F04F36
:10FB9800814683B00E4617461D4600F128042046CC
:10FBA80003F058F901288246F9D14846FFF778FF53
:10FBB8008046002835D1EFF31083019372B6DFF841
:10FBC80088B00C9B99F90820DFF880A0DFF88090B6
:10FBD800CBF800300D9B89F80020CAF800300DB131
:10FBE8001846A847BAB23146204602F0C5FC30B9DB
:10FBF800019B03B962B6404603B0BDE8F08F00230D
:10FC0800CBF80030CAF80030FF2389F800300C9B8D
:10FC18008BB101210D9888469847019B002BEAD1AA
:10FC2800E8E70C9B53B1D0460D985146984740469B
:10FC380003B0BDE8F08F4FF00108D9E7D046404641
:10FC480003B0BDE8F08F00BF242B00202C2B002030
:10FC5800282B00202DE9F04F814683B00E46174629
:10FC68001D4600F12804204603F0F4F801288246D6
:10FC7800F9D14846FFF714FF8046002835D1EFF345
:10FC88001083019372B6DFF888B00C9B99F90820AD
:10FC9800DFF880A0DFF88090CBF800300D9B89F862
:10FCA8000020CAF800300DB11846A847BAB231464C
:10FCB800204602F021FD30B9019B03B962B64046E7
:10FCC80003B0BDE8F08F0023CBF80030CAF800304D
:10FCD800FF2389F800300C9B8BB101210D988846D1
:10FCE8009847019B002BEAD1E8E70C9B53B1D0461B
:10FCF8000D9851469847404603B0BDE8F08F4FF045
:10FD08000108D9E7D046404603B0BDE8F08F00BFF0
:10FD1800242B00202C2B0020282B00202DE9F04F2D
:10FD2800814683B00F461646984600F128042046BF
:10FD380003F090F80128FAD182464846FFF7B0FE52
:10FD48000546002838D1EFF31083019372B699F96C
:10FD58000830DFF88890DFF888B089F800300D9B0C
:10FD6800DFF880A0CBF800300E9BCAF800300C9B5F
:10FD78000BB10E9898471FFA88F33A463146204649
:10FD880002F084FD30B9019B03B962B6284603B07E
:10FD9800BDE8F08F0023CBF80030CAF80030FF230D
:10FDA80089F800300D9B8BB101210E980D469847BC
:10FDB800019B002BEAD1E8E70D9B4BB155460E9805
:10FDC80051469847284603B0BDE8F08F0125DAE789
:10FDD8005546284603B0BDE8F08F00BF282B002009
:10FDE800242B00202C2B00202DE9F041022286B084
:10FDF8000026044605690496CDE90226D0E9027278
:10FE0800BF000AB3022D00F0C8802078B5FA85F546
:10FE18000126D4F820800B284FEA551521D1A07867
:10FE28000B2801D0002E3AD120790B2801D0002DC3
:10FE38005ED1A079B8F1000F02D00B2840F0848081
:10FE4800002006B0BDE8F08135F002032078D4F830
:10FE580020800CBF01260026023D18BF01250B2873
:10FE6800DDD0764B617853F827301A780B2A02D008
:10FE7800904200F09A80DA7803F1030C0B2A02D042
:10FE8800824200F0A2809A7903F1060C824202D1E4
:10FE98000B2A40F0A080012006B0BDE8F0817A1C52
:10FEA800664BE17853F822301A780B2A02D0904238
:10FEB80000F09A80DA78DE1C0B2A02D0904200F01B
:10FEC800AC809A799E1D9042E5D10B2AE3D0DB796C
:10FED8008B42E0D133469B780A28059340F289800B
:10FEE800002001238B4001A90193F8F7ADFA9BE7A5
:10FEF800BA1C524B617953F822301A780B2A01D078
:10FF080090427AD0DA78DD1C0B2A02D0904200F0B9
:10FF18008A809A799D1D9042BDD10B2ABBD0DB798E
:10FF28008B42B8D12B469B780A28059369D90020C3
:10FF380001238B4001A90193F8F786FAA079B8F15B
:10FF4800000F7FF47AAF7BE73C4B0337E47953F833
:10FF580027301A780B2A01D0904256D0DA78D91C6B
:10FF68000B2A01D0904264D09A79991D904292D17F
:10FF78000B2A90D0DB79A3428DD10B469B780A28B7
:10FF8800059346D90020012301A9A3400193F8F75E
:10FF98005BFA002006B0BDE8F08100780125D4F8AE
:10FFA80020800B283FF440AF5BE75A788A427FF401
:10FFB80062AF9B780A28059312D9002001238B4051
:10FFC80001A90193F8F740FA29E71A798A427FF4E0
:10FFD8005AAF6346EDE7DB798B427FF45CAFF8E715
:10FFE800174B03EB8020E9E75A788A427FF462AF27
:08FFF80071E7134B03EB8020BD
:020000042401D5
:1000000073E75A788A4281D191E70F4B03EB802046
:1000100092E75A78A242A5D1B4E70B4B03EB8020BC
:10002000B5E71A798A427FF450AF334657E71A7919
:100030008A427FF472AF2B4679E71A79A24297D1B0
:100040000B469FE76448012400000258B04A036849
:10005000934200F05F83A2F57842934200F05C8304
:1000600002F58062934200F0598302F57842934290
:1000700000F0568302F5E052934200F05383A54A04
:10008000934240F051830521A34B10B54FF4D07437
:10009000B2B001FB04F41A5D1C440A2A19D8DFE847
:1000A00012F02B03AB02B902C902D702E502F30238
:1000B00001030F031D030B00984AD2F8E00040F43F
:1000C0008060C2F8E000D2F8E02002F48062319251
:1000D000319AA2780A2A19D8DFE812F0E200F0007B
:1000E000FE000C0122013001CA01D801E601F40131
:1000F0000B008A4AD2F8E00040F48060C2F8E000C9
:10010000D2F8E02002F480622692269A22790A2A06
:1001100019D8DFE812F0E501F30101020F021D0218
:100120002B0239024702550263020B007B4AD2F8C8
:10013000E00040F48060C2F8E000D2F8E02002F471
:1001400080621B921B9AA2790A2A19D8DFE812F062
:1001500020012E013C014A0158016601740182010F
:10016000040112010B006D4AD2F8E00040F48060F7
:10017000C2F8E000D2F8E02002F480621092109AF7
:100180004FF4D07202FB01339B68052B11D8DFE8D6
:1001900003F0192F455B7103604BD3F8F42042F054
:1001A0002002C3F8F420D3F8F43003F020030593C1
:1001B000059B2046FFF71CFE012801D032B010BD80
:1001C000FFBEFEE7554B00222320D3F8F01041F488
:1001D0008051C3F8F0101146D3F8F03003F4805387
:1001E0000093009BF6F7DEFB2320F6F719FCE0E70F
:1001F0004A4B00222420D3F8E81041F48041C3F890
:10020000E8101146D3F8E83003F480430193019BD2
:10021000F6F7C8FB2420F6F703FCCAE73F4B0022A1
:100220003320D3F8E81041F40041C3F8E810114638
:10023000D3F8E83003F400430293029BF6F7B2FBD5
:100240003320F6F7EDFBB4E7344B00225420D3F80B
:10025000F01041F40051C3F8F0101146D3F8F0301B
:1002600003F400530393039BF6F79CFB5420F6F72B
:10027000D7FB9EE7294B00225520D3F8F01041F41C
:100280008011C3F8F0101146D3F8F03003F4801356
:100290000493049BF6F786FB5520F6F7C1FB88E72D
:1002A0001E4AD2F8E00040F00100C2F8E000D2F8A7
:1002B000E02002F001021C921C9A27E7174AD2F8AC
:1002C000E00040F00200C2F8E000D2F8E02002F0C6
:1002D00002021D921D9A19E7104AD2F8E00040F080
:1002E0000400C2F8E000D2F8E02002F004021E92FE
:1002F0001E9A0BE7094AD2F8E00040F00800C2F865
:10030000E000D2F8E02002F008021F921F9AFDE6FA
:10031000003001400014005804210020004402581D
:10032000C34AD2F8E00040F01000C2F8E000D2F872
:10033000E02002F010022092209AE7E6BC4AD2F8B0
:10034000E00040F02000C2F8E000D2F8E02002F027
:1003500020022192219AD9E6B54AD2F8E00040F471
:100360008070C2F8E000D2F8E02002F480720E92B1
:100370000E9A05E7AE4AD2F8E00040F40070C2F8E9
:10038000E000D2F8E02002F400720F920F9AF7E634
:10039000A74AD2F8E00040F00100C2F8E000D2F82D
:1003A000E02002F001020692069AE9E6A04AD2F89D
:1003B000E00040F00200C2F8E000D2F8E02002F0D5
:1003C00002020792079ADBE6994AD2F8E00040F071
:1003D0000400C2F8E000D2F8E02002F00402089223
:1003E000089ACDE6924AD2F8E00040F00800C2F840
:1003F000E000D2F8E02002F008020992099ABFE674
:100400008B4AD2F8E00040F01000C2F8E000D2F8C9
:10041000E02002F010020A920A9AB1E6844AD2F869
:10042000E00040F02000C2F8E000D2F8E02002F046
:1004300020020B920B9AA3E67D4AD2F8E00040F02E
:100440004000C2F8E000D2F8E02002F040020C9236
:100450000C9A95E6764AD2F8E00040F08000C2F8A7
:10046000E000D2F8E02002F080020D920D9A87E6BB
:100470006F4AD2F8E00040F04000C2F8E000D2F845
:10048000E02002F040022292229A3FE6684AD2F827
:10049000E00040F08000C2F8E000D2F8E02002F076
:1004A00080022392239A31E6614AD2F8E00040F4B8
:1004B0008070C2F8E000D2F8E02002F4807224924A
:1004C000249A23E65A4AD2F8E00040F40070C2F8B9
:1004D000E000D2F8E02002F400722592259A15E699
:1004E000534AD2F8E00040F00100C2F8E000D2F830
:1004F000E02002F001021192119A24E64C4AD2F84F
:10050000E00040F00200C2F8E000D2F8E02002F083
:1005100002021292129A16E6454AD2F8E00040F022
:100520000400C2F8E000D2F8E02002F004021392C6
:10053000139A08E63E4AD2F8E00040F00800C2F8FC
:10054000E000D2F8E02002F008021492149AFAE5D2
:10055000374AD2F8E00040F01000C2F8E000D2F8CC
:10056000E02002F010021592159AECE5304AD2F81C
:10057000E00040F02000C2F8E000D2F8E02002F0F5
:1005800020021692169ADEE5294AD2F8E00040F0E1
:100590004000C2F8E000D2F8E02002F040021792DA
:1005A000179AD0E5224AD2F8E00040F08000C2F865
:1005B000E000D2F8E02002F080021892189AC2E51A
:1005C0001B4AD2F8E00040F48070C2F8E000D2F894
:1005D000E02002F480721992199AB4E5144AD2F814
:1005E000E00040F40070C2F8E000D2F8E02002F42D
:1005F00000721A921A9AA6E50D4AD2F8E00040F06D
:100600000200C2F8E000D2F8E02002F002022892D4
:10061000289A5EE5064AD2F8E00040F00400C2F8ED
:10062000E000D2F8E02002F004022992299A50E575
:10063000004402583E4AD2F8E00040F00800C2F8F8
:10064000E000D2F8E02002F008022A922A9A40E55F
:10065000374AD2F8E00040F01000C2F8E000D2F8CB
:10066000E02002F010022B922B9A32E5304AD2F8A9
:10067000E00040F02000C2F8E000D2F8E02002F0F4
:1006800020022C922C9A24E5294AD2F8E00040F06E
:100690004000C2F8E000D2F8E02002F040022D92C3
:1006A0002D9A16E5224AD2F8E00040F08000C2F808
:1006B000E000D2F8E02002F080022E922E9A08E5A7
:1006C0001B4AD2F8E00040F48070C2F8E000D2F893
:1006D000E02002F480722F922F9AFAE4144AD2F8A2
:1006E000E00040F40070C2F8E000D2F8E02002F42C
:1006F00000723092309AECE40D4AD2F8E00040F0FB
:100700000100C2F8E000D2F8E02002F001022792D6
:10071000279ADEE40021B7E40121B5E40221B3E425
:100720000321B1E40421AFE400231B78FFDE00BF06
:10073000004402582DE9F043002289B01B4B0121EF
:100740000DF1040C9E461A4B0791E146E0466746C0
:100750000EF11C060EF138050EF15404CDE901220C
:10076000CDE90322CDE90522FF221A70BCE80F0073
:10077000AEE80F009CE807008EE80700B9E80F001C
:100780000FC69CE8070086E80700B8E80F000FC511
:100790009CE8070085E807000FCF0FC49CE807001E
:1007A00084E8070009B0BDE8F08300BF1401002011
:1007B000282B0020014802F047BA00BF2C2100205E
:1007C000014802F041BA00BFCC220020014802F0EB
:1007D0003BBA00BF6C240020014802F035BA00BFCC
:1007E0000C260020014802F02FBA00BFAC270020E1
:1007F00010B5EFF3108472B6084B1A78120602D5C2
:1008000004B962B610BD1B784FF4D07204485BB2D5
:1008100002FB0300B030F7F7C9FAF1E7282B0020FC
:100820000421002010B5EFF3108472B6094B1A783A
:10083000120602D504B962B610BD1B784FF4D0720F
:1008400005485BB202FB030000F59470F7F7AEFABF
:10085000F0E700BF282B0020042100202DE9F04103
:1008600084B0EFF3108772B6284AFF21284C136832
:10087000217023B100211160264A1068984723781F
:100880001B061CD5DFF894800025234E44462168C2
:1008900079B162686AB1A369012B22D0A3B96369F7
:1008A0003046019323690093E3682289FFF7D6F964
:1008B00018B301351C3406F5D076042DE7D107B9FD
:1008C00062B604B0BDE8F081D4E90430CDE901306E
:1008D000E068238900903046FFF724FA0028E8D129
:1008E0000BE0D4E904301146CDE900303046E3682E
:1008F0002289FFF74FF90028DBD1C5EBC50508EBCE
:10090000850348F825005860D9E700BF242B002054
:10091000282B00202C2B0020042100201401002073
:100920002DE9F04184B0EFF3108772B6284AFF2119
:10093000284C1368217023B100211160264A1068E9
:10094000984723781B061CD5DFF894800025234E9A
:100950004446216879B162686AB1A369012B22D04B
:10096000A3B963693046019323690093E368228940
:10097000FFF774F918B301351C3406F5D076042D51
:10098000E7D107B962B604B0BDE8F081D4E904301C
:10099000CDE90130E068238900903046FFF7C2F9C5
:1009A0000028E8D10BE0D4E904301146CDE900304D
:1009B0003046E3682289FFF7EDF80028DBD1C5EB6C
:1009C000C50508EB850348F825005860D9E700BF46
:1009D000242B0020282B00202C2B00200421002079
:1009E000140100202DE9F04184B0EFF3108772B6B6
:1009F000284AFF21284C1368217023B1002111607F
:100A0000264A1068984723781B061CD5DFF8948087
:100A10000025234E4446216879B162686AB1A36912
:100A2000012B22D0A3B96369304601932369009357
:100A3000E3682289FFF712F918B301351C3406F573
:100A4000D076042DE7D107B962B604B0BDE8F081D5
:100A5000D4E90430CDE90130E068238900903046C4
:100A6000FFF760F90028E8D10BE0D4E90430114623
:100A7000CDE900303046E3682289FFF78BF8002883
:100A8000DBD1C5EBC50508EB850348F825005860A8
:100A9000D9E700BF242B0020282B00202C2B00207E
:100AA00004210020140100202DE9F04184B0EFF36F
:100AB000108772B601F090FC284A294CFF21136878
:100AC00021702BB1002111600121264A106898473E
:100AD00023781B061CD5DFF894800025224E44465F
:100AE000216879B162686AB1A369012B22D0A3B9E8
:100AF00063693046019323690093E3682289FFF715
:100B0000ADF818B301351C3406F5D076042DE7D1C5
:100B100007B962B604B0BDE8F081D4E90430CDE98C
:100B20000130E068238900903046FFF7FBF8002889
:100B3000E8D10BE0D4E904301146CDE9003030466D
:100B4000E3682289FFF726F80028DBD1C5EBC5054D
:100B500008EB850348F825005860D9E7242B0020CE
:100B6000282B00202C2B0020042100201401002021
:100B70005E4B00226FF0F411022030B40824DA61D9
:100B80005862C3F8BC21C3F8C401C3F85C23C3F89E
:100B90006403C3F8E014C3F8E414C3F8F444C3F8DE
:100BA000F824C3F8FC24C3F80405C3F88016C3F87E
:100BB0008416C3F89446C3F89826C3F89C26C3F855
:100BC000A406C3F820184A4DC3E90542C3E96D42A3
:100BD000C3E9D542C3E90011C3E96811C3E9D011E3
:100BE000C3F824184349C3F83448C3F83828424CA2
:100BF000C3F83C28C3F844080A888B783F4823721E
:100C0000E280C28003723E4C3E48E280A0F803209E
:100C100023724371C28003723B4C3C480968E280F6
:100C20002372A0F803203A4C4371C2800372394802
:100C3000E2802372A0F80320374C4371C280037214
:100C4000080C2180EA802B72A070A4F80320637145
:100C5000E2802372314C2180A070A4F803206371DC
:100C6000E28023722E4C2180A070A4F803206371CF
:100C7000E28023722B4C2180A070A4F803206371C2
:100C8000E2802372284C2180A070A4F803206371B5
:100C9000E2802372254C2180A070A4F803206371A8
:100CA000E2802372224C2180A070E2802372A4F89B
:100CB000032063711F4C21801F49A070E2801F48F0
:100CC0002372A1F803204B71CA800B72A4F8032091
:100CD0001B4963711B4CC280E28023720372A1F82E
:100CE00003204B71CA800B7230BC70470421002076
:100CF000D8000020604801249C00002090000020C3
:100D000054000020C0000020A8000020E4000020C3
:100D1000CC0000206C000020F42A0020DC2A0020F7
:100D2000E82A0020C42A0020182B0020002B0020D5
:100D30000C2B0020D02A002008010020FC000020FD
:100D400078000020F0000020714A036811698B428E
:100D500000B587B04BD0516F8B4200F0B680D2F80F
:100D6000D8108B4200F0B380D2F83C118B4200F0D7
:100D7000B080B3F1804F1ED0664A93420DD0664AD0
:100D8000934200F0A880654A934200F0B280644A22
:100D900093421ED007B05DF804FB624BD3F8E82005
:100DA00042F00202C3F8E820D3F8E83003F002036F
:100DB0000293029BEEE75B4BD3F8E82042F001027E
:100DC000C3F8E820D3F8E83003F001030193019B56
:100DD000E0E7544BD3F8E82042F01002C3F8E820D3
:100DE000D3F8E83003F010030593059BD2E7002009
:100DF0006421B3F1804F01FB0022127B1ED04549D4
:100E00008B4235D044498B4248D044498B42BED1B5
:100E1000444BD3F8E81041F00801C3F8E810D3F8C8
:100E2000E83003F008030493049B002AB2D0322078
:100E300000220F21F5F7B6FD322014E0394BD3F82C
:100E4000E81041F00101C3F8E810D3F8E83003F0EE
:100E500001030193019B002A9CD01C2000220F213A
:100E6000F5F7A0FD1C2007B05DF804EBF5F7D8BD41
:100E70002C4BD3F8E81041F00201C3F8E810D3F886
:100E8000E83003F002030293029B002A82D01D2067
:100E900000220F21F5F786FD1D20E4E7214BD3F852
:100EA000E81041F00401C3F8E810D3F8E83003F08B
:100EB00004030393039B002A3FF46CAF1E2000221F
:100EC0000F21F5F76FFD1E20CDE7012090E70220EE
:100ED0008EE703208CE7134BD3F8E82042F004029E
:100EE000C3F8E820D3F8E83003F004030393039B2E
:100EF00050E70C4BD3F8E82042F00802C3F8E82092
:100F0000D3F8E83003F008030493049B42E700BFE2
:100F1000302B00200004004000080040000C00407E
:100F200000100040004402580F4B026819698A42C1
:100F30000BD0596F8A4211D0D3F8D8108A420FD003
:100F4000D3F83C118A420DD070470021642202FB85
:100F50000133DA6D002AF7D0186E10470121F5E74A
:100F60000221F3E70321F1E7302B00200148FDF7D0
:100F7000BBB900BF402B00200148FDF7B5B900BF49
:100F8000A42B00200148FDF7AFB900BF082C0020BA
:100F90000148FDF7A9B900BF6C2C0020F0B54FF057
:100FA000640C0F682E4D8DB00CFB07FC032F05EB76
:100FB0000C06066047DC0B460868344649689A68A8
:100FC00007C41B7B237004AC7268264B002A4FF0C9
:100FD0000002726118BF1022B2610FCB84E80F00CB
:100FE0000CAB03EB870353F8203CB3F1804F336124
:100FF00024D01D4A934221D030890CF1100464237F
:101000000021802203FB07532C44C3E907019A62A5
:101010002046FCF72BFF034600B1FEE74FF4805259
:1010200008A92046099301930892CDE90A33CDE936
:101030000233FDF785F8034640B1FEE7642303FB66
:1010400007539868D9E701200DB0F0BD01A92046EB
:1010500001930393FDF7F2F90028F5D0FEE700BFF6
:10106000302B00208C470124000C0040006808B59C
:10107000037B10302BB1FDF707F8003818BF0120B3
:1010800008BDFCF7A9FF003818BF012008BD00BF4C
:101090000C4B00224FF0FF311A739960D96683F828
:1010A0007020C3F8D01083F8D420C3F8341183F82B
:1010B0003821C3E90022C3E91922C3E93222C3E976
:1010C0004B227047302B00201F4BC1680268F0B5DF
:1010D000D3F88C5083B00369ADB24D1BA2B1AB42C3
:1010E00012D00446866811D2F018E91ACDE9001032
:1010F00001F0EAF80023DDE90010D4E90062B0470E
:10110000E3682561AB421BD003B0F0BDF018C91AEB
:10111000CDE9000101F0D8F80023DDE90001D4E9B0
:101120000072B8473046294601F0CEF80023304619
:10113000626829462668B047E3682561AB42E3D17F
:101140000023236103B0F0BD000002402DE9F84FF9
:1011500004460F4690461E4600F13405284602F02C
:1011600085F92028FAD14FF480630020C4F8D830E4
:10117000C4F850314FF44033C4F8D400C4F8E83018
:10118000C4F860314E4BC4F8E400C4F8C83003F52D
:101190007A73C4F8EC00C4F840314023C4F8D0009E
:1011A000C4F84831E369C4F84C01C4F85C01C4F8E0
:1011B0006401C4E93700C4E95500072B0BD8DFE808
:1011C00003F061535A373E454C045123C4F8CC30E8
:1011D0005223C4F8443104F5A0794846F5F794FF4A
:1011E00008B1FFBEFEE7C4F8B090C4F87851EFF341
:1011F000108972B6DFF8D0B094F91C30DFF8CCA0BB
:101200008BF800300A9B2F4CCAF800300B9B2360F0
:101210000EB11846B0471FFA88F23946284601F049
:1012200021FEB0BBB9F1000F00D162B6BDE8F88F66
:101230003F23C4F8CC304023C4F84431CBE74123EA
:10124000C4F8CC304223C4F84431C4E74723C4F87F
:10125000CC304823C4F84431BDE74F23C4F8CC3028
:101260005023C4F84431B6E72B23C4F8CC302C23E8
:10127000C4F84431AFE72D23C4F8CC302E23C4F892
:101280004431A8E72923C4F8CC302A23C4F84431D8
:10129000A1E7FF238BF800300023CAF80030236059
:1012A0000A9B3BB10B98012198470120B9F1000F2F
:1012B000BCD1BAE70120B9F1000FB7D1B5E700BF43
:1012C00088000240403C00203C3C0020383C00208C
:1012D0002DE9F84F04460F4690461E4600F13405AE
:1012E000284602F0C3F82028FAD14FF4806300208A
:1012F000C4F8D830C4F850314FF44033C4F8D400A7
:10130000C4F8E830C4F860314E4BC4F8E400C4F8C7
:10131000C83003F57A73C4F8EC00C4F840314023B8
:10132000C4F8D000C4F84831E369C4F84C01C4F8EB
:101330005C01C4F86401C4E93700C4E95500072B17
:101340000BD8DFE803F061535A373E454C04512374
:10135000C4F8CC305223C4F8443104F1C8094846DB
:10136000F5F7D2FE08B1FFBEFEE7C4F8B490C4F8AA
:101370000051EFF3108972B6DFF8D0B094F91C3049
:10138000DFF8CCA08BF800300A9B2F4CCAF8003055
:101390000B9B23600EB11846B0471FFA88F23946FE
:1013A000284602F011FDB0BBB9F1000F00D162B6C2
:1013B000BDE8F88F3F23C4F8CC304023C4F8443153
:1013C000CBE74123C4F8CC304223C4F84431C4E70E
:1013D0004723C4F8CC304823C4F84431BDE74F2339
:1013E000C4F8CC305023C4F84431B6E72B23C4F8FA
:1013F000CC302C23C4F84431AFE72D23C4F8CC30D3
:101400002E23C4F84431A8E72923C4F8CC302A237A
:10141000C4F84431A1E7FF238BF800300023CAF859
:10142000003023600A9B3BB10B98012198470120B3
:10143000B9F1000FBCD1BAE70120B9F1000FB7D163
:10144000B5E700BF88000240403C00203C3C002043
:10145000383C00202DE9F0410D4682B0EFF31087B3
:1014600072B6002948D1FF23254A264C2370136801
:101470002BB1002029461060234A10689847237832
:101480001B0625D5DFF888800025204E444605E060
:1014900001351C3406F5DC76092D19D0A369012B22
:1014A0001BD0002BF4D1216830460029F0D06369AD
:1014B000019323690093E3682289FFF709FF00285D
:1014C000E6D1C5EBC50508EB850348F82500586053
:1014D00007B962B602B0BDE8F08161680029D7D0D3
:1014E00063693046019323690093E3682289FFF71B
:1014F0002DFE0028CCD1E4E702F0E0FBB3E700BF0B
:10150000383C00203C3C0020403C0020C02C002007
:1015100084010020F0B5002387B002220446049322
:10152000CDE90223C369007E5D000B2821D1A07E96
:101530000B2802D1002007B0F0BD454A6B1C45497D
:1015400052F823304D780A781978E47E8A424CD0DC
:1015500088425AD0D978DE1C91424ED088426DD054
:1015600099799E1D8A4265D088426CD0012007B0CF
:10157000F0BD374B374953F825300A7891F801E030
:10158000197894F819C08A4222D0884225D0D97897
:10159000DE1C8A4225D0884233D099799E1D8A422A
:1015A00027D08842E2D1DB796345DFD133469B788F
:1015B0000A28059308D90020012301A903FA0CF396
:1015C0000193F6F745FFB2E7234B03EB8020F3E7E7
:1015D0005E787645DBD08842D9D159786145D6D13D
:1015E000E5E71F797745D6D1D7E75E78AE42AFD130
:1015F000B0E7DA797245D4D1B8E71F79AF42ADD1FF
:10160000AEE719796145C8D1D0E75978A142A1D197
:101610009B780A28059309D90020012301A9A3403A
:101620000193F6F715FF002007B0F0BD0A4B03EB5E
:101630008020F2E7DA79AA4296D197E71979A14298
:101640008ED13346E4E7DB79A3428FD13346DFE71F
:101650009C0200209802002000000258B34A036850
:10166000934270B5A4B000F03D82A2F54C42934283
:1016700000F03A8202F58062934200F0378202F570
:101680008062934200F0348202F58062934200F05F
:10169000338202F54442934200F02C82A2F51C42B0
:1016A000934200F02B8202F58062934200F0288280
:1016B0009F4A934240F0268208259E4C4FF4DC70EE
:1016C00000FB0540837E0A2B19D8DFE813F0B70131
:1016D000C501D301E101EF01FD017F018D019B01F6
:1016E000A9010B00944BD3F8E02042F48062C3F8C8
:1016F000E020D3F8E03003F480631E931E9B037E4A
:101700000A2B19D8DFE813F0380146015401CB0049
:10171000D900E700F50003011C012A010B00864BEC
:10172000D3F8E02042F48062C3F8E020D3F8E03040
:1017300003F480631393139B4FF4DC7303FB0543A3
:10174000DB69082B13D8DFE803F03A48566472804F
:101750008E9C0500784BD3F8F42042F00802C3F8C1
:10176000F420D3F8F43003F008030893089BFFF744
:10177000D1FE012801D1FFBEFEE74FF4DC7324AA9D
:101780006E4E0DF17C0C03FB0544E36902EB43054F
:101790000FCEACE80F0033680022ACF800301146E1
:1017A00035F9140CF5F7FEF8E36924AA02EB4303BC
:1017B00033F9140C24B0BDE87040F5F731B95E4B35
:1017C000D3F8F02042F01002C3F8F020D3F8F03044
:1017D00003F010030093009BC9E7574BD3F8E820B0
:1017E00042F40032C3F8E820D3F8E83003F40033C1
:1017F0000193019BBBE7504BD3F8E82042F48022D1
:10180000C3F8E820D3F8E83003F480230293029B66
:10181000ADE7494BD3F8E82042F40022C3F8E820B2
:10182000D3F8E83003F400230393039B9FE7424B74
:10183000D3F8E82042F48012C3F8E820D3F8E83067
:1018400003F480130493049B91E73B4BD3F8F020FF
:1018500042F02002C3F8F020D3F8F03003F0200368
:101860000593059B83E7344BD3F8E82042F0804290
:10187000C3F8E820D3F8E83003F080430693069BD2
:1018800075E72D4BD3F8E82042F00042C3F8E8207A
:10189000D3F8E83003F000430793079B67E7264B34
:1018A000D3F8E02042F00802C3F8E020D3F8E0309B
:1018B00003F008030C930C9B3EE71F4BD3F8E0208A
:1018C00042F01002C3F8E020D3F8E03003F0100338
:1018D0000D930D9B30E7184BD3F8E02042F0200227
:1018E000C3F8E020D3F8E03003F020030E930E9B02
:1018F00022E7114BD3F8E02042F04002C3F8E02089
:10190000D3F8E03003F040030F930F9B14E70A4B2A
:10191000D3F8E02042F08002C3F8E020D3F8E030B2
:1019200003F080031093109B06E700BF00100140F6
:10193000000C0058C02C0020004402589C47012491
:10194000724BD3F8E02042F48072C3F8E020D3F861
:10195000E03003F480731193119BEDE66B4BD3F8E9
:10196000E02042F40072C3F8E020D3F8E03003F442
:1019700000731293129BDFE6644BD3F8E02042F031
:101980000102C3F8E020D3F8E03003F0010309932B
:10199000099BD1E65D4BD3F8E02042F00202C3F888
:1019A000E020D3F8E03003F002030A930A9BC3E679
:1019B000564BD3F8E02042F00402C3F8E020D3F8FD
:1019C000E03003F004030B930B9BB5E64F4BD3F8C9
:1019D000E02042F04002C3F8E020D3F8E03003F00A
:1019E00040031A931A9B8AE6484BD3F8E02042F052
:1019F0008002C3F8E020D3F8E03003F080031B93AB
:101A00001B9B7CE6414BD3F8E02042F48072C3F884
:101A1000E020D3F8E03003F480731C931C9B6EE647
:101A20003A4BD3F8E02042F40072C3F8E020D3F838
:101A3000E03003F400731D931D9B60E6334BD3F835
:101A4000E02042F00102C3F8E020D3F8E03003F0D8
:101A500001031493149B52E62C4BD3F8E02042F080
:101A60000202C3F8E020D3F8E03003F0020315933C
:101A7000159B44E6254BD3F8E02042F00402C3F85E
:101A8000E020D3F8E03003F004031693169B36E60B
:101A90001E4BD3F8E02042F00802C3F8E020D3F850
:101AA000E03003F008031793179B28E6174BD3F891
:101AB000E02042F01002C3F8E020D3F8E03003F059
:101AC00010031893189B1AE6104BD3F8E02042F04D
:101AD0002002C3F8E020D3F8E03003F0200319938C
:101AE000199B0CE60025E8E50125E6E50225E4E57D
:101AF0000325E2E50525E0E50425DEE50625DCE530
:101B00000725DAE500239B7EFFDE00BF0044025874
:101B10002DE9F04F91B0002301223F490DF1240A35
:101B200009938B4601F11C09CAF8143001F13808F9
:101B3000CDF800A001F15407CDF804A001F1700622
:101B4000CDF808A001F18C05CDF80CA001F1A80496
:101B5000CDF810A001F1C40ECDF814A001F1E00CF5
:101B6000CAE90133CAE903330F92FF222B4BCDE9B7
:101B700006AA1A70BAE80F00ABE80F009AE807004F
:101B8000009B8BE807009B46BBE80F00A9E80F000D
:101B90009AE80700019B89E807009946B9E80F0019
:101BA000A8E80F009AE80700029B88E8070098461B
:101BB000B8E80F000FC79AE80700039B87E8070003
:101BC0001F460FCF0FC69AE80700049B86E8070060
:101BD0001E460FCE0FC59AE80700059B85E8070053
:101BE0001D460FCD0FC49AE80700069B84E8070046
:101BF0001C460FCCAEE80F00079B9AE807001C4676
:101C00008EE807000FCCACE80F009AE807008CE8DC
:101C1000070011B0BDE8F08F840100203C3C00209B
:101C200010B5094C04F1340001F002FA237D1BB118
:101C3000636BDB69DB0600D410BD2046FFF744FA76
:101C4000636B10221A6210BDC02C002010B50B4C23
:101C500004F5F67001F0ECF994F8CC3123B1D4F826
:101C6000EC31DB69DB0600D410BD04F5DC70FFF756
:101C70002BFAD4F8EC3110221A6210BDC02C0020CF
:101C800010B50B4C04F5697001F0D2F994F8843367
:101C900023B1D4F8A433DB69DB0600D410BD04F50E
:101CA0005C70FFF711FAD4F8A43310221A6210BD49
:101CB000C02C002010B50B4C04F25C5001F0B8F9B8
:101CC00094F83C3523B1D4F85C35DB69DB0600D4ED
:101CD00010BD04F5A560FFF7F7F9D4F85C351022C4
:101CE0001A6210BDC02C002010B50B4C04F2147009
:101CF00001F09EF994F8F43623B1D4F81437DB6977
:101D0000DB0600D410BD04F5DC60FFF7DDF9D4F884
:101D1000143710221A6210BDC02C002010B50B4CD5
:101D200004F6CC0001F084F994F8AC3823B1D4F86F
:101D3000CC38DB69DB0600D410BD04F69800FFF751
:101D4000C3F9D4F8CC3810221A6210BDC02C002080
:101D500010B50B4C04F6842001F06AF994F8643A4B
:101D600023B1D4F8843ADB69DB0600D410BD04F556
:101D70002560FFF7A9F9D4F8843A10221A6210BD41
:101D8000C02C002010B50B4C04F63C4001F050F97B
:101D900094F81C3C23B1D4F83C3CDB69DB0600D44E
:101DA00010BD04F60840FFF78FF9D4F83C3C102230
:101DB0001A6210BDC02C002010B50B4C04F6F45074
:101DC00001F036F994F8D43D23B1D4F8F43DDB6941
:101DD000DB0600D410BD04F55C60FFF775F9D4F89C
:101DE000F43D10221A6210BDC02C002010B5EFF394
:101DF000108472B6084B1A78120602D504B962B67E
:101E000010BD1B784FF4DC7204485BB202FB030088
:101E1000C830F5F7CBFFF1E73C3C0020C02C002098
:101E200010B5EFF3108472B6094B1A78120602D57A
:101E300004B962B610BD1B784FF4DC7205485BB282
:101E400002FB030000F5A070F5F7B0FFF0E700BF5C
:101E50003C3C0020C02C00200021FFF7FBBA00BF53
:101E6000214A036893422BD0A2F54C42934229D0D9
:101E700002F58062934227D002F58062934225D01A
:101E800002F58062934223D002F54442934221D06E
:101E9000A2F51C4293421FD002F5806293421DD0EE
:101EA000124A93421CD108224FF4DC71104B01FB03
:101EB0000233197D11B11846FFF706B9FFF7CABA08
:101EC0000022F1E70122EFE70222EDE70322EBE730
:101ED0000422E9E70522E7E70622E5E70722E3E730
:101EE00000231B7DFFDE00BF00100140000C0058E6
:101EF000C02C0020204A0368934229D0A2F54C420E
:101F0000934227D002F58062934225D002F5806289
:101F1000934223D002F58062934221D002F54442DD
:101F200093421FD0A2F51C4293421DD002F580625D
:101F300093421BD0114A93421AD1082310484FF400
:101F4000DC7202FB0300037D03B97047FFF7BCB8E6
:101F50000023F3E70123F1E70223EFE70323EDE793
:101F60000423EBE70523E9E70623E7E70723E5E793
:101F700000231B7DFFDE00BF00100140000C005855
:101F8000C02C0020214A036893422BD0A2F54C427A
:101F9000934229D002F58062934227D002F58062F5
:101FA000934225D002F58062934223D002F5444249
:101FB000934221D0A2F51C4293421FD002F58062C9
:101FC00093421DD0124A93421CD108224FF4DC7177
:101FD000104B4FF0000C01FB0233012183F814C0B9
:101FE000FFF738BA0022F1E70122EFE70222EDE71E
:101FF0000322EBE70422E9E70522E7E70622E5E70B
:102000000722E3E700231B75FFDE00BF001001403D
:10201000000C0058C02C00205A4B0122002147F62A
:10202000122030B46FF0F4141A6259629C61C3F844
:10203000D041C3F88843C3F84045C3F84825C3F8E6
:102040004C15C3F85425C3F85805C3F8F846C3F82F
:102050000027C3F80417C3F80C27C3F81007C3F808
:10206000B048C3F8B828C3F8BC18C3F8C428C3F8EC
:10207000C808C3F8684A444DC3E90B20C3E9762178
:10208000C3E97920C3E9E421C3E9E720C3F8702A52
:10209000C3F8204CC3F8D84D3C4CC3F8741AC3F8AD
:1020A0007C2AC3F8800AC3F8282CC3F82C1CC3F878
:1020B000342CC3F8380CC3F8E02DC3F8E41DC3F882
:1020C000EC2D2188A278C3F8F00D314B3148A3F8EC
:1020D00003105A71D9801A722F4B2A72E980A3F823
:1020E00003102E4D5A71D9801A722D4BE9802A7235
:1020F000A0F803104271C1800272A3F803105A7154
:10210000D98020681A72040C264B274D1880A3F83A
:1021100003105A71D9801A729C70244BE980A3F87D
:1021200003105A71D9801A72214B2A72A3F8031036
:102130005A71D9801A721F4B18809C70A3F8031033
:102140005A71D9801A721C4B18809C70A3F8031026
:102150005A71D9801A72194B18809C701848A3F8CC
:1021600003105A71D9801A72164BA0F803104271ED
:10217000C1800272A3F803105A71D9801A7230BC60
:10218000704700BFC02C00202C03002098020020C4
:1021900044030020380300205C03002020030020BB
:1021A00050030020683C0020080300206803002042
:1021B00014030020443C00205C3C0020503C0020E4
:1021C0008C020020800200203E4B00220B20114692
:1021D00010B5D3F8D84082B044F00104C3F8D84019
:1021E000D3F8D84004F001040094009CD3F8D84000
:1021F00044F00204C3F8D840D3F8D83003F0020307
:102200000193019BF4F7CEFB0B20F4F709FC0022AD
:102210000C201146F4F7C6FB0C20F4F701FC002259
:102220000D201146F4F7BEFB0D20F4F7F9FB002258
:102230000E201146F4F7B6FB0E20F4F7F1FB002256
:102240000F201146F4F7AEFB0F20F4F7E9FB002254
:1022500010201146F4F7A6FB1020F4F7E1FB002252
:102260003C201146F4F79EFB3C20F4F7D9FB0022FA
:1022700011201146F4F796FB1120F4F7D1FB002250
:1022800038201146F4F78EFB3820F4F7C9FB002202
:1022900039201146F4F786FB3920F4F7C1FB002200
:1022A0003A201146F4F77EFB3A20F4F7B9FB0022FE
:1022B0003B201146F4F776FB3B2002B0BDE810400E
:1022C000F4F7AEBB00440258203100290FDD20F0A6
:1022D0001F00BFF34F8F064A0144C2F85C02203052
:1022E0000B1A002BF9DCBFF34F8FBFF36F8F7047D2
:1022F00000ED00E0034688B190F83D20022A03D0AB
:10230000802201209A66704702680421002083F829
:102310003D10D36823F00103D3607047012070475C
:1023200003682C495A6910B49C6944F008049C6104
:102330009C6944F010049C611C6824F001041C603A
:102340001C6921401961996821F44041996090F815
:102350008110042901D0910630D490F8811003290E
:1023600001D054061FD4910509D5D0F8841041F04E
:102370000101C0F88410996941F400719961D20596
:1023800009D5D0F8842042F00802C0F884209A6968
:1023900042F480729A6100235DF8044BA0F8623029
:1023A000A0F86A307047D0F8841041F00401C0F8FA
:1023B0008410996941F040019961D4E7D0F8841004
:1023C00041F08001C0F88410996941F020019961C1
:1023D000C3E700BF90FCFFFF002800F0C980664AF9
:1023E00000212DE9F843036804468162934217D027
:1023F000A2F57842934213D002F580629342C268FC
:1024000000F0AE800F2A08D8C06B02F10801450920
:10241000C90805FB0111082916D90120BDE8F88378
:10242000E268E06B02F10801534E4509C90805FB5B
:102430000111524DAB4218BFB34203D005F5806580
:10244000AB4201D11029E8D894F8811001F0FF05C2
:1024500000297AD04FF000080221A769A56B84F803
:102460008110B7F1806F196821F001011960996836
:1024700001F4F81C616858D011F4800901D0062AD3
:1024800049D8D3F800E02EF4807EC3F800E0666BF4
:1024900042EA08023743666A37432669374366696A
:1024A0003743266A3743E66C3743A6683743A66C42
:1024B0003743E66932431043A26D3A4340EA0C00C9
:1024C0000A4398601543DD60B9B99A6822F4C05296
:1024D00042F400629A609A6822F4C06242F4806218
:1024E0009A601A6D22F001021A6500200123C4F8D7
:1024F000840084F88130BDE8F8831A6D22F001026F
:102500001A65B9F1000FF0D0DA68616D22F000426F
:102510000A43DA60E9E7D3F800E0266D2EF4807E06
:102520004EEA060EC3F800E0B1E7B1F5800F06D021
:102530000029A1D1B5F1805F02D08946A1E7CDB9CC
:102540001E6846F480561E6096E7204684F8805048
:10255000FDF77CFD2368E268D4F82880E06B7BE718
:10256000C06B02F108014509C90805FB011169E7C3
:1025700001207047894682E7003001400038004062
:10258000F8B590F88030012B00F0928090F88130FF
:10259000154601220446DEB2934280F880206BD1BA
:1025A000002964D0B5FA85F35B09002D5FD00322C2
:1025B0004366A0F8683080F88120C0F88430A0F825
:1025C0006250A0F86A300268C165A0F86050C0E9A6
:1025D0001C338368B3F5C02F65D0D36823F4C023C0
:1025E00043F40033D360E368A06F0F2B4AD98369AB
:1025F000B3F5804F3BD13E4F203252F8183C076470
:102600003C4F23F40043C7633B4FC7640027076573
:1026100042F8183CB4F862309BB2F4F7E3FF0028AC
:1026200049D1A36F354ADB69B3F5807F23685968C8
:1026300002EA010218BF2A435A609A68616842F4AC
:102640000042B1F5800F9A601A6942F448721A612B
:102650001A6842F001021A6003D11A6842F400724B
:102660001A6000231E4684F880303046F8BD0023EF
:1026700084F880303046F8BD0023022680F8803090
:102680003046F8BD072B836921D8B3F5005F27D00A
:10269000B3F5804FAFD1B4F862309BB203339B08DF
:1026A000A4F86230A7E7136843F4006313609AE765
:1026B00002263046F8BDD4F88430012284F88070B8
:1026C00043F01003C4F8843084F88120D2E7B3F5D6
:1026D000804F05D0B3F5005FC9D1B3F5804F8AD1E3
:1026E000B4F862309BB201335B08A4F8623082E731
:1026F000252B0124A92A0124512B01240000FFFFCE
:10270000F8B590F88030012B00F0968090F8813079
:10271000154601220446DEB2934280F880206AD139
:10272000002963D0B5FA85F35B09002D5ED0042241
:10273000A0F86030416680F88120C0F88430A0F8AD
:102740006A50A0F86230A0F86850C0E91C33836872
:10275000B3F5C02F03686AD0DA6822F4C02242F4CD
:102760008022DA60E2680F2A4BD9E06F8269B2F505
:10277000804F3BD19A6822F480429A60414F0A46CA
:1027800003F13001B4F86A3007643F4F9BB2C7636E
:102790003E4FC76400270765F4F724FF00284ED199
:1027A000E36F3B4ADB69B3F5807F2368596802EA2F
:1027B000010218BF2A435A609A68616842F4804255
:1027C000B1F5800F9A601A6942F450721A611A6862
:1027D00042F001021A6003D11A6842F400721A60D2
:1027E00000231E4684F880303046F8BD002384F86C
:1027F00080303046F8BD0023022680F88030304615
:10280000F8BD072A27D89A68E06F22F480429A60C0
:102810008269B2F5005F2DD0B2F5804FAED1B4F829
:102820006A2092B203329208A4F86A20A6E71A68D6
:1028300022F400621A6095E702263046F8BDD4F80B
:102840008430012284F8807043F01003C4F884308F
:1028500084F88120CDE7E06F8769B7F5804F02D01B
:10286000B7F5005FC2D19A68B7F5804F22F4804275
:102870009A6083D1B4F86A2092B201325208A4F867
:102880006A207BE7352B0124D12A0124512B012416
:102890000000FFFF2DE9F8431D4690F88030012B22
:1028A00000F083800123044680F8803090F8813066
:1028B000012BDEB251D1002D18BF002A47D0B1FA4A
:1028C00081F35B09002942D0C165A0F8605001681E
:1028D0004266A0F86850C0E91C33052084F88100E6
:1028E000C4F88430A4F86250A4F86A50CB6823F48A
:1028F000C023CB608B6823F440438B60E3680F2BCD
:1029000032D9E06F8369B3F5804F20D1624F4FF029
:102910000008B4F86A3030310764DFF888919BB260
:102920005E4FC0F84C90C763C0F85080F4F75AFE71
:10293000074600283DD0D4F88430012284F88080F6
:1029400043F01003C4F8843084F8812002E00023AF
:1029500084F880303046BDE8F8830023022680F8F2
:1029600080303046BDE8F883072B5DD8A36F9B69A4
:10297000B3F5005F78D0B3F5804F06D1B4F862307C
:102980009BB203339B08A4F86230E06F8369B3F510
:10299000005F61D0B3F5804FB8D1B4F86A309BB214
:1029A00003339B08A4F86A30B0E702263046BDE83E
:1029B000F8832268A06F93682032E16D43F480436E
:1029C00042F8183CB4F86230C0F84C909BB20765EE
:1029D000C0E90F77F4F706FE00284DD1A36F304A07
:1029E000DB69B3F5807F2368596802EA010218BFEA
:1029F0002A435A609A68616842F40042B1F5800F38
:102A00009A601A6942F458721A611A6842F0010217
:102A10001A6004D000231E4684F880309AE71A68B2
:102A200042F400721A60F5E7E06F8369B3F5804FF6
:102A300002D0B3F5005F8AD1A76FBF69B7F5804FA9
:102A400006D1B4F86270BFB201377F08A4F8627093
:102A5000B3F5804F7FF45AAFB4F86A309BB20133BC
:102A60005B08A4F86A3051E7B4F862309BB20133D6
:102A70005B08A4F8623088E7E06FF4F755FFD4F8FC
:102A80008430012284F8807043F01003C4F884304D
:102A900084F881205EE700BF452B0124F92A012438
:102AA0000000FFFF512B0124806B08B590F88130A6
:102AB000072B09D0836FDB69B3F5807F05D00268EF
:102AC000136943F00803136108BDFDF7C7FE08BD95
:102AD000806B08B590F88130072B09D0C36FDB6994
:102AE000B3F5807F05D00268136943F008031361D2
:102AF00008BDFDF715FF08BD806B08B590F8813063
:102B0000072B09D0836FDB69B3F5807F05D002689E
:102B1000136943F00803136108BDFDF763FF08BDA7
:102B2000704700BF806B08B5FFF7FAFF08BD00BF14
:102B3000704700BF806B08B5FFF7FAFF08BD00BF04
:102B4000704700BF806B08B5FFF7FAFF08BD00BFF4
:102B500010B5846BF5F77AFC022800D110BD23680C
:102B600030495A69986940F008009861986940F0C6
:102B700010009861186820F0010018601869014081
:102B80001961996821F44041996094F881100429F1
:102B900001D091063AD494F88110032901D050064F
:102BA00029D4910509D5D4F8841041F00101C4F865
:102BB0008410996941F400719961D20509D5D4F85E
:102BC000842042F00802C4F884209A6942F480729A
:102BD0009A61002301222046A4F86230A4F86A30EA
:102BE000D4F8843043F01003C4F8843084F8812092
:102BF000FDF75AFF10BDD4F8841041F00401C4F869
:102C00008410996941F040019961CAE7D4F88410B1
:102C100041F08001C4F88410996941F02001996164
:102C2000B9E700BF90FCFFFF08B5806B00230122CD
:102C3000A0F86A30A0F8623080F88120FDF734FFF8
:102C400008BD00BF704700BF036819695A692DE9C4
:102C5000F0419F6801EA020590F881601205044680
:102C6000F6B202D5090700F1D28005F06402042A09
:102C70003ED005F04502012A44D005F02602022A82
:102C800000F0DC802A075CD59A6942F008029A615C
:102C90009A6942F010029A619A6942F400629A615C
:102CA0001A6922F008021A619A6812F4404F33D16F
:102CB000B4F86A2092B27AB3616E0EE02268126BA9
:102CC00041F8042B6166B4F86A20013A92B2A4F884
:102CD0006A20B4F86A2092B2F2B1E2680F2AEDD805
:102CE000072A40F2A3801A8E21F8022B6166EAE7D8
:102CF0002046636F9847236F2046984705F04503A9
:102D0000012B02D1236F2046984705F02605022D9E
:102D100000F09480BDE8F0812046FFF701FB01231D
:102D200084F88130D4F88430002B7CD1052E00F05B
:102D30008A80042E00F08A80032EEBD1FDF78EFDF1
:102D4000E8E715F4587FE5D06E0609D5D4F884205D
:102D500042F00402C4F884209A6942F040029A6169
:102D6000A80509D5D4F8842042F00102C4F88420D3
:102D70009A6942F400729A61E90509D5D4F8842071
:102D800042F00802C4F884209A6942F480729A6181
:102D9000AA0609D5D4F8842042F08002C4F8842021
:102DA0009A6942F020029A61D4F88420002AB1D0B6
:102DB000196807F44047274A21F00101B7F5404F51
:102DC0001960196902EA01021A6128D19A68E06F54
:102DD00022F440429A6050B11F4B0365F4F71CFF88
:102DE00028B1D4F8843043F04003C4F88430A06F95
:102DF00000288FD0184B0365F4F70EFF002889D008
:102E0000D4F8843043F04003C4F8843082E79A69F0
:102E100042F400629A61FFF715FFBDE8F0810123DB
:102E2000204684F88130FDF73FFE73E7226892F870
:102E300030200A70616E0131616644E7636F20469D
:102E4000BDE8F0411847FDF7CDFD63E7FDF768FDEC
:102E500060E700BF94FCFFFF292C012490F881005B
:102E6000704700BF70B5D0F88860202E31D171B3A3
:102E7000B2FA82F56D0952B32123A0F85620044618
:102E8000C0F890500165A0F85420C0F88830C06F99
:102E900060B105651346134D2268C563124D283293
:102EA0000564124DC564F4F79DFBA0B92268402368
:102EB000136202F1080353E8003F43F0800302F17C
:102EC000080040E800310029F3D1002070BD012046
:102ED00070BD022070BD10230120C4F89030C4F8EA
:102EE000886070BDF12E0124392F0124452F012463
:102EF00008B5C369806BB3F5807F18D000230268E2
:102F0000A0F8563002F1080353E8003F23F0800395
:102F100002F1080040E800310029F3D152E8003FF7
:102F200043F0400342E800310029F7D108BDFEF725
:102F300093FF08BD704700BF806B08B5FFF7FAFF2D
:102F400008BD00BF806B0368D0F8881010B5D0F8BA
:102F50008C409A68120601D521290DD09A68520634
:102F600001D5222C23D0D0F8903043F01003C0F8C4
:102F70009030FFF707F810BD0022A0F8562053E864
:102F8000002F22F0C00243E800210029F7D103F10D
:102F9000080252E8002F22F4000203F1080C4CE86A
:102FA00000210029F3D12022C0F88820D6E7002292
:102FB000A0F85E2053E8002F22F4907243E800212D
:102FC0000029F7D1134C03F1080252E8002F2240E8
:102FD00003F1080C4CE800210029F4D1C26E012A4B
:102FE00006D0002320224367C0F88C20C366BAE7CE
:102FF00053E8002F22F0100243E800210029F0D00E
:1030000053E8002F22F0100243E800210029EFD1FD
:10301000E7E700BFFEFFFFEF08B5806B0023A0F8D5
:103020005E30A0F85630FEF7ADFF08BD704700BF18
:10303000036840F60F0CDA6912EA0C0F70B51D68D0
:103040000446996800F02181B14EB24805EA060CA9
:1030500008405CEA000640F08980E06E012822D03A
:10306000D00202D54E0200F13981100606D501F4D6
:10307000000105F08000014340F02881510667D52A
:103080006E0665D553E8002F22F0400243E8002188
:103090000029F7D1202200232046C4F88820A36706
:1030A000FEF7DAFE70BDD006DAD5EE06D8D51022CE
:1030B0001A629A68550640F13C81D4F88000016894
:1030C0004A6892B2002AEDD0B4F85C109142E9D976
:1030D000A4F85E20C269B2F5807F2FD053E8002F9C
:1030E00022F4807243E800210029F7D103F108029D
:1030F00052E8002F22F0010203F1080545E8002103
:103100000029F3D103F1080252E8002F22F0400217
:1031100003F1080545E800210029F3D12022C4F875
:103120008C20E16653E8002F22F0100243E80021D2
:103130000029F7D1F4F7F8FBB4F85C10022320461D
:103140002367B4F85E30C91A89B2FFF76FFF70BD0C
:10315000100202D5690000F1E780D301A2D5002D4D
:10316000A0DA2046BDE8704000F054BED60709D56D
:10317000EE0507D501261E62D4F8906046F00106E0
:10318000C4F89060960740F19280CE070AD50226D7
:103190001E62D4F8906046F00406C4F890605607AA
:1031A00000F18B8016070BD505F02006304307D0C1
:1031B00008201862D4F8900040F00800C4F890008D
:1031C00016050AD5680108D54FF400601862D4F8D6
:1031D000900040F02000C4F89000D4F8900000283F
:1031E0003FF460AF96060BD505F0200501F0805145
:1031F00055EA010204D0626F12B12046904723685D
:10320000D4F890509A6805F0280502F04002154362
:1032100000F0C58053E8002F22F4907243E80021AB
:103220000029F7D13C4803F1080252E8002F024080
:1032300003F1080545E800210029F4D1E26E012AD6
:1032400054D000222021C4F88C10E266996862678D
:103250004D0665D503F1080252E8002F22F0400226
:1032600003F1080040E800210029F3D1D4F88000E0
:10327000002855D0294B0365F4F7CEFC00283FF415
:1032800011AFD4F88000036D0EE096067FF5E5AE31
:1032900005F0200601F0805C56EA0C063FF4DDAE36
:1032A000436F002B3FF4FEAEBDE870401847560751
:1032B0007FF578AFCE077FF575AF04261E62D4F890
:1032C000906046F00206C4F890606BE7A36F002B95
:1032D0003FF4E8AE2046BDE8704018474FF4801236
:1032E00020461A62BDE8704000F092BD53E8002FFE
:1032F00022F0100243E800210029A2D053E8002F59
:1033000022F0100243E800210029EFD199E700BF25
:103310002001000401000010FEFFFFEF193001241E
:103320002046FEF72FFE70BD2046BDE8704000F03D
:1033300073BDB4F85E00B4F85C10B4F85E20091AEE
:1033400092B289B2002A3FF4ADAE00293FF4AAAE92
:1033500053E8002F22F4907243E800200028F7D1B0
:10336000124D03F1080252E8002F2A4003F108062B
:1033700046E800200028F4D120226067C4F88C20A1
:10338000E06653E8002F22F0100243E800200028F6
:10339000F7D1022320462367FFF748FE70BD204681
:1033A000FEF7F0FDC4F8905070BD00BFFEFFFFEFC8
:1033B000806B08B501230367C36E012B02D0FEF7B3
:1033C00099FD08BDB0F85C104908FFF72FFE08BD55
:1033D00008B5C369806BB3F5807F29D000220368EC
:1033E000A0F85E2053E8002F22F4807243E8002109
:1033F0000029F7D103F1080252E8002F22F0010260
:1034000003F1080C4CE800210029F3D103F1080274
:1034100052E8002F22F0400203F1080C4CE8002192
:103420000029F3D12022C0F88C20C26E012A07D0D7
:1034300000230367C36E012B13D0FEF711FD08BDF7
:1034400053E8002F22F0100243E800210029EFD0BA
:1034500053E8002F22F0100243E800210029EFD1A9
:10346000E6E7B0F85C10FFF7E1FD08BDD0F8882072
:10347000D0F88C00104370470169826803680A43E2
:10348000C04930B545690446C06987B02A431D6804
:1034900002432940BC4D0A43E168AB421A605A68B6
:1034A00022F4405242EA0102A1695A6000F0E08031
:1034B000226A9D681143B54A2A40656A11439960A2
:1034C000DA6A22F00F022A43DA62B14A934223D029
:1034D000B04A934276D0B04A934200F08F81AF4A0F
:1034E000934200F0E181AE4A934200F02181AD4A5F
:1034F000934200F0E381AC4A934200F03482AB4A3D
:10350000934200F0E781012000234FF0011263672E
:10351000A266A36707B030BDA54B5B6D03F038030F
:10352000282BF0D8A34AD35CB0F5004F55D0202B00
:1035300000F24A81202BE6D801A252F823F000BF06
:103540007F37012479370124073501240735012409
:103550006937012407350124073501240735012483
:103560005B37012407350124073501240735012481
:1035700007350124073501240735012407350124C7
:103580004537012407350124073501240735012477
:1035900007350124073501240735012407350124A7
:1035A0000735012407350124073501240735012497
:1035B0000735012407350124073501240735012487
:1035C000E93801247A4B5B6D03F00703052B9AD889
:1035D000794AB0F5004FD35CA9D1202B00F2458188
:1035E000202B90D801A252F823F000BF53390124B8
:1035F0004D390124073501240735012459390124A7
:103600000735012407350124073501243B390124FE
:103610000735012407350124073501240735012426
:1036200007350124073501240735012427390124F2
:103630000735012407350124073501240735012406
:1036400007350124073501240735012407350124F6
:1036500007350124073501240735012407350124E6
:103660000735012407350124073501246339012476
:103670009868464A02404E480A439A60DA6A616A8C
:1036800022F00F020A43DA62836D03F00703052B71
:103690003FF639AF494AD35C202B00F2B980012BA9
:1036A0007FF631AF023B1E2B3FF62DAF01A252F841
:1036B00023F000BF1D3901240735012413390124EB
:1036C0000735012407350124073501240139012478
:1036D0000735012407350124073501240735012466
:1036E000073501240735012407350124ED3801246D
:1036F0000735012407350124073501240735012446
:103700000735012407350124073501240735012435
:103710000735012407350124073501240735012425
:1037200007350124073501240735012423390124F5
:103730001F4B5B6D03F00703052B3FF6E4AE204AF9
:10374000D35CF1E61A4B1A68920640F1C1801B68FF
:103750001C48C3F3C103D8403BE003A8F9F742FB80
:10376000049838B90020CFE66846F9F77DFA019849
:103770000028F7D0656A2CE0F8F72CFBF1E7F8F7A2
:10378000E1FAEEE7F369FFCF000C0058FFF4FF11F8
:10379000001001400044004000480040004C004040
:1037A000005000400014014000780040007C0040C0
:1037B00000440258D4480124004901240849012446
:1037C000004901240090D003402B7FF49CAE4FF4BD
:1037D00000406C4B4FF6EF71626833F81530B0FB68
:1037E000F3F303EB5203B3FBF2F3A3F110028A42AB
:1037F0003FF689AE22680020D36085E6624B5B6DA0
:1038000003F00703052B3FF67EAE604AD35C8BE6E0
:10381000402B7FF478AE4FF400405A4B656833F884
:10382000112005EB4501B0FBF2F399423FF66BAE78
:10383000B3EB053F3FF667AE00231946ECF74CFDAE
:103840002A460902030241EA1061680818184FF07D
:10385000000341F10001ECF73FFD4D4AA0F5407136
:10386000034691423FF64FAEC4E7402B7FF44BAE88
:10387000444B626833F815105308B0FBF1F003EBCA
:1038800040004FF6EF73B0FBF2F0A0F110029A4245
:103890003FF639AE20F00F03C0F3420022689BB21E
:1038A00003430020D3602FE6374B5B6D03F0070323
:1038B000052B3FF628AE374AD35C35E6324B5B6DBD
:1038C00003F03803282B3FF61EAE334AD35C2BE6B9
:1038D00032487EE72C4B5B6D03F00703052B3FF668
:1038E00012AE2F4AD35C1FE62E4872E7264B1A68A9
:1038F000900642D51B682948C3F3C103D8408CE722
:1039000003A8F9F76FFA049800283FF42BAF616A17
:1039100083E76846F9F7A8F90198F5E7F9F792F90E
:10392000F2E7204879E7184B1A68910627D51B68FB
:103930001A48C3F3C103D8409AE703A8F9F752FA2B
:10394000049800283FF40EAF656A91E7F8F742FA51
:10395000F7E7F8F7F7F9F4E76846F9F785F901981A
:10396000EFE7104884E7084B5B6D03F00703052B76
:103970003FF6C9AD0C4AD35CD6E508484DE7074889
:1039800076E700BF10490124004402580049012491
:10399000FFFC0F0000490124D44801240090D0030B
:1039A0000049012400093D0000490124836A1A07E7
:1039B00010B406D50168846B4A6822F400422243A1
:1039C0004A60DC0706D50168C46A4A6822F40032FE
:1039D00022434A60990706D50168046B4A6822F4BD
:1039E000803222434A605A0706D50168446B4A6810
:1039F00022F4802222434A60DC0606D50168C46BAB
:103A00008A6822F4805222438A60990606D50168AA
:103A1000046C8A6822F4005222438A605A060AD54E
:103A20000168446C4A68B4F5801F22F4801242EAAF
:103A300004024A600BD01B0606D50268C16C5368AD
:103A400023F400230B4353605DF8044B70474A682E
:103A5000846C22F4C00222434A60ECE738B50023AC
:103A60000446C0F89030F2F795F8226805461368CE
:103A70001B070ED41368590732D40023202218469E
:103A8000C4F8882084F88430C4F88C20E366236767
:103A900038BDD3699802EDD40CE019681A4649077D
:103AA00005D5D96908074FD4D96909057AD4DB69E6
:103AB0009802DFD4F2F76EF8431BB3F1007F23685E
:103AC000EBD353E8002F22F0800243E800210029C5
:103AD000F7D12023032084F88410C4F8883038BD3F
:103AE000D3695B02C9D40DE01A68500707D5DA69BB
:103AF000110700F18580DA69120500F1AF80DB69FA
:103B00005B02BAD4F2F746F8431BB3F1007F236897
:103B1000EAD353E8002F22F4907243E800210029F1
:103B2000F7D103F1080252E8002F22F0010203F15D
:103B3000080040E800210029F3D12023032084F865
:103B40008410C4F88C3038BD08221A6253E8002F64
:103B500022F4907243E800210029F7D1564803F17E
:103B6000080252E8002F024003F1080545E8002151
:103B70000029F4D1E26E012A0BD000222020082176
:103B8000C4F88C006267E26684F88420C4F8901060
:103B900097E753E8002F22F0100243E800210029A4
:103BA000F7D1EAE74FF400621A6253E8002F22F4DB
:103BB000907243E800210029F7D13F4803F1080241
:103BC00052E8002F024003F1080545E800210029D2
:103BD000F4D1E26E012A0AD0002220216267C4F8E3
:103BE0008C1084F88420E266C4F8901069E753E8EA
:103BF000002F22F0100243E800210029F7D1EBE763
:103C000008221A6253E8002F22F4907243E8002140
:103C10000029F7D1284803F1080252E8002F02409A
:103C200003F1080545E800210029F4D1E26E012ADC
:103C30000BD0002220200821C4F88C006267E266C5
:103C400084F88420C4F8901063E753E8002F22F032
:103C5000100243E800210029F7D1EAE74FF400629F
:103C60001A6253E8002F22F4907243E800210029E1
:103C7000F7D1114803F1080252E8002F024003F186
:103C8000080545E800210029F4D1E26E012A0AD096
:103C9000002220216267C4F88C1084F88420E26638
:103CA000C4F8901035E753E8002F22F0100243E8E3
:103CB00000210029F7D1EBE7FEFFFFEF80B3D0F83A
:103CC000883010B5044633B322682423A16AC4F8AF
:103CD0008830136823F001031360C1B92046FFF751
:103CE000CBFB012811D0236820465A6822F4904269
:103CF0005A609A6822F02A029A601A6842F0010219
:103D0000BDE810401A60FFF7A9BE012010BD204693
:103D1000FFF74CFEE2E780F88430FDF79FFCD3E725
:103D20000120704738B5044600232220C4F89030A3
:103D3000C4F88C00D4F88000A165A4F85C2070B1B0
:103D40002568036513460A4605F124011B4DC5632A
:103D50001B4D05641B4DC564F3F744FC28BB236968
:103D60004BB1236853E8002F42F4807243E80021EE
:103D70000029F7D100E0236803F1080252E8002F80
:103D800042F0010203F1080040E800210029F3D1CC
:103D900003F1080252E8002F42F0400203F108014B
:103DA00041E800200028F3D138BD10222023012053
:103DB000C4F89020C4F88C3038BD00BFD133012442
:103DC000B1330124452F0124D0F88C30202B1AD197
:103DD000B9B1B2FA82F35B099AB130B40468C36630
:103DE0000A4B9C420AD063681B0207D554E8003F87
:103DF00043F0806344E80035002DF7D130BCFFF775
:103E000091BF012070470220704700BF000C00588E
:103E1000704700BF704700BF704700BF0B460146A8
:103E2000184600F049BC000010B510EE104A24F00E
:103E30000043B3F1FF4F2DED048BB0EE408A49DA19
:103E4000B3F1465F27DADFED2A7A70EE277AB7EE14
:103E5000007AF4EEC77AF1EE10FA19DCB0EE480AF7
:103E600000F0BCF868EE088AB7EE009AB0EE408A1F
:103E700038EE890A00F0CCFB30EE090AC8EE807AF1
:103E800037EE880A00F016F9002C01DCB1EE400A8A
:103E9000BDEC048B10BDB3F19B4F20DCB3F1804F20
:103EA000DCDD00F09BF8F7EE008AF0EE407AB0EE31
:103EB000680AA8EE080AB0EE678A00F0A9FB70EE67
:103EC000087AB0EE007A88EEA70AA8EE070A00F09A
:103ED0008DF8D9E7BDEC048B30EE000A10BD00F080
:103EE0007DF800F083F89FED038A30EE080ACBE7F7
:103EF000CAF249711872313F10EE103A40F22A416D
:103F0000C3F30A528A42B7EEC03A32D8B7EE000B7A
:103F10002D4B93ED4A2B93ED481BB0EE417BA2EE67
:103F2000037B17EE100A37EE417B00F01F0203EB14
:103F3000C20130B492EE037B93ED4C4B53F8324008
:103F40004D6893ED4E6B93ED505BA4EE076B27EE3F
:103F5000074B00210A1905EBC033A5EE070B43EC14
:103F6000172BA6EE040B30BC20EE070BB7EEC00BF0
:103F7000704713F5000F20D0B2F5FF6F1AD2DFEDB6
:103F8000137AB4EEE70AF1EE10FA10DCDFED107AE6
:103F9000B4EEE70AF1EE10FA12D4DFED0E7AB4EEC9
:103FA000E70AF1EE10FAB1D5002000F057BB00206F
:103FB00000F05ABB30EE000A70479FED070A7047C9
:103FC000002000F045BB00BF284901241772B14210
:103FD000B4F1CFC2CF8ECEC20000000010EE103A76
:103FE00023F0004300EE103A704700BF10EE103A85
:103FF000B3F17E5F10EE101A38D0A3F50002B2F1D3
:10400000FE4F36D2BFEE000B01F14042264B02F5C7
:104010004D02C2F3C34003EB001093ED404B93ED10
:10402000445B93ED467B93ED426BD30DDB0590ED46
:10403000002BCB1A03EE903A90ED021BD215B7EE8F
:10404000E33AA2EE030B03EE902A20EE002BA5EE3E
:10405000007BB8EEE33BA6EE027BA3EE041B30EE42
:10406000010BA2EE070BB7EEC00B70479FED0F0AD6
:1040700070475A0014D0B3F1FF4F14D0002B0BDB64
:10408000B2F17F4F08D2DFED0A7A60EE277A17EEA1
:10409000903AA3F13861B5E700EE103A00F0FCBAAF
:1040A000012000F0E7BA7047704A012400000000C8
:1040B0000000004B10EE103AB3F1FF4FF0EE407AE3
:1040C0004EDA7B4A934214DC23F00042B2F17E5F69
:1040D00049DAB2F1445F51DA9FED767A30EE077A31
:1040E000B5EEC07AF1EE10FA6EDDB2F1125F6BDA66
:1040F0007047B3F1B44F45DB6F499FED706ADA1535
:10410000C3F316038B42A2F17F0254DC43F07E51CD
:1041100007EE901AB7EE007A77EEC77AB6EE000A8D
:1041200027EE800A20EE270A002B5DD1F5EE407ABB
:10413000F1EE10FA40F09B80002A00F0B58007EE07
:10414000902ADFED5F5ADFED5F6AB8EEE77AF0EEB6
:10415000467AE7EE257AE7EE267AB0EE670A7047F0
:1041600030EE000A7047BFEE007AB4EE470AF1EE77
:1041700010FA40F09780012000F07CBA524A1344B4
:1041800093422AD8B7EE007A77EE876A4A4916EE4C
:10419000903ADA157F3A002AD5BF36EEC77A76EE26
:1041A000E77A37EEC77A37EE677AC3F316038B42A6
:1041B00087EE266AAADDC3F5000143F07C53013285
:1041C00007EE903A8B10A5E767EEE76AB6EE007A45
:1041D000E6EE877AB0EE670A7047B6EE007A20EE18
:1041E000077A002227EE000AB0EE007A37EE877ACF
:1041F000DFED362A9FED363ADFED363A9FED364A4F
:10420000DFED364A9FED365ADFED366AC7EE875A44
:1042100025EEA57AA7EE223AE3EE073AA3EE874A07
:10422000E4EE074AA4EE875AE5EE076A66EE876A6F
:1042300032B976EE806AA6EEE50A37EEC00A70471C
:1042400007EE102A9FED1E5AB8EEC77A76EE806A06
:10425000A7EE056A9FED1B5AA6EEA56A30EE460A48
:1042600070EE677AD7EE057AB0EE670A7047DFED39
:104270001D6AA7EEE67A27EE000A002ADDD007EED7
:10428000102ADFED0F5ADFED0F6AB8EEC77AA7EEFE
:10429000256A30EE460A70EE677AD7EE267AB0EEDF
:1042A000670A704700F0F8B99FED040A704700BF35
:1042B000D613D43E0000004CF60435000000000088
:1042C000D1F717378071313FE0096A419788173E6F
:1042D0004FD01C3E25333A3E298E633E2549923EFF
:1042E000CDCCCC3EABAA2A3F30B410EE103A2DED27
:1042F000028BA3F5000110EE902AB1F1FE4F10EEF3
:10430000104A82B04FEA42017ED201F1FF3C6FF0C9
:104310008070844580F0F980002004F1404303F56B
:104320004D03C3F3C341DB0DDB05E21ADB1507EEDA
:10433000903ABFEE001BB24B03EB011191ED004B25
:1043400005EE102AB7EEC55AA4EE051B93ED444BBB
:1043500021EE012B93ED465B93ED403BA1EE045B18
:1043600093ED426B93ED484BA1EE036B22EE023BC3
:10437000B8EEE78BB7EEE07A91ED020B38EE000B6A
:10438000A1EE040BA2EE050BA6EE030B27EE000B2D
:1043900010EE903A48F2BF02C3F3CF33934252D2A9
:1043A000B7EE007B974B93ED402B30EE023B13EEC4
:1043B000102A33EE423B02F01F01821803EBC100CA
:1043C00053F83140456830EE433B93ED465B93ED47
:1043D000424BA3EE057BB0EE470B93ED446B0023FD
:1043E000181905EBC23141EC170BA3EE046B23EE59
:1043F000034BA6EE040B20EE070BB7EEC00B02B08A
:10440000BDEC028B30BC70474D1E6FF08070854252
:1044100080F0CE8059004D1E854280F09280002BA6
:1044200055DB0020B4F5000FBFF477AFDFED767AEF
:1044300007EE103A67EE277A17EE904A24F0004410
:10444000A4F1386469E79FED667BB4EEC70BF1EE2B
:1044500010FA15DC9FED647BB4EEC70BF1EE10FA99
:1044600020DD4FF04C5388B10193DDED017ABFEEB2
:10447000007A77EE677AF4EE477AF1EE10FA11D00F
:1044800002B0BDEC028B30BC00F0EEB80093DDED65
:10449000007AB7EE007A77EE877AF4EE477AF1EE9B
:1044A00010FAEDD19FED527BB4EEC70BF1EE10FA8E
:1044B00057D99FED517BB4EEC70BF1EE10FA7FF5A3
:1044C0006FAF02B0BDEC028B30BC00F0C7B8C2F3D6
:1044D000C7517E2911DD962954DC0120C1F19601D6
:1044E00000FA01F1481E104207D111EA020018BF7C
:1044F0004FF4803024F0004494E700EE103A02B00C
:10450000BDEC028B30BC00F0C7B8002952D0B3F12B
:104510007E5F2CD06400B4F17F4F2ED8B1F17F4F75
:104520002BD1B4F1FE4F4BD0B4F1FE4F6FEA020233
:1045300034BF00240124D20F94424CD09FED330AA3
:104540005DE7002B20EE000A1EDB002000293AD197
:10455000002ABFF654AF02B0BDEC028B30BC00F0B5
:1045600089B802B0BDEC028B30BC00F071B882F4A7
:104570008002520012F5000F22D907EE903A37EE72
:10458000A00A3CE70020B5E7C2F3C753A3F17F00C0
:104590001728DAD8C3F19600012303FA00F0441E6D
:1045A0001442D2D11040D1D0B1EE400A1846CDE726
:1045B0000029AFD184F48002520012F5000FDCD83C
:1045C000B7EE000A1BE7002ABFF619AFF7EE007A34
:1045D00087EE800A13E720EEA00A10E7AFF3008011
:1045E00071D5D1FFFFFF5F40E2AAA3FFFFFF5F404D
:1045F0000000000000C062C00000000000A062C017
:10460000904B0124284901240000004B00000000C9
:10461000B1EEC00A704700BF10B582B08DED010A3F
:10462000044600F057F89DED010A046002B010BD89
:1046300030B1F1EE407A27EE800A2220FFF7ECBF7E
:10464000F0EE407A27EE800A2220FFF7E5BF00BF98
:104650009FED010AFFF7ECBF000000109FED010A7B
:10466000FFF7E6BF0000201A9FED010AFFF7E0BF49
:10467000000000709FED070AFFEE007AB7EE007AA7
:1046800000284FF0220047FE277A87EE800AFFF7C6
:10469000C3BF00BF0000000070EE407AB4EE400AD5
:1046A00087EEA77AF1EE10FAB0EE470A02D6212083
:1046B000FFF7B2BF704700BF10B5054C13462CB1D1
:1046C0000A4601460220AFF3008010BD2046FCE7F9
:1046D00000000000014B1868704700BF7C030020F9
:1046E00070B50D4D0D4C641BA4100026A64209D1D7
:1046F0000B4D0C4C00F010FB641BA4100026A642CE
:1047000005D170BD55F8043B98470136EEE755F8E2
:10471000043B98470136F2E7384D0124384D012417
:10472000384D01246C4D01240A44914200F1FF33BD
:1047300000D1704710B511F8014B03F8014F9142B9
:10474000F9D110BD02440346934200D1704703F8EB
:10475000011BF9E730000000030000000000803F6B
:104760000000803F00030006000200070201020073
:104770000101020400010000020302020054004093
:1047800000580040005C0040001C00580000004041
:104790000004004000080040000C004025002600F6
:1047A0002700340035004700520053008E000000FF
:1047B0006666263F6666263F6666263F6666263F35
:1047C0000000803F0000803F020E0000020D00004C
:1047D0000108000001090000060E000001040000AD
:1047E0000202000002030000060D000003030000A7
:1047F00002070000060000000C000000120000008C
:104800001800000000010000060100000C0100007B
:104810001201000018010000000200000602000062
:104820000C02000012020000180200000003000049
:10483000060300000A0A0909090A00000000FA45F7
:1048400000007A460000FA4600803B470080BB47E4
:1048500000030103000201020006101600061016F4
:104860000B00FF009C00002084000020900000202E
:1048700054000020C0000020A8000020B400002048
:1048800060000020E4000020CC000020D8000020C0
:104890006C000020F42A0020DC2A0020E82A0020F6
:1048A000C42A0020182B0020002B00200C2B0020F5
:1048B000D02A002008010020F0000020FC00002089
:1048C000780000200000000001020304010203043C
:1048D00006070809018080808080808004808080B5
:1048E00080808080088080808080808010808080B0
:1048F00080808080208080808080808040000000D8
:1049000000040810204000000204081020400000AD
:10491000010002000400060008000A000C0010005C
:104920002000400080000001000000000000F03F77
:10493000748515D3B0D9EF3F0F89F96C58B5EF3FA7
:10494000515B12D00193EF3F7B517D3CB872EF3F3A
:10495000AAB968318754EF3F3862756E7A38EF3FF5
:10496000E1DE1FF59D1EEF3F15B7310AFE06EF3F52
:10497000CBA93A37A7F1EE3F2234124CA6DEEE3F28
:104980002D89616008CEEE3F272A36D5DABFEE3F8B
:10499000824F9D562BB4EE3F295448DD07ABEE3FC6
:1049A00085553AB07EA4EE3FCD3B7F669EA0EE3F9C
:1049B000745FECE8759FEE3F8701EB7314A1EE3F47
:1049C00013CE4C9989A5EE3FDBA02A42E5ACEE3F21
:1049D000E5C5CDB037B7EE3F90F0A38291C4EE3F6E
:1049E0005D253EB203D5EE3FADD35A999FE8EE3F29
:1049F000475EFBF276FFEE3F9C5285DD9B19EF3F51
:104A00006990EFDC2037EF3F87A4FBDC1858EF3FBD
:104A10005F9B7B33977CEF3FDA90A4A2AFA4EF3F7C
:104A200040456E5B76D0EF3F000000000000E8429A
:104A30009423914BF86AAC3FF3C4FA50CEBFCE3FFB
:104A4000D6520CFF422EE63F000000000000384323
:104A5000FE822B65471547409423914BF86ABC3E74
:104A6000F3C4FA50CEBF2E3FD6520CFF422E963FD3
:104A7000BEF3F879EC61F63FDEAA8C80F77BD5BFF8
:104A80003D88AF4AED71F53FDB6DC0A7F0BED2BFE8
:104A9000B010F0F03995F43F673A517FAE1ED0BFA9
:104AA0008503B8B095C9F33FE92482A6D831CBBFBE
:104AB000A564880C190DF33F5877C00A4F57C6BF3D
:104AC000A08E0B7B225EF23F00819CC72BAAC1BF48
:104AD0003F341A4A4ABBF13F5E0E8CCE764EBABFC7
:104AE000BAE58AF05823F13FCC1C615A3C97B1BF1C
:104AF000A70099413F95F03F1E0CE138F452A2BF48
:104B0000000000000000F03F000000000000000076
:104B1000AC479AFD8C60EE3F8459F25DAAA5AA3F8E
:104B2000A06A021FB3A4EC3FB42E36AA535EBC3F6A
:104B3000E6FC6A573620EB3F08DB2077E526C53FC9
:104B40002DAAA163D1C2E93F7047220D86C2CB3F97
:104B5000ED417803E686E83FE17EA0C88B05D13FB2
:104B6000624853F5DC67E73F09EEB6573004D43F9F
:104B7000EF39FAFE422EE63F3483B848A30ED0BF89
:104B80006A0BE00B5B57D53F23410AF2FEFFDFBF04
:104B9000BEF3F879EC61F63F1930965BC6FEDEBFD6
:104BA0003D88AF4AED71F53FA4FCD432680BDBBF02
:104BB000B010F0F03995F43F7BB71F0A8B41D7BF97
:104BC0008503B8B095C9F33F7BCF6D1AE99DD3BF7C
:104BD000A564880C190DF33F31B6F2F39B1DD0BFCD
:104BE000A08E0B7B225EF23FF07A3B1B1D7CC9BF7F
:104BF0003F341A4A4ABBF13F9F3CAF93E3F9C2BF2F
:104C0000BAE58AF05823F13F5C8D78BFCB60B9BF1D
:104C1000A70099413F95F03FCE5F47B69D6FAABF71
:104C2000000000000000F03F000000000000000055
:104C3000AC479AFD8C60EE3F3DF5249FCA38B33FE8
:104C4000A06A021FB3A4EC3FBA913854A976C43FBE
:104C5000E6FC6A573620EB3FD2E4C44A0B84CE3FD1
:104C60002DAAA163D1C2E93F1C65C6F04506D43F19
:104C7000ED417803E686E83FF89F1B2C9C8ED83FD9
:104C8000624853F5DC67E73FCC7BB14EA4E0DC3FE4
:104C90000B6E49C91676D23F7AC675A06919D7BF7F
:104CA000DDBAA76C0AC7DE3FC8F6BE484715E7BFA6
:104CB0002BB82A654715F73F0000000000000000F0
:104CC00000000000000000000000000000000000E4
:104CD00000000000000000000000000000000000D4
:104CE00000000000000000000000000000000000C4
:104CF00000000000000000000000000000000000B4
:104D000000000000000000000000000000000000A3
:104D10000000000000000000F8B500BFF8BC08BCAF
:104D20009E467047F8B500BFF8BC08BC9E46704769
:084D3000D8B5FE7F0100000070
:104D3800BD020024F5100024CD1A0024D92B00242C
:104D4800A134002431390024DD410024D94B00244A
:104D5800E5520024D9580024710B01249110012434
:044D680019200124E9
:044D6C009902002484
:104D70000000000010000000000000000000000023
:104D80000000000000000000000000001000000013
:104D90000000000000000000000000000000000013
:104DA00000000000100000000000000000000000F3
:104DB00000000000000000000000000001000000F2
:104DC00010000000060A05000405000000000000B5
:104DD000010C05010407010905000000000406009C
:104DE00000000000000000000004080000000000B7
:104DF000000000000104050006050609050000008A
:104E0000010505000705000000000000060B050075
:104E10000505000000000000010E0502020500006B
:104E200000000000020105010F050203050000005B
:104E3000030305000000000000000000020B060153
:104E40000406000000000000020C06010507000037
:104E500000000000020A0600000000000000000040
:104E60000104080006080000000000000105080019
:104E70000708000000000000000508000000000016
:104E80000000000000000000000000000000000022
:104E90000000000000000000000000000100000011
:104EA0000000000000000000000000000000000002
:104EB00000000000000000000100000000000000F1
:104EC00000000000000000000000000000000000E2
:104ED00000000000010000000000000000000000D1
:104EE00000000000000000000000000000000000C2
:104EF00001000000000000000000000000000000B1
:104F000000000000000000000000000001000000A0
:104F10000000000000000000000000000000000091
:104F20000000000000000000010000000000000080
:104F30000000000000000000000000000000000071
:104F40000000000001000000000000000000000060
:104F50000000000000000000000000000000000051
:104F60000100000000000000000000000000000040
:104F70000000000000000000000000000100000030
:104F80000000000000000000000000000000000021
:104F90000000000000000000010000000000000010
:104FA0000000000000000000000000000000000001
:104FB00000000000010000000000000000000000F0
:104FC00000000000000000000000000000000000E1
:104FD00001000000000000000000000000000000D0
:104FE00000000000000000000000000001000000C0
:104FF0000107080000000000000000000106080092
:1050000000000000000000000B00FF002C03002047
:105010002003002044030020380300205C0300200C
:1050200050030020F0020020E402002008030020CA
:10503000FC020020683C00206803002014030020CC
:10504000443C00205C3C0020503C00208C020020AE
:1050500080020020010808020B080001080000007F
:10506000010908020A08000008000000010C0E03F4
:10507000020801050E000000020C0801060E0000E7
:105080000000000001040B00000000000000000010
:10509000010707010F0400000000000001060701DE
:1050A0000E040000000000000003070000000000E4
:1050B00000000000000207000000000000000000E7
:1050C000020B07000000000000000000020A0700B9
:1050D00000000000000000000609070000000000BA
:1050E000000000000090D0030090D0038003002057
:1050F00000000000D84C0124F84C0124B84C0124D5
:10510000000000000000000000000000000000009F
:10511000000000000000000000000000000000008F
:10512000000000000000000000000000000000007F
:10513000000000000000000000000000000000006F
:10514000000000000000000000000000000000005F
:04000005240005E9E5
:00000001FF
