ARM GAS  C:\Users\isaia\AppData\Local\Temp\ccP6lw9u.s 			page 1


   1              		.cpu cortex-m7
   2              		.eabi_attribute 28, 1
   3              		.eabi_attribute 20, 1
   4              		.eabi_attribute 21, 1
   5              		.eabi_attribute 23, 3
   6              		.eabi_attribute 24, 1
   7              		.eabi_attribute 25, 1
   8              		.eabi_attribute 26, 1
   9              		.eabi_attribute 30, 2
  10              		.eabi_attribute 34, 1
  11              		.eabi_attribute 18, 4
  12              		.file	"VaDist.cpp"
  13              		.text
  14              	.Ltext0:
  15              		.cfi_sections	.debug_frame
  16              		.section	.text._ZN9anachrome7planterD2Ev,"axG",%progbits,_ZN9anachrome7planterD5Ev,comdat
  17              		.align	1
  18              		.p2align 2,,3
  19              		.weak	_ZN9anachrome7planterD2Ev
  20              		.arch armv7e-m
  21              		.syntax unified
  22              		.thumb
  23              		.thumb_func
  24              		.fpu fpv5-d16
  26              	_ZN9anachrome7planterD2Ev:
  27              	.LVL0:
  28              	.LFB5480:
  29              		.file 1 "../../Planter/planter.h"
   1:../../Planter/planter.h **** #pragma once
   2:../../Planter/planter.h **** 
   3:../../Planter/planter.h **** #include "daisy_patch_sm.h"
   4:../../Planter/planter.h **** #include "planter_cal.h"
   5:../../Planter/planter.h **** 
   6:../../Planter/planter.h **** using daisy::AdcChannelConfig;
   7:../../Planter/planter.h **** using daisy::AnalogControl;
   8:../../Planter/planter.h **** using daisy::AudioHandle;
   9:../../Planter/planter.h **** //using daisy::patch_sm;
  10:../../Planter/planter.h **** using daisy::GPIO;
  11:../../Planter/planter.h **** using daisy::Pin;
  12:../../Planter/planter.h **** using daisy::SaiHandle;
  13:../../Planter/planter.h **** using daisy::Switch;
  14:../../Planter/planter.h **** 
  15:../../Planter/planter.h **** namespace anachrome
  16:../../Planter/planter.h **** {
  17:../../Planter/planter.h **** /**
  18:../../Planter/planter.h ****  * Minimal Planter platform (wrapper around daisy::patch_sm::DaisyPatchSM).
  19:../../Planter/planter.h ****  * This provides a small, extendable class with a `patch` member and a single
  20:../../Planter/planter.h ****  * maintained helper: WriteCvOutBipolar. Add features later (knobs, switches)
  21:../../Planter/planter.h ****  * as needed.
  22:../../Planter/planter.h ****  */
  23:../../Planter/planter.h **** class planter
  24:../../Planter/planter.h **** {
  25:../../Planter/planter.h ****     public:
  26:../../Planter/planter.h ****     enum
  27:../../Planter/planter.h ****     {
  28:../../Planter/planter.h ****         /** Knobs */
  29:../../Planter/planter.h ****         KNOB_1 = 4, 
ARM GAS  C:\Users\isaia\AppData\Local\Temp\ccP6lw9u.s 			page 2


  30:../../Planter/planter.h ****         KNOB_2, 
  31:../../Planter/planter.h ****         KNOB_3, 
  32:../../Planter/planter.h ****         KNOB_4, 
  33:../../Planter/planter.h ****         KNOB_5, 
  34:../../Planter/planter.h ****         KNOB_6, 
  35:../../Planter/planter.h ****         KNOB_LAST
  36:../../Planter/planter.h ****     };
  37:../../Planter/planter.h **** 
  38:../../Planter/planter.h ****     enum
  39:../../Planter/planter.h ****     {
  40:../../Planter/planter.h ****         /** User LEDs */
  41:../../Planter/planter.h ****         LED_1, 
  42:../../Planter/planter.h ****         LED_2, 
  43:../../Planter/planter.h ****     };
  44:../../Planter/planter.h **** 
  45:../../Planter/planter.h **** 
  46:../../Planter/planter.h ****     public:
  47:../../Planter/planter.h ****         void StartAudio(AudioHandle::InterleavingAudioCallback cb);
  48:../../Planter/planter.h **** 
  49:../../Planter/planter.h ****         void StartAudio(AudioHandle::AudioCallback cb);
  50:../../Planter/planter.h **** 
  51:../../Planter/planter.h ****         void StopAdc();
  52:../../Planter/planter.h **** 
  53:../../Planter/planter.h ****         planter() = default;
  54:../../Planter/planter.h ****         ~planter() = default;
  30              		.loc 1 54 9 view -0
  31              		.cfi_startproc
  32              		@ args = 0, pretend = 0, frame = 0
  33              		@ frame_needed = 0, uses_anonymous_args = 0
  34              		@ link register save eliminated.
  35              	.LBB235:
  36              	.LBI235:
  37              		.file 2 "../../libDaisy//src/daisy_patch_sm.h"
   1:../../libDaisy//src/daisy_patch_sm.h **** #pragma once
   2:../../libDaisy//src/daisy_patch_sm.h **** 
   3:../../libDaisy//src/daisy_patch_sm.h **** #include "daisy.h"
   4:../../libDaisy//src/daisy_patch_sm.h **** 
   5:../../libDaisy//src/daisy_patch_sm.h **** namespace daisy
   6:../../libDaisy//src/daisy_patch_sm.h **** {
   7:../../libDaisy//src/daisy_patch_sm.h **** namespace patch_sm
   8:../../libDaisy//src/daisy_patch_sm.h **** {
   9:../../libDaisy//src/daisy_patch_sm.h ****     /** Accessors for the Analog Controls. 
  10:../../libDaisy//src/daisy_patch_sm.h ****      *  These cover the 8x Bipolar CV inputs
  11:../../libDaisy//src/daisy_patch_sm.h ****      *  as well as the 4x 0-3V3 ADC inputs on
  12:../../libDaisy//src/daisy_patch_sm.h ****      *  the hardware 
  13:../../libDaisy//src/daisy_patch_sm.h ****      * 
  14:../../libDaisy//src/daisy_patch_sm.h ****      *  When reading a value with DaisyPatchSM::GetAdcValue()
  15:../../libDaisy//src/daisy_patch_sm.h ****      * 
  16:../../libDaisy//src/daisy_patch_sm.h ****      *  patch.GetAdcValue(patch_sm::CV_1);
  17:../../libDaisy//src/daisy_patch_sm.h ****      */
  18:../../libDaisy//src/daisy_patch_sm.h ****     enum
  19:../../libDaisy//src/daisy_patch_sm.h ****     {
  20:../../libDaisy//src/daisy_patch_sm.h ****         CV_1 = 0,
  21:../../libDaisy//src/daisy_patch_sm.h ****         CV_2,
  22:../../libDaisy//src/daisy_patch_sm.h ****         CV_3,
  23:../../libDaisy//src/daisy_patch_sm.h ****         CV_4,
  24:../../libDaisy//src/daisy_patch_sm.h ****         CV_5,
ARM GAS  C:\Users\isaia\AppData\Local\Temp\ccP6lw9u.s 			page 3


  25:../../libDaisy//src/daisy_patch_sm.h ****         CV_6,
  26:../../libDaisy//src/daisy_patch_sm.h ****         CV_7,
  27:../../libDaisy//src/daisy_patch_sm.h ****         CV_8,
  28:../../libDaisy//src/daisy_patch_sm.h ****         ADC_9,
  29:../../libDaisy//src/daisy_patch_sm.h ****         ADC_10,
  30:../../libDaisy//src/daisy_patch_sm.h ****         ADC_11,
  31:../../libDaisy//src/daisy_patch_sm.h ****         ADC_12,
  32:../../libDaisy//src/daisy_patch_sm.h ****         ADC_LAST,
  33:../../libDaisy//src/daisy_patch_sm.h ****     };
  34:../../libDaisy//src/daisy_patch_sm.h **** 
  35:../../libDaisy//src/daisy_patch_sm.h ****     /** Enum for addressing the CV Outputs via the WriteCvOut function. */
  36:../../libDaisy//src/daisy_patch_sm.h ****     enum
  37:../../libDaisy//src/daisy_patch_sm.h ****     {
  38:../../libDaisy//src/daisy_patch_sm.h ****         CV_OUT_BOTH = 0,
  39:../../libDaisy//src/daisy_patch_sm.h ****         CV_OUT_1,
  40:../../libDaisy//src/daisy_patch_sm.h ****         CV_OUT_2,
  41:../../libDaisy//src/daisy_patch_sm.h ****     };
  42:../../libDaisy//src/daisy_patch_sm.h **** 
  43:../../libDaisy//src/daisy_patch_sm.h **** 
  44:../../libDaisy//src/daisy_patch_sm.h ****     /** @brief Board support file for DaisyPatchSM hardware
  45:../../libDaisy//src/daisy_patch_sm.h ****      *  @author shensley
  46:../../libDaisy//src/daisy_patch_sm.h ****      *  @ingroup boards
  47:../../libDaisy//src/daisy_patch_sm.h ****      * 
  48:../../libDaisy//src/daisy_patch_sm.h ****      *  Daisy Patch SM is a complete Eurorack module DSP engine.
  49:../../libDaisy//src/daisy_patch_sm.h ****      *  Based on the Daisy Seed, with circuits added for 
  50:../../libDaisy//src/daisy_patch_sm.h ****      *  interfacing directly with eurorack modular synthesizers.
  51:../../libDaisy//src/daisy_patch_sm.h ****      */
  52:../../libDaisy//src/daisy_patch_sm.h ****     class DaisyPatchSM
  53:../../libDaisy//src/daisy_patch_sm.h ****     {
  54:../../libDaisy//src/daisy_patch_sm.h ****       public:
  55:../../libDaisy//src/daisy_patch_sm.h ****         /** Helper for mapping pins, and accessing them using the `GetPin` function */
  56:../../libDaisy//src/daisy_patch_sm.h ****         enum class PinBank
  57:../../libDaisy//src/daisy_patch_sm.h ****         {
  58:../../libDaisy//src/daisy_patch_sm.h ****             A,
  59:../../libDaisy//src/daisy_patch_sm.h ****             B,
  60:../../libDaisy//src/daisy_patch_sm.h ****             C,
  61:../../libDaisy//src/daisy_patch_sm.h ****             D
  62:../../libDaisy//src/daisy_patch_sm.h ****         };
  63:../../libDaisy//src/daisy_patch_sm.h **** 
  64:../../libDaisy//src/daisy_patch_sm.h ****         DaisyPatchSM() {}
  65:../../libDaisy//src/daisy_patch_sm.h ****         ~DaisyPatchSM() {}
  38              		.loc 2 65 9 view .LVU1
  39              	.LBB236:
  40              	.LBI236:
  41              		.file 3 "../../libDaisy//src/hid/gatein.h"
   1:../../libDaisy//src/hid/gatein.h **** #pragma once
   2:../../libDaisy//src/hid/gatein.h **** #ifndef DSY_GATEIN_H
   3:../../libDaisy//src/hid/gatein.h **** #define DSY_GATEIN_H
   4:../../libDaisy//src/hid/gatein.h **** #include "per/gpio.h"
   5:../../libDaisy//src/hid/gatein.h **** 
   6:../../libDaisy//src/hid/gatein.h **** namespace daisy
   7:../../libDaisy//src/hid/gatein.h **** {
   8:../../libDaisy//src/hid/gatein.h **** /**
   9:../../libDaisy//src/hid/gatein.h ****    @brief Generic Class for handling gate inputs through GPIO.
  10:../../libDaisy//src/hid/gatein.h ****    @author Stephen Hensley
  11:../../libDaisy//src/hid/gatein.h ****    @date    March 2020
  12:../../libDaisy//src/hid/gatein.h ****    @ingroup controls
ARM GAS  C:\Users\isaia\AppData\Local\Temp\ccP6lw9u.s 			page 4


  13:../../libDaisy//src/hid/gatein.h **** */
  14:../../libDaisy//src/hid/gatein.h **** class GateIn
  15:../../libDaisy//src/hid/gatein.h **** {
  16:../../libDaisy//src/hid/gatein.h ****   public:
  17:../../libDaisy//src/hid/gatein.h ****     /** GateIn Constructor */
  18:../../libDaisy//src/hid/gatein.h ****     GateIn() {}
  19:../../libDaisy//src/hid/gatein.h **** 
  20:../../libDaisy//src/hid/gatein.h ****     /** GateIn Destructor */
  21:../../libDaisy//src/hid/gatein.h ****     ~GateIn() {}
  42              		.loc 3 21 5 view .LVU2
  43              		.loc 3 21 5 is_stmt 0 view .LVU3
  44              	.LBE236:
  45              	.LBB237:
  46              	.LBI237:
  47              		.loc 3 21 5 is_stmt 1 view .LVU4
  48              		.loc 3 21 5 is_stmt 0 view .LVU5
  49              	.LBE237:
  50              	.LBB238:
  51              	.LBI238:
  52              		.file 4 "../../libDaisy//src/dev/codec_pcm3060.h"
   1:../../libDaisy//src/dev/codec_pcm3060.h **** #pragma once
   2:../../libDaisy//src/dev/codec_pcm3060.h **** #ifndef DSY_CODEC_PCM3060_H
   3:../../libDaisy//src/dev/codec_pcm3060.h **** #define DSY_CODEC_PCM3060_H
   4:../../libDaisy//src/dev/codec_pcm3060.h **** #include "per/i2c.h"
   5:../../libDaisy//src/dev/codec_pcm3060.h **** namespace daisy
   6:../../libDaisy//src/dev/codec_pcm3060.h **** {
   7:../../libDaisy//src/dev/codec_pcm3060.h **** /**
   8:../../libDaisy//src/dev/codec_pcm3060.h ****  * @brief Driver for the TI PCM3060 Audio Codec.
   9:../../libDaisy//src/dev/codec_pcm3060.h ****  * @addtogroup codec
  10:../../libDaisy//src/dev/codec_pcm3060.h ****  * 
  11:../../libDaisy//src/dev/codec_pcm3060.h ****  * For now this is a limited interface that uses I2C to communicate with the PCM3060
  12:../../libDaisy//src/dev/codec_pcm3060.h ****  * The device can also be accessed with SPI, which is not yet supported.
  13:../../libDaisy//src/dev/codec_pcm3060.h ****  * 
  14:../../libDaisy//src/dev/codec_pcm3060.h ****  * For now all registers are set to their defaults, and the Init function will 
  15:../../libDaisy//src/dev/codec_pcm3060.h ****  * perform a MRST and SRST before setting the format to 24bit LJ, and disabling 
  16:../../libDaisy//src/dev/codec_pcm3060.h ****  * power save for both the ADC and DAC.
  17:../../libDaisy//src/dev/codec_pcm3060.h ****  *
  18:../../libDaisy//src/dev/codec_pcm3060.h ****  */
  19:../../libDaisy//src/dev/codec_pcm3060.h **** class Pcm3060
  20:../../libDaisy//src/dev/codec_pcm3060.h **** {
  21:../../libDaisy//src/dev/codec_pcm3060.h ****   public:
  22:../../libDaisy//src/dev/codec_pcm3060.h ****     enum class Result
  23:../../libDaisy//src/dev/codec_pcm3060.h ****     {
  24:../../libDaisy//src/dev/codec_pcm3060.h ****         OK,
  25:../../libDaisy//src/dev/codec_pcm3060.h ****         ERR,
  26:../../libDaisy//src/dev/codec_pcm3060.h ****     };
  27:../../libDaisy//src/dev/codec_pcm3060.h **** 
  28:../../libDaisy//src/dev/codec_pcm3060.h ****     Pcm3060() {}
  29:../../libDaisy//src/dev/codec_pcm3060.h ****     ~Pcm3060() {}
  53              		.loc 4 29 5 is_stmt 1 view .LVU6
  54              		.loc 4 29 5 is_stmt 0 view .LVU7
  55              	.LBE238:
  56              	.LBB239:
  57              	.LBI239:
  58              		.file 5 "../../libDaisy//src/hid/usb.h"
   1:../../libDaisy//src/hid/usb.h **** #pragma once
   2:../../libDaisy//src/hid/usb.h **** #ifndef DSY_HID_USB_H
ARM GAS  C:\Users\isaia\AppData\Local\Temp\ccP6lw9u.s 			page 5


   3:../../libDaisy//src/hid/usb.h **** #define DSY_HID_USB_H
   4:../../libDaisy//src/hid/usb.h **** #include <stdint.h>
   5:../../libDaisy//src/hid/usb.h **** #include <stdlib.h>
   6:../../libDaisy//src/hid/usb.h **** 
   7:../../libDaisy//src/hid/usb.h **** namespace daisy
   8:../../libDaisy//src/hid/usb.h **** /** @addtogroup human_interface
   9:../../libDaisy//src/hid/usb.h ****     @{
  10:../../libDaisy//src/hid/usb.h **** */
  11:../../libDaisy//src/hid/usb.h **** 
  12:../../libDaisy//src/hid/usb.h **** {
  13:../../libDaisy//src/hid/usb.h **** /** 
  14:../../libDaisy//src/hid/usb.h ****     @brief Interface for initializing and using the USB Peripherals on the daisy
  15:../../libDaisy//src/hid/usb.h ****     @author Stephen Hensley
  16:../../libDaisy//src/hid/usb.h ****     @date December 2019
  17:../../libDaisy//src/hid/usb.h **** */
  18:../../libDaisy//src/hid/usb.h **** class UsbHandle
  19:../../libDaisy//src/hid/usb.h **** {
  20:../../libDaisy//src/hid/usb.h ****   public:
  21:../../libDaisy//src/hid/usb.h ****     /** Return values for USBHandle Functions */
  22:../../libDaisy//src/hid/usb.h ****     enum class Result
  23:../../libDaisy//src/hid/usb.h ****     {
  24:../../libDaisy//src/hid/usb.h ****         OK,
  25:../../libDaisy//src/hid/usb.h ****         ERR,
  26:../../libDaisy//src/hid/usb.h ****     };
  27:../../libDaisy//src/hid/usb.h **** 
  28:../../libDaisy//src/hid/usb.h ****     /** Specified which of the two USB Peripherals to initialize. */
  29:../../libDaisy//src/hid/usb.h ****     enum UsbPeriph
  30:../../libDaisy//src/hid/usb.h ****     {
  31:../../libDaisy//src/hid/usb.h ****         FS_INTERNAL, /**< Internal pin */
  32:../../libDaisy//src/hid/usb.h ****         FS_EXTERNAL, /**< FS External D+ pin is Pin 38 (GPIO32). FS External D- pin is Pin 37 (GPIO
  33:../../libDaisy//src/hid/usb.h ****         FS_BOTH,     /**< Both */
  34:../../libDaisy//src/hid/usb.h ****     };
  35:../../libDaisy//src/hid/usb.h **** 
  36:../../libDaisy//src/hid/usb.h **** 
  37:../../libDaisy//src/hid/usb.h ****     /** Function called upon reception of a buffer */
  38:../../libDaisy//src/hid/usb.h ****     typedef void (*ReceiveCallback)(uint8_t* buff, uint32_t* len);
  39:../../libDaisy//src/hid/usb.h **** 
  40:../../libDaisy//src/hid/usb.h ****     UsbHandle() {}
  41:../../libDaisy//src/hid/usb.h **** 
  42:../../libDaisy//src/hid/usb.h ****     ~UsbHandle() {}
  59              		.loc 5 42 5 is_stmt 1 view .LVU8
  60              		.loc 5 42 5 is_stmt 0 view .LVU9
  61              	.LBE239:
  62              	.LBB240:
  63              	.LBI240:
  64              		.file 6 "../../libDaisy//src/per/adc.h"
   1:../../libDaisy//src/per/adc.h **** #pragma once
   2:../../libDaisy//src/per/adc.h **** #ifndef DSY_ADC_H
   3:../../libDaisy//src/per/adc.h **** #define DSY_ADC_H /**< Macro */
   4:../../libDaisy//src/per/adc.h **** #include <stdint.h>
   5:../../libDaisy//src/per/adc.h **** #include <stdlib.h>
   6:../../libDaisy//src/per/adc.h **** #include "daisy_core.h"
   7:../../libDaisy//src/per/adc.h **** #include "per/gpio.h"
   8:../../libDaisy//src/per/adc.h **** 
   9:../../libDaisy//src/per/adc.h **** #define DSY_ADC_MAX_CHANNELS 16 /**< Maximum number of ADC channels */
  10:../../libDaisy//src/per/adc.h **** 
  11:../../libDaisy//src/per/adc.h **** namespace daisy
ARM GAS  C:\Users\isaia\AppData\Local\Temp\ccP6lw9u.s 			page 6


  12:../../libDaisy//src/per/adc.h **** {
  13:../../libDaisy//src/per/adc.h **** /** @addtogroup per_analog
  14:../../libDaisy//src/per/adc.h ****     @{
  15:../../libDaisy//src/per/adc.h **** */
  16:../../libDaisy//src/per/adc.h **** 
  17:../../libDaisy//src/per/adc.h **** /* While there may not be many configuration options here,
  18:../../libDaisy//src/per/adc.h **** using a struct like this allows us to add more configuration
  19:../../libDaisy//src/per/adc.h **** later without breaking existing functionality.
  20:../../libDaisy//src/per/adc.h **** */
  21:../../libDaisy//src/per/adc.h **** 
  22:../../libDaisy//src/per/adc.h **** /** @brief   Configuration Structure for an ADC Channel 
  23:../../libDaisy//src/per/adc.h ****  *  @details This can be used to configure a a single input, 
  24:../../libDaisy//src/per/adc.h ****  *           or a multiplexed input, allowing up to 8 inputs on 
  25:../../libDaisy//src/per/adc.h ****  *           one channel.
  26:../../libDaisy//src/per/adc.h ****  *  @note    Sharing data lines to multiple muxes _is_ possible, but
  27:../../libDaisy//src/per/adc.h ****  *           each channel sharing data lines must be set to the maximum
  28:../../libDaisy//src/per/adc.h ****  *           number of channels, even if some multiplexers have fewer
  29:../../libDaisy//src/per/adc.h ****  *           inputs connected.
  30:../../libDaisy//src/per/adc.h **** */
  31:../../libDaisy//src/per/adc.h **** struct AdcChannelConfig
  32:../../libDaisy//src/per/adc.h **** {
  33:../../libDaisy//src/per/adc.h ****     /** Which pin to use for multiplexing */
  34:../../libDaisy//src/per/adc.h ****     enum MuxPin
  35:../../libDaisy//src/per/adc.h ****     {
  36:../../libDaisy//src/per/adc.h ****         MUX_SEL_0,    /**< & */
  37:../../libDaisy//src/per/adc.h ****         MUX_SEL_1,    /**< & */
  38:../../libDaisy//src/per/adc.h ****         MUX_SEL_2,    /**< & */
  39:../../libDaisy//src/per/adc.h ****         MUX_SEL_LAST, /**< & */
  40:../../libDaisy//src/per/adc.h ****     };
  41:../../libDaisy//src/per/adc.h **** 
  42:../../libDaisy//src/per/adc.h ****     /** \brief per channel conversion speed added to fixed time based on bitdepth, etc. */
  43:../../libDaisy//src/per/adc.h ****     enum ConversionSpeed
  44:../../libDaisy//src/per/adc.h ****     {
  45:../../libDaisy//src/per/adc.h ****         SPEED_1CYCLES_5,
  46:../../libDaisy//src/per/adc.h ****         SPEED_2CYCLES_5,
  47:../../libDaisy//src/per/adc.h ****         SPEED_8CYCLES_5,
  48:../../libDaisy//src/per/adc.h ****         SPEED_16CYCLES_5,
  49:../../libDaisy//src/per/adc.h ****         SPEED_32CYCLES_5,
  50:../../libDaisy//src/per/adc.h ****         SPEED_64CYCLES_5,
  51:../../libDaisy//src/per/adc.h ****         SPEED_387CYCLES_5,
  52:../../libDaisy//src/per/adc.h ****         SPEED_810CYCLES_5,
  53:../../libDaisy//src/per/adc.h ****     };
  54:../../libDaisy//src/per/adc.h **** 
  55:../../libDaisy//src/per/adc.h ****     /** Initializes a single ADC pin as an ADC. 
  56:../../libDaisy//src/per/adc.h ****     \param pin Pin to init.
  57:../../libDaisy//src/per/adc.h ****     \param speed conversion speed for this pin defaults to 8.5 cycles
  58:../../libDaisy//src/per/adc.h ****      */
  59:../../libDaisy//src/per/adc.h ****     void InitSingle(Pin pin, ConversionSpeed speed = SPEED_8CYCLES_5);
  60:../../libDaisy//src/per/adc.h **** 
  61:../../libDaisy//src/per/adc.h ****     /** 
  62:../../libDaisy//src/per/adc.h ****     Initializes a single ADC pin as a Multiplexed ADC.
  63:../../libDaisy//src/per/adc.h ****     Requires a CD405X Multiplexer connected to the pin.
  64:../../libDaisy//src/per/adc.h ****     You only need to supply the mux pins that are required,
  65:../../libDaisy//src/per/adc.h ****     e.g. a 4052 mux would only require mux_0 and mux_1.
  66:../../libDaisy//src/per/adc.h ****     Internal Callbacks handle the pin addressing.
  67:../../libDaisy//src/per/adc.h ****     \param adc_pin &
  68:../../libDaisy//src/per/adc.h ****     \param mux_channels must be 1-8
ARM GAS  C:\Users\isaia\AppData\Local\Temp\ccP6lw9u.s 			page 7


  69:../../libDaisy//src/per/adc.h ****     \param mux_0 First mux pin
  70:../../libDaisy//src/per/adc.h ****     \param mux_1 Second mux pin
  71:../../libDaisy//src/per/adc.h ****     \param mux_2 Third mux pin
  72:../../libDaisy//src/per/adc.h ****     \param speed conversion speed for this pin defaults to 8.5 cycles
  73:../../libDaisy//src/per/adc.h ****     */
  74:../../libDaisy//src/per/adc.h ****     void InitMux(Pin             adc_pin,
  75:../../libDaisy//src/per/adc.h ****                  size_t          mux_channels,
  76:../../libDaisy//src/per/adc.h ****                  Pin             mux_0,
  77:../../libDaisy//src/per/adc.h ****                  Pin             mux_1 = Pin(PORTX, 0),
  78:../../libDaisy//src/per/adc.h ****                  Pin             mux_2 = Pin(PORTX, 0),
  79:../../libDaisy//src/per/adc.h ****                  ConversionSpeed speed = SPEED_8CYCLES_5);
  80:../../libDaisy//src/per/adc.h **** 
  81:../../libDaisy//src/per/adc.h ****     GPIO            pin_;                   /**< & */
  82:../../libDaisy//src/per/adc.h ****     GPIO            mux_pin_[MUX_SEL_LAST]; /**< & */
  83:../../libDaisy//src/per/adc.h ****     uint8_t         mux_channels_;          /**< & */
  84:../../libDaisy//src/per/adc.h ****     ConversionSpeed speed_;
  85:../../libDaisy//src/per/adc.h **** };
  86:../../libDaisy//src/per/adc.h **** 
  87:../../libDaisy//src/per/adc.h **** /**
  88:../../libDaisy//src/per/adc.h ****    @brief Handler for analog to digital conversion
  89:../../libDaisy//src/per/adc.h **** */
  90:../../libDaisy//src/per/adc.h **** class AdcHandle
  91:../../libDaisy//src/per/adc.h **** {
  92:../../libDaisy//src/per/adc.h ****   public:
  93:../../libDaisy//src/per/adc.h ****     /** Supported oversampling amounts */
  94:../../libDaisy//src/per/adc.h ****     enum OverSampling
  95:../../libDaisy//src/per/adc.h ****     {
  96:../../libDaisy//src/per/adc.h ****         OVS_NONE, /**< & */
  97:../../libDaisy//src/per/adc.h ****         OVS_4,    /**< & */
  98:../../libDaisy//src/per/adc.h ****         OVS_8,    /**< & */
  99:../../libDaisy//src/per/adc.h ****         OVS_16,   /**< & */
 100:../../libDaisy//src/per/adc.h ****         OVS_32,   /**< & */
 101:../../libDaisy//src/per/adc.h ****         OVS_64,   /**< & */
 102:../../libDaisy//src/per/adc.h ****         OVS_128,  /**< & */
 103:../../libDaisy//src/per/adc.h ****         OVS_256,  /**< & */
 104:../../libDaisy//src/per/adc.h ****         OVS_512,  /**< & */
 105:../../libDaisy//src/per/adc.h ****         OVS_1024, /**< & */
 106:../../libDaisy//src/per/adc.h ****         OVS_LAST, /**< & */
 107:../../libDaisy//src/per/adc.h ****     };
 108:../../libDaisy//src/per/adc.h **** 
 109:../../libDaisy//src/per/adc.h ****     AdcHandle() {}
 110:../../libDaisy//src/per/adc.h ****     ~AdcHandle() {}
  65              		.loc 6 110 5 is_stmt 1 view .LVU10
  66              		.loc 6 110 5 is_stmt 0 view .LVU11
  67              	.LBE240:
  68              	.LBB241:
  69              	.LBI241:
  70              		.file 7 "../../libDaisy//src/hid/audio.h"
   1:../../libDaisy//src/hid/audio.h **** #ifndef DSY_AUDIO_H
   2:../../libDaisy//src/hid/audio.h **** #define DSY_AUDIO_H /**< & */
   3:../../libDaisy//src/hid/audio.h **** 
   4:../../libDaisy//src/hid/audio.h **** #include "per/sai.h"
   5:../../libDaisy//src/hid/audio.h **** 
   6:../../libDaisy//src/hid/audio.h **** namespace daisy
   7:../../libDaisy//src/hid/audio.h **** {
   8:../../libDaisy//src/hid/audio.h **** /** @brief Audio Engine Handle
   9:../../libDaisy//src/hid/audio.h ****  *  @ingroup audio 
ARM GAS  C:\Users\isaia\AppData\Local\Temp\ccP6lw9u.s 			page 8


  10:../../libDaisy//src/hid/audio.h ****  *  @details This class allows for higher level access to an audio engine.
  11:../../libDaisy//src/hid/audio.h ****  *           If you're using a SOM like the DaisySeed or DaisyPatchSM (or any 
  12:../../libDaisy//src/hid/audio.h ****  *            board that includes one of those objects) then the intialization
  13:../../libDaisy//src/hid/audio.h ****  *            is already taken  care of.
  14:../../libDaisy//src/hid/audio.h ****  *           If you're setting up your own custom hardware, or need to make changes
  15:../../libDaisy//src/hid/audio.h ****  *           you will have to take the following steps:
  16:../../libDaisy//src/hid/audio.h ****  *             1. Create and Initialize an SaiHandle or two depending on your requirements
  17:../../libDaisy//src/hid/audio.h ****  *             2. Initialize the Audio Handle with the desired settings and the Initialized SaiHand
  18:../../libDaisy//src/hid/audio.h ****  *             3. If the connected codec requires special configuration or initialization, do so
  19:../../libDaisy//src/hid/audio.h ****  *             4. Write a callback method using either the AudioCallback or the InterleavingAudioCa
  20:../../libDaisy//src/hid/audio.h ****  *             5. Start the Audio using one of the StartAudio function
  21:../../libDaisy//src/hid/audio.h ****  */
  22:../../libDaisy//src/hid/audio.h **** class AudioHandle
  23:../../libDaisy//src/hid/audio.h **** {
  24:../../libDaisy//src/hid/audio.h ****   public:
  25:../../libDaisy//src/hid/audio.h ****     /** Manually configurable details about the Audio Engine */
  26:../../libDaisy//src/hid/audio.h ****     /** TODO: Figure out how to get samplerate in here. */
  27:../../libDaisy//src/hid/audio.h ****     struct Config
  28:../../libDaisy//src/hid/audio.h ****     {
  29:../../libDaisy//src/hid/audio.h ****         /** number of samples to process per callback */
  30:../../libDaisy//src/hid/audio.h ****         size_t blocksize = 48;
  31:../../libDaisy//src/hid/audio.h **** 
  32:../../libDaisy//src/hid/audio.h ****         /**< Sample rate of audio */
  33:../../libDaisy//src/hid/audio.h ****         SaiHandle::Config::SampleRate samplerate
  34:../../libDaisy//src/hid/audio.h ****             = SaiHandle::Config::SampleRate::SAI_48KHZ;
  35:../../libDaisy//src/hid/audio.h **** 
  36:../../libDaisy//src/hid/audio.h ****         /** factor for adjustment before and after callback for hardware that may have extra headro
  37:../../libDaisy//src/hid/audio.h ****         float postgain = 1.f;
  38:../../libDaisy//src/hid/audio.h **** 
  39:../../libDaisy//src/hid/audio.h ****         /** factor for additional one-sided compensation to audio path for hardware that may
  40:../../libDaisy//src/hid/audio.h ****          *  have unequal input/output ranges
  41:../../libDaisy//src/hid/audio.h ****          */
  42:../../libDaisy//src/hid/audio.h ****         float output_compensation = 1.f;
  43:../../libDaisy//src/hid/audio.h ****     };
  44:../../libDaisy//src/hid/audio.h **** 
  45:../../libDaisy//src/hid/audio.h ****     enum class Result
  46:../../libDaisy//src/hid/audio.h ****     {
  47:../../libDaisy//src/hid/audio.h ****         OK,
  48:../../libDaisy//src/hid/audio.h ****         ERR,
  49:../../libDaisy//src/hid/audio.h ****     };
  50:../../libDaisy//src/hid/audio.h **** 
  51:../../libDaisy//src/hid/audio.h ****     /** Non-Interleaving input buffer
  52:../../libDaisy//src/hid/audio.h ****      * Buffer arranged by float[chn][sample] 
  53:../../libDaisy//src/hid/audio.h ****      * const so that the user can't modify the input
  54:../../libDaisy//src/hid/audio.h ****      */
  55:../../libDaisy//src/hid/audio.h ****     typedef const float* const* InputBuffer;
  56:../../libDaisy//src/hid/audio.h **** 
  57:../../libDaisy//src/hid/audio.h ****     /** Non-Interleaving output buffer
  58:../../libDaisy//src/hid/audio.h ****      * Arranged by float[chn][sample] 
  59:../../libDaisy//src/hid/audio.h ****      */
  60:../../libDaisy//src/hid/audio.h ****     typedef float** OutputBuffer;
  61:../../libDaisy//src/hid/audio.h **** 
  62:../../libDaisy//src/hid/audio.h ****     /** Type for a Non-Interleaving audio callback 
  63:../../libDaisy//src/hid/audio.h ****      * Non-Interleaving audio callbacks in daisy will be of this type
  64:../../libDaisy//src/hid/audio.h ****      */
  65:../../libDaisy//src/hid/audio.h ****     typedef void (*AudioCallback)(InputBuffer  in,
  66:../../libDaisy//src/hid/audio.h ****                                   OutputBuffer out,
ARM GAS  C:\Users\isaia\AppData\Local\Temp\ccP6lw9u.s 			page 9


  67:../../libDaisy//src/hid/audio.h ****                                   size_t       size);
  68:../../libDaisy//src/hid/audio.h **** 
  69:../../libDaisy//src/hid/audio.h ****     /** Interleaving Input buffer
  70:../../libDaisy//src/hid/audio.h ****      ** audio is prepared as { L0, R0, L1, R1, . . . LN, RN }]
  71:../../libDaisy//src/hid/audio.h ****      ** this is const, as the user shouldn't modify it
  72:../../libDaisy//src/hid/audio.h ****     */
  73:../../libDaisy//src/hid/audio.h ****     typedef const float* InterleavingInputBuffer;
  74:../../libDaisy//src/hid/audio.h **** 
  75:../../libDaisy//src/hid/audio.h ****     /** Interleaving Output buffer 
  76:../../libDaisy//src/hid/audio.h ****      ** audio is prepared as { L0, R0, L1, R1, . . . LN, RN }
  77:../../libDaisy//src/hid/audio.h ****     */
  78:../../libDaisy//src/hid/audio.h ****     typedef float* InterleavingOutputBuffer;
  79:../../libDaisy//src/hid/audio.h **** 
  80:../../libDaisy//src/hid/audio.h ****     /** Interleaving Audio Callback 
  81:../../libDaisy//src/hid/audio.h ****      * Interleaving audio callbacks in daisy must be of this type
  82:../../libDaisy//src/hid/audio.h ****      */
  83:../../libDaisy//src/hid/audio.h ****     typedef void (*InterleavingAudioCallback)(InterleavingInputBuffer  in,
  84:../../libDaisy//src/hid/audio.h ****                                               InterleavingOutputBuffer out,
  85:../../libDaisy//src/hid/audio.h ****                                               size_t                   size);
  86:../../libDaisy//src/hid/audio.h **** 
  87:../../libDaisy//src/hid/audio.h ****     AudioHandle() : pimpl_(nullptr) {}
  88:../../libDaisy//src/hid/audio.h ****     ~AudioHandle() {}
  71              		.loc 7 88 5 is_stmt 1 view .LVU12
  72              		.loc 7 88 5 is_stmt 0 view .LVU13
  73              	.LBE241:
  74              	.LBB242:
  75              	.LBI242:
  76              		.file 8 "../../libDaisy//src/sys/system.h"
   1:../../libDaisy//src/sys/system.h **** #ifndef DSY_SYSTEM_H
   2:../../libDaisy//src/sys/system.h **** #define DSY_SYSTEM_H
   3:../../libDaisy//src/sys/system.h **** 
   4:../../libDaisy//src/sys/system.h **** #ifndef UNIT_TEST // for unit tests, a dummy implementation is provided below
   5:../../libDaisy//src/sys/system.h **** 
   6:../../libDaisy//src/sys/system.h **** #include <cstdint>
   7:../../libDaisy//src/sys/system.h **** #include "per/tim.h"
   8:../../libDaisy//src/sys/system.h **** 
   9:../../libDaisy//src/sys/system.h **** namespace daisy
  10:../../libDaisy//src/sys/system.h **** {
  11:../../libDaisy//src/sys/system.h **** /** A handle for interacting with the Core System.
  12:../../libDaisy//src/sys/system.h ****  ** This includes the Clock tree, MPU, global DMA initialization,
  13:../../libDaisy//src/sys/system.h ****  ** cache handling, and any other necessary global initiailzation
  14:../../libDaisy//src/sys/system.h ****  **
  15:../../libDaisy//src/sys/system.h ****  ** @author shensley
  16:../../libDaisy//src/sys/system.h ****  ** @ingroup system
  17:../../libDaisy//src/sys/system.h ****  */
  18:../../libDaisy//src/sys/system.h **** class System
  19:../../libDaisy//src/sys/system.h **** {
  20:../../libDaisy//src/sys/system.h ****   public:
  21:../../libDaisy//src/sys/system.h ****     /** Contains settings for initializing the System */
  22:../../libDaisy//src/sys/system.h ****     struct Config
  23:../../libDaisy//src/sys/system.h ****     {
  24:../../libDaisy//src/sys/system.h ****         /** Specifies the system clock frequency that feeds APB/AHB clocks, etc. */
  25:../../libDaisy//src/sys/system.h ****         enum class SysClkFreq
  26:../../libDaisy//src/sys/system.h ****         {
  27:../../libDaisy//src/sys/system.h ****             FREQ_400MHZ,
  28:../../libDaisy//src/sys/system.h ****             FREQ_480MHZ,
  29:../../libDaisy//src/sys/system.h ****         };
ARM GAS  C:\Users\isaia\AppData\Local\Temp\ccP6lw9u.s 			page 10


  30:../../libDaisy//src/sys/system.h **** 
  31:../../libDaisy//src/sys/system.h ****         /** Method to call on the struct to set to defaults
  32:../../libDaisy//src/sys/system.h ****          ** CPU Freq set to 400MHz
  33:../../libDaisy//src/sys/system.h ****          ** Cache Enabled
  34:../../libDaisy//src/sys/system.h ****          ** */
  35:../../libDaisy//src/sys/system.h ****         void Defaults()
  36:../../libDaisy//src/sys/system.h ****         {
  37:../../libDaisy//src/sys/system.h ****             cpu_freq    = SysClkFreq::FREQ_400MHZ;
  38:../../libDaisy//src/sys/system.h ****             use_dcache  = true;
  39:../../libDaisy//src/sys/system.h ****             use_icache  = true;
  40:../../libDaisy//src/sys/system.h ****             skip_clocks = false;
  41:../../libDaisy//src/sys/system.h ****         }
  42:../../libDaisy//src/sys/system.h **** 
  43:../../libDaisy//src/sys/system.h ****         /** Method to call on the struct to set to boost mode:
  44:../../libDaisy//src/sys/system.h ****          ** CPU Freq set to 480MHz
  45:../../libDaisy//src/sys/system.h ****          ** Cache Enabled
  46:../../libDaisy//src/sys/system.h ****          ** */
  47:../../libDaisy//src/sys/system.h ****         void Boost()
  48:../../libDaisy//src/sys/system.h ****         {
  49:../../libDaisy//src/sys/system.h ****             cpu_freq    = SysClkFreq::FREQ_480MHZ;
  50:../../libDaisy//src/sys/system.h ****             use_dcache  = true;
  51:../../libDaisy//src/sys/system.h ****             use_icache  = true;
  52:../../libDaisy//src/sys/system.h ****             skip_clocks = false;
  53:../../libDaisy//src/sys/system.h ****         }
  54:../../libDaisy//src/sys/system.h **** 
  55:../../libDaisy//src/sys/system.h ****         SysClkFreq cpu_freq;
  56:../../libDaisy//src/sys/system.h ****         bool       use_dcache;
  57:../../libDaisy//src/sys/system.h ****         bool       use_icache;
  58:../../libDaisy//src/sys/system.h ****         bool       skip_clocks;
  59:../../libDaisy//src/sys/system.h ****     };
  60:../../libDaisy//src/sys/system.h **** 
  61:../../libDaisy//src/sys/system.h ****     /** Describes the different regions of memory available to the Daisy */
  62:../../libDaisy//src/sys/system.h ****     enum MemoryRegion
  63:../../libDaisy//src/sys/system.h ****     {
  64:../../libDaisy//src/sys/system.h ****         INTERNAL_FLASH = 0,
  65:../../libDaisy//src/sys/system.h ****         ITCMRAM,
  66:../../libDaisy//src/sys/system.h ****         DTCMRAM,
  67:../../libDaisy//src/sys/system.h ****         SRAM_D1,
  68:../../libDaisy//src/sys/system.h ****         SRAM_D2,
  69:../../libDaisy//src/sys/system.h ****         SRAM_D3,
  70:../../libDaisy//src/sys/system.h ****         SDRAM,
  71:../../libDaisy//src/sys/system.h ****         QSPI,
  72:../../libDaisy//src/sys/system.h ****         INVALID_ADDRESS,
  73:../../libDaisy//src/sys/system.h ****     };
  74:../../libDaisy//src/sys/system.h **** 
  75:../../libDaisy//src/sys/system.h ****     /** Bootloader struct for controlling bootloading parameters */
  76:../../libDaisy//src/sys/system.h ****     struct BootInfo
  77:../../libDaisy//src/sys/system.h ****     {
  78:../../libDaisy//src/sys/system.h ****         enum class Type : uint32_t
  79:../../libDaisy//src/sys/system.h ****         {
  80:../../libDaisy//src/sys/system.h ****             INVALID      = 0x00000000,
  81:../../libDaisy//src/sys/system.h ****             JUMP         = 0xDEADBEEF,
  82:../../libDaisy//src/sys/system.h ****             SKIP_TIMEOUT = 0x5AFEB007,
  83:../../libDaisy//src/sys/system.h ****             INF_TIMEOUT  = 0xB0074EFA,
  84:../../libDaisy//src/sys/system.h ****         } status;
  85:../../libDaisy//src/sys/system.h ****         uint32_t data;
  86:../../libDaisy//src/sys/system.h ****         enum class Version : uint32_t
ARM GAS  C:\Users\isaia\AppData\Local\Temp\ccP6lw9u.s 			page 11


  87:../../libDaisy//src/sys/system.h ****         {
  88:../../libDaisy//src/sys/system.h ****             LT_v6_0 = 0, // Less than v6.0
  89:../../libDaisy//src/sys/system.h ****             NONE,        // No bootloader present
  90:../../libDaisy//src/sys/system.h ****             v6_0,        // v6.0
  91:../../libDaisy//src/sys/system.h ****             v6_1,        // v6.1 or greater
  92:../../libDaisy//src/sys/system.h ****             LAST
  93:../../libDaisy//src/sys/system.h ****         } version;
  94:../../libDaisy//src/sys/system.h ****     };
  95:../../libDaisy//src/sys/system.h **** 
  96:../../libDaisy//src/sys/system.h ****     System() {}
  97:../../libDaisy//src/sys/system.h ****     ~System() {}
  77              		.loc 8 97 5 is_stmt 1 view .LVU14
  78              		.loc 8 97 5 is_stmt 0 view .LVU15
  79              	.LBE242:
  80              	.LBE235:
  81              	.LBB243:
  82              	.LBI243:
  83              		.file 9 "../../libDaisy//src/hid/switch.h"
   1:../../libDaisy//src/hid/switch.h **** #pragma once
   2:../../libDaisy//src/hid/switch.h **** #ifndef DSY_SWITCH_H
   3:../../libDaisy//src/hid/switch.h **** #define DSY_SWITCH_H
   4:../../libDaisy//src/hid/switch.h **** #include "daisy_core.h"
   5:../../libDaisy//src/hid/switch.h **** #include "per/gpio.h"
   6:../../libDaisy//src/hid/switch.h **** #include "sys/system.h"
   7:../../libDaisy//src/hid/switch.h **** 
   8:../../libDaisy//src/hid/switch.h **** namespace daisy
   9:../../libDaisy//src/hid/switch.h **** {
  10:../../libDaisy//src/hid/switch.h **** /** 
  11:../../libDaisy//src/hid/switch.h ****     Generic Class for handling momentary/latching switches \n 
  12:../../libDaisy//src/hid/switch.h ****     Inspired/influenced by Mutable Instruments (pichenettes) Switch classes
  13:../../libDaisy//src/hid/switch.h ****     @author Stephen Hensley
  14:../../libDaisy//src/hid/switch.h ****     @date December 2019
  15:../../libDaisy//src/hid/switch.h ****     @ingroup controls
  16:../../libDaisy//src/hid/switch.h **** */
  17:../../libDaisy//src/hid/switch.h **** class Switch
  18:../../libDaisy//src/hid/switch.h **** {
  19:../../libDaisy//src/hid/switch.h ****   public:
  20:../../libDaisy//src/hid/switch.h ****     /** Specifies the expected behavior of the switch */
  21:../../libDaisy//src/hid/switch.h ****     enum Type
  22:../../libDaisy//src/hid/switch.h ****     {
  23:../../libDaisy//src/hid/switch.h ****         TYPE_TOGGLE,    /**< & */
  24:../../libDaisy//src/hid/switch.h ****         TYPE_MOMENTARY, /**< & */
  25:../../libDaisy//src/hid/switch.h ****     };
  26:../../libDaisy//src/hid/switch.h ****     /** Specifies whether the pressed is HIGH or LOW. */
  27:../../libDaisy//src/hid/switch.h ****     enum Polarity
  28:../../libDaisy//src/hid/switch.h ****     {
  29:../../libDaisy//src/hid/switch.h ****         POLARITY_NORMAL,   /**< & */
  30:../../libDaisy//src/hid/switch.h ****         POLARITY_INVERTED, /**< & */
  31:../../libDaisy//src/hid/switch.h ****     };
  32:../../libDaisy//src/hid/switch.h **** 
  33:../../libDaisy//src/hid/switch.h ****     Switch() {}
  34:../../libDaisy//src/hid/switch.h ****     ~Switch() {}
  84              		.loc 9 34 5 is_stmt 1 view .LVU16
  85              		.loc 9 34 5 is_stmt 0 view .LVU17
  86              	.LBE243:
  87              	.LBB244:
  88              	.LBI244:
ARM GAS  C:\Users\isaia\AppData\Local\Temp\ccP6lw9u.s 			page 12


  89              		.loc 9 34 5 is_stmt 1 view .LVU18
  90              		.loc 9 34 5 is_stmt 0 view .LVU19
  91              	.LBE244:
  92              	.LBB245:
  93              	.LBI245:
  94              		.loc 9 34 5 is_stmt 1 view .LVU20
  95              		.loc 9 34 5 is_stmt 0 view .LVU21
  96              	.LBE245:
  97              	.LBB246:
  98              	.LBI246:
  99              		.loc 9 34 5 is_stmt 1 view .LVU22
 100              		.loc 9 34 5 is_stmt 0 view .LVU23
 101              	.LBE246:
 102              		.loc 1 54 9 view .LVU24
 103 0000 7047     		bx	lr
 104              		.cfi_endproc
 105              	.LFE5480:
 107              		.weak	_ZN9anachrome7planterD1Ev
 108              		.thumb_set _ZN9anachrome7planterD1Ev,_ZN9anachrome7planterD2Ev
 109 0002 00BF     		.section	.text._ZL13ProcessSamplefbR12ChannelState,"ax",%progbits
 110              		.align	1
 111              		.p2align 2,,3
 112              		.syntax unified
 113              		.thumb
 114              		.thumb_func
 115              		.fpu fpv5-d16
 117              	_ZL13ProcessSamplefbR12ChannelState:
 118              	.LVL1:
 119              	.LFB4910:
 120              		.file 10 "VaDist.cpp"
   1:VaDist.cpp    **** /**
   2:VaDist.cpp    ****  * VaDist.cpp - Virtual analog distortion effect for the Anachrome Electronics Planter.
   3:VaDist.cpp    ****  *
   4:VaDist.cpp    ****  * Ported from TubeScreamer.m MATLAB code example, using nodal K method for stateful
   5:VaDist.cpp    ****  * simulation of nonlinear analog overdrive circuit.
   6:VaDist.cpp    ****  *
   7:VaDist.cpp    ****  * Knob map:
   8:VaDist.cpp    ****  *   KNOB 1 – Drive (0–5)
   9:VaDist.cpp    ****  *   KNOB 2 – Tone Control (0-1)
  10:VaDist.cpp    ****  *   KNOB 3 – Master Volume (0-1)
  11:VaDist.cpp    ****  *   KNOB 4 – Clean Blend (0 = full wet, 1 = full dry)
  12:VaDist.cpp    ****  *   KNOB 5 – --
  13:VaDist.cpp    ****  *   KNOB 6 – --
  14:VaDist.cpp    ****  *
  15:VaDist.cpp    ****  * CV In 1: Drive CV (0-5 V → 0-100)
  16:VaDist.cpp    ****  * CV In 2: Tone CV (0-5 V → 0-1)
  17:VaDist.cpp    ****  * CV In 3: Volume CV (0-5 V → 0-1)
  18:VaDist.cpp    ****  * CV In 4: Clean Blend CV (0-5 V → 0-1)
  19:VaDist.cpp    ****  *
  20:VaDist.cpp    ****  * Toggle 1: Symmetric (up) vs asymmetric (down) diode clipping.
  21:VaDist.cpp    ****  *
  22:VaDist.cpp    ****  * CV Out 1 = Envelope follower output, Left channel (0-5 V)
  23:VaDist.cpp    ****  * CV Out 2 = Envelope follower output, Right channel (0-5 V)
  24:VaDist.cpp    ****  * True stereo: IN_L → OUT_L, IN_R → OUT_R with independent simulation state.
  25:VaDist.cpp    ****  */
  26:VaDist.cpp    **** 
  27:VaDist.cpp    **** #include "daisy_patch_sm.h"
ARM GAS  C:\Users\isaia\AppData\Local\Temp\ccP6lw9u.s 			page 13


  28:VaDist.cpp    **** #include "daisysp.h"
  29:VaDist.cpp    **** #include "planter.h"
  30:VaDist.cpp    **** #include <cmath>
  31:VaDist.cpp    **** #include <cstring>
  32:VaDist.cpp    **** 
  33:VaDist.cpp    **** using namespace daisy;
  34:VaDist.cpp    **** using namespace patch_sm;
  35:VaDist.cpp    **** using namespace daisysp;
  36:VaDist.cpp    **** using namespace anachrome;
  37:VaDist.cpp    **** 
  38:VaDist.cpp    **** /* ====================================================================
  39:VaDist.cpp    ****  *  Circuit Component Constants (from TubeScreamer.m)
  40:VaDist.cpp    ****  * ==================================================================== */
  41:VaDist.cpp    **** static constexpr float R1   = 10.0e3f;       // resistance R1 [Ohms]
  42:VaDist.cpp    **** static constexpr float R2   = 51.0e3f;       // resistance R2 [Ohms]
  43:VaDist.cpp    **** static constexpr float R3   = 4.7e3f;        // resistance R3 [Ohms]
  44:VaDist.cpp    **** static constexpr float C1   = 1.0e-6f;       // capacitance C1 [F]
  45:VaDist.cpp    **** static constexpr float C2   = 51.0e-12f;     // capacitance C2 [F]
  46:VaDist.cpp    **** static constexpr float C3   = 47.0e-9f;      // capacitance C3 [F]
  47:VaDist.cpp    **** 
  48:VaDist.cpp    **** // Diode parameters
  49:VaDist.cpp    **** static constexpr float Is   = 2.52e-9f;      // saturation current [A]
  50:VaDist.cpp    **** static constexpr float Vt   = 25.83e-3f;     // thermal voltage [V]
  51:VaDist.cpp    **** static constexpr float Ni   = 1.752f;        // ideality factor
  52:VaDist.cpp    **** static constexpr float NiVt = Ni * Vt;       // precomputed product
  53:VaDist.cpp    **** 
  54:VaDist.cpp    **** // Newton-Raphson solver limits
  55:VaDist.cpp    **** static constexpr float NR_TOL     = 1e-7f;
  56:VaDist.cpp    **** static constexpr int   NR_MAXITER = 16;       // reduced from MATLAB's 50 for RT budget
  57:VaDist.cpp    **** 
  58:VaDist.cpp    **** /* ====================================================================
  59:VaDist.cpp    ****  *  Globals
  60:VaDist.cpp    ****  * ==================================================================== */
  61:VaDist.cpp    **** static planter euro;
  62:VaDist.cpp    **** 
  63:VaDist.cpp    **** /* Pre-computed matrices (recomputed when drive changes) -------
  64:VaDist.cpp    ****  *   Q  = inv(H_min) * H_plus          (3x3)
  65:VaDist.cpp    ****  *   Qb = inv(H_min) * B               (3x1)
  66:VaDist.cpp    ****  *   Qc = inv(H_min) * C               (3x1)
  67:VaDist.cpp    ****  *   K_coeff = D * inv(H_min) * C      (scalar, = Qc[1])
  68:VaDist.cpp    ****  * These follow the K-method derivation in TubeScreamer.m:
  69:VaDist.cpp    ****  *   H_min   = (2·SR)·I − A
  70:VaDist.cpp    ****  *   H_plus  = (2·SR)·I + A
  71:VaDist.cpp    ****  *   with system matrices A, B, C, D as defined in the MATLAB.
  72:VaDist.cpp    ****  */
  73:VaDist.cpp    **** static float Q[3][3];
  74:VaDist.cpp    **** static float Qb[3];
  75:VaDist.cpp    **** static float Qc[3];
  76:VaDist.cpp    **** static float K_coeff;
  77:VaDist.cpp    **** 
  78:VaDist.cpp    **** /* Per-channel simulation state (allows stereo reuse of shared matrices)
  79:VaDist.cpp    ****  * NOTE: f_prev is intentionally absent. The MATLAB reference never updates
  80:VaDist.cpp    ****  * its f1 variable (it stays 0 for the entire simulation).  Feeding back
  81:VaDist.cpp    ****  * f_prev causes numerical divergence because the diode function produces
  82:VaDist.cpp    ****  * values ~1e20 that get amplified by Qc (~1e5), blowing up the state.  */
  83:VaDist.cpp    **** struct ChannelState
  84:VaDist.cpp    **** {
ARM GAS  C:\Users\isaia\AppData\Local\Temp\ccP6lw9u.s 			page 14


  85:VaDist.cpp    ****     float x_prev[3];   // state vector x_{n-1}
  86:VaDist.cpp    ****     float u_prev;      // previous input sample
  87:VaDist.cpp    ****     float v_prev;      // previous diode voltage (NR initial guess)
  88:VaDist.cpp    ****     float tone_lp;     // one-pole LPF tone filter state
  89:VaDist.cpp    ****     float env;         // envelope follower state
  90:VaDist.cpp    ****     float dc_x1;       // DC blocking filter: previous input
  91:VaDist.cpp    ****     float dc_y1;       // DC blocking filter: previous output
  92:VaDist.cpp    **** };
  93:VaDist.cpp    **** 
  94:VaDist.cpp    **** static ChannelState ch_L, ch_R;
  95:VaDist.cpp    **** 
  96:VaDist.cpp    **** /* Envelope follower coefficients (shared) */
  97:VaDist.cpp    **** static float env_attack;   // attack coefficient  (~5 ms)
  98:VaDist.cpp    **** static float env_release;  // release coefficient (~100 ms)
  99:VaDist.cpp    **** 
 100:VaDist.cpp    **** /* Cached control values */
 101:VaDist.cpp    **** static float cur_drive;
 102:VaDist.cpp    **** static float sample_rate;
 103:VaDist.cpp    **** 
 104:VaDist.cpp    **** /* LED flash counter */
 105:VaDist.cpp    **** static int led_flash_ctr = 0;
 106:VaDist.cpp    **** 
 107:VaDist.cpp    **** /* ====================================================================
 108:VaDist.cpp    ****  *  3×3 Matrix Helpers (inline, no heap)
 109:VaDist.cpp    ****  * ==================================================================== */
 110:VaDist.cpp    **** static void mat3_mul(float out[3][3],
 111:VaDist.cpp    ****                      const float a[3][3],
 112:VaDist.cpp    ****                      const float b[3][3])
 113:VaDist.cpp    **** {
 114:VaDist.cpp    ****     for(int i = 0; i < 3; i++)
 115:VaDist.cpp    ****         for(int j = 0; j < 3; j++)
 116:VaDist.cpp    ****             out[i][j] = a[i][0]*b[0][j]
 117:VaDist.cpp    ****                       + a[i][1]*b[1][j]
 118:VaDist.cpp    ****                       + a[i][2]*b[2][j];
 119:VaDist.cpp    **** }
 120:VaDist.cpp    **** 
 121:VaDist.cpp    **** static void mat3_vec(float out[3],
 122:VaDist.cpp    ****                      const float m[3][3],
 123:VaDist.cpp    ****                      const float v[3])
 124:VaDist.cpp    **** {
 125:VaDist.cpp    ****     for(int i = 0; i < 3; i++)
 126:VaDist.cpp    ****         out[i] = m[i][0]*v[0] + m[i][1]*v[1] + m[i][2]*v[2];
 127:VaDist.cpp    **** }
 128:VaDist.cpp    **** 
 129:VaDist.cpp    **** static bool mat3_inv(float out[3][3], const float m[3][3])
 130:VaDist.cpp    **** {
 131:VaDist.cpp    ****     float det = m[0][0]*(m[1][1]*m[2][2] - m[1][2]*m[2][1])
 132:VaDist.cpp    ****               - m[0][1]*(m[1][0]*m[2][2] - m[1][2]*m[2][0])
 133:VaDist.cpp    ****               + m[0][2]*(m[1][0]*m[2][1] - m[1][1]*m[2][0]);
 134:VaDist.cpp    ****     if(fabsf(det) < 1e-30f) return false;
 135:VaDist.cpp    ****     float id = 1.0f / det;
 136:VaDist.cpp    ****     out[0][0] =  (m[1][1]*m[2][2] - m[1][2]*m[2][1]) * id;
 137:VaDist.cpp    ****     out[0][1] = -(m[0][1]*m[2][2] - m[0][2]*m[2][1]) * id;
 138:VaDist.cpp    ****     out[0][2] =  (m[0][1]*m[1][2] - m[0][2]*m[1][1]) * id;
 139:VaDist.cpp    ****     out[1][0] = -(m[1][0]*m[2][2] - m[1][2]*m[2][0]) * id;
 140:VaDist.cpp    ****     out[1][1] =  (m[0][0]*m[2][2] - m[0][2]*m[2][0]) * id;
 141:VaDist.cpp    ****     out[1][2] = -(m[0][0]*m[1][2] - m[0][2]*m[1][0]) * id;
ARM GAS  C:\Users\isaia\AppData\Local\Temp\ccP6lw9u.s 			page 15


 142:VaDist.cpp    ****     out[2][0] =  (m[1][0]*m[2][1] - m[1][1]*m[2][0]) * id;
 143:VaDist.cpp    ****     out[2][1] = -(m[0][0]*m[2][1] - m[0][1]*m[2][0]) * id;
 144:VaDist.cpp    ****     out[2][2] =  (m[0][0]*m[1][1] - m[0][1]*m[1][0]) * id;
 145:VaDist.cpp    ****     return true;
 146:VaDist.cpp    **** }
 147:VaDist.cpp    **** 
 148:VaDist.cpp    **** /* ====================================================================
 149:VaDist.cpp    ****  *  RecomputeMatrices – call once per block when drive changes
 150:VaDist.cpp    ****  *
 151:VaDist.cpp    ****  *  Derives Q, Qb, Qc, K_coeff from the circuit component values
 152:VaDist.cpp    ****  *  and the current Rdist = drive * 50 kΩ  (drive ∈ [0, 100]).
 153:VaDist.cpp    ****  * ==================================================================== */
 154:VaDist.cpp    **** static void RecomputeMatrices(float drive, float sr)
 155:VaDist.cpp    **** {
 156:VaDist.cpp    ****     float rdist = drive * 50.0e3f;
 157:VaDist.cpp    ****     if(rdist < 1.0f) rdist = 1.0f;          // numerical safety
 158:VaDist.cpp    **** 
 159:VaDist.cpp    ****     /* System matrix  A  (negated in MATLAB source) */
 160:VaDist.cpp    ****     float A[3][3] = {
 161:VaDist.cpp    ****         { -1.0f/(R1*C1),   0.0f,                     0.0f           },
 162:VaDist.cpp    ****         { -1.0f/(R3*C2),  -1.0f/((R2 + rdist)*C2),  -1.0f/(R3*C2)  },
 163:VaDist.cpp    ****         { -1.0f/(R3*C3),   0.0f,                     -1.0f/(R3*C3)  }
 164:VaDist.cpp    ****     };
 165:VaDist.cpp    **** 
 166:VaDist.cpp    ****     float two_sr = 2.0f * sr;
 167:VaDist.cpp    **** 
 168:VaDist.cpp    ****     /* H_minus = (2/k)·I − A ,  H_plus = (2/k)·I + A */
 169:VaDist.cpp    ****     float Hm[3][3], Hp[3][3];
 170:VaDist.cpp    ****     for(int i = 0; i < 3; i++)
 171:VaDist.cpp    ****         for(int j = 0; j < 3; j++)
 172:VaDist.cpp    ****         {
 173:VaDist.cpp    ****             float eye = (i == j) ? two_sr : 0.0f;
 174:VaDist.cpp    ****             Hm[i][j] = eye - A[i][j];
 175:VaDist.cpp    ****             Hp[i][j] = eye + A[i][j];
 176:VaDist.cpp    ****         }
 177:VaDist.cpp    **** 
 178:VaDist.cpp    ****     float inv_Hm[3][3] = {};
 179:VaDist.cpp    ****     mat3_inv(inv_Hm, Hm);
 180:VaDist.cpp    **** 
 181:VaDist.cpp    ****     /* B and C vectors (from MATLAB) */
 182:VaDist.cpp    ****     float B[3] = { 1.0f/(R1*C1),  1.0f/(R3*C2),  1.0f/(R3*C3) };
 183:VaDist.cpp    ****     float Cv[3] = { 0.0f,         -1.0f/C2,       0.0f          };
 184:VaDist.cpp    **** 
 185:VaDist.cpp    ****     mat3_mul(Q,  inv_Hm, Hp);       // Q  = inv(Hm) · Hp
 186:VaDist.cpp    ****     mat3_vec(Qb, inv_Hm, B);        // Qb = inv(Hm) · B
 187:VaDist.cpp    ****     mat3_vec(Qc, inv_Hm, Cv);       // Qc = inv(Hm) · C
 188:VaDist.cpp    **** 
 189:VaDist.cpp    ****     K_coeff = Qc[1];                 // K = D · Qc , D=[0,1,0]
 190:VaDist.cpp    **** }
 191:VaDist.cpp    **** 
 192:VaDist.cpp    **** /* ====================================================================
 193:VaDist.cpp    ****  *  ProcessSample – one sample of the tube screamer K-method
 194:VaDist.cpp    ****  *
 195:VaDist.cpp    ****  *  Optimised for Cortex-M7:
 196:VaDist.cpp    ****  *   • sinh/cosh pair computed from a single expf() call
 197:VaDist.cpp    ****  *   • asymmetric pair computed from a single expf() call
 198:VaDist.cpp    ****  *   • diode voltage clamped to avoid FP overflow
ARM GAS  C:\Users\isaia\AppData\Local\Temp\ccP6lw9u.s 			page 16


 199:VaDist.cpp    ****  * ==================================================================== */
 200:VaDist.cpp    **** static inline float ProcessSample(float input, bool symmetric, ChannelState& st)
 201:VaDist.cpp    **** {
 121              		.loc 10 201 1 is_stmt 1 view -0
 122              		.cfi_startproc
 123              		@ args = 0, pretend = 0, frame = 16
 124              		@ frame_needed = 0, uses_anonymous_args = 0
 202:VaDist.cpp    ****     float u_curr = input;
 125              		.loc 10 202 5 view .LVU26
 203:VaDist.cpp    ****     float u_sum  = st.u_prev + u_curr;
 204:VaDist.cpp    **** 
 205:VaDist.cpp    ****     /* P_n = D · inv(Hm) · [Hp·x_prev + B·(u_prev+u_curr)]
 206:VaDist.cpp    ****      * f_prev term omitted (always 0 — see ChannelState comment).
 207:VaDist.cpp    ****      * Since D = [0,1,0], P_n is just row 1 of the bracketed expression.  */
 208:VaDist.cpp    ****     float P_n = Q[1][0]*st.x_prev[0] + Q[1][1]*st.x_prev[1] + Q[1][2]*st.x_prev[2]
 126              		.loc 10 208 23 is_stmt 0 view .LVU27
 127 0000 A94B     		ldr	r3, .L29
 128              		.loc 10 208 38 view .LVU28
 129 0002 D1ED005A 		vldr.32	s11, [r1]
 130              		.loc 10 208 47 view .LVU29
 131 0006 D3ED047A 		vldr.32	s15, [r3, #16]
 132              		.loc 10 208 38 view .LVU30
 133 000a 93ED035A 		vldr.32	s10, [r3, #12]
 134              		.loc 10 208 61 view .LVU31
 135 000e 93ED056A 		vldr.32	s12, [r3, #20]
 136 0012 D1ED026A 		vldr.32	s13, [r1, #8]
 209:VaDist.cpp    ****               + Qb[1]*u_sum;
 137              		.loc 10 209 21 view .LVU32
 138 0016 A54A     		ldr	r2, .L29+4
 210:VaDist.cpp    **** 
 211:VaDist.cpp    ****     /* --- Newton-Raphson for  g(v) = P_n + K·f(v) − v = 0 ---
 212:VaDist.cpp    ****      * Analytic initial guess: approximate v ≈ 0 in g(v) = 0 gives
 213:VaDist.cpp    ****      *   f(v) ≈ −P_n / K.  For symmetric diodes:
 214:VaDist.cpp    ****      *   v_guess = NiVt · asinh(−P_n / (2·Is·K))
 215:VaDist.cpp    ****      * This puts NR within 1-2 thermal voltages of the solution,
 216:VaDist.cpp    ****      * ensuring convergence in 3-4 iterations even on a cold start.  */
 217:VaDist.cpp    ****     float nr_target = -P_n / (2.0f * Is * K_coeff);
 139              		.loc 10 217 41 view .LVU33
 140 0018 A54B     		ldr	r3, .L29+8
 208:VaDist.cpp    ****               + Qb[1]*u_sum;
 141              		.loc 10 208 11 view .LVU34
 142 001a 92ED017A 		vldr.32	s14, [r2, #4]
 201:VaDist.cpp    ****     float u_curr = input;
 143              		.loc 10 201 1 view .LVU35
 144 001e 70B5     		push	{r4, r5, r6, lr}
 145              		.cfi_def_cfa_offset 16
 146              		.cfi_offset 4, -16
 147              		.cfi_offset 5, -12
 148              		.cfi_offset 6, -8
 149              		.cfi_offset 14, -4
 150 0020 2DED068B 		vpush.64	{d8, d9, d10}
 151              		.cfi_def_cfa_offset 40
 152              		.cfi_offset 80, -40
 153              		.cfi_offset 81, -36
 154              		.cfi_offset 82, -32
 155              		.cfi_offset 83, -28
 156              		.cfi_offset 84, -24
ARM GAS  C:\Users\isaia\AppData\Local\Temp\ccP6lw9u.s 			page 17


 157              		.cfi_offset 85, -20
 208:VaDist.cpp    ****               + Qb[1]*u_sum;
 158              		.loc 10 208 47 view .LVU36
 159 0024 D1ED019A 		vldr.32	s19, [r1, #4]
 201:VaDist.cpp    ****     float u_curr = input;
 160              		.loc 10 201 1 view .LVU37
 161 0028 B0EE409A 		vmov.f32	s18, s0
 162              	.LVL2:
 203:VaDist.cpp    **** 
 163              		.loc 10 203 5 is_stmt 1 view .LVU38
 203:VaDist.cpp    **** 
 164              		.loc 10 203 11 is_stmt 0 view .LVU39
 165 002c D1ED038A 		vldr.32	s17, [r1, #12]
 201:VaDist.cpp    ****     float u_curr = input;
 166              		.loc 10 201 1 view .LVU40
 167 0030 84B0     		sub	sp, sp, #16
 168              		.cfi_def_cfa_offset 56
 208:VaDist.cpp    ****               + Qb[1]*u_sum;
 169              		.loc 10 208 47 view .LVU41
 170 0032 67EEA99A 		vmul.f32	s19, s15, s19
 171              		.loc 10 217 41 view .LVU42
 172 0036 93ED00AA 		vldr.32	s20, [r3]
 203:VaDist.cpp    **** 
 173              		.loc 10 203 11 view .LVU43
 174 003a 70EE288A 		vadd.f32	s17, s0, s17
 175              	.LVL3:
 208:VaDist.cpp    ****               + Qb[1]*u_sum;
 176              		.loc 10 208 5 is_stmt 1 view .LVU44
 177              		.loc 10 217 41 is_stmt 0 view .LVU45
 178 003e DFED9D7A 		vldr.32	s15, .L29+12
 201:VaDist.cpp    ****     float u_curr = input;
 179              		.loc 10 201 1 view .LVU46
 180 0042 0D46     		mov	r5, r1
 218:VaDist.cpp    ****     float v_curr;
 219:VaDist.cpp    ****     if(symmetric)
 181              		.loc 10 219 5 view .LVU47
 182 0044 0646     		mov	r6, r0
 208:VaDist.cpp    ****               + Qb[1]*u_sum;
 183              		.loc 10 208 38 view .LVU48
 184 0046 E5EE259A 		vfma.f32	s19, s10, s11
 217:VaDist.cpp    ****     float v_curr;
 185              		.loc 10 217 41 view .LVU49
 186 004a 6AEE277A 		vmul.f32	s15, s20, s15
 208:VaDist.cpp    ****               + Qb[1]*u_sum;
 187              		.loc 10 208 61 view .LVU50
 188 004e E6EE269A 		vfma.f32	s19, s12, s13
 208:VaDist.cpp    ****               + Qb[1]*u_sum;
 189              		.loc 10 208 11 view .LVU51
 190 0052 E7EE289A 		vfma.f32	s19, s14, s17
 191              	.LVL4:
 217:VaDist.cpp    ****     float v_curr;
 192              		.loc 10 217 5 is_stmt 1 view .LVU52
 217:VaDist.cpp    ****     float v_curr;
 193              		.loc 10 217 23 is_stmt 0 view .LVU53
 194 0056 B1EE697A 		vneg.f32	s14, s19
 217:VaDist.cpp    ****     float v_curr;
 195              		.loc 10 217 11 view .LVU54
ARM GAS  C:\Users\isaia\AppData\Local\Temp\ccP6lw9u.s 			page 18


 196 005a 87EE270A 		vdiv.f32	s0, s14, s15
 197              	.LVL5:
 218:VaDist.cpp    ****     float v_curr;
 198              		.loc 10 218 5 is_stmt 1 view .LVU55
 199              		.loc 10 219 5 view .LVU56
 200 005e 0028     		cmp	r0, #0
 201 0060 00F0FD80 		beq	.L4
 220:VaDist.cpp    ****     {
 221:VaDist.cpp    ****         v_curr = NiVt * asinhf(nr_target);
 202              		.loc 10 221 9 view .LVU57
 203              		.loc 10 221 31 is_stmt 0 view .LVU58
 204 0064 FFF7FEFF 		bl	asinhf
 205              	.LVL6:
 206              		.loc 10 221 16 view .LVU59
 207 0068 DFED937A 		vldr.32	s15, .L29+16
 208 006c 20EE278A 		vmul.f32	s16, s0, s15
 209              	.LVL7:
 210              	.L5:
 201:VaDist.cpp    ****     float u_curr = input;
 211              		.loc 10 201 1 view .LVU60
 212 0070 1024     		movs	r4, #16
 213 0072 38E0     		b	.L13
 214              	.LVL8:
 215              	.L27:
 216              	.LBB247:
 217              	.LBB248:
 222:VaDist.cpp    ****     }
 223:VaDist.cpp    ****     else
 224:VaDist.cpp    ****     {
 225:VaDist.cpp    ****         /* Asymmetric approximation: use dominant exponential branch */
 226:VaDist.cpp    ****         if(nr_target > 0.0f)
 227:VaDist.cpp    ****             v_curr = 2.0f * NiVt * logf(nr_target / Is + 1.0f);
 228:VaDist.cpp    ****         else
 229:VaDist.cpp    ****             v_curr = -NiVt * logf(-nr_target / Is + 1.0f);
 230:VaDist.cpp    ****     }
 231:VaDist.cpp    **** 
 232:VaDist.cpp    ****     for(int iter = 0; iter < NR_MAXITER; iter++)
 233:VaDist.cpp    ****     {
 234:VaDist.cpp    ****         /* Clamp to avoid expf overflow (|v| > 3 V is well beyond diode range) */
 235:VaDist.cpp    ****         if(v_curr >  3.0f) v_curr =  3.0f;
 236:VaDist.cpp    ****         if(v_curr < -3.0f) v_curr = -3.0f;
 218              		.loc 10 236 35 view .LVU61
 219 0074 B4EE478A 		vcmp.f32	s16, s14
 220              	.LBB249:
 221              	.LBB250:
 237:VaDist.cpp    **** 
 238:VaDist.cpp    ****         float f_val, df_val;
 239:VaDist.cpp    **** 
 240:VaDist.cpp    ****         if(symmetric)
 241:VaDist.cpp    ****         {
 242:VaDist.cpp    ****             /* f(v) = 2·Is·sinh(v / NiVt)
 243:VaDist.cpp    ****              * Compute sinh & cosh from one expf():
 244:VaDist.cpp    ****              *   ex = exp(v/NiVt), emx = 1/ex
 245:VaDist.cpp    ****              *   f   = Is·(ex − emx)           [= 2·Is·sinh]
 246:VaDist.cpp    ****              *   df  = (Is/NiVt)·(ex + emx)    [= 2·Is/NiVt·cosh]            */
 247:VaDist.cpp    ****             float arg = v_curr / NiVt;
 248:VaDist.cpp    ****             float ex  = expf(arg);
ARM GAS  C:\Users\isaia\AppData\Local\Temp\ccP6lw9u.s 			page 19


 249:VaDist.cpp    ****             float emx = 1.0f / ex;
 250:VaDist.cpp    ****             f_val  = Is * (ex - emx);
 251:VaDist.cpp    ****             df_val = (Is / NiVt) * (ex + emx);
 252:VaDist.cpp    ****         }
 253:VaDist.cpp    ****         else
 254:VaDist.cpp    ****         {
 255:VaDist.cpp    ****             /* f(v) = Is·[exp(v/(2·NiVt)) − exp(−v/NiVt)]
 256:VaDist.cpp    ****              * Compute from one expf():
 257:VaDist.cpp    ****              *   e1 = exp(v/(2·NiVt)),  e2 = 1/e1² = exp(−v/NiVt)           */
 258:VaDist.cpp    ****             float arg1 = v_curr / (2.0f * NiVt);
 222              		.loc 10 258 19 view .LVU62
 223 0078 DFED90AA 		vldr.32	s21, .L29+20
 224              	.LBE250:
 225              	.LBB251:
 247:VaDist.cpp    ****             float ex  = expf(arg);
 226              		.loc 10 247 19 view .LVU63
 227 007c 9FED8E0A 		vldr.32	s0, .L29+16
 228              	.LBE251:
 229              	.LBE249:
 236:VaDist.cpp    **** 
 230              		.loc 10 236 35 view .LVU64
 231 0080 F1EE10FA 		vmrs	APSR_nzcv, FPSCR
 232 0084 48BF     		it	mi
 233 0086 B0EE478A 		vmovmi.f32	s16, s14
 234              	.LVL9:
 238:VaDist.cpp    **** 
 235              		.loc 10 238 9 is_stmt 1 view .LVU65
 240:VaDist.cpp    ****         {
 236              		.loc 10 240 9 view .LVU66
 237              	.LBB259:
 238              	.LBB252:
 247:VaDist.cpp    ****             float ex  = expf(arg);
 239              		.loc 10 247 13 view .LVU67
 248:VaDist.cpp    ****             float emx = 1.0f / ex;
 240              		.loc 10 248 13 view .LVU68
 241              	.LBE252:
 242              	.LBB253:
 243              		.loc 10 258 13 view .LVU69
 259:VaDist.cpp    ****             float e1   = expf(arg1);
 244              		.loc 10 259 13 view .LVU70
 245              	.LBE253:
 240:VaDist.cpp    ****         {
 246              		.loc 10 240 9 is_stmt 0 view .LVU71
 247 008a EEB3     		cbz	r6, .L10
 248              	.LVL10:
 249              	.L28:
 250              	.LBB254:
 248:VaDist.cpp    ****             float emx = 1.0f / ex;
 251              		.loc 10 248 29 view .LVU72
 252 008c 88EE000A 		vdiv.f32	s0, s16, s0
 253 0090 FFF7FEFF 		bl	expf
 254              	.LVL11:
 250:VaDist.cpp    ****             df_val = (Is / NiVt) * (ex + emx);
 255              		.loc 10 250 20 view .LVU73
 256 0094 9FED8A6A 		vldr.32	s12, .L29+24
 257              	.LVL12:
 249:VaDist.cpp    ****             f_val  = Is * (ex - emx);
ARM GAS  C:\Users\isaia\AppData\Local\Temp\ccP6lw9u.s 			page 20


 258              		.loc 10 249 13 is_stmt 1 view .LVU74
 251:VaDist.cpp    ****         }
 259              		.loc 10 251 20 is_stmt 0 view .LVU75
 260 0098 DFED8A6A 		vldr.32	s13, .L29+28
 249:VaDist.cpp    ****             f_val  = Is * (ex - emx);
 261              		.loc 10 249 19 view .LVU76
 262 009c B7EE007A 		vmov.f32	s14, #1.0e+0
 263 00a0 C7EE007A 		vdiv.f32	s15, s14, s0
 264              	.LVL13:
 250:VaDist.cpp    ****             df_val = (Is / NiVt) * (ex + emx);
 265              		.loc 10 250 13 is_stmt 1 view .LVU77
 250:VaDist.cpp    ****             df_val = (Is / NiVt) * (ex + emx);
 266              		.loc 10 250 31 is_stmt 0 view .LVU78
 267 00a4 30EE677A 		vsub.f32	s14, s0, s15
 251:VaDist.cpp    ****         }
 268              		.loc 10 251 40 view .LVU79
 269 00a8 70EE277A 		vadd.f32	s15, s0, s15
 270              	.LVL14:
 250:VaDist.cpp    ****             df_val = (Is / NiVt) * (ex + emx);
 271              		.loc 10 250 20 view .LVU80
 272 00ac 27EE067A 		vmul.f32	s14, s14, s12
 273              	.LVL15:
 251:VaDist.cpp    ****         }
 274              		.loc 10 251 13 is_stmt 1 view .LVU81
 251:VaDist.cpp    ****         }
 275              		.loc 10 251 20 is_stmt 0 view .LVU82
 276 00b0 67EEA67A 		vmul.f32	s15, s15, s13
 277              	.LVL16:
 278              	.L11:
 251:VaDist.cpp    ****         }
 279              		.loc 10 251 20 view .LVU83
 280              	.LBE254:
 281              	.LBE259:
 260:VaDist.cpp    ****             float e2   = 1.0f / (e1 * e1);
 261:VaDist.cpp    ****             f_val  = Is * (e1 - e2);
 262:VaDist.cpp    ****             df_val = Is * (e1 / (2.0f * NiVt) + e2 / NiVt);
 263:VaDist.cpp    ****         }
 264:VaDist.cpp    **** 
 265:VaDist.cpp    ****         float g    = P_n + K_coeff * f_val - v_curr;
 282              		.loc 10 265 9 is_stmt 1 view .LVU84
 283              	.LBE248:
 232:VaDist.cpp    ****     {
 284              		.loc 10 232 5 view .LVU85
 285              	.LBB261:
 286              		.loc 10 265 26 is_stmt 0 view .LVU86
 287 00b4 F0EE696A 		vmov.f32	s13, s19
 266:VaDist.cpp    ****         float J    = K_coeff * df_val - 1.0f;
 267:VaDist.cpp    ****         float step = g / J;
 268:VaDist.cpp    ****         v_curr -= step;
 269:VaDist.cpp    **** 
 270:VaDist.cpp    ****         if(fabsf(step) < NR_TOL) break;
 288              		.loc 10 270 9 view .LVU87
 289 00b8 9FED836A 		vldr.32	s12, .L29+32
 265:VaDist.cpp    ****         float J    = K_coeff * df_val - 1.0f;
 290              		.loc 10 265 26 view .LVU88
 291 00bc EAEE076A 		vfma.f32	s13, s20, s14
 266:VaDist.cpp    ****         float J    = K_coeff * df_val - 1.0f;
ARM GAS  C:\Users\isaia\AppData\Local\Temp\ccP6lw9u.s 			page 21


 292              		.loc 10 266 15 view .LVU89
 293 00c0 BFEE007A 		vmov.f32	s14, #-1.0e+0
 294              	.LVL17:
 266:VaDist.cpp    ****         float J    = K_coeff * df_val - 1.0f;
 295              		.loc 10 266 15 view .LVU90
 296 00c4 AAEE277A 		vfma.f32	s14, s20, s15
 265:VaDist.cpp    ****         float J    = K_coeff * df_val - 1.0f;
 297              		.loc 10 265 15 view .LVU91
 298 00c8 76EEC87A 		vsub.f32	s15, s13, s16
 299              	.LVL18:
 266:VaDist.cpp    ****         float J    = K_coeff * df_val - 1.0f;
 300              		.loc 10 266 9 is_stmt 1 view .LVU92
 267:VaDist.cpp    ****         v_curr -= step;
 301              		.loc 10 267 9 view .LVU93
 267:VaDist.cpp    ****         v_curr -= step;
 302              		.loc 10 267 15 is_stmt 0 view .LVU94
 303 00cc C7EE876A 		vdiv.f32	s13, s15, s14
 304              	.LVL19:
 268:VaDist.cpp    **** 
 305              		.loc 10 268 9 is_stmt 1 view .LVU95
 306              		.loc 10 270 17 is_stmt 0 view .LVU96
 307 00d0 F0EEE67A 		vabs.f32	s15, s13
 308              	.LVL20:
 268:VaDist.cpp    **** 
 309              		.loc 10 268 16 view .LVU97
 310 00d4 38EE668A 		vsub.f32	s16, s16, s13
 311              	.LVL21:
 312              		.loc 10 270 9 is_stmt 1 view .LVU98
 313              		.loc 10 270 9 is_stmt 0 view .LVU99
 314              	.LBE261:
 232:VaDist.cpp    ****     {
 315              		.loc 10 232 28 is_stmt 1 view .LVU100
 316              	.LBB262:
 317              		.loc 10 270 9 is_stmt 0 view .LVU101
 318 00d8 F4EEC67A 		vcmpe.f32	s15, s12
 319 00dc F1EE10FA 		vmrs	APSR_nzcv, FPSCR
 320 00e0 2DD4     		bmi	.L12
 321              		.loc 10 270 9 view .LVU102
 322              	.LBE262:
 232:VaDist.cpp    ****     {
 323              		.loc 10 232 28 discriminator 2 view .LVU103
 324 00e2 013C     		subs	r4, r4, #1
 325              	.LVL22:
 232:VaDist.cpp    ****     {
 326              		.loc 10 232 28 discriminator 2 view .LVU104
 327 00e4 2BD0     		beq	.L12
 328              	.LVL23:
 329              	.L13:
 330              	.LBB263:
 235:VaDist.cpp    ****         if(v_curr < -3.0f) v_curr = -3.0f;
 331              		.loc 10 235 9 is_stmt 1 view .LVU105
 236:VaDist.cpp    **** 
 332              		.loc 10 236 9 view .LVU106
 235:VaDist.cpp    ****         if(v_curr < -3.0f) v_curr = -3.0f;
 333              		.loc 10 235 9 is_stmt 0 view .LVU107
 334 00e6 F0EE087A 		vmov.f32	s15, #3.0e+0
 236:VaDist.cpp    **** 
ARM GAS  C:\Users\isaia\AppData\Local\Temp\ccP6lw9u.s 			page 22


 335              		.loc 10 236 9 view .LVU108
 336 00ea B8EE087A 		vmov.f32	s14, #-3.0e+0
 235:VaDist.cpp    ****         if(v_curr < -3.0f) v_curr = -3.0f;
 337              		.loc 10 235 9 view .LVU109
 338 00ee B4EEE78A 		vcmpe.f32	s16, s15
 339 00f2 F1EE10FA 		vmrs	APSR_nzcv, FPSCR
 340 00f6 BDDD     		ble	.L27
 235:VaDist.cpp    ****         if(v_curr < -3.0f) v_curr = -3.0f;
 341              		.loc 10 235 35 view .LVU110
 342 00f8 B0EE678A 		vmov.f32	s16, s15
 343              	.LVL24:
 238:VaDist.cpp    **** 
 344              		.loc 10 238 9 is_stmt 1 view .LVU111
 240:VaDist.cpp    ****         {
 345              		.loc 10 240 9 view .LVU112
 346              	.LBB260:
 347              	.LBB255:
 247:VaDist.cpp    ****             float ex  = expf(arg);
 348              		.loc 10 247 13 view .LVU113
 248:VaDist.cpp    ****             float emx = 1.0f / ex;
 349              		.loc 10 248 13 view .LVU114
 350              	.LBE255:
 351              	.LBB256:
 258:VaDist.cpp    ****             float e1   = expf(arg1);
 352              		.loc 10 258 13 view .LVU115
 259:VaDist.cpp    ****             float e2   = 1.0f / (e1 * e1);
 353              		.loc 10 259 13 view .LVU116
 258:VaDist.cpp    ****             float e1   = expf(arg1);
 354              		.loc 10 258 19 is_stmt 0 view .LVU117
 355 00fc DFED6FAA 		vldr.32	s21, .L29+20
 356              	.LBE256:
 357              	.LBB257:
 247:VaDist.cpp    ****             float ex  = expf(arg);
 358              		.loc 10 247 19 view .LVU118
 359 0100 9FED6D0A 		vldr.32	s0, .L29+16
 360              	.LBE257:
 240:VaDist.cpp    ****         {
 361              		.loc 10 240 9 view .LVU119
 362 0104 002E     		cmp	r6, #0
 363 0106 C1D1     		bne	.L28
 364              	.LVL25:
 365              	.L10:
 366              	.LBB258:
 259:VaDist.cpp    ****             float e2   = 1.0f / (e1 * e1);
 367              		.loc 10 259 30 view .LVU120
 368 0108 88EE2A0A 		vdiv.f32	s0, s16, s21
 369 010c FFF7FEFF 		bl	expf
 370              	.LVL26:
 262:VaDist.cpp    ****         }
 371              		.loc 10 262 52 view .LVU121
 372 0110 DFED695A 		vldr.32	s11, .L29+16
 373              	.LVL27:
 260:VaDist.cpp    ****             f_val  = Is * (e1 - e2);
 374              		.loc 10 260 13 is_stmt 1 view .LVU122
 261:VaDist.cpp    ****             df_val = Is * (e1 / (2.0f * NiVt) + e2 / NiVt);
 375              		.loc 10 261 20 is_stmt 0 view .LVU123
 376 0114 DFED6A6A 		vldr.32	s13, .L29+24
ARM GAS  C:\Users\isaia\AppData\Local\Temp\ccP6lw9u.s 			page 23


 260:VaDist.cpp    ****             f_val  = Is * (e1 - e2);
 377              		.loc 10 260 37 view .LVU124
 378 0118 20EE006A 		vmul.f32	s12, s0, s0
 260:VaDist.cpp    ****             f_val  = Is * (e1 - e2);
 379              		.loc 10 260 19 view .LVU125
 380 011c B7EE005A 		vmov.f32	s10, #1.0e+0
 262:VaDist.cpp    ****         }
 381              		.loc 10 262 31 view .LVU126
 382 0120 C0EE2A7A 		vdiv.f32	s15, s0, s21
 260:VaDist.cpp    ****             f_val  = Is * (e1 - e2);
 383              		.loc 10 260 19 view .LVU127
 384 0124 85EE067A 		vdiv.f32	s14, s10, s12
 385              	.LVL28:
 261:VaDist.cpp    ****             df_val = Is * (e1 / (2.0f * NiVt) + e2 / NiVt);
 386              		.loc 10 261 13 is_stmt 1 view .LVU128
 262:VaDist.cpp    ****         }
 387              		.loc 10 262 52 is_stmt 0 view .LVU129
 388 0128 87EE256A 		vdiv.f32	s12, s14, s11
 261:VaDist.cpp    ****             df_val = Is * (e1 / (2.0f * NiVt) + e2 / NiVt);
 389              		.loc 10 261 31 view .LVU130
 390 012c 30EE477A 		vsub.f32	s14, s0, s14
 391              	.LVL29:
 261:VaDist.cpp    ****             df_val = Is * (e1 / (2.0f * NiVt) + e2 / NiVt);
 392              		.loc 10 261 20 view .LVU131
 393 0130 27EE267A 		vmul.f32	s14, s14, s13
 394              	.LVL30:
 262:VaDist.cpp    ****         }
 395              		.loc 10 262 13 is_stmt 1 view .LVU132
 262:VaDist.cpp    ****         }
 396              		.loc 10 262 47 is_stmt 0 view .LVU133
 397 0134 77EE867A 		vadd.f32	s15, s15, s12
 262:VaDist.cpp    ****         }
 398              		.loc 10 262 20 view .LVU134
 399 0138 67EEA67A 		vmul.f32	s15, s15, s13
 400              	.LVL31:
 262:VaDist.cpp    ****         }
 401              		.loc 10 262 20 view .LVU135
 402 013c BAE7     		b	.L11
 403              	.LVL32:
 404              	.L12:
 262:VaDist.cpp    ****         }
 405              		.loc 10 262 20 view .LVU136
 406              	.LBE258:
 407              	.LBE260:
 408              	.LBE263:
 409              	.LBE247:
 271:VaDist.cpp    ****     }
 272:VaDist.cpp    **** 
 273:VaDist.cpp    ****     /* Final nonlinear function value at converged v_curr */
 274:VaDist.cpp    ****     float f_curr;
 410              		.loc 10 274 5 is_stmt 1 view .LVU137
 275:VaDist.cpp    ****     if(symmetric)
 411              		.loc 10 275 5 view .LVU138
 412              	.LBB264:
 413 013e 002E     		cmp	r6, #0
 414 0140 7AD0     		beq	.L14
 415              	.LBB265:
ARM GAS  C:\Users\isaia\AppData\Local\Temp\ccP6lw9u.s 			page 24


 276:VaDist.cpp    ****     {
 277:VaDist.cpp    ****         float ex  = expf(v_curr / NiVt);
 416              		.loc 10 277 9 view .LVU139
 417              		.loc 10 277 25 is_stmt 0 view .LVU140
 418 0142 9FED5D0A 		vldr.32	s0, .L29+16
 419 0146 88EE000A 		vdiv.f32	s0, s16, s0
 420 014a FFF7FEFF 		bl	expf
 421              	.LVL33:
 278:VaDist.cpp    ****         float emx = 1.0f / ex;
 422              		.loc 10 278 9 is_stmt 1 view .LVU141
 279:VaDist.cpp    ****         f_curr = Is * (ex - emx);
 423              		.loc 10 279 9 view .LVU142
 424              		.loc 10 279 16 is_stmt 0 view .LVU143
 425 014e 9FED5C7A 		vldr.32	s14, .L29+24
 278:VaDist.cpp    ****         float emx = 1.0f / ex;
 426              		.loc 10 278 15 view .LVU144
 427 0152 F7EE006A 		vmov.f32	s13, #1.0e+0
 428 0156 C6EE807A 		vdiv.f32	s15, s13, s0
 429              	.LVL34:
 430              		.loc 10 279 27 view .LVU145
 431 015a 30EE670A 		vsub.f32	s0, s0, s15
 432              	.LVL35:
 433              		.loc 10 279 16 view .LVU146
 434 015e 20EE077A 		vmul.f32	s14, s0, s14
 435              	.LVL36:
 436              	.L15:
 437              		.loc 10 279 16 view .LVU147
 438              	.LBE265:
 439              	.LBE264:
 280:VaDist.cpp    ****     }
 281:VaDist.cpp    ****     else
 282:VaDist.cpp    ****     {
 283:VaDist.cpp    ****         float e1 = expf(v_curr / (2.0f * NiVt));
 284:VaDist.cpp    ****         float e2 = 1.0f / (e1 * e1);
 285:VaDist.cpp    ****         f_curr = Is * (e1 - e2);
 286:VaDist.cpp    ****     }
 287:VaDist.cpp    **** 
 288:VaDist.cpp    ****     /* x_curr = inv(Hm)·[Hp·x_prev + B·u_sum + C·f_curr]
 289:VaDist.cpp    ****      * Only f_curr is used (f_prev = 0, matching MATLAB reference).  */
 290:VaDist.cpp    ****     float x_curr[3];
 440              		.loc 10 290 5 is_stmt 1 view .LVU148
 291:VaDist.cpp    ****     for(int i = 0; i < 3; i++)
 441              		.loc 10 291 5 view .LVU149
 442              	.LBB267:
 443              		.loc 10 291 22 view .LVU150
 444 0162 514B     		ldr	r3, .L29
 445 0164 01AA     		add	r2, sp, #4
 292:VaDist.cpp    ****         x_curr[i] = Q[i][0]*st.x_prev[0] + Q[i][1]*st.x_prev[1] + Q[i][2]*st.x_prev[2]
 446              		.loc 10 292 40 is_stmt 0 view .LVU151
 447 0166 D5ED003A 		vldr.32	s7, [r5]
 448              		.loc 10 292 63 view .LVU152
 449 016a 95ED014A 		vldr.32	s8, [r5, #4]
 450 016e 03F12404 		add	r4, r3, #36
 451              		.loc 10 292 86 view .LVU153
 452 0172 D5ED024A 		vldr.32	s9, [r5, #8]
 453 0176 4D48     		ldr	r0, .L29+4
 454 0178 5449     		ldr	r1, .L29+36
ARM GAS  C:\Users\isaia\AppData\Local\Temp\ccP6lw9u.s 			page 25


 455              	.LVL37:
 456              	.L16:
 457              		.loc 10 292 9 is_stmt 1 discriminator 2 view .LVU154
 458              		.loc 10 292 51 is_stmt 0 discriminator 2 view .LVU155
 459 017a D3ED017A 		vldr.32	s15, [r3, #4]
 291:VaDist.cpp    ****     for(int i = 0; i < 3; i++)
 460              		.loc 10 291 22 discriminator 2 view .LVU156
 461 017e 0C33     		adds	r3, r3, #12
 462              		.loc 10 292 42 discriminator 2 view .LVU157
 463 0180 13ED035A 		vldr.32	s10, [r3, #-12]
 464              		.loc 10 292 51 discriminator 2 view .LVU158
 465 0184 64EE277A 		vmul.f32	s15, s8, s15
 466              		.loc 10 292 65 discriminator 2 view .LVU159
 467 0188 53ED015A 		vldr.32	s11, [r3, #-4]
 293:VaDist.cpp    ****                    + Qb[i]*u_sum + Qc[i]*f_curr;
 468              		.loc 10 293 26 discriminator 2 view .LVU160
 469 018c B0EC016A 		vldmia.32	r0!, {s12}
 291:VaDist.cpp    ****     for(int i = 0; i < 3; i++)
 470              		.loc 10 291 22 discriminator 2 view .LVU161
 471 0190 9C42     		cmp	r4, r3
 472              		.loc 10 293 40 discriminator 2 view .LVU162
 473 0192 F1EC016A 		vldmia.32	r1!, {s13}
 292:VaDist.cpp    ****         x_curr[i] = Q[i][0]*st.x_prev[0] + Q[i][1]*st.x_prev[1] + Q[i][2]*st.x_prev[2]
 474              		.loc 10 292 42 discriminator 2 view .LVU163
 475 0196 E5EE237A 		vfma.f32	s15, s10, s7
 292:VaDist.cpp    ****         x_curr[i] = Q[i][0]*st.x_prev[0] + Q[i][1]*st.x_prev[1] + Q[i][2]*st.x_prev[2]
 476              		.loc 10 292 65 discriminator 2 view .LVU164
 477 019a E5EEA47A 		vfma.f32	s15, s11, s9
 478              		.loc 10 293 20 discriminator 2 view .LVU165
 479 019e E6EE287A 		vfma.f32	s15, s12, s17
 480              		.loc 10 293 34 discriminator 2 view .LVU166
 481 01a2 E6EE877A 		vfma.f32	s15, s13, s14
 292:VaDist.cpp    ****         x_curr[i] = Q[i][0]*st.x_prev[0] + Q[i][1]*st.x_prev[1] + Q[i][2]*st.x_prev[2]
 482              		.loc 10 292 19 discriminator 2 view .LVU167
 483 01a6 E2EC017A 		vstmia.32	r2!, {s15}
 291:VaDist.cpp    ****     for(int i = 0; i < 3; i++)
 484              		.loc 10 291 5 is_stmt 1 discriminator 2 view .LVU168
 291:VaDist.cpp    ****     for(int i = 0; i < 3; i++)
 485              		.loc 10 291 22 discriminator 2 view .LVU169
 486 01aa E6D1     		bne	.L16
 487              	.LBE267:
 294:VaDist.cpp    **** 
 295:VaDist.cpp    ****     /* Output: y = L·x + M·u ,  L=[-1,1,0], M=1 */
 296:VaDist.cpp    ****     float y = -x_curr[0] + x_curr[1] + u_curr;
 488              		.loc 10 296 5 view .LVU170
 489              		.loc 10 296 24 is_stmt 0 view .LVU171
 490 01ac 9DED010A 		vldr.32	s0, [sp, #4]
 297:VaDist.cpp    **** 
 298:VaDist.cpp    ****     /* ---- state update ---- */
 299:VaDist.cpp    ****     st.x_prev[0] = x_curr[0];
 300:VaDist.cpp    ****     st.x_prev[1] = x_curr[1];
 301:VaDist.cpp    ****     st.x_prev[2] = x_curr[2];
 302:VaDist.cpp    ****     st.u_prev  = u_curr;
 303:VaDist.cpp    ****     st.v_prev  = v_curr;
 304:VaDist.cpp    **** 
 305:VaDist.cpp    ****     /* NaN guard: if any state is NaN, reset channel to avoid permanent corruption */
 306:VaDist.cpp    ****     if(!isfinite(x_curr[0]) || !isfinite(x_curr[1]) || !isfinite(x_curr[2]) || !isfinite(y))
ARM GAS  C:\Users\isaia\AppData\Local\Temp\ccP6lw9u.s 			page 26


 491              		.loc 10 306 77 view .LVU172
 492 01b0 9FED477A 		vldr.32	s14, .L29+40
 493              	.LVL38:
 494              	.LBB268:
 495              	.LBB269:
 496              		.file 11 "c:\\program files\\daisytoolchain\\arm-none-eabi\\include\\c++\\10.2.1\\cmath"
   1:c:\program files\daisytoolchain\arm-none-eabi\include\c++\10.2.1\cmath **** // -*- C++ -*- C forwarding header.
   2:c:\program files\daisytoolchain\arm-none-eabi\include\c++\10.2.1\cmath **** 
   3:c:\program files\daisytoolchain\arm-none-eabi\include\c++\10.2.1\cmath **** // Copyright (C) 1997-2020 Free Software Foundation, Inc.
   4:c:\program files\daisytoolchain\arm-none-eabi\include\c++\10.2.1\cmath **** //
   5:c:\program files\daisytoolchain\arm-none-eabi\include\c++\10.2.1\cmath **** // This file is part of the GNU ISO C++ Library.  This library is free
   6:c:\program files\daisytoolchain\arm-none-eabi\include\c++\10.2.1\cmath **** // software; you can redistribute it and/or modify it under the
   7:c:\program files\daisytoolchain\arm-none-eabi\include\c++\10.2.1\cmath **** // terms of the GNU General Public License as published by the
   8:c:\program files\daisytoolchain\arm-none-eabi\include\c++\10.2.1\cmath **** // Free Software Foundation; either version 3, or (at your option)
   9:c:\program files\daisytoolchain\arm-none-eabi\include\c++\10.2.1\cmath **** // any later version.
  10:c:\program files\daisytoolchain\arm-none-eabi\include\c++\10.2.1\cmath **** 
  11:c:\program files\daisytoolchain\arm-none-eabi\include\c++\10.2.1\cmath **** // This library is distributed in the hope that it will be useful,
  12:c:\program files\daisytoolchain\arm-none-eabi\include\c++\10.2.1\cmath **** // but WITHOUT ANY WARRANTY; without even the implied warranty of
  13:c:\program files\daisytoolchain\arm-none-eabi\include\c++\10.2.1\cmath **** // MERCHANTABILITY or FITNESS FOR A PARTICULAR PURPOSE.  See the
  14:c:\program files\daisytoolchain\arm-none-eabi\include\c++\10.2.1\cmath **** // GNU General Public License for more details.
  15:c:\program files\daisytoolchain\arm-none-eabi\include\c++\10.2.1\cmath **** 
  16:c:\program files\daisytoolchain\arm-none-eabi\include\c++\10.2.1\cmath **** // Under Section 7 of GPL version 3, you are granted additional
  17:c:\program files\daisytoolchain\arm-none-eabi\include\c++\10.2.1\cmath **** // permissions described in the GCC Runtime Library Exception, version
  18:c:\program files\daisytoolchain\arm-none-eabi\include\c++\10.2.1\cmath **** // 3.1, as published by the Free Software Foundation.
  19:c:\program files\daisytoolchain\arm-none-eabi\include\c++\10.2.1\cmath **** 
  20:c:\program files\daisytoolchain\arm-none-eabi\include\c++\10.2.1\cmath **** // You should have received a copy of the GNU General Public License and
  21:c:\program files\daisytoolchain\arm-none-eabi\include\c++\10.2.1\cmath **** // a copy of the GCC Runtime Library Exception along with this program;
  22:c:\program files\daisytoolchain\arm-none-eabi\include\c++\10.2.1\cmath **** // see the files COPYING3 and COPYING.RUNTIME respectively.  If not, see
  23:c:\program files\daisytoolchain\arm-none-eabi\include\c++\10.2.1\cmath **** // <http://www.gnu.org/licenses/>.
  24:c:\program files\daisytoolchain\arm-none-eabi\include\c++\10.2.1\cmath **** 
  25:c:\program files\daisytoolchain\arm-none-eabi\include\c++\10.2.1\cmath **** /** @file include/cmath
  26:c:\program files\daisytoolchain\arm-none-eabi\include\c++\10.2.1\cmath ****  *  This is a Standard C++ Library file.  You should @c \#include this file
  27:c:\program files\daisytoolchain\arm-none-eabi\include\c++\10.2.1\cmath ****  *  in your programs, rather than any of the @a *.h implementation files.
  28:c:\program files\daisytoolchain\arm-none-eabi\include\c++\10.2.1\cmath ****  *
  29:c:\program files\daisytoolchain\arm-none-eabi\include\c++\10.2.1\cmath ****  *  This is the C++ version of the Standard C Library header @c math.h,
  30:c:\program files\daisytoolchain\arm-none-eabi\include\c++\10.2.1\cmath ****  *  and its contents are (mostly) the same as that header, but are all
  31:c:\program files\daisytoolchain\arm-none-eabi\include\c++\10.2.1\cmath ****  *  contained in the namespace @c std (except for names which are defined
  32:c:\program files\daisytoolchain\arm-none-eabi\include\c++\10.2.1\cmath ****  *  as macros in C).
  33:c:\program files\daisytoolchain\arm-none-eabi\include\c++\10.2.1\cmath ****  */
  34:c:\program files\daisytoolchain\arm-none-eabi\include\c++\10.2.1\cmath **** 
  35:c:\program files\daisytoolchain\arm-none-eabi\include\c++\10.2.1\cmath **** //
  36:c:\program files\daisytoolchain\arm-none-eabi\include\c++\10.2.1\cmath **** // ISO C++ 14882: 26.5  C library
  37:c:\program files\daisytoolchain\arm-none-eabi\include\c++\10.2.1\cmath **** //
  38:c:\program files\daisytoolchain\arm-none-eabi\include\c++\10.2.1\cmath **** 
  39:c:\program files\daisytoolchain\arm-none-eabi\include\c++\10.2.1\cmath **** #pragma GCC system_header
  40:c:\program files\daisytoolchain\arm-none-eabi\include\c++\10.2.1\cmath **** 
  41:c:\program files\daisytoolchain\arm-none-eabi\include\c++\10.2.1\cmath **** #include <bits/c++config.h>
  42:c:\program files\daisytoolchain\arm-none-eabi\include\c++\10.2.1\cmath **** #include <bits/cpp_type_traits.h>
  43:c:\program files\daisytoolchain\arm-none-eabi\include\c++\10.2.1\cmath **** #include <ext/type_traits.h>
  44:c:\program files\daisytoolchain\arm-none-eabi\include\c++\10.2.1\cmath **** #define _GLIBCXX_INCLUDE_NEXT_C_HEADERS
  45:c:\program files\daisytoolchain\arm-none-eabi\include\c++\10.2.1\cmath **** #include_next <math.h>
  46:c:\program files\daisytoolchain\arm-none-eabi\include\c++\10.2.1\cmath **** #undef _GLIBCXX_INCLUDE_NEXT_C_HEADERS
  47:c:\program files\daisytoolchain\arm-none-eabi\include\c++\10.2.1\cmath **** #include <bits/std_abs.h>
  48:c:\program files\daisytoolchain\arm-none-eabi\include\c++\10.2.1\cmath **** 
  49:c:\program files\daisytoolchain\arm-none-eabi\include\c++\10.2.1\cmath **** #ifndef _GLIBCXX_CMATH
  50:c:\program files\daisytoolchain\arm-none-eabi\include\c++\10.2.1\cmath **** #define _GLIBCXX_CMATH 1
  51:c:\program files\daisytoolchain\arm-none-eabi\include\c++\10.2.1\cmath **** 
ARM GAS  C:\Users\isaia\AppData\Local\Temp\ccP6lw9u.s 			page 27


  52:c:\program files\daisytoolchain\arm-none-eabi\include\c++\10.2.1\cmath **** // Get rid of those macros defined in <math.h> in lieu of real functions.
  53:c:\program files\daisytoolchain\arm-none-eabi\include\c++\10.2.1\cmath **** #undef div
  54:c:\program files\daisytoolchain\arm-none-eabi\include\c++\10.2.1\cmath **** #undef acos
  55:c:\program files\daisytoolchain\arm-none-eabi\include\c++\10.2.1\cmath **** #undef asin
  56:c:\program files\daisytoolchain\arm-none-eabi\include\c++\10.2.1\cmath **** #undef atan
  57:c:\program files\daisytoolchain\arm-none-eabi\include\c++\10.2.1\cmath **** #undef atan2
  58:c:\program files\daisytoolchain\arm-none-eabi\include\c++\10.2.1\cmath **** #undef ceil
  59:c:\program files\daisytoolchain\arm-none-eabi\include\c++\10.2.1\cmath **** #undef cos
  60:c:\program files\daisytoolchain\arm-none-eabi\include\c++\10.2.1\cmath **** #undef cosh
  61:c:\program files\daisytoolchain\arm-none-eabi\include\c++\10.2.1\cmath **** #undef exp
  62:c:\program files\daisytoolchain\arm-none-eabi\include\c++\10.2.1\cmath **** #undef fabs
  63:c:\program files\daisytoolchain\arm-none-eabi\include\c++\10.2.1\cmath **** #undef floor
  64:c:\program files\daisytoolchain\arm-none-eabi\include\c++\10.2.1\cmath **** #undef fmod
  65:c:\program files\daisytoolchain\arm-none-eabi\include\c++\10.2.1\cmath **** #undef frexp
  66:c:\program files\daisytoolchain\arm-none-eabi\include\c++\10.2.1\cmath **** #undef ldexp
  67:c:\program files\daisytoolchain\arm-none-eabi\include\c++\10.2.1\cmath **** #undef log
  68:c:\program files\daisytoolchain\arm-none-eabi\include\c++\10.2.1\cmath **** #undef log10
  69:c:\program files\daisytoolchain\arm-none-eabi\include\c++\10.2.1\cmath **** #undef modf
  70:c:\program files\daisytoolchain\arm-none-eabi\include\c++\10.2.1\cmath **** #undef pow
  71:c:\program files\daisytoolchain\arm-none-eabi\include\c++\10.2.1\cmath **** #undef sin
  72:c:\program files\daisytoolchain\arm-none-eabi\include\c++\10.2.1\cmath **** #undef sinh
  73:c:\program files\daisytoolchain\arm-none-eabi\include\c++\10.2.1\cmath **** #undef sqrt
  74:c:\program files\daisytoolchain\arm-none-eabi\include\c++\10.2.1\cmath **** #undef tan
  75:c:\program files\daisytoolchain\arm-none-eabi\include\c++\10.2.1\cmath **** #undef tanh
  76:c:\program files\daisytoolchain\arm-none-eabi\include\c++\10.2.1\cmath **** 
  77:c:\program files\daisytoolchain\arm-none-eabi\include\c++\10.2.1\cmath **** extern "C++"
  78:c:\program files\daisytoolchain\arm-none-eabi\include\c++\10.2.1\cmath **** {
  79:c:\program files\daisytoolchain\arm-none-eabi\include\c++\10.2.1\cmath **** namespace std _GLIBCXX_VISIBILITY(default)
  80:c:\program files\daisytoolchain\arm-none-eabi\include\c++\10.2.1\cmath **** {
  81:c:\program files\daisytoolchain\arm-none-eabi\include\c++\10.2.1\cmath **** _GLIBCXX_BEGIN_NAMESPACE_VERSION
  82:c:\program files\daisytoolchain\arm-none-eabi\include\c++\10.2.1\cmath **** 
  83:c:\program files\daisytoolchain\arm-none-eabi\include\c++\10.2.1\cmath ****   using ::acos;
  84:c:\program files\daisytoolchain\arm-none-eabi\include\c++\10.2.1\cmath **** 
  85:c:\program files\daisytoolchain\arm-none-eabi\include\c++\10.2.1\cmath **** #ifndef __CORRECT_ISO_CPP_MATH_H_PROTO
  86:c:\program files\daisytoolchain\arm-none-eabi\include\c++\10.2.1\cmath ****   inline _GLIBCXX_CONSTEXPR float
  87:c:\program files\daisytoolchain\arm-none-eabi\include\c++\10.2.1\cmath ****   acos(float __x)
  88:c:\program files\daisytoolchain\arm-none-eabi\include\c++\10.2.1\cmath ****   { return __builtin_acosf(__x); }
  89:c:\program files\daisytoolchain\arm-none-eabi\include\c++\10.2.1\cmath **** 
  90:c:\program files\daisytoolchain\arm-none-eabi\include\c++\10.2.1\cmath ****   inline _GLIBCXX_CONSTEXPR long double
  91:c:\program files\daisytoolchain\arm-none-eabi\include\c++\10.2.1\cmath ****   acos(long double __x)
  92:c:\program files\daisytoolchain\arm-none-eabi\include\c++\10.2.1\cmath ****   { return __builtin_acosl(__x); }
  93:c:\program files\daisytoolchain\arm-none-eabi\include\c++\10.2.1\cmath **** #endif
  94:c:\program files\daisytoolchain\arm-none-eabi\include\c++\10.2.1\cmath **** 
  95:c:\program files\daisytoolchain\arm-none-eabi\include\c++\10.2.1\cmath ****   template<typename _Tp>
  96:c:\program files\daisytoolchain\arm-none-eabi\include\c++\10.2.1\cmath ****     inline _GLIBCXX_CONSTEXPR
  97:c:\program files\daisytoolchain\arm-none-eabi\include\c++\10.2.1\cmath ****     typename __gnu_cxx::__enable_if<__is_integer<_Tp>::__value, 
  98:c:\program files\daisytoolchain\arm-none-eabi\include\c++\10.2.1\cmath ****                                     double>::__type
  99:c:\program files\daisytoolchain\arm-none-eabi\include\c++\10.2.1\cmath ****     acos(_Tp __x)
 100:c:\program files\daisytoolchain\arm-none-eabi\include\c++\10.2.1\cmath ****     { return __builtin_acos(__x); }
 101:c:\program files\daisytoolchain\arm-none-eabi\include\c++\10.2.1\cmath **** 
 102:c:\program files\daisytoolchain\arm-none-eabi\include\c++\10.2.1\cmath ****   using ::asin;
 103:c:\program files\daisytoolchain\arm-none-eabi\include\c++\10.2.1\cmath **** 
 104:c:\program files\daisytoolchain\arm-none-eabi\include\c++\10.2.1\cmath **** #ifndef __CORRECT_ISO_CPP_MATH_H_PROTO
 105:c:\program files\daisytoolchain\arm-none-eabi\include\c++\10.2.1\cmath ****   inline _GLIBCXX_CONSTEXPR float
 106:c:\program files\daisytoolchain\arm-none-eabi\include\c++\10.2.1\cmath ****   asin(float __x)
 107:c:\program files\daisytoolchain\arm-none-eabi\include\c++\10.2.1\cmath ****   { return __builtin_asinf(__x); }
 108:c:\program files\daisytoolchain\arm-none-eabi\include\c++\10.2.1\cmath **** 
ARM GAS  C:\Users\isaia\AppData\Local\Temp\ccP6lw9u.s 			page 28


 109:c:\program files\daisytoolchain\arm-none-eabi\include\c++\10.2.1\cmath ****   inline _GLIBCXX_CONSTEXPR long double
 110:c:\program files\daisytoolchain\arm-none-eabi\include\c++\10.2.1\cmath ****   asin(long double __x)
 111:c:\program files\daisytoolchain\arm-none-eabi\include\c++\10.2.1\cmath ****   { return __builtin_asinl(__x); }
 112:c:\program files\daisytoolchain\arm-none-eabi\include\c++\10.2.1\cmath **** #endif
 113:c:\program files\daisytoolchain\arm-none-eabi\include\c++\10.2.1\cmath **** 
 114:c:\program files\daisytoolchain\arm-none-eabi\include\c++\10.2.1\cmath ****   template<typename _Tp>
 115:c:\program files\daisytoolchain\arm-none-eabi\include\c++\10.2.1\cmath ****     inline _GLIBCXX_CONSTEXPR
 116:c:\program files\daisytoolchain\arm-none-eabi\include\c++\10.2.1\cmath ****     typename __gnu_cxx::__enable_if<__is_integer<_Tp>::__value,
 117:c:\program files\daisytoolchain\arm-none-eabi\include\c++\10.2.1\cmath ****                                     double>::__type
 118:c:\program files\daisytoolchain\arm-none-eabi\include\c++\10.2.1\cmath ****     asin(_Tp __x)
 119:c:\program files\daisytoolchain\arm-none-eabi\include\c++\10.2.1\cmath ****     { return __builtin_asin(__x); }
 120:c:\program files\daisytoolchain\arm-none-eabi\include\c++\10.2.1\cmath **** 
 121:c:\program files\daisytoolchain\arm-none-eabi\include\c++\10.2.1\cmath ****   using ::atan;
 122:c:\program files\daisytoolchain\arm-none-eabi\include\c++\10.2.1\cmath **** 
 123:c:\program files\daisytoolchain\arm-none-eabi\include\c++\10.2.1\cmath **** #ifndef __CORRECT_ISO_CPP_MATH_H_PROTO
 124:c:\program files\daisytoolchain\arm-none-eabi\include\c++\10.2.1\cmath ****   inline _GLIBCXX_CONSTEXPR float
 125:c:\program files\daisytoolchain\arm-none-eabi\include\c++\10.2.1\cmath ****   atan(float __x)
 126:c:\program files\daisytoolchain\arm-none-eabi\include\c++\10.2.1\cmath ****   { return __builtin_atanf(__x); }
 127:c:\program files\daisytoolchain\arm-none-eabi\include\c++\10.2.1\cmath **** 
 128:c:\program files\daisytoolchain\arm-none-eabi\include\c++\10.2.1\cmath ****   inline _GLIBCXX_CONSTEXPR long double
 129:c:\program files\daisytoolchain\arm-none-eabi\include\c++\10.2.1\cmath ****   atan(long double __x)
 130:c:\program files\daisytoolchain\arm-none-eabi\include\c++\10.2.1\cmath ****   { return __builtin_atanl(__x); }
 131:c:\program files\daisytoolchain\arm-none-eabi\include\c++\10.2.1\cmath **** #endif
 132:c:\program files\daisytoolchain\arm-none-eabi\include\c++\10.2.1\cmath **** 
 133:c:\program files\daisytoolchain\arm-none-eabi\include\c++\10.2.1\cmath ****   template<typename _Tp>
 134:c:\program files\daisytoolchain\arm-none-eabi\include\c++\10.2.1\cmath ****     inline _GLIBCXX_CONSTEXPR
 135:c:\program files\daisytoolchain\arm-none-eabi\include\c++\10.2.1\cmath ****     typename __gnu_cxx::__enable_if<__is_integer<_Tp>::__value,
 136:c:\program files\daisytoolchain\arm-none-eabi\include\c++\10.2.1\cmath ****                                     double>::__type
 137:c:\program files\daisytoolchain\arm-none-eabi\include\c++\10.2.1\cmath ****     atan(_Tp __x)
 138:c:\program files\daisytoolchain\arm-none-eabi\include\c++\10.2.1\cmath ****     { return __builtin_atan(__x); }
 139:c:\program files\daisytoolchain\arm-none-eabi\include\c++\10.2.1\cmath **** 
 140:c:\program files\daisytoolchain\arm-none-eabi\include\c++\10.2.1\cmath ****   using ::atan2;
 141:c:\program files\daisytoolchain\arm-none-eabi\include\c++\10.2.1\cmath **** 
 142:c:\program files\daisytoolchain\arm-none-eabi\include\c++\10.2.1\cmath **** #ifndef __CORRECT_ISO_CPP_MATH_H_PROTO
 143:c:\program files\daisytoolchain\arm-none-eabi\include\c++\10.2.1\cmath ****   inline _GLIBCXX_CONSTEXPR float
 144:c:\program files\daisytoolchain\arm-none-eabi\include\c++\10.2.1\cmath ****   atan2(float __y, float __x)
 145:c:\program files\daisytoolchain\arm-none-eabi\include\c++\10.2.1\cmath ****   { return __builtin_atan2f(__y, __x); }
 146:c:\program files\daisytoolchain\arm-none-eabi\include\c++\10.2.1\cmath **** 
 147:c:\program files\daisytoolchain\arm-none-eabi\include\c++\10.2.1\cmath ****   inline _GLIBCXX_CONSTEXPR long double
 148:c:\program files\daisytoolchain\arm-none-eabi\include\c++\10.2.1\cmath ****   atan2(long double __y, long double __x)
 149:c:\program files\daisytoolchain\arm-none-eabi\include\c++\10.2.1\cmath ****   { return __builtin_atan2l(__y, __x); }
 150:c:\program files\daisytoolchain\arm-none-eabi\include\c++\10.2.1\cmath **** #endif
 151:c:\program files\daisytoolchain\arm-none-eabi\include\c++\10.2.1\cmath **** 
 152:c:\program files\daisytoolchain\arm-none-eabi\include\c++\10.2.1\cmath ****   template<typename _Tp, typename _Up>
 153:c:\program files\daisytoolchain\arm-none-eabi\include\c++\10.2.1\cmath ****     inline _GLIBCXX_CONSTEXPR
 154:c:\program files\daisytoolchain\arm-none-eabi\include\c++\10.2.1\cmath ****     typename __gnu_cxx::__promote_2<_Tp, _Up>::__type
 155:c:\program files\daisytoolchain\arm-none-eabi\include\c++\10.2.1\cmath ****     atan2(_Tp __y, _Up __x)
 156:c:\program files\daisytoolchain\arm-none-eabi\include\c++\10.2.1\cmath ****     {
 157:c:\program files\daisytoolchain\arm-none-eabi\include\c++\10.2.1\cmath ****       typedef typename __gnu_cxx::__promote_2<_Tp, _Up>::__type __type;
 158:c:\program files\daisytoolchain\arm-none-eabi\include\c++\10.2.1\cmath ****       return atan2(__type(__y), __type(__x));
 159:c:\program files\daisytoolchain\arm-none-eabi\include\c++\10.2.1\cmath ****     }
 160:c:\program files\daisytoolchain\arm-none-eabi\include\c++\10.2.1\cmath **** 
 161:c:\program files\daisytoolchain\arm-none-eabi\include\c++\10.2.1\cmath ****   using ::ceil;
 162:c:\program files\daisytoolchain\arm-none-eabi\include\c++\10.2.1\cmath **** 
 163:c:\program files\daisytoolchain\arm-none-eabi\include\c++\10.2.1\cmath **** #ifndef __CORRECT_ISO_CPP_MATH_H_PROTO
 164:c:\program files\daisytoolchain\arm-none-eabi\include\c++\10.2.1\cmath ****   inline _GLIBCXX_CONSTEXPR float
 165:c:\program files\daisytoolchain\arm-none-eabi\include\c++\10.2.1\cmath ****   ceil(float __x)
ARM GAS  C:\Users\isaia\AppData\Local\Temp\ccP6lw9u.s 			page 29


 166:c:\program files\daisytoolchain\arm-none-eabi\include\c++\10.2.1\cmath ****   { return __builtin_ceilf(__x); }
 167:c:\program files\daisytoolchain\arm-none-eabi\include\c++\10.2.1\cmath **** 
 168:c:\program files\daisytoolchain\arm-none-eabi\include\c++\10.2.1\cmath ****   inline _GLIBCXX_CONSTEXPR long double
 169:c:\program files\daisytoolchain\arm-none-eabi\include\c++\10.2.1\cmath ****   ceil(long double __x)
 170:c:\program files\daisytoolchain\arm-none-eabi\include\c++\10.2.1\cmath ****   { return __builtin_ceill(__x); }
 171:c:\program files\daisytoolchain\arm-none-eabi\include\c++\10.2.1\cmath **** #endif
 172:c:\program files\daisytoolchain\arm-none-eabi\include\c++\10.2.1\cmath **** 
 173:c:\program files\daisytoolchain\arm-none-eabi\include\c++\10.2.1\cmath ****   template<typename _Tp>
 174:c:\program files\daisytoolchain\arm-none-eabi\include\c++\10.2.1\cmath ****     inline _GLIBCXX_CONSTEXPR
 175:c:\program files\daisytoolchain\arm-none-eabi\include\c++\10.2.1\cmath ****     typename __gnu_cxx::__enable_if<__is_integer<_Tp>::__value, 
 176:c:\program files\daisytoolchain\arm-none-eabi\include\c++\10.2.1\cmath ****                                     double>::__type
 177:c:\program files\daisytoolchain\arm-none-eabi\include\c++\10.2.1\cmath ****     ceil(_Tp __x)
 178:c:\program files\daisytoolchain\arm-none-eabi\include\c++\10.2.1\cmath ****     { return __builtin_ceil(__x); }
 179:c:\program files\daisytoolchain\arm-none-eabi\include\c++\10.2.1\cmath **** 
 180:c:\program files\daisytoolchain\arm-none-eabi\include\c++\10.2.1\cmath ****   using ::cos;
 181:c:\program files\daisytoolchain\arm-none-eabi\include\c++\10.2.1\cmath **** 
 182:c:\program files\daisytoolchain\arm-none-eabi\include\c++\10.2.1\cmath **** #ifndef __CORRECT_ISO_CPP_MATH_H_PROTO
 183:c:\program files\daisytoolchain\arm-none-eabi\include\c++\10.2.1\cmath ****   inline _GLIBCXX_CONSTEXPR float
 184:c:\program files\daisytoolchain\arm-none-eabi\include\c++\10.2.1\cmath ****   cos(float __x)
 185:c:\program files\daisytoolchain\arm-none-eabi\include\c++\10.2.1\cmath ****   { return __builtin_cosf(__x); }
 186:c:\program files\daisytoolchain\arm-none-eabi\include\c++\10.2.1\cmath **** 
 187:c:\program files\daisytoolchain\arm-none-eabi\include\c++\10.2.1\cmath ****   inline _GLIBCXX_CONSTEXPR long double
 188:c:\program files\daisytoolchain\arm-none-eabi\include\c++\10.2.1\cmath ****   cos(long double __x)
 189:c:\program files\daisytoolchain\arm-none-eabi\include\c++\10.2.1\cmath ****   { return __builtin_cosl(__x); }
 190:c:\program files\daisytoolchain\arm-none-eabi\include\c++\10.2.1\cmath **** #endif
 191:c:\program files\daisytoolchain\arm-none-eabi\include\c++\10.2.1\cmath **** 
 192:c:\program files\daisytoolchain\arm-none-eabi\include\c++\10.2.1\cmath ****   template<typename _Tp>
 193:c:\program files\daisytoolchain\arm-none-eabi\include\c++\10.2.1\cmath ****     inline _GLIBCXX_CONSTEXPR
 194:c:\program files\daisytoolchain\arm-none-eabi\include\c++\10.2.1\cmath ****     typename __gnu_cxx::__enable_if<__is_integer<_Tp>::__value,
 195:c:\program files\daisytoolchain\arm-none-eabi\include\c++\10.2.1\cmath ****                                     double>::__type
 196:c:\program files\daisytoolchain\arm-none-eabi\include\c++\10.2.1\cmath ****     cos(_Tp __x)
 197:c:\program files\daisytoolchain\arm-none-eabi\include\c++\10.2.1\cmath ****     { return __builtin_cos(__x); }
 198:c:\program files\daisytoolchain\arm-none-eabi\include\c++\10.2.1\cmath **** 
 199:c:\program files\daisytoolchain\arm-none-eabi\include\c++\10.2.1\cmath ****   using ::cosh;
 200:c:\program files\daisytoolchain\arm-none-eabi\include\c++\10.2.1\cmath **** 
 201:c:\program files\daisytoolchain\arm-none-eabi\include\c++\10.2.1\cmath **** #ifndef __CORRECT_ISO_CPP_MATH_H_PROTO
 202:c:\program files\daisytoolchain\arm-none-eabi\include\c++\10.2.1\cmath ****   inline _GLIBCXX_CONSTEXPR float
 203:c:\program files\daisytoolchain\arm-none-eabi\include\c++\10.2.1\cmath ****   cosh(float __x)
 204:c:\program files\daisytoolchain\arm-none-eabi\include\c++\10.2.1\cmath ****   { return __builtin_coshf(__x); }
 205:c:\program files\daisytoolchain\arm-none-eabi\include\c++\10.2.1\cmath **** 
 206:c:\program files\daisytoolchain\arm-none-eabi\include\c++\10.2.1\cmath ****   inline _GLIBCXX_CONSTEXPR long double
 207:c:\program files\daisytoolchain\arm-none-eabi\include\c++\10.2.1\cmath ****   cosh(long double __x)
 208:c:\program files\daisytoolchain\arm-none-eabi\include\c++\10.2.1\cmath ****   { return __builtin_coshl(__x); }
 209:c:\program files\daisytoolchain\arm-none-eabi\include\c++\10.2.1\cmath **** #endif
 210:c:\program files\daisytoolchain\arm-none-eabi\include\c++\10.2.1\cmath **** 
 211:c:\program files\daisytoolchain\arm-none-eabi\include\c++\10.2.1\cmath ****   template<typename _Tp>
 212:c:\program files\daisytoolchain\arm-none-eabi\include\c++\10.2.1\cmath ****     inline _GLIBCXX_CONSTEXPR
 213:c:\program files\daisytoolchain\arm-none-eabi\include\c++\10.2.1\cmath ****     typename __gnu_cxx::__enable_if<__is_integer<_Tp>::__value,
 214:c:\program files\daisytoolchain\arm-none-eabi\include\c++\10.2.1\cmath ****                                     double>::__type
 215:c:\program files\daisytoolchain\arm-none-eabi\include\c++\10.2.1\cmath ****     cosh(_Tp __x)
 216:c:\program files\daisytoolchain\arm-none-eabi\include\c++\10.2.1\cmath ****     { return __builtin_cosh(__x); }
 217:c:\program files\daisytoolchain\arm-none-eabi\include\c++\10.2.1\cmath **** 
 218:c:\program files\daisytoolchain\arm-none-eabi\include\c++\10.2.1\cmath ****   using ::exp;
 219:c:\program files\daisytoolchain\arm-none-eabi\include\c++\10.2.1\cmath **** 
 220:c:\program files\daisytoolchain\arm-none-eabi\include\c++\10.2.1\cmath **** #ifndef __CORRECT_ISO_CPP_MATH_H_PROTO
 221:c:\program files\daisytoolchain\arm-none-eabi\include\c++\10.2.1\cmath ****   inline _GLIBCXX_CONSTEXPR float
 222:c:\program files\daisytoolchain\arm-none-eabi\include\c++\10.2.1\cmath ****   exp(float __x)
ARM GAS  C:\Users\isaia\AppData\Local\Temp\ccP6lw9u.s 			page 30


 223:c:\program files\daisytoolchain\arm-none-eabi\include\c++\10.2.1\cmath ****   { return __builtin_expf(__x); }
 224:c:\program files\daisytoolchain\arm-none-eabi\include\c++\10.2.1\cmath **** 
 225:c:\program files\daisytoolchain\arm-none-eabi\include\c++\10.2.1\cmath ****   inline _GLIBCXX_CONSTEXPR long double
 226:c:\program files\daisytoolchain\arm-none-eabi\include\c++\10.2.1\cmath ****   exp(long double __x)
 227:c:\program files\daisytoolchain\arm-none-eabi\include\c++\10.2.1\cmath ****   { return __builtin_expl(__x); }
 228:c:\program files\daisytoolchain\arm-none-eabi\include\c++\10.2.1\cmath **** #endif
 229:c:\program files\daisytoolchain\arm-none-eabi\include\c++\10.2.1\cmath **** 
 230:c:\program files\daisytoolchain\arm-none-eabi\include\c++\10.2.1\cmath ****   template<typename _Tp>
 231:c:\program files\daisytoolchain\arm-none-eabi\include\c++\10.2.1\cmath ****     inline _GLIBCXX_CONSTEXPR
 232:c:\program files\daisytoolchain\arm-none-eabi\include\c++\10.2.1\cmath ****     typename __gnu_cxx::__enable_if<__is_integer<_Tp>::__value,
 233:c:\program files\daisytoolchain\arm-none-eabi\include\c++\10.2.1\cmath ****                                     double>::__type
 234:c:\program files\daisytoolchain\arm-none-eabi\include\c++\10.2.1\cmath ****     exp(_Tp __x)
 235:c:\program files\daisytoolchain\arm-none-eabi\include\c++\10.2.1\cmath ****     { return __builtin_exp(__x); }
 236:c:\program files\daisytoolchain\arm-none-eabi\include\c++\10.2.1\cmath **** 
 237:c:\program files\daisytoolchain\arm-none-eabi\include\c++\10.2.1\cmath ****   using ::fabs;
 238:c:\program files\daisytoolchain\arm-none-eabi\include\c++\10.2.1\cmath **** 
 239:c:\program files\daisytoolchain\arm-none-eabi\include\c++\10.2.1\cmath **** #ifndef __CORRECT_ISO_CPP_MATH_H_PROTO
 240:c:\program files\daisytoolchain\arm-none-eabi\include\c++\10.2.1\cmath ****   inline _GLIBCXX_CONSTEXPR float
 241:c:\program files\daisytoolchain\arm-none-eabi\include\c++\10.2.1\cmath ****   fabs(float __x)
 242:c:\program files\daisytoolchain\arm-none-eabi\include\c++\10.2.1\cmath ****   { return __builtin_fabsf(__x); }
 243:c:\program files\daisytoolchain\arm-none-eabi\include\c++\10.2.1\cmath **** 
 244:c:\program files\daisytoolchain\arm-none-eabi\include\c++\10.2.1\cmath ****   inline _GLIBCXX_CONSTEXPR long double
 245:c:\program files\daisytoolchain\arm-none-eabi\include\c++\10.2.1\cmath ****   fabs(long double __x)
 246:c:\program files\daisytoolchain\arm-none-eabi\include\c++\10.2.1\cmath ****   { return __builtin_fabsl(__x); }
 247:c:\program files\daisytoolchain\arm-none-eabi\include\c++\10.2.1\cmath **** #endif
 248:c:\program files\daisytoolchain\arm-none-eabi\include\c++\10.2.1\cmath **** 
 249:c:\program files\daisytoolchain\arm-none-eabi\include\c++\10.2.1\cmath ****   template<typename _Tp>
 250:c:\program files\daisytoolchain\arm-none-eabi\include\c++\10.2.1\cmath ****     inline _GLIBCXX_CONSTEXPR
 251:c:\program files\daisytoolchain\arm-none-eabi\include\c++\10.2.1\cmath ****     typename __gnu_cxx::__enable_if<__is_integer<_Tp>::__value,
 252:c:\program files\daisytoolchain\arm-none-eabi\include\c++\10.2.1\cmath ****                                     double>::__type
 253:c:\program files\daisytoolchain\arm-none-eabi\include\c++\10.2.1\cmath ****     fabs(_Tp __x)
 254:c:\program files\daisytoolchain\arm-none-eabi\include\c++\10.2.1\cmath ****     { return __builtin_fabs(__x); }
 255:c:\program files\daisytoolchain\arm-none-eabi\include\c++\10.2.1\cmath **** 
 256:c:\program files\daisytoolchain\arm-none-eabi\include\c++\10.2.1\cmath ****   using ::floor;
 257:c:\program files\daisytoolchain\arm-none-eabi\include\c++\10.2.1\cmath **** 
 258:c:\program files\daisytoolchain\arm-none-eabi\include\c++\10.2.1\cmath **** #ifndef __CORRECT_ISO_CPP_MATH_H_PROTO
 259:c:\program files\daisytoolchain\arm-none-eabi\include\c++\10.2.1\cmath ****   inline _GLIBCXX_CONSTEXPR float
 260:c:\program files\daisytoolchain\arm-none-eabi\include\c++\10.2.1\cmath ****   floor(float __x)
 261:c:\program files\daisytoolchain\arm-none-eabi\include\c++\10.2.1\cmath ****   { return __builtin_floorf(__x); }
 262:c:\program files\daisytoolchain\arm-none-eabi\include\c++\10.2.1\cmath **** 
 263:c:\program files\daisytoolchain\arm-none-eabi\include\c++\10.2.1\cmath ****   inline _GLIBCXX_CONSTEXPR long double
 264:c:\program files\daisytoolchain\arm-none-eabi\include\c++\10.2.1\cmath ****   floor(long double __x)
 265:c:\program files\daisytoolchain\arm-none-eabi\include\c++\10.2.1\cmath ****   { return __builtin_floorl(__x); }
 266:c:\program files\daisytoolchain\arm-none-eabi\include\c++\10.2.1\cmath **** #endif
 267:c:\program files\daisytoolchain\arm-none-eabi\include\c++\10.2.1\cmath **** 
 268:c:\program files\daisytoolchain\arm-none-eabi\include\c++\10.2.1\cmath ****   template<typename _Tp>
 269:c:\program files\daisytoolchain\arm-none-eabi\include\c++\10.2.1\cmath ****     inline _GLIBCXX_CONSTEXPR
 270:c:\program files\daisytoolchain\arm-none-eabi\include\c++\10.2.1\cmath ****     typename __gnu_cxx::__enable_if<__is_integer<_Tp>::__value,
 271:c:\program files\daisytoolchain\arm-none-eabi\include\c++\10.2.1\cmath ****                                     double>::__type
 272:c:\program files\daisytoolchain\arm-none-eabi\include\c++\10.2.1\cmath ****     floor(_Tp __x)
 273:c:\program files\daisytoolchain\arm-none-eabi\include\c++\10.2.1\cmath ****     { return __builtin_floor(__x); }
 274:c:\program files\daisytoolchain\arm-none-eabi\include\c++\10.2.1\cmath **** 
 275:c:\program files\daisytoolchain\arm-none-eabi\include\c++\10.2.1\cmath ****   using ::fmod;
 276:c:\program files\daisytoolchain\arm-none-eabi\include\c++\10.2.1\cmath **** 
 277:c:\program files\daisytoolchain\arm-none-eabi\include\c++\10.2.1\cmath **** #ifndef __CORRECT_ISO_CPP_MATH_H_PROTO
 278:c:\program files\daisytoolchain\arm-none-eabi\include\c++\10.2.1\cmath ****   inline _GLIBCXX_CONSTEXPR float
 279:c:\program files\daisytoolchain\arm-none-eabi\include\c++\10.2.1\cmath ****   fmod(float __x, float __y)
ARM GAS  C:\Users\isaia\AppData\Local\Temp\ccP6lw9u.s 			page 31


 280:c:\program files\daisytoolchain\arm-none-eabi\include\c++\10.2.1\cmath ****   { return __builtin_fmodf(__x, __y); }
 281:c:\program files\daisytoolchain\arm-none-eabi\include\c++\10.2.1\cmath **** 
 282:c:\program files\daisytoolchain\arm-none-eabi\include\c++\10.2.1\cmath ****   inline _GLIBCXX_CONSTEXPR long double
 283:c:\program files\daisytoolchain\arm-none-eabi\include\c++\10.2.1\cmath ****   fmod(long double __x, long double __y)
 284:c:\program files\daisytoolchain\arm-none-eabi\include\c++\10.2.1\cmath ****   { return __builtin_fmodl(__x, __y); }
 285:c:\program files\daisytoolchain\arm-none-eabi\include\c++\10.2.1\cmath **** #endif
 286:c:\program files\daisytoolchain\arm-none-eabi\include\c++\10.2.1\cmath **** 
 287:c:\program files\daisytoolchain\arm-none-eabi\include\c++\10.2.1\cmath ****   template<typename _Tp, typename _Up>
 288:c:\program files\daisytoolchain\arm-none-eabi\include\c++\10.2.1\cmath ****     inline _GLIBCXX_CONSTEXPR
 289:c:\program files\daisytoolchain\arm-none-eabi\include\c++\10.2.1\cmath ****     typename __gnu_cxx::__promote_2<_Tp, _Up>::__type
 290:c:\program files\daisytoolchain\arm-none-eabi\include\c++\10.2.1\cmath ****     fmod(_Tp __x, _Up __y)
 291:c:\program files\daisytoolchain\arm-none-eabi\include\c++\10.2.1\cmath ****     {
 292:c:\program files\daisytoolchain\arm-none-eabi\include\c++\10.2.1\cmath ****       typedef typename __gnu_cxx::__promote_2<_Tp, _Up>::__type __type;
 293:c:\program files\daisytoolchain\arm-none-eabi\include\c++\10.2.1\cmath ****       return fmod(__type(__x), __type(__y));
 294:c:\program files\daisytoolchain\arm-none-eabi\include\c++\10.2.1\cmath ****     }
 295:c:\program files\daisytoolchain\arm-none-eabi\include\c++\10.2.1\cmath **** 
 296:c:\program files\daisytoolchain\arm-none-eabi\include\c++\10.2.1\cmath ****   using ::frexp;
 297:c:\program files\daisytoolchain\arm-none-eabi\include\c++\10.2.1\cmath **** 
 298:c:\program files\daisytoolchain\arm-none-eabi\include\c++\10.2.1\cmath **** #ifndef __CORRECT_ISO_CPP_MATH_H_PROTO
 299:c:\program files\daisytoolchain\arm-none-eabi\include\c++\10.2.1\cmath ****   inline float
 300:c:\program files\daisytoolchain\arm-none-eabi\include\c++\10.2.1\cmath ****   frexp(float __x, int* __exp)
 301:c:\program files\daisytoolchain\arm-none-eabi\include\c++\10.2.1\cmath ****   { return __builtin_frexpf(__x, __exp); }
 302:c:\program files\daisytoolchain\arm-none-eabi\include\c++\10.2.1\cmath **** 
 303:c:\program files\daisytoolchain\arm-none-eabi\include\c++\10.2.1\cmath ****   inline long double
 304:c:\program files\daisytoolchain\arm-none-eabi\include\c++\10.2.1\cmath ****   frexp(long double __x, int* __exp)
 305:c:\program files\daisytoolchain\arm-none-eabi\include\c++\10.2.1\cmath ****   { return __builtin_frexpl(__x, __exp); }
 306:c:\program files\daisytoolchain\arm-none-eabi\include\c++\10.2.1\cmath **** #endif
 307:c:\program files\daisytoolchain\arm-none-eabi\include\c++\10.2.1\cmath **** 
 308:c:\program files\daisytoolchain\arm-none-eabi\include\c++\10.2.1\cmath ****   template<typename _Tp>
 309:c:\program files\daisytoolchain\arm-none-eabi\include\c++\10.2.1\cmath ****     inline _GLIBCXX_CONSTEXPR
 310:c:\program files\daisytoolchain\arm-none-eabi\include\c++\10.2.1\cmath ****     typename __gnu_cxx::__enable_if<__is_integer<_Tp>::__value, 
 311:c:\program files\daisytoolchain\arm-none-eabi\include\c++\10.2.1\cmath ****                                     double>::__type
 312:c:\program files\daisytoolchain\arm-none-eabi\include\c++\10.2.1\cmath ****     frexp(_Tp __x, int* __exp)
 313:c:\program files\daisytoolchain\arm-none-eabi\include\c++\10.2.1\cmath ****     { return __builtin_frexp(__x, __exp); }
 314:c:\program files\daisytoolchain\arm-none-eabi\include\c++\10.2.1\cmath **** 
 315:c:\program files\daisytoolchain\arm-none-eabi\include\c++\10.2.1\cmath ****   using ::ldexp;
 316:c:\program files\daisytoolchain\arm-none-eabi\include\c++\10.2.1\cmath **** 
 317:c:\program files\daisytoolchain\arm-none-eabi\include\c++\10.2.1\cmath **** #ifndef __CORRECT_ISO_CPP_MATH_H_PROTO
 318:c:\program files\daisytoolchain\arm-none-eabi\include\c++\10.2.1\cmath ****   inline _GLIBCXX_CONSTEXPR float
 319:c:\program files\daisytoolchain\arm-none-eabi\include\c++\10.2.1\cmath ****   ldexp(float __x, int __exp)
 320:c:\program files\daisytoolchain\arm-none-eabi\include\c++\10.2.1\cmath ****   { return __builtin_ldexpf(__x, __exp); }
 321:c:\program files\daisytoolchain\arm-none-eabi\include\c++\10.2.1\cmath **** 
 322:c:\program files\daisytoolchain\arm-none-eabi\include\c++\10.2.1\cmath ****   inline _GLIBCXX_CONSTEXPR long double
 323:c:\program files\daisytoolchain\arm-none-eabi\include\c++\10.2.1\cmath ****   ldexp(long double __x, int __exp)
 324:c:\program files\daisytoolchain\arm-none-eabi\include\c++\10.2.1\cmath ****   { return __builtin_ldexpl(__x, __exp); }
 325:c:\program files\daisytoolchain\arm-none-eabi\include\c++\10.2.1\cmath **** #endif
 326:c:\program files\daisytoolchain\arm-none-eabi\include\c++\10.2.1\cmath **** 
 327:c:\program files\daisytoolchain\arm-none-eabi\include\c++\10.2.1\cmath ****   template<typename _Tp>
 328:c:\program files\daisytoolchain\arm-none-eabi\include\c++\10.2.1\cmath ****     inline _GLIBCXX_CONSTEXPR
 329:c:\program files\daisytoolchain\arm-none-eabi\include\c++\10.2.1\cmath ****     typename __gnu_cxx::__enable_if<__is_integer<_Tp>::__value, 
 330:c:\program files\daisytoolchain\arm-none-eabi\include\c++\10.2.1\cmath ****                                     double>::__type
 331:c:\program files\daisytoolchain\arm-none-eabi\include\c++\10.2.1\cmath ****     ldexp(_Tp __x, int __exp)
 332:c:\program files\daisytoolchain\arm-none-eabi\include\c++\10.2.1\cmath ****     { return __builtin_ldexp(__x, __exp); }
 333:c:\program files\daisytoolchain\arm-none-eabi\include\c++\10.2.1\cmath **** 
 334:c:\program files\daisytoolchain\arm-none-eabi\include\c++\10.2.1\cmath ****   using ::log;
 335:c:\program files\daisytoolchain\arm-none-eabi\include\c++\10.2.1\cmath **** 
 336:c:\program files\daisytoolchain\arm-none-eabi\include\c++\10.2.1\cmath **** #ifndef __CORRECT_ISO_CPP_MATH_H_PROTO
ARM GAS  C:\Users\isaia\AppData\Local\Temp\ccP6lw9u.s 			page 32


 337:c:\program files\daisytoolchain\arm-none-eabi\include\c++\10.2.1\cmath ****   inline _GLIBCXX_CONSTEXPR float
 338:c:\program files\daisytoolchain\arm-none-eabi\include\c++\10.2.1\cmath ****   log(float __x)
 339:c:\program files\daisytoolchain\arm-none-eabi\include\c++\10.2.1\cmath ****   { return __builtin_logf(__x); }
 340:c:\program files\daisytoolchain\arm-none-eabi\include\c++\10.2.1\cmath **** 
 341:c:\program files\daisytoolchain\arm-none-eabi\include\c++\10.2.1\cmath ****   inline _GLIBCXX_CONSTEXPR long double
 342:c:\program files\daisytoolchain\arm-none-eabi\include\c++\10.2.1\cmath ****   log(long double __x)
 343:c:\program files\daisytoolchain\arm-none-eabi\include\c++\10.2.1\cmath ****   { return __builtin_logl(__x); }
 344:c:\program files\daisytoolchain\arm-none-eabi\include\c++\10.2.1\cmath **** #endif
 345:c:\program files\daisytoolchain\arm-none-eabi\include\c++\10.2.1\cmath **** 
 346:c:\program files\daisytoolchain\arm-none-eabi\include\c++\10.2.1\cmath ****   template<typename _Tp>
 347:c:\program files\daisytoolchain\arm-none-eabi\include\c++\10.2.1\cmath ****     inline _GLIBCXX_CONSTEXPR
 348:c:\program files\daisytoolchain\arm-none-eabi\include\c++\10.2.1\cmath ****     typename __gnu_cxx::__enable_if<__is_integer<_Tp>::__value, 
 349:c:\program files\daisytoolchain\arm-none-eabi\include\c++\10.2.1\cmath ****                                     double>::__type
 350:c:\program files\daisytoolchain\arm-none-eabi\include\c++\10.2.1\cmath ****     log(_Tp __x)
 351:c:\program files\daisytoolchain\arm-none-eabi\include\c++\10.2.1\cmath ****     { return __builtin_log(__x); }
 352:c:\program files\daisytoolchain\arm-none-eabi\include\c++\10.2.1\cmath **** 
 353:c:\program files\daisytoolchain\arm-none-eabi\include\c++\10.2.1\cmath ****   using ::log10;
 354:c:\program files\daisytoolchain\arm-none-eabi\include\c++\10.2.1\cmath **** 
 355:c:\program files\daisytoolchain\arm-none-eabi\include\c++\10.2.1\cmath **** #ifndef __CORRECT_ISO_CPP_MATH_H_PROTO
 356:c:\program files\daisytoolchain\arm-none-eabi\include\c++\10.2.1\cmath ****   inline _GLIBCXX_CONSTEXPR float
 357:c:\program files\daisytoolchain\arm-none-eabi\include\c++\10.2.1\cmath ****   log10(float __x)
 358:c:\program files\daisytoolchain\arm-none-eabi\include\c++\10.2.1\cmath ****   { return __builtin_log10f(__x); }
 359:c:\program files\daisytoolchain\arm-none-eabi\include\c++\10.2.1\cmath **** 
 360:c:\program files\daisytoolchain\arm-none-eabi\include\c++\10.2.1\cmath ****   inline _GLIBCXX_CONSTEXPR long double
 361:c:\program files\daisytoolchain\arm-none-eabi\include\c++\10.2.1\cmath ****   log10(long double __x)
 362:c:\program files\daisytoolchain\arm-none-eabi\include\c++\10.2.1\cmath ****   { return __builtin_log10l(__x); }
 363:c:\program files\daisytoolchain\arm-none-eabi\include\c++\10.2.1\cmath **** #endif
 364:c:\program files\daisytoolchain\arm-none-eabi\include\c++\10.2.1\cmath **** 
 365:c:\program files\daisytoolchain\arm-none-eabi\include\c++\10.2.1\cmath ****   template<typename _Tp>
 366:c:\program files\daisytoolchain\arm-none-eabi\include\c++\10.2.1\cmath ****     inline _GLIBCXX_CONSTEXPR
 367:c:\program files\daisytoolchain\arm-none-eabi\include\c++\10.2.1\cmath ****     typename __gnu_cxx::__enable_if<__is_integer<_Tp>::__value,
 368:c:\program files\daisytoolchain\arm-none-eabi\include\c++\10.2.1\cmath ****                                     double>::__type
 369:c:\program files\daisytoolchain\arm-none-eabi\include\c++\10.2.1\cmath ****     log10(_Tp __x)
 370:c:\program files\daisytoolchain\arm-none-eabi\include\c++\10.2.1\cmath ****     { return __builtin_log10(__x); }
 371:c:\program files\daisytoolchain\arm-none-eabi\include\c++\10.2.1\cmath **** 
 372:c:\program files\daisytoolchain\arm-none-eabi\include\c++\10.2.1\cmath ****   using ::modf;
 373:c:\program files\daisytoolchain\arm-none-eabi\include\c++\10.2.1\cmath **** 
 374:c:\program files\daisytoolchain\arm-none-eabi\include\c++\10.2.1\cmath **** #ifndef __CORRECT_ISO_CPP_MATH_H_PROTO
 375:c:\program files\daisytoolchain\arm-none-eabi\include\c++\10.2.1\cmath ****   inline float
 376:c:\program files\daisytoolchain\arm-none-eabi\include\c++\10.2.1\cmath ****   modf(float __x, float* __iptr)
 377:c:\program files\daisytoolchain\arm-none-eabi\include\c++\10.2.1\cmath ****   { return __builtin_modff(__x, __iptr); }
 378:c:\program files\daisytoolchain\arm-none-eabi\include\c++\10.2.1\cmath **** 
 379:c:\program files\daisytoolchain\arm-none-eabi\include\c++\10.2.1\cmath ****   inline long double
 380:c:\program files\daisytoolchain\arm-none-eabi\include\c++\10.2.1\cmath ****   modf(long double __x, long double* __iptr)
 381:c:\program files\daisytoolchain\arm-none-eabi\include\c++\10.2.1\cmath ****   { return __builtin_modfl(__x, __iptr); }
 382:c:\program files\daisytoolchain\arm-none-eabi\include\c++\10.2.1\cmath **** #endif
 383:c:\program files\daisytoolchain\arm-none-eabi\include\c++\10.2.1\cmath **** 
 384:c:\program files\daisytoolchain\arm-none-eabi\include\c++\10.2.1\cmath ****   using ::pow;
 385:c:\program files\daisytoolchain\arm-none-eabi\include\c++\10.2.1\cmath **** 
 386:c:\program files\daisytoolchain\arm-none-eabi\include\c++\10.2.1\cmath **** #ifndef __CORRECT_ISO_CPP_MATH_H_PROTO
 387:c:\program files\daisytoolchain\arm-none-eabi\include\c++\10.2.1\cmath ****   inline _GLIBCXX_CONSTEXPR float
 388:c:\program files\daisytoolchain\arm-none-eabi\include\c++\10.2.1\cmath ****   pow(float __x, float __y)
 389:c:\program files\daisytoolchain\arm-none-eabi\include\c++\10.2.1\cmath ****   { return __builtin_powf(__x, __y); }
 390:c:\program files\daisytoolchain\arm-none-eabi\include\c++\10.2.1\cmath **** 
 391:c:\program files\daisytoolchain\arm-none-eabi\include\c++\10.2.1\cmath ****   inline _GLIBCXX_CONSTEXPR long double
 392:c:\program files\daisytoolchain\arm-none-eabi\include\c++\10.2.1\cmath ****   pow(long double __x, long double __y)
 393:c:\program files\daisytoolchain\arm-none-eabi\include\c++\10.2.1\cmath ****   { return __builtin_powl(__x, __y); }
ARM GAS  C:\Users\isaia\AppData\Local\Temp\ccP6lw9u.s 			page 33


 394:c:\program files\daisytoolchain\arm-none-eabi\include\c++\10.2.1\cmath **** 
 395:c:\program files\daisytoolchain\arm-none-eabi\include\c++\10.2.1\cmath **** #if __cplusplus < 201103L
 396:c:\program files\daisytoolchain\arm-none-eabi\include\c++\10.2.1\cmath ****   // _GLIBCXX_RESOLVE_LIB_DEFECTS
 397:c:\program files\daisytoolchain\arm-none-eabi\include\c++\10.2.1\cmath ****   // DR 550. What should the return type of pow(float,int) be?
 398:c:\program files\daisytoolchain\arm-none-eabi\include\c++\10.2.1\cmath ****   inline double
 399:c:\program files\daisytoolchain\arm-none-eabi\include\c++\10.2.1\cmath ****   pow(double __x, int __i)
 400:c:\program files\daisytoolchain\arm-none-eabi\include\c++\10.2.1\cmath ****   { return __builtin_powi(__x, __i); }
 401:c:\program files\daisytoolchain\arm-none-eabi\include\c++\10.2.1\cmath **** 
 402:c:\program files\daisytoolchain\arm-none-eabi\include\c++\10.2.1\cmath ****   inline float
 403:c:\program files\daisytoolchain\arm-none-eabi\include\c++\10.2.1\cmath ****   pow(float __x, int __n)
 404:c:\program files\daisytoolchain\arm-none-eabi\include\c++\10.2.1\cmath ****   { return __builtin_powif(__x, __n); }
 405:c:\program files\daisytoolchain\arm-none-eabi\include\c++\10.2.1\cmath **** 
 406:c:\program files\daisytoolchain\arm-none-eabi\include\c++\10.2.1\cmath ****   inline long double
 407:c:\program files\daisytoolchain\arm-none-eabi\include\c++\10.2.1\cmath ****   pow(long double __x, int __n)
 408:c:\program files\daisytoolchain\arm-none-eabi\include\c++\10.2.1\cmath ****   { return __builtin_powil(__x, __n); }
 409:c:\program files\daisytoolchain\arm-none-eabi\include\c++\10.2.1\cmath **** #endif
 410:c:\program files\daisytoolchain\arm-none-eabi\include\c++\10.2.1\cmath **** #endif
 411:c:\program files\daisytoolchain\arm-none-eabi\include\c++\10.2.1\cmath **** 
 412:c:\program files\daisytoolchain\arm-none-eabi\include\c++\10.2.1\cmath ****   template<typename _Tp, typename _Up>
 413:c:\program files\daisytoolchain\arm-none-eabi\include\c++\10.2.1\cmath ****     inline _GLIBCXX_CONSTEXPR
 414:c:\program files\daisytoolchain\arm-none-eabi\include\c++\10.2.1\cmath ****     typename __gnu_cxx::__promote_2<_Tp, _Up>::__type
 415:c:\program files\daisytoolchain\arm-none-eabi\include\c++\10.2.1\cmath ****     pow(_Tp __x, _Up __y)
 416:c:\program files\daisytoolchain\arm-none-eabi\include\c++\10.2.1\cmath ****     {
 417:c:\program files\daisytoolchain\arm-none-eabi\include\c++\10.2.1\cmath ****       typedef typename __gnu_cxx::__promote_2<_Tp, _Up>::__type __type;
 418:c:\program files\daisytoolchain\arm-none-eabi\include\c++\10.2.1\cmath ****       return pow(__type(__x), __type(__y));
 419:c:\program files\daisytoolchain\arm-none-eabi\include\c++\10.2.1\cmath ****     }
 420:c:\program files\daisytoolchain\arm-none-eabi\include\c++\10.2.1\cmath **** 
 421:c:\program files\daisytoolchain\arm-none-eabi\include\c++\10.2.1\cmath ****   using ::sin;
 422:c:\program files\daisytoolchain\arm-none-eabi\include\c++\10.2.1\cmath **** 
 423:c:\program files\daisytoolchain\arm-none-eabi\include\c++\10.2.1\cmath **** #ifndef __CORRECT_ISO_CPP_MATH_H_PROTO
 424:c:\program files\daisytoolchain\arm-none-eabi\include\c++\10.2.1\cmath ****   inline _GLIBCXX_CONSTEXPR float
 425:c:\program files\daisytoolchain\arm-none-eabi\include\c++\10.2.1\cmath ****   sin(float __x)
 426:c:\program files\daisytoolchain\arm-none-eabi\include\c++\10.2.1\cmath ****   { return __builtin_sinf(__x); }
 427:c:\program files\daisytoolchain\arm-none-eabi\include\c++\10.2.1\cmath **** 
 428:c:\program files\daisytoolchain\arm-none-eabi\include\c++\10.2.1\cmath ****   inline _GLIBCXX_CONSTEXPR long double
 429:c:\program files\daisytoolchain\arm-none-eabi\include\c++\10.2.1\cmath ****   sin(long double __x)
 430:c:\program files\daisytoolchain\arm-none-eabi\include\c++\10.2.1\cmath ****   { return __builtin_sinl(__x); }
 431:c:\program files\daisytoolchain\arm-none-eabi\include\c++\10.2.1\cmath **** #endif
 432:c:\program files\daisytoolchain\arm-none-eabi\include\c++\10.2.1\cmath **** 
 433:c:\program files\daisytoolchain\arm-none-eabi\include\c++\10.2.1\cmath ****   template<typename _Tp>
 434:c:\program files\daisytoolchain\arm-none-eabi\include\c++\10.2.1\cmath ****     inline _GLIBCXX_CONSTEXPR
 435:c:\program files\daisytoolchain\arm-none-eabi\include\c++\10.2.1\cmath ****     typename __gnu_cxx::__enable_if<__is_integer<_Tp>::__value, 
 436:c:\program files\daisytoolchain\arm-none-eabi\include\c++\10.2.1\cmath ****                                     double>::__type
 437:c:\program files\daisytoolchain\arm-none-eabi\include\c++\10.2.1\cmath ****     sin(_Tp __x)
 438:c:\program files\daisytoolchain\arm-none-eabi\include\c++\10.2.1\cmath ****     { return __builtin_sin(__x); }
 439:c:\program files\daisytoolchain\arm-none-eabi\include\c++\10.2.1\cmath **** 
 440:c:\program files\daisytoolchain\arm-none-eabi\include\c++\10.2.1\cmath ****   using ::sinh;
 441:c:\program files\daisytoolchain\arm-none-eabi\include\c++\10.2.1\cmath **** 
 442:c:\program files\daisytoolchain\arm-none-eabi\include\c++\10.2.1\cmath **** #ifndef __CORRECT_ISO_CPP_MATH_H_PROTO
 443:c:\program files\daisytoolchain\arm-none-eabi\include\c++\10.2.1\cmath ****   inline _GLIBCXX_CONSTEXPR float
 444:c:\program files\daisytoolchain\arm-none-eabi\include\c++\10.2.1\cmath ****   sinh(float __x)
 445:c:\program files\daisytoolchain\arm-none-eabi\include\c++\10.2.1\cmath ****   { return __builtin_sinhf(__x); }
 446:c:\program files\daisytoolchain\arm-none-eabi\include\c++\10.2.1\cmath **** 
 447:c:\program files\daisytoolchain\arm-none-eabi\include\c++\10.2.1\cmath ****   inline _GLIBCXX_CONSTEXPR long double
 448:c:\program files\daisytoolchain\arm-none-eabi\include\c++\10.2.1\cmath ****   sinh(long double __x)
 449:c:\program files\daisytoolchain\arm-none-eabi\include\c++\10.2.1\cmath ****   { return __builtin_sinhl(__x); }
 450:c:\program files\daisytoolchain\arm-none-eabi\include\c++\10.2.1\cmath **** #endif
ARM GAS  C:\Users\isaia\AppData\Local\Temp\ccP6lw9u.s 			page 34


 451:c:\program files\daisytoolchain\arm-none-eabi\include\c++\10.2.1\cmath **** 
 452:c:\program files\daisytoolchain\arm-none-eabi\include\c++\10.2.1\cmath ****   template<typename _Tp>
 453:c:\program files\daisytoolchain\arm-none-eabi\include\c++\10.2.1\cmath ****     inline _GLIBCXX_CONSTEXPR
 454:c:\program files\daisytoolchain\arm-none-eabi\include\c++\10.2.1\cmath ****     typename __gnu_cxx::__enable_if<__is_integer<_Tp>::__value, 
 455:c:\program files\daisytoolchain\arm-none-eabi\include\c++\10.2.1\cmath ****                                     double>::__type
 456:c:\program files\daisytoolchain\arm-none-eabi\include\c++\10.2.1\cmath ****     sinh(_Tp __x)
 457:c:\program files\daisytoolchain\arm-none-eabi\include\c++\10.2.1\cmath ****     { return __builtin_sinh(__x); }
 458:c:\program files\daisytoolchain\arm-none-eabi\include\c++\10.2.1\cmath **** 
 459:c:\program files\daisytoolchain\arm-none-eabi\include\c++\10.2.1\cmath ****   using ::sqrt;
 460:c:\program files\daisytoolchain\arm-none-eabi\include\c++\10.2.1\cmath **** 
 461:c:\program files\daisytoolchain\arm-none-eabi\include\c++\10.2.1\cmath **** #ifndef __CORRECT_ISO_CPP_MATH_H_PROTO
 462:c:\program files\daisytoolchain\arm-none-eabi\include\c++\10.2.1\cmath ****   inline _GLIBCXX_CONSTEXPR float
 463:c:\program files\daisytoolchain\arm-none-eabi\include\c++\10.2.1\cmath ****   sqrt(float __x)
 464:c:\program files\daisytoolchain\arm-none-eabi\include\c++\10.2.1\cmath ****   { return __builtin_sqrtf(__x); }
 465:c:\program files\daisytoolchain\arm-none-eabi\include\c++\10.2.1\cmath **** 
 466:c:\program files\daisytoolchain\arm-none-eabi\include\c++\10.2.1\cmath ****   inline _GLIBCXX_CONSTEXPR long double
 467:c:\program files\daisytoolchain\arm-none-eabi\include\c++\10.2.1\cmath ****   sqrt(long double __x)
 468:c:\program files\daisytoolchain\arm-none-eabi\include\c++\10.2.1\cmath ****   { return __builtin_sqrtl(__x); }
 469:c:\program files\daisytoolchain\arm-none-eabi\include\c++\10.2.1\cmath **** #endif
 470:c:\program files\daisytoolchain\arm-none-eabi\include\c++\10.2.1\cmath **** 
 471:c:\program files\daisytoolchain\arm-none-eabi\include\c++\10.2.1\cmath ****   template<typename _Tp>
 472:c:\program files\daisytoolchain\arm-none-eabi\include\c++\10.2.1\cmath ****     inline _GLIBCXX_CONSTEXPR
 473:c:\program files\daisytoolchain\arm-none-eabi\include\c++\10.2.1\cmath ****     typename __gnu_cxx::__enable_if<__is_integer<_Tp>::__value, 
 474:c:\program files\daisytoolchain\arm-none-eabi\include\c++\10.2.1\cmath ****                                     double>::__type
 475:c:\program files\daisytoolchain\arm-none-eabi\include\c++\10.2.1\cmath ****     sqrt(_Tp __x)
 476:c:\program files\daisytoolchain\arm-none-eabi\include\c++\10.2.1\cmath ****     { return __builtin_sqrt(__x); }
 477:c:\program files\daisytoolchain\arm-none-eabi\include\c++\10.2.1\cmath **** 
 478:c:\program files\daisytoolchain\arm-none-eabi\include\c++\10.2.1\cmath ****   using ::tan;
 479:c:\program files\daisytoolchain\arm-none-eabi\include\c++\10.2.1\cmath **** 
 480:c:\program files\daisytoolchain\arm-none-eabi\include\c++\10.2.1\cmath **** #ifndef __CORRECT_ISO_CPP_MATH_H_PROTO
 481:c:\program files\daisytoolchain\arm-none-eabi\include\c++\10.2.1\cmath ****   inline _GLIBCXX_CONSTEXPR float
 482:c:\program files\daisytoolchain\arm-none-eabi\include\c++\10.2.1\cmath ****   tan(float __x)
 483:c:\program files\daisytoolchain\arm-none-eabi\include\c++\10.2.1\cmath ****   { return __builtin_tanf(__x); }
 484:c:\program files\daisytoolchain\arm-none-eabi\include\c++\10.2.1\cmath **** 
 485:c:\program files\daisytoolchain\arm-none-eabi\include\c++\10.2.1\cmath ****   inline _GLIBCXX_CONSTEXPR long double
 486:c:\program files\daisytoolchain\arm-none-eabi\include\c++\10.2.1\cmath ****   tan(long double __x)
 487:c:\program files\daisytoolchain\arm-none-eabi\include\c++\10.2.1\cmath ****   { return __builtin_tanl(__x); }
 488:c:\program files\daisytoolchain\arm-none-eabi\include\c++\10.2.1\cmath **** #endif
 489:c:\program files\daisytoolchain\arm-none-eabi\include\c++\10.2.1\cmath **** 
 490:c:\program files\daisytoolchain\arm-none-eabi\include\c++\10.2.1\cmath ****   template<typename _Tp>
 491:c:\program files\daisytoolchain\arm-none-eabi\include\c++\10.2.1\cmath ****     inline _GLIBCXX_CONSTEXPR
 492:c:\program files\daisytoolchain\arm-none-eabi\include\c++\10.2.1\cmath ****     typename __gnu_cxx::__enable_if<__is_integer<_Tp>::__value, 
 493:c:\program files\daisytoolchain\arm-none-eabi\include\c++\10.2.1\cmath ****                                     double>::__type
 494:c:\program files\daisytoolchain\arm-none-eabi\include\c++\10.2.1\cmath ****     tan(_Tp __x)
 495:c:\program files\daisytoolchain\arm-none-eabi\include\c++\10.2.1\cmath ****     { return __builtin_tan(__x); }
 496:c:\program files\daisytoolchain\arm-none-eabi\include\c++\10.2.1\cmath **** 
 497:c:\program files\daisytoolchain\arm-none-eabi\include\c++\10.2.1\cmath ****   using ::tanh;
 498:c:\program files\daisytoolchain\arm-none-eabi\include\c++\10.2.1\cmath **** 
 499:c:\program files\daisytoolchain\arm-none-eabi\include\c++\10.2.1\cmath **** #ifndef __CORRECT_ISO_CPP_MATH_H_PROTO
 500:c:\program files\daisytoolchain\arm-none-eabi\include\c++\10.2.1\cmath ****   inline _GLIBCXX_CONSTEXPR float
 501:c:\program files\daisytoolchain\arm-none-eabi\include\c++\10.2.1\cmath ****   tanh(float __x)
 502:c:\program files\daisytoolchain\arm-none-eabi\include\c++\10.2.1\cmath ****   { return __builtin_tanhf(__x); }
 503:c:\program files\daisytoolchain\arm-none-eabi\include\c++\10.2.1\cmath **** 
 504:c:\program files\daisytoolchain\arm-none-eabi\include\c++\10.2.1\cmath ****   inline _GLIBCXX_CONSTEXPR long double
 505:c:\program files\daisytoolchain\arm-none-eabi\include\c++\10.2.1\cmath ****   tanh(long double __x)
 506:c:\program files\daisytoolchain\arm-none-eabi\include\c++\10.2.1\cmath ****   { return __builtin_tanhl(__x); }
 507:c:\program files\daisytoolchain\arm-none-eabi\include\c++\10.2.1\cmath **** #endif
ARM GAS  C:\Users\isaia\AppData\Local\Temp\ccP6lw9u.s 			page 35


 508:c:\program files\daisytoolchain\arm-none-eabi\include\c++\10.2.1\cmath **** 
 509:c:\program files\daisytoolchain\arm-none-eabi\include\c++\10.2.1\cmath ****   template<typename _Tp>
 510:c:\program files\daisytoolchain\arm-none-eabi\include\c++\10.2.1\cmath ****     inline _GLIBCXX_CONSTEXPR
 511:c:\program files\daisytoolchain\arm-none-eabi\include\c++\10.2.1\cmath ****     typename __gnu_cxx::__enable_if<__is_integer<_Tp>::__value, 
 512:c:\program files\daisytoolchain\arm-none-eabi\include\c++\10.2.1\cmath ****                                     double>::__type
 513:c:\program files\daisytoolchain\arm-none-eabi\include\c++\10.2.1\cmath ****     tanh(_Tp __x)
 514:c:\program files\daisytoolchain\arm-none-eabi\include\c++\10.2.1\cmath ****     { return __builtin_tanh(__x); }
 515:c:\program files\daisytoolchain\arm-none-eabi\include\c++\10.2.1\cmath **** 
 516:c:\program files\daisytoolchain\arm-none-eabi\include\c++\10.2.1\cmath **** #if _GLIBCXX_USE_C99_MATH
 517:c:\program files\daisytoolchain\arm-none-eabi\include\c++\10.2.1\cmath **** #if !_GLIBCXX_USE_C99_FP_MACROS_DYNAMIC
 518:c:\program files\daisytoolchain\arm-none-eabi\include\c++\10.2.1\cmath **** 
 519:c:\program files\daisytoolchain\arm-none-eabi\include\c++\10.2.1\cmath **** // These are possible macros imported from C99-land.
 520:c:\program files\daisytoolchain\arm-none-eabi\include\c++\10.2.1\cmath **** #undef fpclassify
 521:c:\program files\daisytoolchain\arm-none-eabi\include\c++\10.2.1\cmath **** #undef isfinite
 522:c:\program files\daisytoolchain\arm-none-eabi\include\c++\10.2.1\cmath **** #undef isinf
 523:c:\program files\daisytoolchain\arm-none-eabi\include\c++\10.2.1\cmath **** #undef isnan
 524:c:\program files\daisytoolchain\arm-none-eabi\include\c++\10.2.1\cmath **** #undef isnormal
 525:c:\program files\daisytoolchain\arm-none-eabi\include\c++\10.2.1\cmath **** #undef signbit
 526:c:\program files\daisytoolchain\arm-none-eabi\include\c++\10.2.1\cmath **** #undef isgreater
 527:c:\program files\daisytoolchain\arm-none-eabi\include\c++\10.2.1\cmath **** #undef isgreaterequal
 528:c:\program files\daisytoolchain\arm-none-eabi\include\c++\10.2.1\cmath **** #undef isless
 529:c:\program files\daisytoolchain\arm-none-eabi\include\c++\10.2.1\cmath **** #undef islessequal
 530:c:\program files\daisytoolchain\arm-none-eabi\include\c++\10.2.1\cmath **** #undef islessgreater
 531:c:\program files\daisytoolchain\arm-none-eabi\include\c++\10.2.1\cmath **** #undef isunordered
 532:c:\program files\daisytoolchain\arm-none-eabi\include\c++\10.2.1\cmath **** 
 533:c:\program files\daisytoolchain\arm-none-eabi\include\c++\10.2.1\cmath **** #if __cplusplus >= 201103L
 534:c:\program files\daisytoolchain\arm-none-eabi\include\c++\10.2.1\cmath **** 
 535:c:\program files\daisytoolchain\arm-none-eabi\include\c++\10.2.1\cmath **** #ifndef __CORRECT_ISO_CPP11_MATH_H_PROTO_FP
 536:c:\program files\daisytoolchain\arm-none-eabi\include\c++\10.2.1\cmath ****   constexpr int
 537:c:\program files\daisytoolchain\arm-none-eabi\include\c++\10.2.1\cmath ****   fpclassify(float __x)
 538:c:\program files\daisytoolchain\arm-none-eabi\include\c++\10.2.1\cmath ****   { return __builtin_fpclassify(FP_NAN, FP_INFINITE, FP_NORMAL,
 539:c:\program files\daisytoolchain\arm-none-eabi\include\c++\10.2.1\cmath **** 				FP_SUBNORMAL, FP_ZERO, __x); }
 540:c:\program files\daisytoolchain\arm-none-eabi\include\c++\10.2.1\cmath **** 
 541:c:\program files\daisytoolchain\arm-none-eabi\include\c++\10.2.1\cmath ****   constexpr int
 542:c:\program files\daisytoolchain\arm-none-eabi\include\c++\10.2.1\cmath ****   fpclassify(double __x)
 543:c:\program files\daisytoolchain\arm-none-eabi\include\c++\10.2.1\cmath ****   { return __builtin_fpclassify(FP_NAN, FP_INFINITE, FP_NORMAL,
 544:c:\program files\daisytoolchain\arm-none-eabi\include\c++\10.2.1\cmath **** 				FP_SUBNORMAL, FP_ZERO, __x); }
 545:c:\program files\daisytoolchain\arm-none-eabi\include\c++\10.2.1\cmath **** 
 546:c:\program files\daisytoolchain\arm-none-eabi\include\c++\10.2.1\cmath ****   constexpr int
 547:c:\program files\daisytoolchain\arm-none-eabi\include\c++\10.2.1\cmath ****   fpclassify(long double __x)
 548:c:\program files\daisytoolchain\arm-none-eabi\include\c++\10.2.1\cmath ****   { return __builtin_fpclassify(FP_NAN, FP_INFINITE, FP_NORMAL,
 549:c:\program files\daisytoolchain\arm-none-eabi\include\c++\10.2.1\cmath **** 				FP_SUBNORMAL, FP_ZERO, __x); }
 550:c:\program files\daisytoolchain\arm-none-eabi\include\c++\10.2.1\cmath **** #endif
 551:c:\program files\daisytoolchain\arm-none-eabi\include\c++\10.2.1\cmath **** 
 552:c:\program files\daisytoolchain\arm-none-eabi\include\c++\10.2.1\cmath **** #ifndef __CORRECT_ISO_CPP11_MATH_H_PROTO_INT
 553:c:\program files\daisytoolchain\arm-none-eabi\include\c++\10.2.1\cmath ****   template<typename _Tp>
 554:c:\program files\daisytoolchain\arm-none-eabi\include\c++\10.2.1\cmath ****     constexpr typename __gnu_cxx::__enable_if<__is_integer<_Tp>::__value,
 555:c:\program files\daisytoolchain\arm-none-eabi\include\c++\10.2.1\cmath ****                                               int>::__type
 556:c:\program files\daisytoolchain\arm-none-eabi\include\c++\10.2.1\cmath ****     fpclassify(_Tp __x)
 557:c:\program files\daisytoolchain\arm-none-eabi\include\c++\10.2.1\cmath ****     { return __x != 0 ? FP_NORMAL : FP_ZERO; }
 558:c:\program files\daisytoolchain\arm-none-eabi\include\c++\10.2.1\cmath **** #endif
 559:c:\program files\daisytoolchain\arm-none-eabi\include\c++\10.2.1\cmath **** 
 560:c:\program files\daisytoolchain\arm-none-eabi\include\c++\10.2.1\cmath **** #ifndef __CORRECT_ISO_CPP11_MATH_H_PROTO_FP
 561:c:\program files\daisytoolchain\arm-none-eabi\include\c++\10.2.1\cmath ****   constexpr bool
 562:c:\program files\daisytoolchain\arm-none-eabi\include\c++\10.2.1\cmath ****   isfinite(float __x)
 563:c:\program files\daisytoolchain\arm-none-eabi\include\c++\10.2.1\cmath ****   { return __builtin_isfinite(__x); }
 497              		.loc 11 563 30 view .LVU173
ARM GAS  C:\Users\isaia\AppData\Local\Temp\ccP6lw9u.s 			page 36


 498 01b4 B0EEC06A 		vabs.f32	s12, s0
 499              	.LBE269:
 500              	.LBE268:
 296:VaDist.cpp    **** 
 501              		.loc 10 296 36 view .LVU174
 502 01b8 DDED027A 		vldr.32	s15, [sp, #8]
 503              	.LVL39:
 299:VaDist.cpp    ****     st.x_prev[1] = x_curr[1];
 504              		.loc 10 299 5 is_stmt 1 view .LVU175
 301:VaDist.cpp    ****     st.u_prev  = u_curr;
 505              		.loc 10 301 28 is_stmt 0 view .LVU176
 506 01bc DDED036A 		vldr.32	s13, [sp, #12]
 299:VaDist.cpp    ****     st.x_prev[1] = x_curr[1];
 507              		.loc 10 299 18 view .LVU177
 508 01c0 85ED000A 		vstr.32	s0, [r5]
 300:VaDist.cpp    ****     st.x_prev[2] = x_curr[2];
 509              		.loc 10 300 5 is_stmt 1 view .LVU178
 510              		.loc 10 306 77 is_stmt 0 view .LVU179
 511 01c4 B4EE476A 		vcmp.f32	s12, s14
 300:VaDist.cpp    ****     st.x_prev[2] = x_curr[2];
 512              		.loc 10 300 18 view .LVU180
 513 01c8 C5ED017A 		vstr.32	s15, [r5, #4]
 301:VaDist.cpp    ****     st.u_prev  = u_curr;
 514              		.loc 10 301 5 is_stmt 1 view .LVU181
 301:VaDist.cpp    ****     st.u_prev  = u_curr;
 515              		.loc 10 301 18 is_stmt 0 view .LVU182
 516 01cc C5ED026A 		vstr.32	s13, [r5, #8]
 302:VaDist.cpp    ****     st.v_prev  = v_curr;
 517              		.loc 10 302 5 is_stmt 1 view .LVU183
 302:VaDist.cpp    ****     st.v_prev  = v_curr;
 518              		.loc 10 302 16 is_stmt 0 view .LVU184
 519 01d0 85ED039A 		vstr.32	s18, [r5, #12]
 303:VaDist.cpp    **** 
 520              		.loc 10 303 5 is_stmt 1 view .LVU185
 521              		.loc 10 306 77 is_stmt 0 view .LVU186
 522 01d4 F1EE10FA 		vmrs	APSR_nzcv, FPSCR
 303:VaDist.cpp    **** 
 523              		.loc 10 303 16 view .LVU187
 524 01d8 85ED048A 		vstr.32	s16, [r5, #16]
 525              		.loc 10 306 5 is_stmt 1 view .LVU188
 526              	.LVL40:
 527              	.LBB271:
 528              	.LBI268:
 562:c:\program files\daisytoolchain\arm-none-eabi\include\c++\10.2.1\cmath ****   { return __builtin_isfinite(__x); }
 529              		.loc 11 562 3 view .LVU189
 530              	.LBB270:
 531              		.loc 11 563 5 view .LVU190
 532              		.loc 11 563 5 is_stmt 0 view .LVU191
 533              	.LBE270:
 534              	.LBE271:
 535              		.loc 10 306 77 view .LVU192
 536 01dc 18D8     		bhi	.L17
 537              	.LVL41:
 538              	.LBB272:
 539              	.LBI272:
 562:c:\program files\daisytoolchain\arm-none-eabi\include\c++\10.2.1\cmath ****   { return __builtin_isfinite(__x); }
 540              		.loc 11 562 3 is_stmt 1 discriminator 2 view .LVU193
ARM GAS  C:\Users\isaia\AppData\Local\Temp\ccP6lw9u.s 			page 37


 541              	.LBB273:
 542              		.loc 11 563 5 discriminator 2 view .LVU194
 543              		.loc 11 563 30 is_stmt 0 discriminator 2 view .LVU195
 544 01de B0EEE76A 		vabs.f32	s12, s15
 545              	.LBE273:
 546              	.LBE272:
 547              		.loc 10 306 29 discriminator 2 view .LVU196
 548 01e2 B4EE476A 		vcmp.f32	s12, s14
 549 01e6 F1EE10FA 		vmrs	APSR_nzcv, FPSCR
 550 01ea 11D8     		bhi	.L17
 551              	.LVL42:
 552              	.LBB274:
 553              	.LBI274:
 562:c:\program files\daisytoolchain\arm-none-eabi\include\c++\10.2.1\cmath ****   { return __builtin_isfinite(__x); }
 554              		.loc 11 562 3 is_stmt 1 discriminator 4 view .LVU197
 555              	.LBB275:
 556              		.loc 11 563 5 discriminator 4 view .LVU198
 557              		.loc 11 563 30 is_stmt 0 discriminator 4 view .LVU199
 558 01ec F0EEE66A 		vabs.f32	s13, s13
 559              	.LBE275:
 560              	.LBE274:
 561              		.loc 10 306 53 discriminator 4 view .LVU200
 562 01f0 F4EE476A 		vcmp.f32	s13, s14
 563 01f4 F1EE10FA 		vmrs	APSR_nzcv, FPSCR
 564 01f8 0AD8     		bhi	.L17
 296:VaDist.cpp    **** 
 565              		.loc 10 296 26 view .LVU201
 566 01fa 77EEC07A 		vsub.f32	s15, s15, s0
 567              	.LVL43:
 296:VaDist.cpp    **** 
 568              		.loc 10 296 11 view .LVU202
 569 01fe 37EE890A 		vadd.f32	s0, s15, s18
 570              	.LVL44:
 571              	.LBB276:
 572              	.LBI276:
 562:c:\program files\daisytoolchain\arm-none-eabi\include\c++\10.2.1\cmath ****   { return __builtin_isfinite(__x); }
 573              		.loc 11 562 3 is_stmt 1 view .LVU203
 574              	.LBB277:
 575              		.loc 11 563 5 view .LVU204
 576              		.loc 11 563 30 is_stmt 0 view .LVU205
 577 0202 F0EEC07A 		vabs.f32	s15, s0
 578              	.LVL45:
 579              		.loc 11 563 30 view .LVU206
 580              	.LBE277:
 581              	.LBE276:
 582              		.loc 10 306 77 view .LVU207
 583 0206 F4EE477A 		vcmp.f32	s15, s14
 584 020a F1EE10FA 		vmrs	APSR_nzcv, FPSCR
 585 020e 0FD9     		bls	.L3
 586              	.L17:
 307:VaDist.cpp    ****     {
 308:VaDist.cpp    ****         st.x_prev[0] = st.x_prev[1] = st.x_prev[2] = 0.0f;
 587              		.loc 10 308 9 is_stmt 1 discriminator 7 view .LVU208
 588              		.loc 10 308 52 is_stmt 0 discriminator 7 view .LVU209
 589 0210 DFED307A 		vldr.32	s15, .L29+44
 309:VaDist.cpp    ****         st.u_prev = 0.0f;
 310:VaDist.cpp    ****         st.v_prev = 0.0f;
ARM GAS  C:\Users\isaia\AppData\Local\Temp\ccP6lw9u.s 			page 38


 311:VaDist.cpp    ****         st.tone_lp = 0.0f;
 312:VaDist.cpp    ****         return 0.0f;
 590              		.loc 10 312 16 discriminator 7 view .LVU210
 591 0214 B0EE670A 		vmov.f32	s0, s15
 308:VaDist.cpp    ****         st.u_prev = 0.0f;
 592              		.loc 10 308 52 discriminator 7 view .LVU211
 593 0218 C5ED027A 		vstr.32	s15, [r5, #8]
 308:VaDist.cpp    ****         st.u_prev = 0.0f;
 594              		.loc 10 308 37 discriminator 7 view .LVU212
 595 021c C5ED017A 		vstr.32	s15, [r5, #4]
 308:VaDist.cpp    ****         st.u_prev = 0.0f;
 596              		.loc 10 308 22 discriminator 7 view .LVU213
 597 0220 C5ED007A 		vstr.32	s15, [r5]
 309:VaDist.cpp    ****         st.u_prev = 0.0f;
 598              		.loc 10 309 9 is_stmt 1 discriminator 7 view .LVU214
 309:VaDist.cpp    ****         st.u_prev = 0.0f;
 599              		.loc 10 309 19 is_stmt 0 discriminator 7 view .LVU215
 600 0224 C5ED037A 		vstr.32	s15, [r5, #12]
 310:VaDist.cpp    ****         st.tone_lp = 0.0f;
 601              		.loc 10 310 9 is_stmt 1 discriminator 7 view .LVU216
 310:VaDist.cpp    ****         st.tone_lp = 0.0f;
 602              		.loc 10 310 19 is_stmt 0 discriminator 7 view .LVU217
 603 0228 C5ED047A 		vstr.32	s15, [r5, #16]
 311:VaDist.cpp    ****         return 0.0f;
 604              		.loc 10 311 9 is_stmt 1 discriminator 7 view .LVU218
 311:VaDist.cpp    ****         return 0.0f;
 605              		.loc 10 311 20 is_stmt 0 discriminator 7 view .LVU219
 606 022c C5ED057A 		vstr.32	s15, [r5, #20]
 607              		.loc 10 312 9 is_stmt 1 discriminator 7 view .LVU220
 608              	.L3:
 313:VaDist.cpp    ****     }
 314:VaDist.cpp    **** 
 315:VaDist.cpp    ****     return y;
 316:VaDist.cpp    **** }
 609              		.loc 10 316 1 is_stmt 0 view .LVU221
 610 0230 04B0     		add	sp, sp, #16
 611              		.cfi_remember_state
 612              		.cfi_def_cfa_offset 40
 613              		@ sp needed
 614 0232 BDEC068B 		vldm	sp!, {d8-d10}
 615              		.cfi_restore 84
 616              		.cfi_restore 85
 617              		.cfi_restore 82
 618              		.cfi_restore 83
 619              		.cfi_restore 80
 620              		.cfi_restore 81
 621              		.cfi_def_cfa_offset 16
 622              	.LVL46:
 623              		.loc 10 316 1 view .LVU222
 624 0236 70BD     		pop	{r4, r5, r6, pc}
 625              	.LVL47:
 626              	.L14:
 627              		.cfi_restore_state
 628              	.LBB278:
 629              	.LBB266:
 283:VaDist.cpp    ****         float e2 = 1.0f / (e1 * e1);
 630              		.loc 10 283 9 is_stmt 1 view .LVU223
ARM GAS  C:\Users\isaia\AppData\Local\Temp\ccP6lw9u.s 			page 39


 283:VaDist.cpp    ****         float e2 = 1.0f / (e1 * e1);
 631              		.loc 10 283 24 is_stmt 0 view .LVU224
 632 0238 9FED200A 		vldr.32	s0, .L29+20
 633 023c 88EE000A 		vdiv.f32	s0, s16, s0
 634 0240 FFF7FEFF 		bl	expf
 635              	.LVL48:
 285:VaDist.cpp    ****     }
 636              		.loc 10 285 16 view .LVU225
 637 0244 9FED1E7A 		vldr.32	s14, .L29+24
 638              	.LVL49:
 284:VaDist.cpp    ****         f_curr = Is * (e1 - e2);
 639              		.loc 10 284 9 is_stmt 1 view .LVU226
 285:VaDist.cpp    ****     }
 640              		.loc 10 285 9 view .LVU227
 284:VaDist.cpp    ****         f_curr = Is * (e1 - e2);
 641              		.loc 10 284 31 is_stmt 0 view .LVU228
 642 0248 60EE006A 		vmul.f32	s13, s0, s0
 284:VaDist.cpp    ****         f_curr = Is * (e1 - e2);
 643              		.loc 10 284 15 view .LVU229
 644 024c B7EE006A 		vmov.f32	s12, #1.0e+0
 645 0250 C6EE267A 		vdiv.f32	s15, s12, s13
 646              	.LVL50:
 285:VaDist.cpp    ****     }
 647              		.loc 10 285 27 view .LVU230
 648 0254 30EE670A 		vsub.f32	s0, s0, s15
 649              	.LVL51:
 285:VaDist.cpp    ****     }
 650              		.loc 10 285 16 view .LVU231
 651 0258 20EE077A 		vmul.f32	s14, s0, s14
 652              	.LVL52:
 285:VaDist.cpp    ****     }
 653              		.loc 10 285 16 view .LVU232
 654 025c 81E7     		b	.L15
 655              	.LVL53:
 656              	.L4:
 285:VaDist.cpp    ****     }
 657              		.loc 10 285 16 view .LVU233
 658              	.LBE266:
 659              	.LBE278:
 226:VaDist.cpp    ****             v_curr = 2.0f * NiVt * logf(nr_target / Is + 1.0f);
 660              		.loc 10 226 9 is_stmt 1 view .LVU234
 661 025e B5EEC00A 		vcmpe.f32	s0, #0
 662 0262 F1EE10FA 		vmrs	APSR_nzcv, FPSCR
 663 0266 0EDD     		ble	.L25
 227:VaDist.cpp    ****         else
 664              		.loc 10 227 13 view .LVU235
 227:VaDist.cpp    ****         else
 665              		.loc 10 227 51 is_stmt 0 view .LVU236
 666 0268 DFED156A 		vldr.32	s13, .L29+24
 227:VaDist.cpp    ****         else
 667              		.loc 10 227 40 view .LVU237
 668 026c F7EE007A 		vmov.f32	s15, #1.0e+0
 227:VaDist.cpp    ****         else
 669              		.loc 10 227 51 view .LVU238
 670 0270 80EE267A 		vdiv.f32	s14, s0, s13
 227:VaDist.cpp    ****         else
 671              		.loc 10 227 40 view .LVU239
ARM GAS  C:\Users\isaia\AppData\Local\Temp\ccP6lw9u.s 			page 40


 672 0274 37EE270A 		vadd.f32	s0, s14, s15
 673              	.LVL54:
 227:VaDist.cpp    ****         else
 674              		.loc 10 227 40 view .LVU240
 675 0278 FFF7FEFF 		bl	logf
 676              	.LVL55:
 227:VaDist.cpp    ****         else
 677              		.loc 10 227 20 view .LVU241
 678 027c DFED0F7A 		vldr.32	s15, .L29+20
 679 0280 20EE278A 		vmul.f32	s16, s0, s15
 680              	.LVL56:
 227:VaDist.cpp    ****         else
 681              		.loc 10 227 20 view .LVU242
 682 0284 F4E6     		b	.L5
 683              	.LVL57:
 684              	.L25:
 229:VaDist.cpp    ****     }
 685              		.loc 10 229 13 is_stmt 1 view .LVU243
 229:VaDist.cpp    ****     }
 686              		.loc 10 229 35 is_stmt 0 view .LVU244
 687 0286 F1EE407A 		vneg.f32	s15, s0
 229:VaDist.cpp    ****     }
 688              		.loc 10 229 46 view .LVU245
 689 028a DFED0D6A 		vldr.32	s13, .L29+24
 229:VaDist.cpp    ****     }
 690              		.loc 10 229 34 view .LVU246
 691 028e B7EE007A 		vmov.f32	s14, #1.0e+0
 229:VaDist.cpp    ****     }
 692              		.loc 10 229 46 view .LVU247
 693 0292 87EEA60A 		vdiv.f32	s0, s15, s13
 694              	.LVL58:
 229:VaDist.cpp    ****     }
 695              		.loc 10 229 34 view .LVU248
 696 0296 30EE070A 		vadd.f32	s0, s0, s14
 697 029a FFF7FEFF 		bl	logf
 698              	.LVL59:
 229:VaDist.cpp    ****     }
 699              		.loc 10 229 20 view .LVU249
 700 029e DFED0E7A 		vldr.32	s15, .L29+48
 701 02a2 20EE278A 		vmul.f32	s16, s0, s15
 702              	.LVL60:
 229:VaDist.cpp    ****     }
 703              		.loc 10 229 20 view .LVU250
 704 02a6 E3E6     		b	.L5
 705              	.L30:
 706              		.align	2
 707              	.L29:
 708 02a8 00000000 		.word	.LANCHOR0
 709 02ac 00000000 		.word	.LANCHOR1
 710 02b0 00000000 		.word	.LANCHOR2
 711 02b4 4F2CAD31 		.word	833432655
 712 02b8 6D5C393D 		.word	1027169389
 713 02bc 6D5CB93D 		.word	1035557997
 714 02c0 4F2C2D31 		.word	825044047
 715 02c4 D82A6F33 		.word	862923480
 716 02c8 95BFD633 		.word	869711765
 717 02cc 00000000 		.word	.LANCHOR3
ARM GAS  C:\Users\isaia\AppData\Local\Temp\ccP6lw9u.s 			page 41


 718 02d0 FFFF7F7F 		.word	2139095039
 719 02d4 00000000 		.word	0
 720 02d8 6D5C39BD 		.word	-1120314259
 721              		.cfi_endproc
 722              	.LFE4910:
 724              		.section	.text._ZL17RecomputeMatricesff,"ax",%progbits
 725              		.align	1
 726              		.p2align 2,,3
 727              		.syntax unified
 728              		.thumb
 729              		.thumb_func
 730              		.fpu fpv5-d16
 732              	_ZL17RecomputeMatricesff:
 733              	.LVL61:
 734              	.LFB4909:
 155:VaDist.cpp    ****     float rdist = drive * 50.0e3f;
 735              		.loc 10 155 1 is_stmt 1 view -0
 736              		.cfi_startproc
 737              		@ args = 0, pretend = 0, frame = 144
 738              		@ frame_needed = 0, uses_anonymous_args = 0
 156:VaDist.cpp    ****     if(rdist < 1.0f) rdist = 1.0f;          // numerical safety
 739              		.loc 10 156 5 view .LVU252
 156:VaDist.cpp    ****     if(rdist < 1.0f) rdist = 1.0f;          // numerical safety
 740              		.loc 10 156 11 is_stmt 0 view .LVU253
 741 0000 9FED9D7A 		vldr.32	s14, .L53
 157:VaDist.cpp    **** 
 742              		.loc 10 157 5 view .LVU254
 743 0004 F7EE007A 		vmov.f32	s15, #1.0e+0
 156:VaDist.cpp    ****     if(rdist < 1.0f) rdist = 1.0f;          // numerical safety
 744              		.loc 10 156 11 view .LVU255
 745 0008 20EE070A 		vmul.f32	s0, s0, s14
 746              	.LVL62:
 157:VaDist.cpp    **** 
 747              		.loc 10 157 5 is_stmt 1 view .LVU256
 155:VaDist.cpp    ****     float rdist = drive * 50.0e3f;
 748              		.loc 10 155 1 is_stmt 0 view .LVU257
 749 000c 30B5     		push	{r4, r5, lr}
 750              		.cfi_def_cfa_offset 12
 751              		.cfi_offset 4, -12
 752              		.cfi_offset 5, -8
 753              		.cfi_offset 14, -4
 157:VaDist.cpp    **** 
 754              		.loc 10 157 5 view .LVU258
 755 000e B4EEE70A 		vcmpe.f32	s0, s15
 155:VaDist.cpp    ****     float rdist = drive * 50.0e3f;
 756              		.loc 10 155 1 view .LVU259
 757 0012 2DED028B 		vpush.64	{d8}
 758              		.cfi_def_cfa_offset 20
 759              		.cfi_offset 80, -20
 760              		.cfi_offset 81, -16
 157:VaDist.cpp    **** 
 761              		.loc 10 157 5 view .LVU260
 762 0016 F1EE10FA 		vmrs	APSR_nzcv, FPSCR
 155:VaDist.cpp    ****     float rdist = drive * 50.0e3f;
 763              		.loc 10 155 1 view .LVU261
 764 001a A5B0     		sub	sp, sp, #148
 765              		.cfi_def_cfa_offset 168
ARM GAS  C:\Users\isaia\AppData\Local\Temp\ccP6lw9u.s 			page 42


 157:VaDist.cpp    **** 
 766              		.loc 10 157 5 view .LVU262
 767 001c 00F12381 		bmi	.L46
 162:VaDist.cpp    ****         { -1.0f/(R3*C3),   0.0f,                     -1.0f/(R3*C3)  }
 768              		.loc 10 162 38 view .LVU263
 769 0020 DFED966A 		vldr.32	s13, .L53+4
 162:VaDist.cpp    ****         { -1.0f/(R3*C3),   0.0f,                     -1.0f/(R3*C3)  }
 770              		.loc 10 162 32 view .LVU264
 771 0024 BFEE007A 		vmov.f32	s14, #-1.0e+0
 162:VaDist.cpp    ****         { -1.0f/(R3*C3),   0.0f,                     -1.0f/(R3*C3)  }
 772              		.loc 10 162 46 view .LVU265
 773 0028 DFED957A 		vldr.32	s15, .L53+8
 162:VaDist.cpp    ****         { -1.0f/(R3*C3),   0.0f,                     -1.0f/(R3*C3)  }
 774              		.loc 10 162 38 view .LVU266
 775 002c 30EE260A 		vadd.f32	s0, s0, s13
 776              	.LVL63:
 162:VaDist.cpp    ****         { -1.0f/(R3*C3),   0.0f,                     -1.0f/(R3*C3)  }
 777              		.loc 10 162 46 view .LVU267
 778 0030 20EE270A 		vmul.f32	s0, s0, s15
 162:VaDist.cpp    ****         { -1.0f/(R3*C3),   0.0f,                     -1.0f/(R3*C3)  }
 779              		.loc 10 162 32 view .LVU268
 780 0034 C7EE007A 		vdiv.f32	s15, s14, s0
 781              	.L32:
 782              	.LVL64:
 160:VaDist.cpp    ****         { -1.0f/(R1*C1),   0.0f,                     0.0f           },
 783              		.loc 10 160 5 is_stmt 1 view .LVU269
 160:VaDist.cpp    ****         { -1.0f/(R1*C1),   0.0f,                     0.0f           },
 784              		.loc 10 160 11 is_stmt 0 view .LVU270
 785 0038 0022     		movs	r2, #0
 786 003a 9249     		ldr	r1, .L53+12
 787 003c 924B     		ldr	r3, .L53+16
 788 003e 0DF1040E 		add	lr, sp, #4
 166:VaDist.cpp    **** 
 789              		.loc 10 166 11 view .LVU271
 790 0042 9FED927A 		vldr.32	s14, .L53+20
 791 0046 09AD     		add	r5, sp, #36
 792 0048 12AC     		add	r4, sp, #72
 160:VaDist.cpp    ****         { -1.0f/(R1*C1),   0.0f,                     0.0f           },
 793              		.loc 10 160 11 view .LVU272
 794 004a 0192     		str	r2, [sp, #4]
 166:VaDist.cpp    **** 
 795              		.loc 10 166 11 view .LVU273
 796 004c 70EEA00A 		vadd.f32	s1, s1, s1
 797              	.LVL65:
 160:VaDist.cpp    ****         { -1.0f/(R1*C1),   0.0f,                     0.0f           },
 798              		.loc 10 160 11 view .LVU274
 799 0050 0391     		str	r1, [sp, #12]	@ float
 800 0052 0591     		str	r1, [sp, #20]	@ float
 801 0054 0693     		str	r3, [sp, #24]	@ float
 802 0056 0893     		str	r3, [sp, #32]	@ float
 164:VaDist.cpp    **** 
 803              		.loc 10 164 5 view .LVU275
 804 0058 CDED047A 		vstr.32	s15, [sp, #16]
 166:VaDist.cpp    **** 
 805              		.loc 10 166 5 is_stmt 1 view .LVU276
 806              	.LVL66:
 169:VaDist.cpp    ****     for(int i = 0; i < 3; i++)
ARM GAS  C:\Users\isaia\AppData\Local\Temp\ccP6lw9u.s 			page 43


 807              		.loc 10 169 5 view .LVU277
 170:VaDist.cpp    ****         for(int j = 0; j < 3; j++)
 808              		.loc 10 170 5 view .LVU278
 809              	.LBB294:
 170:VaDist.cpp    ****         for(int j = 0; j < 3; j++)
 810              		.loc 10 170 22 view .LVU279
 811              	.LBE294:
 160:VaDist.cpp    ****         { -1.0f/(R1*C1),   0.0f,                     0.0f           },
 812              		.loc 10 160 11 is_stmt 0 view .LVU280
 813 005c 0292     		str	r2, [sp, #8]
 814 005e 0792     		str	r2, [sp, #28]
 815              	.LVL67:
 816              	.L37:
 817              	.LBB303:
 818              	.LBB295:
 171:VaDist.cpp    ****         {
 819              		.loc 10 171 26 is_stmt 1 view .LVU281
 820              	.LBE295:
 170:VaDist.cpp    ****         for(int j = 0; j < 3; j++)
 821              		.loc 10 170 13 is_stmt 0 view .LVU282
 822 0060 2046     		mov	r0, r4
 823 0062 2946     		mov	r1, r5
 824 0064 F446     		mov	ip, lr
 825              	.LBB301:
 171:VaDist.cpp    ****         {
 826              		.loc 10 171 17 view .LVU283
 827 0066 0023     		movs	r3, #0
 828              	.LVL68:
 829              	.L35:
 830              	.LBB296:
 173:VaDist.cpp    ****             Hm[i][j] = eye - A[i][j];
 831              		.loc 10 173 13 is_stmt 1 view .LVU284
 173:VaDist.cpp    ****             Hm[i][j] = eye - A[i][j];
 832              		.loc 10 173 34 is_stmt 0 view .LVU285
 833 0068 9A42     		cmp	r2, r3
 834 006a 9FED898A 		vldr.32	s16, .L53+24
 835              	.LBE296:
 171:VaDist.cpp    ****         {
 836              		.loc 10 171 9 view .LVU286
 837 006e 03F10103 		add	r3, r3, #1
 838              	.LVL69:
 839              	.LBB297:
 173:VaDist.cpp    ****             Hm[i][j] = eye - A[i][j];
 840              		.loc 10 173 34 view .LVU287
 841 0072 40FE887A 		vseleq.f32	s15, s1, s16
 842              	.LVL70:
 174:VaDist.cpp    ****             Hp[i][j] = eye + A[i][j];
 843              		.loc 10 174 13 is_stmt 1 view .LVU288
 174:VaDist.cpp    ****             Hp[i][j] = eye + A[i][j];
 844              		.loc 10 174 28 is_stmt 0 view .LVU289
 845 0076 77EEC76A 		vsub.f32	s13, s15, s14
 175:VaDist.cpp    ****         }
 846              		.loc 10 175 28 view .LVU290
 847 007a 77EE877A 		vadd.f32	s15, s15, s14
 848              	.LBE297:
 171:VaDist.cpp    ****         {
 849              		.loc 10 171 26 view .LVU291
ARM GAS  C:\Users\isaia\AppData\Local\Temp\ccP6lw9u.s 			page 44


 850 007e 032B     		cmp	r3, #3
 851              	.LBB298:
 174:VaDist.cpp    ****             Hp[i][j] = eye + A[i][j];
 852              		.loc 10 174 22 view .LVU292
 853 0080 E1EC016A 		vstmia.32	r1!, {s13}
 175:VaDist.cpp    ****         }
 854              		.loc 10 175 13 is_stmt 1 view .LVU293
 175:VaDist.cpp    ****         }
 855              		.loc 10 175 22 is_stmt 0 view .LVU294
 856 0084 E0EC017A 		vstmia.32	r0!, {s15}
 857              	.LBE298:
 171:VaDist.cpp    ****         {
 858              		.loc 10 171 9 is_stmt 1 view .LVU295
 859              	.LVL71:
 171:VaDist.cpp    ****         {
 860              		.loc 10 171 26 view .LVU296
 861 0088 02D0     		beq	.L34
 862              	.LBB299:
 174:VaDist.cpp    ****             Hp[i][j] = eye + A[i][j];
 863              		.loc 10 174 36 is_stmt 0 view .LVU297
 864 008a BCEC017A 		vldmia.32	ip!, {s14}
 865 008e EBE7     		b	.L35
 866              	.L34:
 867              	.LBE299:
 868              	.LBE301:
 170:VaDist.cpp    ****         for(int j = 0; j < 3; j++)
 869              		.loc 10 170 5 is_stmt 1 discriminator 2 view .LVU298
 870 0090 0132     		adds	r2, r2, #1
 871              	.LVL72:
 170:VaDist.cpp    ****         for(int j = 0; j < 3; j++)
 872              		.loc 10 170 22 discriminator 2 view .LVU299
 873 0092 0EF10C0E 		add	lr, lr, #12
 874 0096 0C35     		adds	r5, r5, #12
 875 0098 0C34     		adds	r4, r4, #12
 876 009a 032A     		cmp	r2, #3
 877 009c 02D0     		beq	.L36
 878              	.LBB302:
 879              	.LBB300:
 174:VaDist.cpp    ****             Hp[i][j] = eye + A[i][j];
 880              		.loc 10 174 36 is_stmt 0 view .LVU300
 881 009e 1EED017A 		vldr.32	s14, [lr, #-4]
 882 00a2 DDE7     		b	.L37
 883              	.L36:
 884              	.LBE300:
 885              	.LBE302:
 886              	.LBE303:
 178:VaDist.cpp    ****     mat3_inv(inv_Hm, Hm);
 887              		.loc 10 178 5 is_stmt 1 view .LVU301
 178:VaDist.cpp    ****     mat3_inv(inv_Hm, Hm);
 888              		.loc 10 178 11 is_stmt 0 view .LVU302
 889 00a4 2422     		movs	r2, #36
 890              	.LVL73:
 178:VaDist.cpp    ****     mat3_inv(inv_Hm, Hm);
 891              		.loc 10 178 11 view .LVU303
 892 00a6 0021     		movs	r1, #0
 893 00a8 1BA8     		add	r0, sp, #108
 894 00aa FFF7FEFF 		bl	memset
ARM GAS  C:\Users\isaia\AppData\Local\Temp\ccP6lw9u.s 			page 45


 895              	.LVL74:
 179:VaDist.cpp    **** 
 896              		.loc 10 179 5 is_stmt 1 view .LVU304
 897              	.LBB304:
 898              	.LBI304:
 129:VaDist.cpp    **** {
 899              		.loc 10 129 13 view .LVU305
 900              	.LBB305:
 131:VaDist.cpp    ****               - m[0][1]*(m[1][0]*m[2][2] - m[1][2]*m[2][0])
 901              		.loc 10 131 5 view .LVU306
 131:VaDist.cpp    ****               - m[0][1]*(m[1][0]*m[2][2] - m[1][2]*m[2][0])
 902              		.loc 10 131 50 is_stmt 0 view .LVU307
 903 00ae DDED0E0A 		vldr.32	s1, [sp, #56]
 132:VaDist.cpp    ****               + m[0][2]*(m[1][0]*m[2][1] - m[1][1]*m[2][0]);
 904              		.loc 10 132 58 view .LVU308
 905 00b2 DDED0F6A 		vldr.32	s13, [sp, #60]
 131:VaDist.cpp    ****               - m[0][1]*(m[1][0]*m[2][2] - m[1][2]*m[2][0])
 906              		.loc 10 131 40 view .LVU309
 907 00b6 9DED110A 		vldr.32	s0, [sp, #68]
 132:VaDist.cpp    ****               + m[0][2]*(m[1][0]*m[2][1] - m[1][1]*m[2][0]);
 908              		.loc 10 132 42 view .LVU310
 909 00ba 26EEE03A 		vnmul.f32	s6, s13, s1
 131:VaDist.cpp    ****               - m[0][1]*(m[1][0]*m[2][2] - m[1][2]*m[2][0])
 910              		.loc 10 131 58 view .LVU311
 911 00be 9DED101A 		vldr.32	s2, [sp, #64]
 132:VaDist.cpp    ****               + m[0][2]*(m[1][0]*m[2][1] - m[1][1]*m[2][0]);
 912              		.loc 10 132 32 view .LVU312
 913 00c2 9DED0C5A 		vldr.32	s10, [sp, #48]
 131:VaDist.cpp    ****               - m[0][1]*(m[1][0]*m[2][2] - m[1][2]*m[2][0])
 914              		.loc 10 131 42 view .LVU313
 915 00c6 21EE606A 		vnmul.f32	s12, s2, s1
 131:VaDist.cpp    ****               - m[0][1]*(m[1][0]*m[2][2] - m[1][2]*m[2][0])
 916              		.loc 10 131 32 view .LVU314
 917 00ca DDED0D1A 		vldr.32	s3, [sp, #52]
 132:VaDist.cpp    ****               + m[0][2]*(m[1][0]*m[2][1] - m[1][1]*m[2][0]);
 918              		.loc 10 132 42 view .LVU315
 919 00ce A0EE053A 		vfma.f32	s6, s0, s10
 132:VaDist.cpp    ****               + m[0][2]*(m[1][0]*m[2][1] - m[1][1]*m[2][0]);
 920              		.loc 10 132 23 view .LVU316
 921 00d2 9DED0A2A 		vldr.32	s4, [sp, #40]
 133:VaDist.cpp    ****     if(fabsf(det) < 1e-30f) return false;
 922              		.loc 10 133 42 view .LVU317
 923 00d6 66EEE13A 		vnmul.f32	s7, s13, s3
 131:VaDist.cpp    ****               - m[0][1]*(m[1][0]*m[2][2] - m[1][2]*m[2][0])
 924              		.loc 10 131 23 view .LVU318
 925 00da DDED092A 		vldr.32	s5, [sp, #36]
 131:VaDist.cpp    ****               - m[0][1]*(m[1][0]*m[2][2] - m[1][2]*m[2][0])
 926              		.loc 10 131 42 view .LVU319
 927 00de A1EE806A 		vfma.f32	s12, s3, s0
 133:VaDist.cpp    ****     if(fabsf(det) < 1e-30f) return false;
 928              		.loc 10 133 23 view .LVU320
 929 00e2 9DED0B7A 		vldr.32	s14, [sp, #44]
 134:VaDist.cpp    ****     float id = 1.0f / det;
 930              		.loc 10 134 5 view .LVU321
 931 00e6 DFED6B7A 		vldr.32	s15, .L53+28
 133:VaDist.cpp    ****     if(fabsf(det) < 1e-30f) return false;
 932              		.loc 10 133 42 view .LVU322
ARM GAS  C:\Users\isaia\AppData\Local\Temp\ccP6lw9u.s 			page 46


 933 00ea E1EE053A 		vfma.f32	s7, s2, s10
 132:VaDist.cpp    ****               + m[0][2]*(m[1][0]*m[2][1] - m[1][1]*m[2][0]);
 934              		.loc 10 132 15 view .LVU323
 935 00ee 63EE424A 		vnmul.f32	s9, s6, s4
 936 00f2 E2EE864A 		vfma.f32	s9, s5, s12
 131:VaDist.cpp    ****               - m[0][1]*(m[1][0]*m[2][2] - m[1][2]*m[2][0])
 937              		.loc 10 131 11 view .LVU324
 938 00f6 E7EE234A 		vfma.f32	s9, s14, s7
 939              	.LVL75:
 134:VaDist.cpp    ****     float id = 1.0f / det;
 940              		.loc 10 134 5 is_stmt 1 view .LVU325
 134:VaDist.cpp    ****     float id = 1.0f / det;
 941              		.loc 10 134 13 is_stmt 0 view .LVU326
 942 00fa F0EEE45A 		vabs.f32	s11, s9
 134:VaDist.cpp    ****     float id = 1.0f / det;
 943              		.loc 10 134 5 view .LVU327
 944 00fe F4EEE75A 		vcmpe.f32	s11, s15
 945 0102 F1EE10FA 		vmrs	APSR_nzcv, FPSCR
 946 0106 00F1B180 		bmi	.L48
 135:VaDist.cpp    ****     out[0][0] =  (m[1][1]*m[2][2] - m[1][2]*m[2][1]) * id;
 947              		.loc 10 135 5 is_stmt 1 view .LVU328
 135:VaDist.cpp    ****     out[0][0] =  (m[1][1]*m[2][2] - m[1][2]*m[2][1]) * id;
 948              		.loc 10 135 11 is_stmt 0 view .LVU329
 949 010a B7EE004A 		vmov.f32	s8, #1.0e+0
 137:VaDist.cpp    ****     out[0][2] =  (m[0][1]*m[1][2] - m[0][2]*m[1][1]) * id;
 950              		.loc 10 137 35 view .LVU330
 951 010e 67EE417A 		vnmul.f32	s15, s14, s2
 138:VaDist.cpp    ****     out[1][0] = -(m[1][0]*m[2][2] - m[1][2]*m[2][0]) * id;
 952              		.loc 10 138 35 view .LVU331
 953 0112 27EE618A 		vnmul.f32	s16, s14, s3
 135:VaDist.cpp    ****     out[0][0] =  (m[1][1]*m[2][2] - m[1][2]*m[2][1]) * id;
 954              		.loc 10 135 11 view .LVU332
 955 0116 C4EE245A 		vdiv.f32	s11, s8, s9
 956              	.LVL76:
 136:VaDist.cpp    ****     out[0][1] = -(m[0][1]*m[2][2] - m[0][2]*m[2][1]) * id;
 957              		.loc 10 136 5 is_stmt 1 view .LVU333
 140:VaDist.cpp    ****     out[1][2] = -(m[0][0]*m[1][2] - m[0][2]*m[1][0]) * id;
 958              		.loc 10 140 35 is_stmt 0 view .LVU334
 959 011a 67EE664A 		vnmul.f32	s9, s14, s13
 960              	.LVL77:
 141:VaDist.cpp    ****     out[2][0] =  (m[1][0]*m[2][1] - m[1][1]*m[2][0]) * id;
 961              		.loc 10 141 35 view .LVU335
 962 011e 27EE457A 		vnmul.f32	s14, s14, s10
 963              	.LVL78:
 143:VaDist.cpp    ****     out[2][2] =  (m[0][0]*m[1][1] - m[0][1]*m[1][0]) * id;
 964              		.loc 10 143 35 view .LVU336
 965 0122 66EEC26A 		vnmul.f32	s13, s13, s4
 144:VaDist.cpp    ****     return true;
 966              		.loc 10 144 35 view .LVU337
 967 0126 25EE425A 		vnmul.f32	s10, s10, s4
 137:VaDist.cpp    ****     out[0][2] =  (m[0][1]*m[1][2] - m[0][2]*m[1][1]) * id;
 968              		.loc 10 137 35 view .LVU338
 969 012a E0EE027A 		vfma.f32	s15, s0, s4
 141:VaDist.cpp    ****     out[2][0] =  (m[1][0]*m[2][1] - m[1][1]*m[2][0]) * id;
 970              		.loc 10 141 35 view .LVU339
 971 012e A2EEA07A 		vfma.f32	s14, s5, s1
 138:VaDist.cpp    ****     out[1][0] = -(m[1][0]*m[2][2] - m[1][2]*m[2][0]) * id;
ARM GAS  C:\Users\isaia\AppData\Local\Temp\ccP6lw9u.s 			page 47


 972              		.loc 10 138 35 view .LVU340
 973 0132 A0EE828A 		vfma.f32	s16, s1, s4
 140:VaDist.cpp    ****     out[1][2] = -(m[0][0]*m[1][2] - m[0][2]*m[1][0]) * id;
 974              		.loc 10 140 35 view .LVU341
 975 0136 E2EE804A 		vfma.f32	s9, s5, s0
 143:VaDist.cpp    ****     out[2][2] =  (m[0][0]*m[1][1] - m[0][1]*m[1][0]) * id;
 976              		.loc 10 143 35 view .LVU342
 977 013a E2EE816A 		vfma.f32	s13, s5, s2
 144:VaDist.cpp    ****     return true;
 978              		.loc 10 144 35 view .LVU343
 979 013e A2EEA15A 		vfma.f32	s10, s5, s3
 137:VaDist.cpp    ****     out[0][2] =  (m[0][1]*m[1][2] - m[0][2]*m[1][1]) * id;
 980              		.loc 10 137 54 view .LVU344
 981 0142 27EEE54A 		vnmul.f32	s8, s15, s11
 136:VaDist.cpp    ****     out[0][1] = -(m[0][1]*m[2][2] - m[0][2]*m[2][1]) * id;
 982              		.loc 10 136 54 view .LVU345
 983 0146 26EE256A 		vmul.f32	s12, s12, s11
 984              	.LVL79:
 141:VaDist.cpp    ****     out[2][0] =  (m[1][0]*m[2][1] - m[1][1]*m[2][0]) * id;
 985              		.loc 10 141 54 view .LVU346
 986 014a 67EE657A 		vnmul.f32	s15, s14, s11
 138:VaDist.cpp    ****     out[1][0] = -(m[1][0]*m[2][2] - m[1][2]*m[2][0]) * id;
 987              		.loc 10 138 54 view .LVU347
 988 014e 25EE888A 		vmul.f32	s16, s11, s16
 137:VaDist.cpp    ****     out[0][2] =  (m[0][1]*m[1][2] - m[0][2]*m[1][1]) * id;
 989              		.loc 10 137 15 view .LVU348
 990 0152 8DED1C4A 		vstr.32	s8, [sp, #112]
 139:VaDist.cpp    ****     out[1][1] =  (m[0][0]*m[2][2] - m[0][2]*m[2][0]) * id;
 991              		.loc 10 139 54 view .LVU349
 992 0156 23EE653A 		vnmul.f32	s6, s6, s11
 993              	.LVL80:
 136:VaDist.cpp    ****     out[0][1] = -(m[0][1]*m[2][2] - m[0][2]*m[2][1]) * id;
 994              		.loc 10 136 15 view .LVU350
 995 015a 8DED1B6A 		vstr.32	s12, [sp, #108]
 137:VaDist.cpp    ****     out[0][2] =  (m[0][1]*m[1][2] - m[0][2]*m[1][1]) * id;
 996              		.loc 10 137 5 is_stmt 1 view .LVU351
 138:VaDist.cpp    ****     out[1][0] = -(m[1][0]*m[2][2] - m[1][2]*m[2][0]) * id;
 997              		.loc 10 138 5 view .LVU352
 142:VaDist.cpp    ****     out[2][1] = -(m[0][0]*m[2][1] - m[0][1]*m[2][0]) * id;
 998              		.loc 10 142 54 is_stmt 0 view .LVU353
 999 015e 63EEA53A 		vmul.f32	s7, s7, s11
 1000              	.LVL81:
 141:VaDist.cpp    ****     out[2][0] =  (m[1][0]*m[2][1] - m[1][1]*m[2][0]) * id;
 1001              		.loc 10 141 15 view .LVU354
 1002 0162 CDED207A 		vstr.32	s15, [sp, #128]
 140:VaDist.cpp    ****     out[1][2] = -(m[0][0]*m[1][2] - m[0][2]*m[1][0]) * id;
 1003              		.loc 10 140 54 view .LVU355
 1004 0166 65EEA44A 		vmul.f32	s9, s11, s9
 138:VaDist.cpp    ****     out[1][0] = -(m[1][0]*m[2][2] - m[1][2]*m[2][0]) * id;
 1005              		.loc 10 138 15 view .LVU356
 1006 016a 8DED1D8A 		vstr.32	s16, [sp, #116]
 139:VaDist.cpp    ****     out[1][1] =  (m[0][0]*m[2][2] - m[0][2]*m[2][0]) * id;
 1007              		.loc 10 139 5 is_stmt 1 view .LVU357
 143:VaDist.cpp    ****     out[2][2] =  (m[0][0]*m[1][1] - m[0][1]*m[1][0]) * id;
 1008              		.loc 10 143 54 is_stmt 0 view .LVU358
 1009 016e 26EEE57A 		vnmul.f32	s14, s13, s11
 139:VaDist.cpp    ****     out[1][1] =  (m[0][0]*m[2][2] - m[0][2]*m[2][0]) * id;
ARM GAS  C:\Users\isaia\AppData\Local\Temp\ccP6lw9u.s 			page 48


 1010              		.loc 10 139 15 view .LVU359
 1011 0172 8DED1E3A 		vstr.32	s6, [sp, #120]
 140:VaDist.cpp    ****     out[1][2] = -(m[0][0]*m[1][2] - m[0][2]*m[1][0]) * id;
 1012              		.loc 10 140 5 is_stmt 1 view .LVU360
 144:VaDist.cpp    ****     return true;
 1013              		.loc 10 144 54 is_stmt 0 view .LVU361
 1014 0176 65EE855A 		vmul.f32	s11, s11, s10
 1015              	.LVL82:
 142:VaDist.cpp    ****     out[2][1] = -(m[0][0]*m[2][1] - m[0][1]*m[2][0]) * id;
 1016              		.loc 10 142 15 view .LVU362
 1017 017a CDED213A 		vstr.32	s7, [sp, #132]
 140:VaDist.cpp    ****     out[1][2] = -(m[0][0]*m[1][2] - m[0][2]*m[1][0]) * id;
 1018              		.loc 10 140 15 view .LVU363
 1019 017e CDED1F4A 		vstr.32	s9, [sp, #124]
 141:VaDist.cpp    ****     out[2][0] =  (m[1][0]*m[2][1] - m[1][1]*m[2][0]) * id;
 1020              		.loc 10 141 5 is_stmt 1 view .LVU364
 142:VaDist.cpp    ****     out[2][1] = -(m[0][0]*m[2][1] - m[0][1]*m[2][0]) * id;
 1021              		.loc 10 142 5 view .LVU365
 143:VaDist.cpp    ****     out[2][2] =  (m[0][0]*m[1][1] - m[0][1]*m[1][0]) * id;
 1022              		.loc 10 143 5 view .LVU366
 143:VaDist.cpp    ****     out[2][2] =  (m[0][0]*m[1][1] - m[0][1]*m[1][0]) * id;
 1023              		.loc 10 143 15 is_stmt 0 view .LVU367
 1024 0182 8DED227A 		vstr.32	s14, [sp, #136]
 144:VaDist.cpp    ****     return true;
 1025              		.loc 10 144 5 is_stmt 1 view .LVU368
 144:VaDist.cpp    ****     return true;
 1026              		.loc 10 144 15 is_stmt 0 view .LVU369
 1027 0186 CDED235A 		vstr.32	s11, [sp, #140]
 145:VaDist.cpp    **** }
 1028              		.loc 10 145 5 is_stmt 1 view .LVU370
 1029              	.LVL83:
 1030              	.L38:
 145:VaDist.cpp    **** }
 1031              		.loc 10 145 5 is_stmt 0 view .LVU371
 1032 018a 0DF16C0C 		add	ip, sp, #108
 1033              	.LVL84:
 145:VaDist.cpp    **** }
 1034              		.loc 10 145 5 view .LVU372
 1035 018e F0EE484A 		vmov.f32	s9, s16
 1036 0192 B0EE445A 		vmov.f32	s10, s8
 1037 0196 4049     		ldr	r1, .L53+32
 1038 0198 F0EE465A 		vmov.f32	s11, s12
 1039 019c 21AC     		add	r4, sp, #132
 1040 019e 6046     		mov	r0, ip
 1041              	.LVL85:
 1042              	.L42:
 145:VaDist.cpp    **** }
 1043              		.loc 10 145 5 view .LVU373
 1044              	.LBE305:
 1045              	.LBE304:
 1046              	.LBB308:
 1047              	.LBB309:
 1048              	.LBB310:
 115:VaDist.cpp    ****             out[i][j] = a[i][0]*b[0][j]
 1049              		.loc 10 115 26 is_stmt 1 view .LVU374
 1050 01a0 A1F10C02 		sub	r2, r1, #12
 1051              	.LBE310:
ARM GAS  C:\Users\isaia\AppData\Local\Temp\ccP6lw9u.s 			page 49


 1052              	.LBE309:
 1053              	.LBE308:
 1054              	.LBB314:
 1055              	.LBB306:
 1056 01a4 12AB     		add	r3, sp, #72
 1057              	.LVL86:
 1058              	.L39:
 115:VaDist.cpp    ****             out[i][j] = a[i][0]*b[0][j]
 1059              		.loc 10 115 26 is_stmt 0 view .LVU375
 1060              	.LBE306:
 1061              	.LBE314:
 1062              	.LBB315:
 1063              	.LBB313:
 1064              	.LBB311:
 116:VaDist.cpp    ****                       + a[i][1]*b[1][j]
 1065              		.loc 10 116 13 is_stmt 1 view .LVU376
 116:VaDist.cpp    ****                       + a[i][1]*b[1][j]
 1066              		.loc 10 116 39 is_stmt 0 view .LVU377
 1067 01a6 F3EC016A 		vldmia.32	r3!, {s13}
 117:VaDist.cpp    ****                       + a[i][2]*b[2][j];
 1068              		.loc 10 117 32 view .LVU378
 1069 01aa D3ED027A 		vldr.32	s15, [r3, #8]
 118:VaDist.cpp    **** }
 1070              		.loc 10 118 23 view .LVU379
 1071 01ae 93ED057A 		vldr.32	s14, [r3, #20]
 117:VaDist.cpp    ****                       + a[i][2]*b[2][j];
 1072              		.loc 10 117 32 view .LVU380
 1073 01b2 65EE277A 		vmul.f32	s15, s10, s15
 117:VaDist.cpp    ****                       + a[i][2]*b[2][j];
 1074              		.loc 10 117 23 view .LVU381
 1075 01b6 E6EEA57A 		vfma.f32	s15, s13, s11
 118:VaDist.cpp    **** }
 1076              		.loc 10 118 23 view .LVU382
 1077 01ba E7EE247A 		vfma.f32	s15, s14, s9
 116:VaDist.cpp    ****                       + a[i][1]*b[1][j]
 1078              		.loc 10 116 23 view .LVU383
 1079 01be E2EC017A 		vstmia.32	r2!, {s15}
 115:VaDist.cpp    ****             out[i][j] = a[i][0]*b[0][j]
 1080              		.loc 10 115 9 is_stmt 1 view .LVU384
 115:VaDist.cpp    ****             out[i][j] = a[i][0]*b[0][j]
 1081              		.loc 10 115 26 view .LVU385
 1082 01c2 9142     		cmp	r1, r2
 1083 01c4 EFD1     		bne	.L39
 1084              	.LBE311:
 114:VaDist.cpp    ****         for(int j = 0; j < 3; j++)
 1085              		.loc 10 114 5 view .LVU386
 114:VaDist.cpp    ****         for(int j = 0; j < 3; j++)
 1086              		.loc 10 114 22 view .LVU387
 1087 01c6 8442     		cmp	r4, r0
 1088 01c8 01F10C01 		add	r1, r1, #12
 1089 01cc 07D0     		beq	.L51
 1090              	.LBB312:
 116:VaDist.cpp    ****                       + a[i][1]*b[1][j]
 1091              		.loc 10 116 31 is_stmt 0 view .LVU388
 1092 01ce D0ED035A 		vldr.32	s11, [r0, #12]
 1093 01d2 0C30     		adds	r0, r0, #12
 117:VaDist.cpp    ****                       + a[i][2]*b[2][j];
ARM GAS  C:\Users\isaia\AppData\Local\Temp\ccP6lw9u.s 			page 50


 1094              		.loc 10 117 31 view .LVU389
 1095 01d4 90ED015A 		vldr.32	s10, [r0, #4]
 118:VaDist.cpp    **** }
 1096              		.loc 10 118 31 view .LVU390
 1097 01d8 D0ED024A 		vldr.32	s9, [r0, #8]
 1098 01dc E0E7     		b	.L42
 1099              	.L51:
 1100 01de 2F4A     		ldr	r2, .L53+36
 1101              	.LBE312:
 114:VaDist.cpp    ****         for(int j = 0; j < 3; j++)
 1102              		.loc 10 114 22 view .LVU391
 1103 01e0 F0EE484A 		vmov.f32	s9, s16
 1104 01e4 B0EE447A 		vmov.f32	s14, s8
 1105 01e8 1BAB     		add	r3, sp, #108
 1106 01ea B0EE465A 		vmov.f32	s10, s12
 1107 01ee 02F10C01 		add	r1, r2, #12
 1108              	.L41:
 1109              	.LBE313:
 1110              	.LBE315:
 1111              	.LBB316:
 1112              	.LBB317:
 126:VaDist.cpp    **** }
 1113              		.loc 10 126 9 is_stmt 1 view .LVU392
 126:VaDist.cpp    **** }
 1114              		.loc 10 126 40 is_stmt 0 view .LVU393
 1115 01f2 DFED2B5A 		vldr.32	s11, .L53+40
 126:VaDist.cpp    **** }
 1116              		.loc 10 126 31 view .LVU394
 1117 01f6 DFED2B6A 		vldr.32	s13, .L53+44
 126:VaDist.cpp    **** }
 1118              		.loc 10 126 40 view .LVU395
 1119 01fa 27EE257A 		vmul.f32	s14, s14, s11
 126:VaDist.cpp    **** }
 1120              		.loc 10 126 46 view .LVU396
 1121 01fe DFED2A7A 		vldr.32	s15, .L53+48
 126:VaDist.cpp    **** }
 1122              		.loc 10 126 31 view .LVU397
 1123 0202 A5EE267A 		vfma.f32	s14, s10, s13
 126:VaDist.cpp    **** }
 1124              		.loc 10 126 46 view .LVU398
 1125 0206 A4EEA77A 		vfma.f32	s14, s9, s15
 126:VaDist.cpp    **** }
 1126              		.loc 10 126 16 view .LVU399
 1127 020a A2EC017A 		vstmia.32	r2!, {s14}
 125:VaDist.cpp    ****         out[i] = m[i][0]*v[0] + m[i][1]*v[1] + m[i][2]*v[2];
 1128              		.loc 10 125 5 is_stmt 1 view .LVU400
 125:VaDist.cpp    ****         out[i] = m[i][0]*v[0] + m[i][1]*v[1] + m[i][2]*v[2];
 1129              		.loc 10 125 22 view .LVU401
 1130 020e 9142     		cmp	r1, r2
 1131 0210 07D0     		beq	.L52
 126:VaDist.cpp    **** }
 1132              		.loc 10 126 24 is_stmt 0 view .LVU402
 1133 0212 93ED035A 		vldr.32	s10, [r3, #12]
 1134 0216 0C33     		adds	r3, r3, #12
 126:VaDist.cpp    **** }
 1135              		.loc 10 126 39 view .LVU403
 1136 0218 93ED017A 		vldr.32	s14, [r3, #4]
ARM GAS  C:\Users\isaia\AppData\Local\Temp\ccP6lw9u.s 			page 51


 126:VaDist.cpp    **** }
 1137              		.loc 10 126 54 view .LVU404
 1138 021c D3ED024A 		vldr.32	s9, [r3, #8]
 1139 0220 E7E7     		b	.L41
 1140              	.L52:
 1141 0222 2249     		ldr	r1, .L53+52
 1142 0224 0B46     		mov	r3, r1
 1143 0226 01F10C02 		add	r2, r1, #12
 1144              	.L44:
 1145              	.LBE317:
 1146              	.LBE316:
 1147              	.LBB318:
 1148              	.LBB319:
 126:VaDist.cpp    **** }
 1149              		.loc 10 126 9 is_stmt 1 view .LVU405
 126:VaDist.cpp    **** }
 1150              		.loc 10 126 40 is_stmt 0 view .LVU406
 1151 022a DFED217A 		vldr.32	s15, .L53+56
 126:VaDist.cpp    **** }
 1152              		.loc 10 126 31 view .LVU407
 1153 022e 9FED187A 		vldr.32	s14, .L53+24
 126:VaDist.cpp    **** }
 1154              		.loc 10 126 40 view .LVU408
 1155 0232 64EE277A 		vmul.f32	s15, s8, s15
 126:VaDist.cpp    **** }
 1156              		.loc 10 126 31 view .LVU409
 1157 0236 E6EE077A 		vfma.f32	s15, s12, s14
 126:VaDist.cpp    **** }
 1158              		.loc 10 126 46 view .LVU410
 1159 023a E8EE077A 		vfma.f32	s15, s16, s14
 126:VaDist.cpp    **** }
 1160              		.loc 10 126 16 view .LVU411
 1161 023e E3EC017A 		vstmia.32	r3!, {s15}
 125:VaDist.cpp    ****         out[i] = m[i][0]*v[0] + m[i][1]*v[1] + m[i][2]*v[2];
 1162              		.loc 10 125 5 is_stmt 1 view .LVU412
 125:VaDist.cpp    ****         out[i] = m[i][0]*v[0] + m[i][1]*v[1] + m[i][2]*v[2];
 1163              		.loc 10 125 22 view .LVU413
 1164 0242 9A42     		cmp	r2, r3
 1165 0244 08D0     		beq	.L45
 126:VaDist.cpp    **** }
 1166              		.loc 10 126 24 is_stmt 0 view .LVU414
 1167 0246 9CED036A 		vldr.32	s12, [ip, #12]
 1168 024a 0CF10C0C 		add	ip, ip, #12
 126:VaDist.cpp    **** }
 1169              		.loc 10 126 39 view .LVU415
 1170 024e 9CED014A 		vldr.32	s8, [ip, #4]
 126:VaDist.cpp    **** }
 1171              		.loc 10 126 54 view .LVU416
 1172 0252 9CED028A 		vldr.32	s16, [ip, #8]
 1173 0256 E8E7     		b	.L44
 1174              	.L45:
 1175              	.LBE319:
 1176              	.LBE318:
 189:VaDist.cpp    **** }
 1177              		.loc 10 189 5 is_stmt 1 view .LVU417
 189:VaDist.cpp    **** }
 1178              		.loc 10 189 13 is_stmt 0 view .LVU418
ARM GAS  C:\Users\isaia\AppData\Local\Temp\ccP6lw9u.s 			page 52


 1179 0258 164B     		ldr	r3, .L53+60
 1180 025a 4A68     		ldr	r2, [r1, #4]	@ float
 1181 025c 1A60     		str	r2, [r3]	@ float
 190:VaDist.cpp    **** 
 1182              		.loc 10 190 1 view .LVU419
 1183 025e 25B0     		add	sp, sp, #148
 1184              		.cfi_remember_state
 1185              		.cfi_def_cfa_offset 20
 1186              		@ sp needed
 1187 0260 BDEC028B 		vldm	sp!, {d8}
 1188              		.cfi_restore 80
 1189              		.cfi_restore 81
 1190              		.cfi_def_cfa_offset 12
 1191 0264 30BD     		pop	{r4, r5, pc}
 1192              	.LVL87:
 1193              	.L46:
 1194              		.cfi_restore_state
 190:VaDist.cpp    **** 
 1195              		.loc 10 190 1 view .LVU420
 1196 0266 DFED147A 		vldr.32	s15, .L53+64
 1197 026a E5E6     		b	.L32
 1198              	.LVL88:
 1199              	.L48:
 1200              	.LBB320:
 1201              	.LBB307:
 190:VaDist.cpp    **** 
 1202              		.loc 10 190 1 view .LVU421
 1203 026c B0EE484A 		vmov.f32	s8, s16
 1204 0270 B0EE486A 		vmov.f32	s12, s16
 1205 0274 89E7     		b	.L38
 1206              	.L54:
 1207 0276 00BF     		.align	2
 1208              	.L53:
 1209 0278 00504347 		.word	1195593728
 1210 027c 00384747 		.word	1195849728
 1211 0280 E54C602E 		.word	778063077
 1212 0284 A6A17ECA 		.word	-897670746
 1213 0288 7B778DC5 		.word	-980584581
 1214 028c 0000C8C2 		.word	-1027080192
 1215 0290 00000000 		.word	0
 1216 0294 6042A20D 		.word	228737632
 1217 0298 0C000000 		.word	.LANCHOR0+12
 1218 029c 00000000 		.word	.LANCHOR1
 1219 02a0 A6A17E4A 		.word	1249812902
 1220 02a4 0000C842 		.word	1120403456
 1221 02a8 7B778D45 		.word	1166899067
 1222 02ac 00000000 		.word	.LANCHOR3
 1223 02b0 FE1692D0 		.word	-795732226
 1224 02b4 00000000 		.word	.LANCHOR2
 1225 02b8 7FB9BBC8 		.word	-927221377
 1226              	.LBE307:
 1227              	.LBE320:
 1228              		.cfi_endproc
 1229              	.LFE4909:
 1231              		.section	.text._Z13AudioCallbackPKPKfPPfj,"ax",%progbits
 1232              		.align	1
 1233              		.p2align 2,,3
ARM GAS  C:\Users\isaia\AppData\Local\Temp\ccP6lw9u.s 			page 53


 1234              		.global	_Z13AudioCallbackPKPKfPPfj
 1235              		.syntax unified
 1236              		.thumb
 1237              		.thumb_func
 1238              		.fpu fpv5-d16
 1240              	_Z13AudioCallbackPKPKfPPfj:
 1241              	.LVL89:
 1242              	.LFB4911:
 317:VaDist.cpp    **** 
 318:VaDist.cpp    **** /* ====================================================================
 319:VaDist.cpp    ****  *  Audio Callback
 320:VaDist.cpp    ****  * ==================================================================== */
 321:VaDist.cpp    **** void AudioCallback(AudioHandle::InputBuffer  in,
 322:VaDist.cpp    ****                    AudioHandle::OutputBuffer out,
 323:VaDist.cpp    ****                    size_t                    size)
 324:VaDist.cpp    **** {
 1243              		.loc 10 324 1 is_stmt 1 view -0
 1244              		.cfi_startproc
 1245              		@ args = 0, pretend = 0, frame = 0
 1246              		@ frame_needed = 0, uses_anonymous_args = 0
 325:VaDist.cpp    ****     euro.patch.ProcessAllControls();
 1247              		.loc 10 325 5 view .LVU423
 1248              	.LBB321:
 1249              	.LBI321:
  66:../../libDaisy//src/daisy_patch_sm.h **** 
  67:../../libDaisy//src/daisy_patch_sm.h ****         /** Initializes the memories, and core peripherals for the Daisy Patch SM */
  68:../../libDaisy//src/daisy_patch_sm.h ****         void Init();
  69:../../libDaisy//src/daisy_patch_sm.h **** 
  70:../../libDaisy//src/daisy_patch_sm.h ****         /** Starts a non-interleaving audio callback */
  71:../../libDaisy//src/daisy_patch_sm.h ****         void StartAudio(AudioHandle::AudioCallback cb);
  72:../../libDaisy//src/daisy_patch_sm.h **** 
  73:../../libDaisy//src/daisy_patch_sm.h ****         /** Starts an interleaving audio callback */
  74:../../libDaisy//src/daisy_patch_sm.h ****         void StartAudio(AudioHandle::InterleavingAudioCallback cb);
  75:../../libDaisy//src/daisy_patch_sm.h **** 
  76:../../libDaisy//src/daisy_patch_sm.h ****         /** Changes the callback that is executing.
  77:../../libDaisy//src/daisy_patch_sm.h ****          *  This may cause clicks if done while audio is processing.
  78:../../libDaisy//src/daisy_patch_sm.h ****          */
  79:../../libDaisy//src/daisy_patch_sm.h ****         void ChangeAudioCallback(AudioHandle::AudioCallback cb);
  80:../../libDaisy//src/daisy_patch_sm.h **** 
  81:../../libDaisy//src/daisy_patch_sm.h ****         /** Changes the callback that is executing.
  82:../../libDaisy//src/daisy_patch_sm.h ****          *  This may cause clicks if done while audio is processing.
  83:../../libDaisy//src/daisy_patch_sm.h ****          */
  84:../../libDaisy//src/daisy_patch_sm.h ****         void ChangeAudioCallback(AudioHandle::InterleavingAudioCallback cb);
  85:../../libDaisy//src/daisy_patch_sm.h **** 
  86:../../libDaisy//src/daisy_patch_sm.h ****         /** Stops the transmission of audio. */
  87:../../libDaisy//src/daisy_patch_sm.h ****         void StopAudio();
  88:../../libDaisy//src/daisy_patch_sm.h **** 
  89:../../libDaisy//src/daisy_patch_sm.h ****         /** Sets the number of samples processed in an audio callback. 
  90:../../libDaisy//src/daisy_patch_sm.h ****          *  This will only take effect on the next invocation of `StartAudio`
  91:../../libDaisy//src/daisy_patch_sm.h ****          */
  92:../../libDaisy//src/daisy_patch_sm.h ****         void SetAudioBlockSize(size_t size);
  93:../../libDaisy//src/daisy_patch_sm.h **** 
  94:../../libDaisy//src/daisy_patch_sm.h ****         /** Sets the samplerate for the audio engine 
  95:../../libDaisy//src/daisy_patch_sm.h ****          *  This will set it to the closest valid samplerate. Options being:
  96:../../libDaisy//src/daisy_patch_sm.h ****          *  8kHz, 16kHz, 32kHz, 48kHz, and 96kHz
  97:../../libDaisy//src/daisy_patch_sm.h ****          */
  98:../../libDaisy//src/daisy_patch_sm.h ****         void SetAudioSampleRate(float sr);
ARM GAS  C:\Users\isaia\AppData\Local\Temp\ccP6lw9u.s 			page 54


  99:../../libDaisy//src/daisy_patch_sm.h **** 
 100:../../libDaisy//src/daisy_patch_sm.h ****         void SetAudioSampleRate(SaiHandle::Config::SampleRate sample_rate);
 101:../../libDaisy//src/daisy_patch_sm.h **** 
 102:../../libDaisy//src/daisy_patch_sm.h ****         /** Returns the number of samples processed in an audio callback */
 103:../../libDaisy//src/daisy_patch_sm.h ****         size_t AudioBlockSize();
 104:../../libDaisy//src/daisy_patch_sm.h **** 
 105:../../libDaisy//src/daisy_patch_sm.h ****         /** Returns the audio engine's samplerate in Hz */
 106:../../libDaisy//src/daisy_patch_sm.h ****         float AudioSampleRate();
 107:../../libDaisy//src/daisy_patch_sm.h **** 
 108:../../libDaisy//src/daisy_patch_sm.h ****         /** Returns the rate at which the audio callback will be called in Hz */
 109:../../libDaisy//src/daisy_patch_sm.h ****         float AudioCallbackRate();
 110:../../libDaisy//src/daisy_patch_sm.h **** 
 111:../../libDaisy//src/daisy_patch_sm.h ****         /** Starts the Control ADCs 
 112:../../libDaisy//src/daisy_patch_sm.h ****          * 
 113:../../libDaisy//src/daisy_patch_sm.h ****          *  This is started automatically when Init() is called.
 114:../../libDaisy//src/daisy_patch_sm.h ****          */
 115:../../libDaisy//src/daisy_patch_sm.h ****         void StartAdc();
 116:../../libDaisy//src/daisy_patch_sm.h **** 
 117:../../libDaisy//src/daisy_patch_sm.h ****         /** Stops the Control ADCs */
 118:../../libDaisy//src/daisy_patch_sm.h ****         void StopAdc();
 119:../../libDaisy//src/daisy_patch_sm.h **** 
 120:../../libDaisy//src/daisy_patch_sm.h ****         /** Reads and filters all of the analog control inputs */
 121:../../libDaisy//src/daisy_patch_sm.h ****         void ProcessAnalogControls();
 122:../../libDaisy//src/daisy_patch_sm.h **** 
 123:../../libDaisy//src/daisy_patch_sm.h ****         /** Reads and debounces any of the digital control inputs 
 124:../../libDaisy//src/daisy_patch_sm.h ****          *  This does nothing on this board at this time.
 125:../../libDaisy//src/daisy_patch_sm.h ****          */
 126:../../libDaisy//src/daisy_patch_sm.h ****         void ProcessDigitalControls();
 127:../../libDaisy//src/daisy_patch_sm.h **** 
 128:../../libDaisy//src/daisy_patch_sm.h ****         /** Does both of the above */
 129:../../libDaisy//src/daisy_patch_sm.h ****         void ProcessAllControls()
 1250              		.loc 2 129 14 view .LVU424
 1251              	.LBB322:
 130:../../libDaisy//src/daisy_patch_sm.h ****         {
 131:../../libDaisy//src/daisy_patch_sm.h ****             ProcessAnalogControls();
 1252              		.loc 2 131 13 view .LVU425
 1253              	.LBE322:
 1254              	.LBE321:
 324:VaDist.cpp    ****     euro.patch.ProcessAllControls();
 1255              		.loc 10 324 1 is_stmt 0 view .LVU426
 1256 0000 2DE9F84F 		push	{r3, r4, r5, r6, r7, r8, r9, r10, fp, lr}
 1257              		.cfi_def_cfa_offset 40
 1258              		.cfi_offset 3, -40
 1259              		.cfi_offset 4, -36
 1260              		.cfi_offset 5, -32
 1261              		.cfi_offset 6, -28
 1262              		.cfi_offset 7, -24
 1263              		.cfi_offset 8, -20
 1264              		.cfi_offset 9, -16
 1265              		.cfi_offset 10, -12
 1266              		.cfi_offset 11, -8
 1267              		.cfi_offset 14, -4
 1268 0004 0746     		mov	r7, r0
 1269              	.LBB325:
 1270              	.LBB323:
 1271              		.loc 2 131 34 view .LVU427
 1272 0006 D848     		ldr	r0, .L102
ARM GAS  C:\Users\isaia\AppData\Local\Temp\ccP6lw9u.s 			page 55


 1273              	.LVL90:
 1274              		.loc 2 131 34 view .LVU428
 1275              	.LBE323:
 1276              	.LBE325:
 324:VaDist.cpp    ****     euro.patch.ProcessAllControls();
 1277              		.loc 10 324 1 view .LVU429
 1278 0008 9246     		mov	r10, r2
 1279 000a 8846     		mov	r8, r1
 326:VaDist.cpp    ****     euro.button.Debounce();
 327:VaDist.cpp    ****     euro.toggle1.Debounce();
 328:VaDist.cpp    **** 
 329:VaDist.cpp    ****     /* ---- Read controls ------------------------------------------------ */
 330:VaDist.cpp    **** 
 331:VaDist.cpp    ****     // KNOB 1 – Drive (0-100)
 332:VaDist.cpp    ****     float drive_knob = euro.GetKnobValue(planter::KNOB_1) * 5.0f;
 333:VaDist.cpp    ****     // CV In 1: adds 0-5 from 0-5 V (GetCvIn returns 0-1 for 0-5V)
 334:VaDist.cpp    ****     float drive_cv   = fmaxf(0.0f, euro.GetCvIn(0)) * 5.0f;
 335:VaDist.cpp    ****     float drive      = fminf(drive_knob + drive_cv, 5.0f);
 336:VaDist.cpp    ****     if(drive < 0.01f) drive = 0.01f;
 337:VaDist.cpp    **** 
 338:VaDist.cpp    ****     // KNOB 2 – Tone (0-1)
 339:VaDist.cpp    ****     float tone_knob = euro.GetKnobValue(planter::KNOB_2);
 1280              		.loc 10 339 40 view .LVU430
 1281 000c D74C     		ldr	r4, .L102+4
 324:VaDist.cpp    ****     euro.patch.ProcessAllControls();
 1282              		.loc 10 324 1 view .LVU431
 1283 000e 2DED068B 		vpush.64	{d8, d9, d10}
 1284              		.cfi_def_cfa_offset 64
 1285              		.cfi_offset 80, -64
 1286              		.cfi_offset 81, -60
 1287              		.cfi_offset 82, -56
 1288              		.cfi_offset 83, -52
 1289              		.cfi_offset 84, -48
 1290              		.cfi_offset 85, -44
 1291              	.LBB326:
 1292              	.LBB324:
 1293              		.loc 2 131 34 view .LVU432
 1294 0012 FFF7FEFF 		bl	_ZN5daisy8patch_sm12DaisyPatchSM21ProcessAnalogControlsEv
 1295              	.LVL91:
 132:../../libDaisy//src/daisy_patch_sm.h ****             ProcessDigitalControls();
 1296              		.loc 2 132 13 is_stmt 1 view .LVU433
 1297              		.loc 2 132 35 is_stmt 0 view .LVU434
 1298 0016 D448     		ldr	r0, .L102
 1299 0018 FFF7FEFF 		bl	_ZN5daisy8patch_sm12DaisyPatchSM22ProcessDigitalControlsEv
 1300              	.LVL92:
 1301              		.loc 2 132 35 view .LVU435
 1302              	.LBE324:
 1303              	.LBE326:
 326:VaDist.cpp    ****     euro.button.Debounce();
 1304              		.loc 10 326 5 is_stmt 1 view .LVU436
 326:VaDist.cpp    ****     euro.button.Debounce();
 1305              		.loc 10 326 25 is_stmt 0 view .LVU437
 1306 001c D448     		ldr	r0, .L102+8
 1307 001e FFF7FEFF 		bl	_ZN5daisy6Switch8DebounceEv
 1308              	.LVL93:
 327:VaDist.cpp    **** 
 1309              		.loc 10 327 5 is_stmt 1 view .LVU438
ARM GAS  C:\Users\isaia\AppData\Local\Temp\ccP6lw9u.s 			page 56


 327:VaDist.cpp    **** 
 1310              		.loc 10 327 26 is_stmt 0 view .LVU439
 1311 0022 D448     		ldr	r0, .L102+12
 1312 0024 FFF7FEFF 		bl	_ZN5daisy6Switch8DebounceEv
 1313              	.LVL94:
 332:VaDist.cpp    ****     // CV In 1: adds 0-5 from 0-5 V (GetCvIn returns 0-1 for 0-5V)
 1314              		.loc 10 332 5 is_stmt 1 view .LVU440
 332:VaDist.cpp    ****     // CV In 1: adds 0-5 from 0-5 V (GetCvIn returns 0-1 for 0-5V)
 1315              		.loc 10 332 41 is_stmt 0 view .LVU441
 1316 0028 0421     		movs	r1, #4
 1317 002a D048     		ldr	r0, .L102+4
 340:VaDist.cpp    ****     float tone_cv   = fmaxf(0.0f, euro.GetCvIn(1));
 341:VaDist.cpp    ****     float tone      = fminf(tone_knob + tone_cv, 1.0f);
 1318              		.loc 10 341 28 view .LVU442
 1319 002c F7EE00AA 		vmov.f32	s21, #1.0e+0
 332:VaDist.cpp    ****     // CV In 1: adds 0-5 from 0-5 V (GetCvIn returns 0-1 for 0-5V)
 1320              		.loc 10 332 41 view .LVU443
 1321 0030 FFF7FEFF 		bl	_ZN9anachrome7planter12GetKnobValueEi
 1322              	.LVL95:
 334:VaDist.cpp    ****     float drive      = fminf(drive_knob + drive_cv, 5.0f);
 1323              		.loc 10 334 29 view .LVU444
 1324 0034 0021     		movs	r1, #0
 1325 0036 CD48     		ldr	r0, .L102+4
 332:VaDist.cpp    ****     // CV In 1: adds 0-5 from 0-5 V (GetCvIn returns 0-1 for 0-5V)
 1326              		.loc 10 332 41 view .LVU445
 1327 0038 F0EE408A 		vmov.f32	s17, s0
 1328              	.LVL96:
 334:VaDist.cpp    ****     float drive      = fminf(drive_knob + drive_cv, 5.0f);
 1329              		.loc 10 334 5 is_stmt 1 view .LVU446
 334:VaDist.cpp    ****     float drive      = fminf(drive_knob + drive_cv, 5.0f);
 1330              		.loc 10 334 29 is_stmt 0 view .LVU447
 1331 003c FFF7FEFF 		bl	_ZN9anachrome7planter7GetCvInEi
 1332              	.LVL97:
 334:VaDist.cpp    ****     float drive      = fminf(drive_knob + drive_cv, 5.0f);
 1333              		.loc 10 334 55 view .LVU448
 1334 0040 B1EE047A 		vmov.f32	s14, #5.0e+0
 340:VaDist.cpp    ****     float tone_cv   = fmaxf(0.0f, euro.GetCvIn(1));
 1335              		.loc 10 340 28 view .LVU449
 1336 0044 9FEDCC9A 		vldr.32	s18, .L102+16
 339:VaDist.cpp    ****     float tone_cv   = fmaxf(0.0f, euro.GetCvIn(1));
 1337              		.loc 10 339 40 view .LVU450
 1338 0048 0521     		movs	r1, #5
 336:VaDist.cpp    **** 
 1339              		.loc 10 336 5 view .LVU451
 1340 004a DFEDCC6A 		vldr.32	s13, .L102+20
 339:VaDist.cpp    ****     float tone_cv   = fmaxf(0.0f, euro.GetCvIn(1));
 1341              		.loc 10 339 40 view .LVU452
 1342 004e 2046     		mov	r0, r4
 334:VaDist.cpp    ****     float drive      = fminf(drive_knob + drive_cv, 5.0f);
 1343              		.loc 10 334 29 view .LVU453
 1344 0050 89FE008A 		vmaxnm.f32	s16, s18, s0
 1345              	.LVL98:
 335:VaDist.cpp    ****     if(drive < 0.01f) drive = 0.01f;
 1346              		.loc 10 335 5 is_stmt 1 view .LVU454
 334:VaDist.cpp    ****     float drive      = fminf(drive_knob + drive_cv, 5.0f);
 1347              		.loc 10 334 55 is_stmt 0 view .LVU455
 1348 0054 28EE078A 		vmul.f32	s16, s16, s14
ARM GAS  C:\Users\isaia\AppData\Local\Temp\ccP6lw9u.s 			page 57


 1349              	.LVL99:
 335:VaDist.cpp    ****     if(drive < 0.01f) drive = 0.01f;
 1350              		.loc 10 335 29 view .LVU456
 1351 0058 A8EE878A 		vfma.f32	s16, s17, s14
 1352              	.LVL100:
 335:VaDist.cpp    ****     if(drive < 0.01f) drive = 0.01f;
 1353              		.loc 10 335 29 view .LVU457
 1354 005c 88FE478A 		vminnm.f32	s16, s16, s14
 1355              	.LVL101:
 336:VaDist.cpp    **** 
 1356              		.loc 10 336 5 is_stmt 1 view .LVU458
 336:VaDist.cpp    **** 
 1357              		.loc 10 336 29 is_stmt 0 view .LVU459
 1358 0060 B4EE668A 		vcmp.f32	s16, s13
 1359 0064 F1EE10FA 		vmrs	APSR_nzcv, FPSCR
 1360 0068 48BF     		it	mi
 1361 006a B0EE668A 		vmovmi.f32	s16, s13
 1362              	.LVL102:
 339:VaDist.cpp    ****     float tone_cv   = fmaxf(0.0f, euro.GetCvIn(1));
 1363              		.loc 10 339 5 is_stmt 1 view .LVU460
 339:VaDist.cpp    ****     float tone_cv   = fmaxf(0.0f, euro.GetCvIn(1));
 1364              		.loc 10 339 40 is_stmt 0 view .LVU461
 1365 006e FFF7FEFF 		bl	_ZN9anachrome7planter12GetKnobValueEi
 1366              	.LVL103:
 339:VaDist.cpp    ****     float tone_cv   = fmaxf(0.0f, euro.GetCvIn(1));
 1367              		.loc 10 339 40 view .LVU462
 1368 0072 F0EE408A 		vmov.f32	s17, s0
 1369              	.LVL104:
 340:VaDist.cpp    ****     float tone      = fminf(tone_knob + tone_cv, 1.0f);
 1370              		.loc 10 340 5 is_stmt 1 view .LVU463
 340:VaDist.cpp    ****     float tone      = fminf(tone_knob + tone_cv, 1.0f);
 1371              		.loc 10 340 28 is_stmt 0 view .LVU464
 1372 0076 0121     		movs	r1, #1
 1373 0078 2046     		mov	r0, r4
 1374 007a FFF7FEFF 		bl	_ZN9anachrome7planter7GetCvInEi
 1375              	.LVL105:
 342:VaDist.cpp    **** 
 343:VaDist.cpp    ****     // KNOB 3 – Master Volume (0-1)
 344:VaDist.cpp    ****     float vol_knob = euro.GetKnobValue(planter::KNOB_3);
 1376              		.loc 10 344 39 view .LVU465
 1377 007e 0621     		movs	r1, #6
 1378 0080 2046     		mov	r0, r4
 340:VaDist.cpp    ****     float tone      = fminf(tone_knob + tone_cv, 1.0f);
 1379              		.loc 10 340 28 view .LVU466
 1380 0082 89FE000A 		vmaxnm.f32	s0, s18, s0
 1381              	.LVL106:
 341:VaDist.cpp    **** 
 1382              		.loc 10 341 5 is_stmt 1 view .LVU467
 341:VaDist.cpp    **** 
 1383              		.loc 10 341 28 is_stmt 0 view .LVU468
 1384 0086 78EE808A 		vadd.f32	s17, s17, s0
 1385              	.LVL107:
 1386              		.loc 10 344 39 view .LVU469
 1387 008a FFF7FEFF 		bl	_ZN9anachrome7planter12GetKnobValueEi
 1388              	.LVL108:
 1389              		.loc 10 344 39 view .LVU470
 1390 008e F0EE409A 		vmov.f32	s19, s0
ARM GAS  C:\Users\isaia\AppData\Local\Temp\ccP6lw9u.s 			page 58


 345:VaDist.cpp    ****     float vol_cv   = fmaxf(0.0f, euro.GetCvIn(2));
 1391              		.loc 10 345 27 view .LVU471
 1392 0092 0221     		movs	r1, #2
 1393 0094 2046     		mov	r0, r4
 1394 0096 FFF7FEFF 		bl	_ZN9anachrome7planter7GetCvInEi
 1395              	.LVL109:
 346:VaDist.cpp    ****     float volume   = fminf(vol_knob + vol_cv, 1.0f);
 347:VaDist.cpp    **** 
 348:VaDist.cpp    ****     // KNOB 4 – Clean Blend (0 = full wet, 1 = full dry)
 349:VaDist.cpp    ****     float blend_knob = euro.GetKnobValue(planter::KNOB_4);
 1396              		.loc 10 349 41 view .LVU472
 1397 009a 0721     		movs	r1, #7
 1398 009c 2046     		mov	r0, r4
 345:VaDist.cpp    ****     float vol_cv   = fmaxf(0.0f, euro.GetCvIn(2));
 1399              		.loc 10 345 27 view .LVU473
 1400 009e 89FE000A 		vmaxnm.f32	s0, s18, s0
 346:VaDist.cpp    ****     float volume   = fminf(vol_knob + vol_cv, 1.0f);
 1401              		.loc 10 346 27 view .LVU474
 1402 00a2 79EE809A 		vadd.f32	s19, s19, s0
 1403              		.loc 10 349 41 view .LVU475
 1404 00a6 FFF7FEFF 		bl	_ZN9anachrome7planter12GetKnobValueEi
 1405              	.LVL110:
 350:VaDist.cpp    ****     float blend_cv   = fmaxf(0.0f, euro.GetCvIn(3));
 1406              		.loc 10 350 29 view .LVU476
 1407 00aa 0321     		movs	r1, #3
 1408 00ac 2046     		mov	r0, r4
 349:VaDist.cpp    ****     float blend_cv   = fmaxf(0.0f, euro.GetCvIn(3));
 1409              		.loc 10 349 41 view .LVU477
 1410 00ae B0EE40AA 		vmov.f32	s20, s0
 1411              		.loc 10 350 29 view .LVU478
 1412 00b2 FFF7FEFF 		bl	_ZN9anachrome7planter7GetCvInEi
 1413              	.LVL111:
 351:VaDist.cpp    ****     float blend      = fminf(blend_knob + blend_cv, 1.0f);
 352:VaDist.cpp    **** 
 353:VaDist.cpp    ****     // Toggle 1: UP = symmetric, DOWN = asymmetric
 354:VaDist.cpp    ****     bool symmetric = euro.toggle1.Pressed();
 355:VaDist.cpp    **** 
 356:VaDist.cpp    ****     /* ---- Recompute matrices if drive changed noticeably --------------- */
 357:VaDist.cpp    ****     if(fabsf(drive - cur_drive) > 0.1f)
 1414              		.loc 10 357 20 view .LVU479
 1415 00b6 B24B     		ldr	r3, .L102+24
 350:VaDist.cpp    ****     float blend      = fminf(blend_knob + blend_cv, 1.0f);
 1416              		.loc 10 350 29 view .LVU480
 1417 00b8 89FE000A 		vmaxnm.f32	s0, s18, s0
 1418              		.loc 10 357 5 view .LVU481
 1419 00bc 9FEDB17A 		vldr.32	s14, .L102+28
 341:VaDist.cpp    **** 
 1420              		.loc 10 341 28 view .LVU482
 1421 00c0 C8FEEA8A 		vminnm.f32	s17, s17, s21
 1422              	.LVL112:
 344:VaDist.cpp    ****     float vol_cv   = fmaxf(0.0f, euro.GetCvIn(2));
 1423              		.loc 10 344 5 is_stmt 1 view .LVU483
 345:VaDist.cpp    ****     float volume   = fminf(vol_knob + vol_cv, 1.0f);
 1424              		.loc 10 345 5 view .LVU484
 346:VaDist.cpp    **** 
 1425              		.loc 10 346 5 view .LVU485
 1426              		.loc 10 357 20 is_stmt 0 view .LVU486
ARM GAS  C:\Users\isaia\AppData\Local\Temp\ccP6lw9u.s 			page 59


 1427 00c4 D3ED007A 		vldr.32	s15, [r3]
 351:VaDist.cpp    **** 
 1428              		.loc 10 351 29 view .LVU487
 1429 00c8 3AEE00AA 		vadd.f32	s20, s20, s0
 1430              	.LBB327:
 1431              	.LBB328:
  35:../../libDaisy//src/hid/switch.h **** 
  36:../../libDaisy//src/hid/switch.h ****     /** 
  37:../../libDaisy//src/hid/switch.h ****     Initializes the switch object with a given port/pin combo.
  38:../../libDaisy//src/hid/switch.h ****     \param pin port/pin object to tell the switch which hardware pin to use.
  39:../../libDaisy//src/hid/switch.h ****     \param update_rate Does nothing. Backwards compatibility until next breaking update.
  40:../../libDaisy//src/hid/switch.h ****     \param t switch type -- Default: TYPE_MOMENTARY
  41:../../libDaisy//src/hid/switch.h ****     \param pol switch polarity -- Default: POLARITY_INVERTED
  42:../../libDaisy//src/hid/switch.h ****     \param pu switch pull up/down -- Default: PULL_UP
  43:../../libDaisy//src/hid/switch.h ****     */
  44:../../libDaisy//src/hid/switch.h ****     void Init(Pin        pin,
  45:../../libDaisy//src/hid/switch.h ****               float      update_rate,
  46:../../libDaisy//src/hid/switch.h ****               Type       t,
  47:../../libDaisy//src/hid/switch.h ****               Polarity   pol,
  48:../../libDaisy//src/hid/switch.h ****               GPIO::Pull pu = GPIO::Pull::PULLUP);
  49:../../libDaisy//src/hid/switch.h **** 
  50:../../libDaisy//src/hid/switch.h ****     /**
  51:../../libDaisy//src/hid/switch.h ****        Simplified Init.
  52:../../libDaisy//src/hid/switch.h ****        \param pin port/pin object to tell the switch which hardware pin to use.
  53:../../libDaisy//src/hid/switch.h ****        \param update_rate Left for backwards compatibility until next breaking change.
  54:../../libDaisy//src/hid/switch.h ****     */
  55:../../libDaisy//src/hid/switch.h ****     void Init(Pin pin, float update_rate = 0.f);
  56:../../libDaisy//src/hid/switch.h **** 
  57:../../libDaisy//src/hid/switch.h ****     /** 
  58:../../libDaisy//src/hid/switch.h ****     Called at update_rate to debounce and handle timing for the switch.
  59:../../libDaisy//src/hid/switch.h ****     In order for events not to be missed, its important that the Edge/Pressed checks
  60:../../libDaisy//src/hid/switch.h ****     be made at the same rate as the debounce function is being called.
  61:../../libDaisy//src/hid/switch.h ****     */
  62:../../libDaisy//src/hid/switch.h ****     void Debounce();
  63:../../libDaisy//src/hid/switch.h **** 
  64:../../libDaisy//src/hid/switch.h ****     /** \return true if a button was just pressed. */
  65:../../libDaisy//src/hid/switch.h ****     inline bool RisingEdge() const { return updated_ ? state_ == 0x7f : false; }
  66:../../libDaisy//src/hid/switch.h **** 
  67:../../libDaisy//src/hid/switch.h ****     /** \return true if the button was just released */
  68:../../libDaisy//src/hid/switch.h ****     inline bool FallingEdge() const
  69:../../libDaisy//src/hid/switch.h ****     {
  70:../../libDaisy//src/hid/switch.h ****         return updated_ ? state_ == 0x80 : false;
  71:../../libDaisy//src/hid/switch.h ****     }
  72:../../libDaisy//src/hid/switch.h **** 
  73:../../libDaisy//src/hid/switch.h ****     /** \return true if the button is held down (or if the toggle is on) */
  74:../../libDaisy//src/hid/switch.h ****     inline bool Pressed() const { return state_ == 0xff; }
 1432              		.loc 9 74 52 view .LVU488
 1433 00cc 94F86890 		ldrb	r9, [r4, #104]	@ zero_extendqisi2
 1434              	.LBE328:
 1435              	.LBE327:
 346:VaDist.cpp    **** 
 1436              		.loc 10 346 27 view .LVU489
 1437 00d0 C9FEEA9A 		vminnm.f32	s19, s19, s21
 1438              	.LVL113:
 349:VaDist.cpp    ****     float blend_cv   = fmaxf(0.0f, euro.GetCvIn(3));
 1439              		.loc 10 349 5 is_stmt 1 view .LVU490
 350:VaDist.cpp    ****     float blend      = fminf(blend_knob + blend_cv, 1.0f);
ARM GAS  C:\Users\isaia\AppData\Local\Temp\ccP6lw9u.s 			page 60


 1440              		.loc 10 350 5 view .LVU491
 351:VaDist.cpp    **** 
 1441              		.loc 10 351 5 view .LVU492
 1442              		.loc 10 357 20 is_stmt 0 view .LVU493
 1443 00d4 78EE677A 		vsub.f32	s15, s16, s15
 1444              	.LBB332:
 1445              	.LBB329:
 1446              		.loc 9 74 52 view .LVU494
 1447 00d8 A9F1FF09 		sub	r9, r9, #255
 1448              	.LBE329:
 1449              	.LBE332:
 351:VaDist.cpp    **** 
 1450              		.loc 10 351 29 view .LVU495
 1451 00dc 8AFE6AAA 		vminnm.f32	s20, s20, s21
 1452              	.LVL114:
 354:VaDist.cpp    **** 
 1453              		.loc 10 354 5 is_stmt 1 view .LVU496
 1454              	.LBB333:
 1455              	.LBI327:
 1456              		.loc 9 74 17 view .LVU497
 1457              	.LBB330:
 1458              		.loc 9 74 35 view .LVU498
 1459              		.loc 9 74 35 is_stmt 0 view .LVU499
 1460              	.LBE330:
 1461              	.LBE333:
 1462              		.loc 10 357 13 view .LVU500
 1463 00e0 F0EEE77A 		vabs.f32	s15, s15
 1464              	.LBB334:
 1465              	.LBB331:
 1466              		.loc 9 74 52 view .LVU501
 1467 00e4 B9FA89F9 		clz	r9, r9
 1468 00e8 4FEA5919 		lsr	r9, r9, #5
 1469              	.LVL115:
 1470              		.loc 9 74 52 view .LVU502
 1471              	.LBE331:
 1472              	.LBE334:
 1473              		.loc 10 357 5 is_stmt 1 view .LVU503
 1474 00ec F4EEC77A 		vcmpe.f32	s15, s14
 1475 00f0 F1EE10FA 		vmrs	APSR_nzcv, FPSCR
 1476 00f4 00F32B81 		bgt	.L58
 358:VaDist.cpp    ****     {
 359:VaDist.cpp    ****         cur_drive = drive;
 360:VaDist.cpp    ****         RecomputeMatrices(drive, sample_rate);
 1477              		.loc 10 360 26 is_stmt 0 view .LVU504
 1478 00f8 A34B     		ldr	r3, .L102+32
 1479 00fa 93ED009A 		vldr.32	s18, [r3]
 1480              	.LVL116:
 1481              	.L59:
 361:VaDist.cpp    ****     }
 362:VaDist.cpp    **** 
 363:VaDist.cpp    ****     /* ---- Tone filter coefficient (log mapping 100 Hz – 10 kHz) ------- */
 364:VaDist.cpp    ****     float tone_freq  = 100.0f * powf(100.0f, tone);          // 100·100^tone
 1482              		.loc 10 364 5 is_stmt 1 view .LVU505
 1483              		.loc 10 364 37 is_stmt 0 view .LVU506
 1484 00fe 9FEDA38A 		vldr.32	s16, .L102+36
 1485              	.LVL117:
 1486              		.loc 10 364 37 view .LVU507
ARM GAS  C:\Users\isaia\AppData\Local\Temp\ccP6lw9u.s 			page 61


 1487 0102 F0EE680A 		vmov.f32	s1, s17
 1488 0106 B0EE480A 		vmov.f32	s0, s16
 1489 010a FFF7FEFF 		bl	powf
 1490              	.LVL118:
 365:VaDist.cpp    ****     float tone_coeff = 1.0f - expf(-6.2831853f * tone_freq / sample_rate);
 1491              		.loc 10 365 5 is_stmt 1 view .LVU508
 364:VaDist.cpp    ****     float tone_coeff = 1.0f - expf(-6.2831853f * tone_freq / sample_rate);
 1492              		.loc 10 364 50 is_stmt 0 view .LVU509
 1493 010e 20EE080A 		vmul.f32	s0, s0, s16
 1494              	.LVL119:
 1495              		.loc 10 365 48 view .LVU510
 1496 0112 DFED9F7A 		vldr.32	s15, .L102+40
 1497 0116 20EE270A 		vmul.f32	s0, s0, s15
 1498              	.LVL120:
 1499              		.loc 10 365 35 view .LVU511
 1500 011a 80EE090A 		vdiv.f32	s0, s0, s18
 1501 011e FFF7FEFF 		bl	expf
 1502              	.LVL121:
 1503              		.loc 10 365 73 view .LVU512
 1504 0122 B7EE009A 		vmov.f32	s18, #1.0e+0
 1505 0126 39EE409A 		vsub.f32	s18, s18, s0
 1506              	.LVL122:
 366:VaDist.cpp    **** 
 367:VaDist.cpp    ****     /* DC blocking filter coefficient: HPF at ~10 Hz */
 368:VaDist.cpp    ****     static constexpr float dc_R = 0.9987f;   // 1 - 2*pi*10/48000
 1507              		.loc 10 368 5 is_stmt 1 view .LVU513
 369:VaDist.cpp    **** 
 370:VaDist.cpp    ****     /* ---- Per-sample processing (true stereo) ------------------------ */
 371:VaDist.cpp    ****     bool bypass = (blend >= 0.99f);  // skip simulation at full clean blend
 1508              		.loc 10 371 5 view .LVU514
 372:VaDist.cpp    **** 
 373:VaDist.cpp    ****     for(size_t i = 0; i < size; i++)
 1509              		.loc 10 373 5 view .LVU515
 1510              	.LBB335:
 1511              		.loc 10 373 25 view .LVU516
 1512 012a BAF1000F 		cmp	r10, #0
 1513 012e 00F0CE80 		beq	.L98
 1514              		.loc 10 373 16 is_stmt 0 view .LVU517
 1515 0132 0026     		movs	r6, #0
 1516 0134 974C     		ldr	r4, .L102+44
 1517 0136 984D     		ldr	r5, .L102+48
 1518 0138 2EE0     		b	.L60
 1519              	.LVL123:
 1520              	.L101:
 1521              	.LBB336:
 374:VaDist.cpp    ****     {
 375:VaDist.cpp    ****         float dry_L = IN_L[i];
 376:VaDist.cpp    ****         float dry_R = IN_R[i];
 377:VaDist.cpp    ****         float out_L, out_R;
 378:VaDist.cpp    **** 
 379:VaDist.cpp    ****         if(bypass)
 380:VaDist.cpp    ****         {
 381:VaDist.cpp    ****             /* Pure passthrough — no simulation, no CPU spent on expf() */
 382:VaDist.cpp    ****             out_L = dry_L * volume;
 383:VaDist.cpp    ****             out_R = dry_R * volume;
 384:VaDist.cpp    ****         }
 385:VaDist.cpp    ****         else
ARM GAS  C:\Users\isaia\AppData\Local\Temp\ccP6lw9u.s 			page 62


 386:VaDist.cpp    ****         {
 387:VaDist.cpp    ****             /* --- Left channel: simulation + tone + blend --- */
 388:VaDist.cpp    ****             float wet_L = ProcessSample(dry_L, symmetric, ch_L);
 389:VaDist.cpp    ****             ch_L.tone_lp += tone_coeff * (wet_L - ch_L.tone_lp);
 390:VaDist.cpp    ****             float mix_L = ch_L.tone_lp * (1.0f - blend) + dry_L * blend;
 391:VaDist.cpp    ****             out_L = mix_L * volume;
 392:VaDist.cpp    **** 
 393:VaDist.cpp    ****             /* --- Right channel: simulation + tone + blend --- */
 394:VaDist.cpp    ****             float wet_R = ProcessSample(dry_R, symmetric, ch_R);
 395:VaDist.cpp    ****             ch_R.tone_lp += tone_coeff * (wet_R - ch_R.tone_lp);
 396:VaDist.cpp    ****             float mix_R = ch_R.tone_lp * (1.0f - blend) + dry_R * blend;
 397:VaDist.cpp    ****             out_R = mix_R * volume;
 398:VaDist.cpp    ****         }
 399:VaDist.cpp    **** 
 400:VaDist.cpp    ****         /* Hard clip */
 401:VaDist.cpp    ****         if(out_L >  1.0f) out_L =  1.0f;
 402:VaDist.cpp    ****         if(out_L < -1.0f) out_L = -1.0f;
 403:VaDist.cpp    ****         if(out_R >  1.0f) out_R =  1.0f;
 404:VaDist.cpp    ****         if(out_R < -1.0f) out_R = -1.0f;
 405:VaDist.cpp    **** 
 406:VaDist.cpp    ****         /* DC blocking HPF: y[n] = x[n] - x[n-1] + R·y[n-1], ~10 Hz cutoff */
 407:VaDist.cpp    ****         {
 408:VaDist.cpp    ****             float dc_y_L = out_L - ch_L.dc_x1 + dc_R * ch_L.dc_y1;
 409:VaDist.cpp    ****             ch_L.dc_x1 = out_L;
 410:VaDist.cpp    ****             ch_L.dc_y1 = dc_y_L;
 411:VaDist.cpp    ****             out_L = dc_y_L;
 412:VaDist.cpp    **** 
 413:VaDist.cpp    ****             float dc_y_R = out_R - ch_R.dc_x1 + dc_R * ch_R.dc_y1;
 414:VaDist.cpp    ****             ch_R.dc_x1 = out_R;
 415:VaDist.cpp    ****             ch_R.dc_y1 = dc_y_R;
 416:VaDist.cpp    ****             out_R = dc_y_R;
 417:VaDist.cpp    ****         }
 418:VaDist.cpp    **** 
 419:VaDist.cpp    ****         /* Envelope follower (peak detector) */
 420:VaDist.cpp    ****         float abs_L = fabsf(out_L);
 421:VaDist.cpp    ****         if(abs_L > ch_L.env)
 422:VaDist.cpp    ****             ch_L.env = env_attack * ch_L.env + (1.0f - env_attack) * abs_L;
 1522              		.loc 10 422 13 is_stmt 1 view .LVU518
 1523              		.loc 10 422 35 is_stmt 0 view .LVU519
 1524 013a 984B     		ldr	r3, .L102+52
 1525              		.loc 10 422 54 view .LVU520
 1526 013c B7EE006A 		vmov.f32	s12, #1.0e+0
 1527              		.loc 10 422 35 view .LVU521
 1528 0140 93ED005A 		vldr.32	s10, [r3]
 1529              		.loc 10 422 54 view .LVU522
 1530 0144 36EE456A 		vsub.f32	s12, s12, s10
 1531              		.loc 10 422 68 view .LVU523
 1532 0148 26EE076A 		vmul.f32	s12, s12, s14
 1533              		.loc 10 422 46 view .LVU524
 1534 014c A5EE856A 		vfma.f32	s12, s11, s10
 1535              	.L72:
 423:VaDist.cpp    ****         else
 424:VaDist.cpp    ****             ch_L.env *= env_release;
 425:VaDist.cpp    **** 
 426:VaDist.cpp    ****         float abs_R = fabsf(out_R);
 1536              		.loc 10 426 15 view .LVU525
 1537 0150 B0EEE75A 		vabs.f32	s10, s15
ARM GAS  C:\Users\isaia\AppData\Local\Temp\ccP6lw9u.s 			page 63


 427:VaDist.cpp    ****         if(abs_R > ch_R.env)
 1538              		.loc 10 427 25 view .LVU526
 1539 0154 D5ED065A 		vldr.32	s11, [r5, #24]
 1540 0158 84ED066A 		vstr.32	s12, [r4, #24]
 426:VaDist.cpp    ****         if(abs_R > ch_R.env)
 1541              		.loc 10 426 9 is_stmt 1 view .LVU527
 1542              	.LVL124:
 1543              		.loc 10 427 9 view .LVU528
 1544 015c F4EEC55A 		vcmpe.f32	s11, s10
 1545 0160 F1EE10FA 		vmrs	APSR_nzcv, FPSCR
 1546 0164 6CD5     		bpl	.L94
 428:VaDist.cpp    ****             ch_R.env = env_attack * ch_R.env + (1.0f - env_attack) * abs_R;
 1547              		.loc 10 428 13 view .LVU529
 1548              		.loc 10 428 35 is_stmt 0 view .LVU530
 1549 0166 8D4B     		ldr	r3, .L102+52
 1550              		.loc 10 428 54 view .LVU531
 1551 0168 B7EE007A 		vmov.f32	s14, #1.0e+0
 1552              	.LVL125:
 1553              		.loc 10 428 35 view .LVU532
 1554 016c 93ED006A 		vldr.32	s12, [r3]
 1555              		.loc 10 428 54 view .LVU533
 1556 0170 37EE467A 		vsub.f32	s14, s14, s12
 1557              		.loc 10 428 68 view .LVU534
 1558 0174 27EE057A 		vmul.f32	s14, s14, s10
 1559              		.loc 10 428 46 view .LVU535
 1560 0178 A5EE867A 		vfma.f32	s14, s11, s12
 1561              	.L75:
 1562              		.loc 10 428 46 view .LVU536
 1563              	.LBE336:
 373:VaDist.cpp    ****     {
 1564              		.loc 10 373 5 discriminator 2 view .LVU537
 1565 017c 0136     		adds	r6, r6, #1
 1566              	.LVL126:
 1567              	.LBB346:
 429:VaDist.cpp    ****         else
 430:VaDist.cpp    ****             ch_R.env *= env_release;
 431:VaDist.cpp    **** 
 432:VaDist.cpp    ****         OUT_L[i] = out_L;
 433:VaDist.cpp    ****         OUT_R[i] = out_R;
 1568              		.loc 10 433 18 discriminator 2 view .LVU538
 1569 017e D8E90023 		ldrd	r2, r3, [r8]
 1570              	.LBE346:
 373:VaDist.cpp    ****     {
 1571              		.loc 10 373 25 discriminator 2 view .LVU539
 1572 0182 B245     		cmp	r10, r6
 1573 0184 85ED067A 		vstr.32	s14, [r5, #24]
 1574              	.LBB347:
 432:VaDist.cpp    ****         OUT_R[i] = out_R;
 1575              		.loc 10 432 9 is_stmt 1 discriminator 2 view .LVU540
 432:VaDist.cpp    ****         OUT_R[i] = out_R;
 1576              		.loc 10 432 18 is_stmt 0 discriminator 2 view .LVU541
 1577 0188 5A44     		add	r2, r2, fp
 1578              		.loc 10 433 18 discriminator 2 view .LVU542
 1579 018a 5B44     		add	r3, r3, fp
 432:VaDist.cpp    ****         OUT_R[i] = out_R;
 1580              		.loc 10 432 18 discriminator 2 view .LVU543
 1581 018c C2ED006A 		vstr.32	s13, [r2]
ARM GAS  C:\Users\isaia\AppData\Local\Temp\ccP6lw9u.s 			page 64


 1582              		.loc 10 433 9 is_stmt 1 discriminator 2 view .LVU544
 1583              		.loc 10 433 18 is_stmt 0 discriminator 2 view .LVU545
 1584 0190 C3ED007A 		vstr.32	s15, [r3]
 1585              	.LBE347:
 373:VaDist.cpp    ****     {
 1586              		.loc 10 373 5 is_stmt 1 discriminator 2 view .LVU546
 1587              	.LVL127:
 373:VaDist.cpp    ****     {
 1588              		.loc 10 373 25 discriminator 2 view .LVU547
 1589 0194 00F09D80 		beq	.L76
 1590              	.LVL128:
 1591              	.L60:
 1592              	.LBB348:
 375:VaDist.cpp    ****         float dry_R = IN_R[i];
 1593              		.loc 10 375 9 view .LVU548
 1594              	.LBB337:
 379:VaDist.cpp    ****         {
 1595              		.loc 10 379 9 is_stmt 0 view .LVU549
 1596 0198 DFED817A 		vldr.32	s15, .L102+56
 1597 019c 4FEA860B 		lsl	fp, r6, #2
 1598 01a0 B4EEE7AA 		vcmpe.f32	s20, s15
 1599              	.LBE337:
 376:VaDist.cpp    ****         float out_L, out_R;
 1600              		.loc 10 376 15 view .LVU550
 1601 01a4 D7E90023 		ldrd	r2, r3, [r7]
 1602              	.LBB339:
 379:VaDist.cpp    ****         {
 1603              		.loc 10 379 9 view .LVU551
 1604 01a8 F1EE10FA 		vmrs	APSR_nzcv, FPSCR
 1605              	.LBE339:
 375:VaDist.cpp    ****         float dry_R = IN_R[i];
 1606              		.loc 10 375 15 view .LVU552
 1607 01ac 02EB8602 		add	r2, r2, r6, lsl #2
 376:VaDist.cpp    ****         float out_L, out_R;
 1608              		.loc 10 376 15 view .LVU553
 1609 01b0 03EB8603 		add	r3, r3, r6, lsl #2
 375:VaDist.cpp    ****         float dry_R = IN_R[i];
 1610              		.loc 10 375 15 view .LVU554
 1611 01b4 D2ED008A 		vldr.32	s17, [r2]
 1612              	.LVL129:
 376:VaDist.cpp    ****         float out_L, out_R;
 1613              		.loc 10 376 9 is_stmt 1 view .LVU555
 376:VaDist.cpp    ****         float out_L, out_R;
 1614              		.loc 10 376 15 is_stmt 0 view .LVU556
 1615 01b8 93ED008A 		vldr.32	s16, [r3]
 1616              	.LVL130:
 377:VaDist.cpp    **** 
 1617              		.loc 10 377 9 is_stmt 1 view .LVU557
 379:VaDist.cpp    ****         {
 1618              		.loc 10 379 9 view .LVU558
 1619              	.LBB340:
 1620 01bc 5ADB     		blt	.L92
 382:VaDist.cpp    ****             out_R = dry_R * volume;
 1621              		.loc 10 382 13 view .LVU559
 382:VaDist.cpp    ****             out_R = dry_R * volume;
 1622              		.loc 10 382 19 is_stmt 0 view .LVU560
 1623 01be 69EEA88A 		vmul.f32	s17, s19, s17
ARM GAS  C:\Users\isaia\AppData\Local\Temp\ccP6lw9u.s 			page 65


 1624              	.LVL131:
 383:VaDist.cpp    ****         }
 1625              		.loc 10 383 13 is_stmt 1 view .LVU561
 383:VaDist.cpp    ****         }
 1626              		.loc 10 383 19 is_stmt 0 view .LVU562
 1627 01c2 69EE887A 		vmul.f32	s15, s19, s16
 1628              	.LVL132:
 1629              	.L65:
 383:VaDist.cpp    ****         }
 1630              		.loc 10 383 19 view .LVU563
 1631              	.LBE340:
 401:VaDist.cpp    ****         if(out_L < -1.0f) out_L = -1.0f;
 1632              		.loc 10 401 9 is_stmt 1 view .LVU564
 1633 01c6 B7EE007A 		vmov.f32	s14, #1.0e+0
 1634 01ca F4EEC78A 		vcmpe.f32	s17, s14
 1635 01ce F1EE10FA 		vmrs	APSR_nzcv, FPSCR
 1636 01d2 45DD     		ble	.L99
 401:VaDist.cpp    ****         if(out_L < -1.0f) out_L = -1.0f;
 1637              		.loc 10 401 33 is_stmt 0 view .LVU565
 1638 01d4 F0EE478A 		vmov.f32	s17, s14
 1639              	.LVL133:
 1640              	.L66:
 403:VaDist.cpp    ****         if(out_R < -1.0f) out_R = -1.0f;
 1641              		.loc 10 403 9 is_stmt 1 view .LVU566
 1642 01d8 B7EE007A 		vmov.f32	s14, #1.0e+0
 1643 01dc F4EEC77A 		vcmpe.f32	s15, s14
 1644 01e0 F1EE10FA 		vmrs	APSR_nzcv, FPSCR
 1645 01e4 32DD     		ble	.L100
 403:VaDist.cpp    ****         if(out_R < -1.0f) out_R = -1.0f;
 1646              		.loc 10 403 33 is_stmt 0 view .LVU567
 1647 01e6 F0EE477A 		vmov.f32	s15, s14
 1648              	.LVL134:
 1649              	.L68:
 407:VaDist.cpp    ****             float dc_y_L = out_L - ch_L.dc_x1 + dc_R * ch_L.dc_y1;
 1650              		.loc 10 407 9 is_stmt 1 view .LVU568
 1651              	.LBB341:
 408:VaDist.cpp    ****             ch_L.dc_x1 = out_L;
 1652              		.loc 10 408 13 view .LVU569
 408:VaDist.cpp    ****             ch_L.dc_x1 = out_L;
 1653              		.loc 10 408 34 is_stmt 0 view .LVU570
 1654 01ea D4ED076A 		vldr.32	s13, [r4, #28]
 408:VaDist.cpp    ****             ch_L.dc_x1 = out_L;
 1655              		.loc 10 408 19 view .LVU571
 1656 01ee D4ED084A 		vldr.32	s9, [r4, #32]
 408:VaDist.cpp    ****             ch_L.dc_x1 = out_L;
 1657              		.loc 10 408 34 view .LVU572
 1658 01f2 78EEE66A 		vsub.f32	s13, s17, s13
 408:VaDist.cpp    ****             ch_L.dc_x1 = out_L;
 1659              		.loc 10 408 19 view .LVU573
 1660 01f6 9FED6B6A 		vldr.32	s12, .L102+60
 413:VaDist.cpp    ****             ch_R.dc_x1 = out_R;
 1661              		.loc 10 413 34 view .LVU574
 1662 01fa 95ED077A 		vldr.32	s14, [r5, #28]
 414:VaDist.cpp    ****             ch_R.dc_y1 = dc_y_R;
 1663              		.loc 10 414 24 view .LVU575
 1664 01fe C5ED077A 		vstr.32	s15, [r5, #28]
 408:VaDist.cpp    ****             ch_L.dc_x1 = out_L;
ARM GAS  C:\Users\isaia\AppData\Local\Temp\ccP6lw9u.s 			page 66


 1665              		.loc 10 408 19 view .LVU576
 1666 0202 E4EE866A 		vfma.f32	s13, s9, s12
 1667              	.LVL135:
 409:VaDist.cpp    ****             ch_L.dc_y1 = dc_y_L;
 1668              		.loc 10 409 13 is_stmt 1 view .LVU577
 410:VaDist.cpp    ****             out_L = dc_y_L;
 1669              		.loc 10 410 13 view .LVU578
 413:VaDist.cpp    ****             ch_R.dc_x1 = out_R;
 1670              		.loc 10 413 19 is_stmt 0 view .LVU579
 1671 0206 95ED085A 		vldr.32	s10, [r5, #32]
 413:VaDist.cpp    ****             ch_R.dc_x1 = out_R;
 1672              		.loc 10 413 34 view .LVU580
 1673 020a 37EEC77A 		vsub.f32	s14, s15, s14
 1674              	.LBE341:
 421:VaDist.cpp    ****             ch_L.env = env_attack * ch_L.env + (1.0f - env_attack) * abs_L;
 1675              		.loc 10 421 25 view .LVU581
 1676 020e D4ED065A 		vldr.32	s11, [r4, #24]
 1677              	.LBB342:
 409:VaDist.cpp    ****             ch_L.dc_y1 = dc_y_L;
 1678              		.loc 10 409 24 view .LVU582
 1679 0212 C4ED078A 		vstr.32	s17, [r4, #28]
 413:VaDist.cpp    ****             ch_R.dc_x1 = out_R;
 1680              		.loc 10 413 19 view .LVU583
 1681 0216 F0EE477A 		vmov.f32	s15, s14
 1682              	.LVL136:
 413:VaDist.cpp    ****             ch_R.dc_x1 = out_R;
 1683              		.loc 10 413 19 view .LVU584
 1684              	.LBE342:
 420:VaDist.cpp    ****         if(abs_L > ch_L.env)
 1685              		.loc 10 420 15 view .LVU585
 1686 021a B0EEE67A 		vabs.f32	s14, s13
 1687              	.LBB343:
 410:VaDist.cpp    ****             out_L = dc_y_L;
 1688              		.loc 10 410 24 view .LVU586
 1689 021e C4ED086A 		vstr.32	s13, [r4, #32]
 411:VaDist.cpp    **** 
 1690              		.loc 10 411 13 is_stmt 1 view .LVU587
 1691              	.LVL137:
 413:VaDist.cpp    ****             ch_R.dc_x1 = out_R;
 1692              		.loc 10 413 13 view .LVU588
 413:VaDist.cpp    ****             ch_R.dc_x1 = out_R;
 1693              		.loc 10 413 19 is_stmt 0 view .LVU589
 1694 0222 E5EE067A 		vfma.f32	s15, s10, s12
 1695              	.LVL138:
 414:VaDist.cpp    ****             ch_R.dc_y1 = dc_y_R;
 1696              		.loc 10 414 13 is_stmt 1 view .LVU590
 415:VaDist.cpp    ****             out_R = dc_y_R;
 1697              		.loc 10 415 13 view .LVU591
 1698              	.LBE343:
 421:VaDist.cpp    ****             ch_L.env = env_attack * ch_L.env + (1.0f - env_attack) * abs_L;
 1699              		.loc 10 421 9 is_stmt 0 view .LVU592
 1700 0226 F4EEC75A 		vcmpe.f32	s11, s14
 1701 022a F1EE10FA 		vmrs	APSR_nzcv, FPSCR
 1702              	.LBB344:
 415:VaDist.cpp    ****             out_R = dc_y_R;
 1703              		.loc 10 415 24 view .LVU593
 1704 022e C5ED087A 		vstr.32	s15, [r5, #32]
ARM GAS  C:\Users\isaia\AppData\Local\Temp\ccP6lw9u.s 			page 67


 416:VaDist.cpp    ****         }
 1705              		.loc 10 416 13 is_stmt 1 view .LVU594
 1706              	.LVL139:
 416:VaDist.cpp    ****         }
 1707              		.loc 10 416 13 is_stmt 0 view .LVU595
 1708              	.LBE344:
 420:VaDist.cpp    ****         if(abs_L > ch_L.env)
 1709              		.loc 10 420 9 is_stmt 1 view .LVU596
 421:VaDist.cpp    ****             ch_L.env = env_attack * ch_L.env + (1.0f - env_attack) * abs_L;
 1710              		.loc 10 421 9 view .LVU597
 1711 0232 82D4     		bmi	.L101
 424:VaDist.cpp    **** 
 1712              		.loc 10 424 13 view .LVU598
 424:VaDist.cpp    **** 
 1713              		.loc 10 424 22 is_stmt 0 view .LVU599
 1714 0234 5C4B     		ldr	r3, .L102+64
 1715 0236 93ED006A 		vldr.32	s12, [r3]
 1716 023a 25EE866A 		vmul.f32	s12, s11, s12
 1717 023e 87E7     		b	.L72
 1718              	.LVL140:
 1719              	.L94:
 430:VaDist.cpp    **** 
 1720              		.loc 10 430 13 is_stmt 1 view .LVU600
 430:VaDist.cpp    **** 
 1721              		.loc 10 430 22 is_stmt 0 view .LVU601
 1722 0240 594B     		ldr	r3, .L102+64
 1723 0242 93ED007A 		vldr.32	s14, [r3]
 1724              	.LVL141:
 430:VaDist.cpp    **** 
 1725              		.loc 10 430 22 view .LVU602
 1726 0246 25EE877A 		vmul.f32	s14, s11, s14
 1727 024a 97E7     		b	.L75
 1728              	.LVL142:
 1729              	.L100:
 404:VaDist.cpp    **** 
 1730              		.loc 10 404 9 is_stmt 1 view .LVU603
 1731 024c BFEE007A 		vmov.f32	s14, #-1.0e+0
 404:VaDist.cpp    **** 
 1732              		.loc 10 404 33 is_stmt 0 view .LVU604
 1733 0250 F4EE477A 		vcmp.f32	s15, s14
 1734 0254 F1EE10FA 		vmrs	APSR_nzcv, FPSCR
 1735 0258 48BF     		it	mi
 1736 025a F0EE477A 		vmovmi.f32	s15, s14
 1737              	.LVL143:
 404:VaDist.cpp    **** 
 1738              		.loc 10 404 33 view .LVU605
 1739 025e C4E7     		b	.L68
 1740              	.LVL144:
 1741              	.L99:
 402:VaDist.cpp    ****         if(out_R >  1.0f) out_R =  1.0f;
 1742              		.loc 10 402 9 is_stmt 1 view .LVU606
 1743 0260 BFEE007A 		vmov.f32	s14, #-1.0e+0
 402:VaDist.cpp    ****         if(out_R >  1.0f) out_R =  1.0f;
 1744              		.loc 10 402 33 is_stmt 0 view .LVU607
 1745 0264 F4EE478A 		vcmp.f32	s17, s14
 1746 0268 F1EE10FA 		vmrs	APSR_nzcv, FPSCR
 1747 026c 48BF     		it	mi
ARM GAS  C:\Users\isaia\AppData\Local\Temp\ccP6lw9u.s 			page 68


 1748 026e F0EE478A 		vmovmi.f32	s17, s14
 1749              	.LVL145:
 402:VaDist.cpp    ****         if(out_R >  1.0f) out_R =  1.0f;
 1750              		.loc 10 402 33 view .LVU608
 1751 0272 B1E7     		b	.L66
 1752              	.LVL146:
 1753              	.L92:
 1754              	.LBB345:
 1755              	.LBB338:
 388:VaDist.cpp    ****             ch_L.tone_lp += tone_coeff * (wet_L - ch_L.tone_lp);
 1756              		.loc 10 388 13 is_stmt 1 view .LVU609
 388:VaDist.cpp    ****             ch_L.tone_lp += tone_coeff * (wet_L - ch_L.tone_lp);
 1757              		.loc 10 388 40 is_stmt 0 view .LVU610
 1758 0274 B0EE680A 		vmov.f32	s0, s17
 1759 0278 4649     		ldr	r1, .L102+44
 1760 027a 4846     		mov	r0, r9
 390:VaDist.cpp    ****             out_L = mix_L * volume;
 1761              		.loc 10 390 48 view .LVU611
 1762 027c F7EE00AA 		vmov.f32	s21, #1.0e+0
 388:VaDist.cpp    ****             ch_L.tone_lp += tone_coeff * (wet_L - ch_L.tone_lp);
 1763              		.loc 10 388 40 view .LVU612
 1764 0280 FFF7FEFF 		bl	_ZL13ProcessSamplefbR12ChannelState
 1765              	.LVL147:
 389:VaDist.cpp    ****             float mix_L = ch_L.tone_lp * (1.0f - blend) + dry_L * blend;
 1766              		.loc 10 389 13 is_stmt 1 view .LVU613
 389:VaDist.cpp    ****             float mix_L = ch_L.tone_lp * (1.0f - blend) + dry_L * blend;
 1767              		.loc 10 389 26 is_stmt 0 view .LVU614
 1768 0284 D4ED057A 		vldr.32	s15, [r4, #20]
 390:VaDist.cpp    ****             out_L = mix_L * volume;
 1769              		.loc 10 390 65 view .LVU615
 1770 0288 6AEE288A 		vmul.f32	s17, s20, s17
 1771              	.LVL148:
 394:VaDist.cpp    ****             ch_R.tone_lp += tone_coeff * (wet_R - ch_R.tone_lp);
 1772              		.loc 10 394 40 view .LVU616
 1773 028c 4249     		ldr	r1, .L102+48
 389:VaDist.cpp    ****             float mix_L = ch_L.tone_lp * (1.0f - blend) + dry_L * blend;
 1774              		.loc 10 389 49 view .LVU617
 1775 028e 30EE677A 		vsub.f32	s14, s0, s15
 394:VaDist.cpp    ****             ch_R.tone_lp += tone_coeff * (wet_R - ch_R.tone_lp);
 1776              		.loc 10 394 40 view .LVU618
 1777 0292 4846     		mov	r0, r9
 390:VaDist.cpp    ****             out_L = mix_L * volume;
 1778              		.loc 10 390 48 view .LVU619
 1779 0294 7AEECAAA 		vsub.f32	s21, s21, s20
 394:VaDist.cpp    ****             ch_R.tone_lp += tone_coeff * (wet_R - ch_R.tone_lp);
 1780              		.loc 10 394 40 view .LVU620
 1781 0298 B0EE480A 		vmov.f32	s0, s16
 1782              	.LVL149:
 389:VaDist.cpp    ****             float mix_L = ch_L.tone_lp * (1.0f - blend) + dry_L * blend;
 1783              		.loc 10 389 26 view .LVU621
 1784 029c E7EE097A 		vfma.f32	s15, s14, s18
 390:VaDist.cpp    ****             out_L = mix_L * volume;
 1785              		.loc 10 390 19 view .LVU622
 1786 02a0 E7EEAA8A 		vfma.f32	s17, s15, s21
 389:VaDist.cpp    ****             float mix_L = ch_L.tone_lp * (1.0f - blend) + dry_L * blend;
 1787              		.loc 10 389 26 view .LVU623
 1788 02a4 C4ED057A 		vstr.32	s15, [r4, #20]
ARM GAS  C:\Users\isaia\AppData\Local\Temp\ccP6lw9u.s 			page 69


 390:VaDist.cpp    ****             out_L = mix_L * volume;
 1789              		.loc 10 390 13 is_stmt 1 view .LVU624
 1790              	.LVL150:
 391:VaDist.cpp    **** 
 1791              		.loc 10 391 13 view .LVU625
 394:VaDist.cpp    ****             ch_R.tone_lp += tone_coeff * (wet_R - ch_R.tone_lp);
 1792              		.loc 10 394 40 is_stmt 0 view .LVU626
 1793 02a8 FFF7FEFF 		bl	_ZL13ProcessSamplefbR12ChannelState
 1794              	.LVL151:
 395:VaDist.cpp    ****             float mix_R = ch_R.tone_lp * (1.0f - blend) + dry_R * blend;
 1795              		.loc 10 395 26 view .LVU627
 1796 02ac 95ED057A 		vldr.32	s14, [r5, #20]
 396:VaDist.cpp    ****             out_R = mix_R * volume;
 1797              		.loc 10 396 65 view .LVU628
 1798 02b0 6AEE087A 		vmul.f32	s15, s20, s16
 395:VaDist.cpp    ****             float mix_R = ch_R.tone_lp * (1.0f - blend) + dry_R * blend;
 1799              		.loc 10 395 49 view .LVU629
 1800 02b4 30EE470A 		vsub.f32	s0, s0, s14
 395:VaDist.cpp    ****             float mix_R = ch_R.tone_lp * (1.0f - blend) + dry_R * blend;
 1801              		.loc 10 395 26 view .LVU630
 1802 02b8 A0EE097A 		vfma.f32	s14, s0, s18
 391:VaDist.cpp    **** 
 1803              		.loc 10 391 19 view .LVU631
 1804 02bc 69EEA88A 		vmul.f32	s17, s19, s17
 1805              	.LVL152:
 394:VaDist.cpp    ****             ch_R.tone_lp += tone_coeff * (wet_R - ch_R.tone_lp);
 1806              		.loc 10 394 13 is_stmt 1 view .LVU632
 395:VaDist.cpp    ****             float mix_R = ch_R.tone_lp * (1.0f - blend) + dry_R * blend;
 1807              		.loc 10 395 13 view .LVU633
 396:VaDist.cpp    ****             out_R = mix_R * volume;
 1808              		.loc 10 396 19 is_stmt 0 view .LVU634
 1809 02c0 EAEE877A 		vfma.f32	s15, s21, s14
 395:VaDist.cpp    ****             float mix_R = ch_R.tone_lp * (1.0f - blend) + dry_R * blend;
 1810              		.loc 10 395 26 view .LVU635
 1811 02c4 85ED057A 		vstr.32	s14, [r5, #20]
 396:VaDist.cpp    ****             out_R = mix_R * volume;
 1812              		.loc 10 396 13 is_stmt 1 view .LVU636
 1813              	.LVL153:
 397:VaDist.cpp    ****         }
 1814              		.loc 10 397 13 view .LVU637
 397:VaDist.cpp    ****         }
 1815              		.loc 10 397 19 is_stmt 0 view .LVU638
 1816 02c8 69EEA77A 		vmul.f32	s15, s19, s15
 1817              	.LVL154:
 397:VaDist.cpp    ****         }
 1818              		.loc 10 397 19 view .LVU639
 1819 02cc 7BE7     		b	.L65
 1820              	.LVL155:
 1821              	.L98:
 397:VaDist.cpp    ****         }
 1822              		.loc 10 397 19 view .LVU640
 1823 02ce 314C     		ldr	r4, .L102+44
 1824 02d0 314D     		ldr	r5, .L102+48
 1825              	.LVL156:
 1826              	.L76:
 397:VaDist.cpp    ****         }
 1827              		.loc 10 397 19 view .LVU641
ARM GAS  C:\Users\isaia\AppData\Local\Temp\ccP6lw9u.s 			page 70


 1828              	.LBE338:
 1829              	.LBE345:
 1830              	.LBE348:
 1831              	.LBE335:
 434:VaDist.cpp    ****     }
 435:VaDist.cpp    **** 
 436:VaDist.cpp    ****     /* ---- CV Out 1: L envelope, CV Out 2: R envelope (0-5 V) ---------- */
 437:VaDist.cpp    ****     euro.WriteCvOutBipolar(1, ch_L.env * 5.0f);
 1832              		.loc 10 437 5 is_stmt 1 view .LVU642
 1833              		.loc 10 437 27 is_stmt 0 view .LVU643
 1834 02d2 B1EE048A 		vmov.f32	s16, #5.0e+0
 1835 02d6 94ED060A 		vldr.32	s0, [r4, #24]
 1836 02da 0121     		movs	r1, #1
 1837 02dc 2348     		ldr	r0, .L102+4
 1838 02de 20EE080A 		vmul.f32	s0, s0, s16
 1839 02e2 FFF7FEFF 		bl	_ZN9anachrome7planter17WriteCvOutBipolarEif
 1840              	.LVL157:
 438:VaDist.cpp    ****     euro.WriteCvOutBipolar(2, ch_R.env * 5.0f);
 1841              		.loc 10 438 5 is_stmt 1 view .LVU644
 1842              		.loc 10 438 27 is_stmt 0 view .LVU645
 1843 02e6 95ED060A 		vldr.32	s0, [r5, #24]
 1844 02ea 0221     		movs	r1, #2
 1845 02ec 1F48     		ldr	r0, .L102+4
 1846 02ee 20EE080A 		vmul.f32	s0, s0, s16
 1847 02f2 FFF7FEFF 		bl	_ZN9anachrome7planter17WriteCvOutBipolarEif
 1848              	.LVL158:
 439:VaDist.cpp    **** 
 440:VaDist.cpp    ****     /* ---- LED: blink on signal presence ------------------------------- */
 441:VaDist.cpp    ****     if(ch_L.env > 0.01f || ch_R.env > 0.01f)
 1849              		.loc 10 441 5 is_stmt 1 view .LVU646
 1850 02f6 DFED217A 		vldr.32	s15, .L102+20
 1851 02fa 94ED067A 		vldr.32	s14, [r4, #24]
 1852 02fe B4EEE77A 		vcmpe.f32	s14, s15
 1853 0302 F1EE10FA 		vmrs	APSR_nzcv, FPSCR
 1854 0306 06DC     		bgt	.L61
 1855              		.loc 10 441 25 is_stmt 0 discriminator 1 view .LVU647
 1856 0308 95ED067A 		vldr.32	s14, [r5, #24]
 1857 030c B4EEE77A 		vcmpe.f32	s14, s15
 1858 0310 F1EE10FA 		vmrs	APSR_nzcv, FPSCR
 1859 0314 0EDD     		ble	.L95
 1860              	.L61:
 442:VaDist.cpp    ****         led_flash_ctr = 3;           // keep lit for ~3 blocks after signal
 1861              		.loc 10 442 9 is_stmt 1 view .LVU648
 1862              		.loc 10 442 23 is_stmt 0 view .LVU649
 1863 0316 254C     		ldr	r4, .L102+68
 1864 0318 0323     		movs	r3, #3
 1865 031a 2360     		str	r3, [r4]
 443:VaDist.cpp    ****     if(led_flash_ctr > 0)
 1866              		.loc 10 443 5 is_stmt 1 view .LVU650
 1867              	.L79:
 444:VaDist.cpp    ****     {
 445:VaDist.cpp    ****         euro.SetLed(1, true);
 1868              		.loc 10 445 9 view .LVU651
 1869              		.loc 10 445 20 is_stmt 0 view .LVU652
 1870 031c 0122     		movs	r2, #1
 1871 031e 1348     		ldr	r0, .L102+4
 1872 0320 1146     		mov	r1, r2
ARM GAS  C:\Users\isaia\AppData\Local\Temp\ccP6lw9u.s 			page 71


 1873 0322 FFF7FEFF 		bl	_ZN9anachrome7planter6SetLedEib
 1874              	.LVL159:
 446:VaDist.cpp    ****         led_flash_ctr--;
 1875              		.loc 10 446 9 is_stmt 1 view .LVU653
 1876              		.loc 10 446 22 is_stmt 0 view .LVU654
 1877 0326 2368     		ldr	r3, [r4]
 447:VaDist.cpp    ****     }
 448:VaDist.cpp    ****     else
 449:VaDist.cpp    ****     {
 450:VaDist.cpp    ****         euro.SetLed(1, false);
 451:VaDist.cpp    ****     }
 452:VaDist.cpp    **** }
 1878              		.loc 10 452 1 view .LVU655
 1879 0328 BDEC068B 		vldm	sp!, {d8-d10}
 1880              		.cfi_remember_state
 1881              		.cfi_restore 84
 1882              		.cfi_restore 85
 1883              		.cfi_restore 82
 1884              		.cfi_restore 83
 1885              		.cfi_restore 80
 1886              		.cfi_restore 81
 1887              		.cfi_def_cfa_offset 40
 1888              	.LVL160:
 446:VaDist.cpp    ****         led_flash_ctr--;
 1889              		.loc 10 446 22 view .LVU656
 1890 032c 013B     		subs	r3, r3, #1
 1891 032e 2360     		str	r3, [r4]
 1892              		.loc 10 452 1 view .LVU657
 1893 0330 BDE8F88F 		pop	{r3, r4, r5, r6, r7, r8, r9, r10, fp, pc}
 1894              	.LVL161:
 1895              	.L95:
 1896              		.cfi_restore_state
 443:VaDist.cpp    ****     {
 1897              		.loc 10 443 5 is_stmt 1 view .LVU658
 443:VaDist.cpp    ****     {
 1898              		.loc 10 443 22 is_stmt 0 view .LVU659
 1899 0334 1D4C     		ldr	r4, .L102+68
 443:VaDist.cpp    ****     {
 1900              		.loc 10 443 5 view .LVU660
 1901 0336 2368     		ldr	r3, [r4]
 1902 0338 002B     		cmp	r3, #0
 1903 033a EFDC     		bgt	.L79
 450:VaDist.cpp    ****     }
 1904              		.loc 10 450 9 is_stmt 1 view .LVU661
 450:VaDist.cpp    ****     }
 1905              		.loc 10 450 20 is_stmt 0 view .LVU662
 1906 033c 0022     		movs	r2, #0
 1907 033e 0121     		movs	r1, #1
 1908 0340 0A48     		ldr	r0, .L102+4
 1909              		.loc 10 452 1 view .LVU663
 1910 0342 BDEC068B 		vldm	sp!, {d8-d10}
 1911              		.cfi_remember_state
 1912              		.cfi_restore 84
 1913              		.cfi_restore 85
 1914              		.cfi_restore 82
 1915              		.cfi_restore 83
 1916              		.cfi_restore 80
ARM GAS  C:\Users\isaia\AppData\Local\Temp\ccP6lw9u.s 			page 72


 1917              		.cfi_restore 81
 1918              		.cfi_def_cfa_offset 40
 1919              	.LVL162:
 1920              		.loc 10 452 1 view .LVU664
 1921 0346 BDE8F84F 		pop	{r3, r4, r5, r6, r7, r8, r9, r10, fp, lr}
 1922              		.cfi_restore 14
 1923              		.cfi_restore 11
 1924              		.cfi_restore 10
 1925              		.cfi_restore 9
 1926              		.cfi_restore 8
 1927              		.cfi_restore 7
 1928              		.cfi_restore 6
 1929              		.cfi_restore 5
 1930              		.cfi_restore 4
 1931              		.cfi_restore 3
 1932              		.cfi_def_cfa_offset 0
 1933              	.LVL163:
 450:VaDist.cpp    ****     }
 1934              		.loc 10 450 20 view .LVU665
 1935 034a FFF7FEBF 		b	_ZN9anachrome7planter6SetLedEib
 1936              	.LVL164:
 1937              	.L58:
 1938              		.cfi_restore_state
 359:VaDist.cpp    ****         RecomputeMatrices(drive, sample_rate);
 1939              		.loc 10 359 9 is_stmt 1 view .LVU666
 359:VaDist.cpp    ****         RecomputeMatrices(drive, sample_rate);
 1940              		.loc 10 359 19 is_stmt 0 view .LVU667
 1941 034e 83ED008A 		vstr.32	s16, [r3]
 360:VaDist.cpp    ****     }
 1942              		.loc 10 360 9 is_stmt 1 view .LVU668
 360:VaDist.cpp    ****     }
 1943              		.loc 10 360 26 is_stmt 0 view .LVU669
 1944 0352 B0EE480A 		vmov.f32	s0, s16
 1945              	.LVL165:
 360:VaDist.cpp    ****     }
 1946              		.loc 10 360 26 view .LVU670
 1947 0356 0C4B     		ldr	r3, .L102+32
 1948 0358 93ED009A 		vldr.32	s18, [r3]
 360:VaDist.cpp    ****     }
 1949              		.loc 10 360 26 view .LVU671
 1950 035c F0EE490A 		vmov.f32	s1, s18
 1951 0360 FFF7FEFF 		bl	_ZL17RecomputeMatricesff
 1952              	.LVL166:
 1953 0364 CBE6     		b	.L59
 1954              	.L103:
 1955 0366 00BF     		.align	2
 1956              	.L102:
 1957 0368 B8000000 		.word	.LANCHOR4+184
 1958 036c 00000000 		.word	.LANCHOR4
 1959 0370 28000000 		.word	.LANCHOR4+40
 1960 0374 4C000000 		.word	.LANCHOR4+76
 1961 0378 00000000 		.word	0
 1962 037c 0AD7233C 		.word	1008981770
 1963 0380 00000000 		.word	.LANCHOR5
 1964 0384 CDCCCC3D 		.word	1036831949
 1965 0388 00000000 		.word	.LANCHOR6
 1966 038c 0000C842 		.word	1120403456
ARM GAS  C:\Users\isaia\AppData\Local\Temp\ccP6lw9u.s 			page 73


 1967 0390 DB0FC9C0 		.word	-1060565029
 1968 0394 00000000 		.word	.LANCHOR7
 1969 0398 00000000 		.word	.LANCHOR8
 1970 039c 00000000 		.word	.LANCHOR9
 1971 03a0 A4707D3F 		.word	1065185444
 1972 03a4 CEAA7F3F 		.word	1065331406
 1973 03a8 00000000 		.word	.LANCHOR10
 1974 03ac 00000000 		.word	.LANCHOR11
 1975              		.cfi_endproc
 1976              	.LFE4911:
 1978              		.section	.text._ZN9anachrome7planter4InitEv,"axG",%progbits,_ZN9anachrome7planter4InitEv,comdat
 1979              		.align	1
 1980              		.p2align 2,,3
 1981              		.weak	_ZN9anachrome7planter4InitEv
 1982              		.syntax unified
 1983              		.thumb
 1984              		.thumb_func
 1985              		.fpu fpv5-d16
 1987              	_ZN9anachrome7planter4InitEv:
 1988              	.LVL167:
 1989              	.LFB4899:
  55:../../Planter/planter.h **** 
  56:../../Planter/planter.h **** 
  57:../../Planter/planter.h ****         void Init() {
 1990              		.loc 1 57 14 is_stmt 1 view -0
 1991              		.cfi_startproc
 1992              		@ args = 0, pretend = 0, frame = 0
 1993              		@ frame_needed = 0, uses_anonymous_args = 0
  58:../../Planter/planter.h ****         // Initialize the hardware.
  59:../../Planter/planter.h ****         patch.Init();
 1994              		.loc 1 59 9 view .LVU673
  57:../../Planter/planter.h ****         // Initialize the hardware.
 1995              		.loc 1 57 14 is_stmt 0 view .LVU674
 1996 0000 30B5     		push	{r4, r5, lr}
 1997              		.cfi_def_cfa_offset 12
 1998              		.cfi_offset 4, -12
 1999              		.cfi_offset 5, -8
 2000              		.cfi_offset 14, -4
 2001              		.loc 1 59 19 view .LVU675
 2002 0002 00F1B805 		add	r5, r0, #184
  57:../../Planter/planter.h ****         // Initialize the hardware.
 2003              		.loc 1 57 14 view .LVU676
 2004 0006 0446     		mov	r4, r0
 2005 0008 83B0     		sub	sp, sp, #12
 2006              		.cfi_def_cfa_offset 24
 2007              		.loc 1 59 19 view .LVU677
 2008 000a 2846     		mov	r0, r5
 2009              	.LVL168:
 2010              		.loc 1 59 19 view .LVU678
 2011 000c FFF7FEFF 		bl	_ZN5daisy8patch_sm12DaisyPatchSM4InitEv
 2012              	.LVL169:
  60:../../Planter/planter.h ****         
  61:../../Planter/planter.h ****         InitLeds();
 2013              		.loc 1 61 9 is_stmt 1 view .LVU679
 2014              		.loc 1 61 17 is_stmt 0 view .LVU680
 2015 0010 2046     		mov	r0, r4
 2016 0012 FFF7FEFF 		bl	_ZN9anachrome7planter8InitLedsEv
ARM GAS  C:\Users\isaia\AppData\Local\Temp\ccP6lw9u.s 			page 74


 2017              	.LVL170:
  62:../../Planter/planter.h ****         button.Init(daisy::patch_sm::DaisyPatchSM::B7, patch.AudioCallbackRate());
 2018              		.loc 1 62 9 is_stmt 1 view .LVU681
 2019              		.loc 1 62 20 is_stmt 0 view .LVU682
 2020 0016 2846     		mov	r0, r5
 2021 0018 FFF7FEFF 		bl	_ZN5daisy8patch_sm12DaisyPatchSM17AudioCallbackRateEv
 2022              	.LVL171:
 2023 001c 254B     		ldr	r3, .L106
 2024 001e 04F12800 		add	r0, r4, #40
 2025 0022 1A78     		ldrb	r2, [r3]	@ zero_extendqisi2
 2026 0024 5978     		ldrb	r1, [r3, #1]	@ zero_extendqisi2
 2027 0026 42EA0121 		orr	r1, r2, r1, lsl #8
 2028 002a FFF7FEFF 		bl	_ZN5daisy6Switch4InitENS_3PinEf
 2029              	.LVL172:
  63:../../Planter/planter.h ****         toggle1.Init(daisy::patch_sm::DaisyPatchSM::B8, patch.AudioCallbackRate());
 2030              		.loc 1 63 9 is_stmt 1 view .LVU683
 2031              		.loc 1 63 21 is_stmt 0 view .LVU684
 2032 002e 2846     		mov	r0, r5
 2033 0030 FFF7FEFF 		bl	_ZN5daisy8patch_sm12DaisyPatchSM17AudioCallbackRateEv
 2034              	.LVL173:
 2035 0034 204B     		ldr	r3, .L106+4
 2036 0036 04F14C00 		add	r0, r4, #76
 2037 003a 1A78     		ldrb	r2, [r3]	@ zero_extendqisi2
 2038 003c 5978     		ldrb	r1, [r3, #1]	@ zero_extendqisi2
 2039 003e 42EA0121 		orr	r1, r2, r1, lsl #8
 2040 0042 FFF7FEFF 		bl	_ZN5daisy6Switch4InitENS_3PinEf
 2041              	.LVL174:
  64:../../Planter/planter.h ****         toggle2.Init(daisy::patch_sm::DaisyPatchSM::D1, patch.AudioCallbackRate());
 2042              		.loc 1 64 9 is_stmt 1 view .LVU685
 2043              		.loc 1 64 21 is_stmt 0 view .LVU686
 2044 0046 2846     		mov	r0, r5
 2045 0048 FFF7FEFF 		bl	_ZN5daisy8patch_sm12DaisyPatchSM17AudioCallbackRateEv
 2046              	.LVL175:
 2047 004c 1B4B     		ldr	r3, .L106+8
 2048 004e 04F17000 		add	r0, r4, #112
 2049 0052 1A78     		ldrb	r2, [r3]	@ zero_extendqisi2
 2050 0054 5978     		ldrb	r1, [r3, #1]	@ zero_extendqisi2
 2051 0056 42EA0121 		orr	r1, r2, r1, lsl #8
 2052 005a FFF7FEFF 		bl	_ZN5daisy6Switch4InitENS_3PinEf
 2053              	.LVL176:
  65:../../Planter/planter.h ****         toggle3.Init(daisy::patch_sm::DaisyPatchSM::D10, patch.AudioCallbackRate());    
 2054              		.loc 1 65 9 is_stmt 1 view .LVU687
 2055              		.loc 1 65 21 is_stmt 0 view .LVU688
 2056 005e 2846     		mov	r0, r5
 2057 0060 FFF7FEFF 		bl	_ZN5daisy8patch_sm12DaisyPatchSM17AudioCallbackRateEv
 2058              	.LVL177:
 2059 0064 164B     		ldr	r3, .L106+12
 2060 0066 04F19400 		add	r0, r4, #148
 2061 006a 1A78     		ldrb	r2, [r3]	@ zero_extendqisi2
 2062 006c 5978     		ldrb	r1, [r3, #1]	@ zero_extendqisi2
 2063 006e 42EA0121 		orr	r1, r2, r1, lsl #8
 2064 0072 FFF7FEFF 		bl	_ZN5daisy6Switch4InitENS_3PinEf
 2065              	.LVL178:
  66:../../Planter/planter.h ****         
  67:../../Planter/planter.h ****         // InitSwitches();
  68:../../Planter/planter.h ****         // InitAnalogControls();
  69:../../Planter/planter.h ****         patch.SetAudioBlockSize(48);
ARM GAS  C:\Users\isaia\AppData\Local\Temp\ccP6lw9u.s 			page 75


 2066              		.loc 1 69 9 is_stmt 1 view .LVU689
 2067              		.loc 1 69 32 is_stmt 0 view .LVU690
 2068 0076 2846     		mov	r0, r5
 2069 0078 3021     		movs	r1, #48
  70:../../Planter/planter.h **** 
  71:../../Planter/planter.h ****         /** Init Gate Outputs */
  72:../../Planter/planter.h ****         patch.gate_out_1.Init(patch.B5, GPIO::Mode::OUTPUT);
 2070              		.loc 1 72 30 view .LVU691
 2071 007a 0025     		movs	r5, #0
  69:../../Planter/planter.h **** 
 2072              		.loc 1 69 32 view .LVU692
 2073 007c FFF7FEFF 		bl	_ZN5daisy8patch_sm12DaisyPatchSM17SetAudioBlockSizeEj
 2074              	.LVL179:
 2075              		.loc 1 72 9 is_stmt 1 view .LVU693
 2076              		.loc 1 72 30 is_stmt 0 view .LVU694
 2077 0080 104B     		ldr	r3, .L106+16
 2078 0082 0095     		str	r5, [sp]
 2079 0084 04F52A70 		add	r0, r4, #680
 2080 0088 1A78     		ldrb	r2, [r3]	@ zero_extendqisi2
 2081 008a 5978     		ldrb	r1, [r3, #1]	@ zero_extendqisi2
 2082 008c 2B46     		mov	r3, r5
 2083 008e 42EA0121 		orr	r1, r2, r1, lsl #8
 2084 0092 0122     		movs	r2, #1
 2085 0094 FFF7FEFF 		bl	_ZN5daisy4GPIO4InitENS_3PinENS0_4ModeENS0_4PullENS0_5SpeedE
 2086              	.LVL180:
  73:../../Planter/planter.h ****         patch.gate_out_2.Init(patch.B6, GPIO::Mode::OUTPUT);
 2087              		.loc 1 73 9 is_stmt 1 view .LVU695
 2088              		.loc 1 73 30 is_stmt 0 view .LVU696
 2089 0098 0B4B     		ldr	r3, .L106+20
 2090 009a 0095     		str	r5, [sp]
 2091 009c 04F52F70 		add	r0, r4, #700
 2092 00a0 1A78     		ldrb	r2, [r3]	@ zero_extendqisi2
 2093 00a2 5978     		ldrb	r1, [r3, #1]	@ zero_extendqisi2
 2094 00a4 2B46     		mov	r3, r5
 2095 00a6 42EA0121 		orr	r1, r2, r1, lsl #8
 2096 00aa 0122     		movs	r2, #1
 2097 00ac FFF7FEFF 		bl	_ZN5daisy4GPIO4InitENS_3PinENS0_4ModeENS0_4PullENS0_5SpeedE
 2098              	.LVL181:
  74:../../Planter/planter.h ****         }
 2099              		.loc 1 74 9 view .LVU697
 2100 00b0 03B0     		add	sp, sp, #12
 2101              		.cfi_def_cfa_offset 12
 2102              		@ sp needed
 2103 00b2 30BD     		pop	{r4, r5, pc}
 2104              	.LVL182:
 2105              	.L107:
 2106              		.loc 1 74 9 view .LVU698
 2107              		.align	2
 2108              	.L106:
 2109 00b4 00000000 		.word	_ZN5daisy8patch_sm12DaisyPatchSM2B7E
 2110 00b8 00000000 		.word	_ZN5daisy8patch_sm12DaisyPatchSM2B8E
 2111 00bc 00000000 		.word	_ZN5daisy8patch_sm12DaisyPatchSM2D1E
 2112 00c0 00000000 		.word	_ZN5daisy8patch_sm12DaisyPatchSM3D10E
 2113 00c4 00000000 		.word	_ZN5daisy8patch_sm12DaisyPatchSM2B5E
 2114 00c8 00000000 		.word	_ZN5daisy8patch_sm12DaisyPatchSM2B6E
 2115              		.cfi_endproc
 2116              	.LFE4899:
ARM GAS  C:\Users\isaia\AppData\Local\Temp\ccP6lw9u.s 			page 76


 2118              		.section	.text.startup.main,"ax",%progbits
 2119              		.align	1
 2120              		.p2align 2,,3
 2121              		.global	main
 2122              		.syntax unified
 2123              		.thumb
 2124              		.thumb_func
 2125              		.fpu fpv5-d16
 2127              	main:
 2128              	.LFB4912:
 453:VaDist.cpp    **** 
 454:VaDist.cpp    **** /* ====================================================================
 455:VaDist.cpp    ****  *  Main
 456:VaDist.cpp    ****  * ==================================================================== */
 457:VaDist.cpp    **** int main(void)
 458:VaDist.cpp    **** {
 2129              		.loc 10 458 1 is_stmt 1 view -0
 2130              		.cfi_startproc
 2131              		@ Volatile: function does not return.
 2132              		@ args = 0, pretend = 0, frame = 0
 2133              		@ frame_needed = 0, uses_anonymous_args = 0
 459:VaDist.cpp    ****     euro.Init();
 2134              		.loc 10 459 5 view .LVU700
 458:VaDist.cpp    ****     euro.Init();
 2135              		.loc 10 458 1 is_stmt 0 view .LVU701
 2136 0000 08B5     		push	{r3, lr}
 2137              		.cfi_def_cfa_offset 8
 2138              		.cfi_offset 3, -8
 2139              		.cfi_offset 14, -4
 2140              		.loc 10 459 14 view .LVU702
 2141 0002 2048     		ldr	r0, .L111
 460:VaDist.cpp    ****     sample_rate = euro.patch.AudioSampleRate();
 461:VaDist.cpp    **** 
 462:VaDist.cpp    ****     /* Zero simulation state (both channels) */
 463:VaDist.cpp    ****     memset(&ch_L, 0, sizeof(ch_L));
 464:VaDist.cpp    ****     memset(&ch_R, 0, sizeof(ch_R));
 465:VaDist.cpp    **** 
 466:VaDist.cpp    ****     /* Envelope follower time constants */
 467:VaDist.cpp    ****     env_attack  = expf(-1.0f / (sample_rate * 0.005f));   // ~5 ms attack
 2142              		.loc 10 467 23 view .LVU703
 2143 0004 FFEE008A 		vmov.f32	s17, #-1.0e+0
 459:VaDist.cpp    ****     sample_rate = euro.patch.AudioSampleRate();
 2144              		.loc 10 459 14 view .LVU704
 2145 0008 FFF7FEFF 		bl	_ZN9anachrome7planter4InitEv
 2146              	.LVL183:
 460:VaDist.cpp    ****     sample_rate = euro.patch.AudioSampleRate();
 2147              		.loc 10 460 5 is_stmt 1 view .LVU705
 460:VaDist.cpp    ****     sample_rate = euro.patch.AudioSampleRate();
 2148              		.loc 10 460 45 is_stmt 0 view .LVU706
 2149 000c 1E48     		ldr	r0, .L111+4
 2150 000e FFF7FEFF 		bl	_ZN5daisy8patch_sm12DaisyPatchSM15AudioSampleRateEv
 2151              	.LVL184:
 460:VaDist.cpp    ****     sample_rate = euro.patch.AudioSampleRate();
 2152              		.loc 10 460 17 view .LVU707
 2153 0012 1E4B     		ldr	r3, .L111+8
 463:VaDist.cpp    ****     memset(&ch_R, 0, sizeof(ch_R));
 2154              		.loc 10 463 11 view .LVU708
ARM GAS  C:\Users\isaia\AppData\Local\Temp\ccP6lw9u.s 			page 77


 2155 0014 2422     		movs	r2, #36
 2156 0016 0021     		movs	r1, #0
 2157 0018 1D48     		ldr	r0, .L111+12
 460:VaDist.cpp    ****     sample_rate = euro.patch.AudioSampleRate();
 2158              		.loc 10 460 45 view .LVU709
 2159 001a B0EE408A 		vmov.f32	s16, s0
 460:VaDist.cpp    ****     sample_rate = euro.patch.AudioSampleRate();
 2160              		.loc 10 460 17 view .LVU710
 2161 001e 83ED000A 		vstr.32	s0, [r3]
 463:VaDist.cpp    ****     memset(&ch_R, 0, sizeof(ch_R));
 2162              		.loc 10 463 5 is_stmt 1 view .LVU711
 463:VaDist.cpp    ****     memset(&ch_R, 0, sizeof(ch_R));
 2163              		.loc 10 463 11 is_stmt 0 view .LVU712
 2164 0022 FFF7FEFF 		bl	memset
 2165              	.LVL185:
 464:VaDist.cpp    **** 
 2166              		.loc 10 464 5 is_stmt 1 view .LVU713
 464:VaDist.cpp    **** 
 2167              		.loc 10 464 11 is_stmt 0 view .LVU714
 2168 0026 0021     		movs	r1, #0
 2169 0028 2422     		movs	r2, #36
 2170 002a 1A48     		ldr	r0, .L111+16
 2171 002c FFF7FEFF 		bl	memset
 2172              	.LVL186:
 2173              		.loc 10 467 5 is_stmt 1 view .LVU715
 2174              		.loc 10 467 45 is_stmt 0 view .LVU716
 2175 0030 9FED190A 		vldr.32	s0, .L111+20
 2176 0034 28EE000A 		vmul.f32	s0, s16, s0
 2177              		.loc 10 467 23 view .LVU717
 2178 0038 88EE800A 		vdiv.f32	s0, s17, s0
 2179 003c FFF7FEFF 		bl	expf
 2180              	.LVL187:
 468:VaDist.cpp    ****     env_release = expf(-1.0f / (sample_rate * 0.100f));   // ~100 ms release
 2181              		.loc 10 468 45 view .LVU718
 2182 0040 DFED167A 		vldr.32	s15, .L111+24
 467:VaDist.cpp    ****     env_release = expf(-1.0f / (sample_rate * 0.100f));   // ~100 ms release
 2183              		.loc 10 467 17 view .LVU719
 2184 0044 164B     		ldr	r3, .L111+28
 2185 0046 83ED000A 		vstr.32	s0, [r3]
 2186              		.loc 10 468 5 is_stmt 1 view .LVU720
 2187              		.loc 10 468 45 is_stmt 0 view .LVU721
 2188 004a 68EE277A 		vmul.f32	s15, s16, s15
 2189              		.loc 10 468 23 view .LVU722
 2190 004e 88EEA70A 		vdiv.f32	s0, s17, s15
 2191 0052 FFF7FEFF 		bl	expf
 2192              	.LVL188:
 2193              		.loc 10 468 17 view .LVU723
 2194 0056 134A     		ldr	r2, .L111+32
 469:VaDist.cpp    **** 
 470:VaDist.cpp    ****     /* Initial matrix computation (mid drive) */
 471:VaDist.cpp    ****     cur_drive = 50.0f;
 2195              		.loc 10 471 15 view .LVU724
 2196 0058 134B     		ldr	r3, .L111+36
 468:VaDist.cpp    **** 
 2197              		.loc 10 468 23 view .LVU725
 2198 005a F0EE407A 		vmov.f32	s15, s0
 2199              		.loc 10 471 15 view .LVU726
ARM GAS  C:\Users\isaia\AppData\Local\Temp\ccP6lw9u.s 			page 78


 2200 005e 9FED130A 		vldr.32	s0, .L111+40
 472:VaDist.cpp    ****     RecomputeMatrices(50.0f, sample_rate);
 2201              		.loc 10 472 22 view .LVU727
 2202 0062 F0EE480A 		vmov.f32	s1, s16
 471:VaDist.cpp    ****     RecomputeMatrices(50.0f, sample_rate);
 2203              		.loc 10 471 15 view .LVU728
 2204 0066 83ED000A 		vstr.32	s0, [r3]
 468:VaDist.cpp    **** 
 2205              		.loc 10 468 17 view .LVU729
 2206 006a C2ED007A 		vstr.32	s15, [r2]
 471:VaDist.cpp    ****     RecomputeMatrices(50.0f, sample_rate);
 2207              		.loc 10 471 5 is_stmt 1 view .LVU730
 2208              		.loc 10 472 5 view .LVU731
 2209              		.loc 10 472 22 is_stmt 0 view .LVU732
 2210 006e FFF7FEFF 		bl	_ZL17RecomputeMatricesff
 2211              	.LVL189:
 473:VaDist.cpp    **** 
 474:VaDist.cpp    ****     euro.patch.StartAudio(AudioCallback);
 2212              		.loc 10 474 5 is_stmt 1 view .LVU733
 2213              		.loc 10 474 26 is_stmt 0 view .LVU734
 2214 0072 0F49     		ldr	r1, .L111+44
 2215 0074 0448     		ldr	r0, .L111+4
 2216 0076 FFF7FEFF 		bl	_ZN5daisy8patch_sm12DaisyPatchSM10StartAudioEPFvPKPKfPPfjE
 2217              	.LVL190:
 2218              	.L109:
 475:VaDist.cpp    ****     while(1)
 2219              		.loc 10 475 5 is_stmt 1 discriminator 1 view .LVU735
 476:VaDist.cpp    ****     {
 477:VaDist.cpp    ****         euro.BootloaderResetCheck();
 2220              		.loc 10 477 9 discriminator 1 view .LVU736
 2221              		.loc 10 477 34 is_stmt 0 discriminator 1 view .LVU737
 2222 007a 0248     		ldr	r0, .L111
 2223 007c FFF7FEFF 		bl	_ZN9anachrome7planter20BootloaderResetCheckEv
 2224              	.LVL191:
 475:VaDist.cpp    ****     while(1)
 2225              		.loc 10 475 5 is_stmt 1 discriminator 1 view .LVU738
 2226 0080 FBE7     		b	.L109
 2227              	.L112:
 2228 0082 00BF     		.align	2
 2229              	.L111:
 2230 0084 00000000 		.word	.LANCHOR4
 2231 0088 B8000000 		.word	.LANCHOR4+184
 2232 008c 00000000 		.word	.LANCHOR6
 2233 0090 00000000 		.word	.LANCHOR7
 2234 0094 00000000 		.word	.LANCHOR8
 2235 0098 0AD7A33B 		.word	1000593162
 2236 009c CDCCCC3D 		.word	1036831949
 2237 00a0 00000000 		.word	.LANCHOR9
 2238 00a4 00000000 		.word	.LANCHOR10
 2239 00a8 00000000 		.word	.LANCHOR5
 2240 00ac 00004842 		.word	1112014848
 2241 00b0 00000000 		.word	_Z13AudioCallbackPKPKfPPfj
 2242              		.cfi_endproc
 2243              	.LFE4912:
 2245              		.section	.text.startup._GLOBAL__sub_I__Z13AudioCallbackPKPKfPPfj,"ax",%progbits
 2246              		.align	1
 2247              		.p2align 2,,3
ARM GAS  C:\Users\isaia\AppData\Local\Temp\ccP6lw9u.s 			page 79


 2248              		.syntax unified
 2249              		.thumb
 2250              		.thumb_func
 2251              		.fpu fpv5-d16
 2253              	_GLOBAL__sub_I__Z13AudioCallbackPKPKfPPfj:
 2254              	.LFB5482:
 478:VaDist.cpp    ****     }
 479:VaDist.cpp    **** }
 2255              		.loc 10 479 1 view -0
 2256              		.cfi_startproc
 2257              		@ args = 0, pretend = 0, frame = 0
 2258              		@ frame_needed = 0, uses_anonymous_args = 0
 2259              		@ link register save eliminated.
 2260              	.LBB476:
 2261              	.LBI476:
 2262              		.loc 10 479 1 view .LVU740
 2263              	.LVL192:
 2264              	.LBB477:
 2265              	.LBB478:
 2266              	.LBI478:
  53:../../Planter/planter.h ****         ~planter() = default;
 2267              		.loc 1 53 9 view .LVU741
 2268              	.LBB479:
 2269              	.LBI479:
 2270              		.file 12 "../../libDaisy//src/per/gpio.h"
   1:../../libDaisy//src/per/gpio.h **** #pragma once
   2:../../libDaisy//src/per/gpio.h **** #ifndef DSY_GPIO_H
   3:../../libDaisy//src/per/gpio.h **** #define DSY_GPIO_H
   4:../../libDaisy//src/per/gpio.h **** #include "daisy_core.h"
   5:../../libDaisy//src/per/gpio.h **** 
   6:../../libDaisy//src/per/gpio.h **** #ifdef __cplusplus
   7:../../libDaisy//src/per/gpio.h **** 
   8:../../libDaisy//src/per/gpio.h **** namespace daisy
   9:../../libDaisy//src/per/gpio.h **** {
  10:../../libDaisy//src/per/gpio.h **** /** @brief General Purpose I/O control 
  11:../../libDaisy//src/per/gpio.h ****  *  @details peripheral control over a single GPIO
  12:../../libDaisy//src/per/gpio.h ****  *  @ingroup peripheral
  13:../../libDaisy//src/per/gpio.h ****  *   
  14:../../libDaisy//src/per/gpio.h ****  *  Button Input (with internal Pullup resistor)
  15:../../libDaisy//src/per/gpio.h ****  *  @include GPIO_Input.cpp 
  16:../../libDaisy//src/per/gpio.h ****  * 
  17:../../libDaisy//src/per/gpio.h ****  *  Output Example (perfect for blinking an LED)
  18:../../libDaisy//src/per/gpio.h ****  *  @include GPIO_Output.cpp
  19:../../libDaisy//src/per/gpio.h ****  * 
  20:../../libDaisy//src/per/gpio.h **** */
  21:../../libDaisy//src/per/gpio.h **** class GPIO
  22:../../libDaisy//src/per/gpio.h **** {
  23:../../libDaisy//src/per/gpio.h ****   public:
  24:../../libDaisy//src/per/gpio.h ****     /** @brief Mode of operation for the specified GPIO */
  25:../../libDaisy//src/per/gpio.h ****     enum class Mode
  26:../../libDaisy//src/per/gpio.h ****     {
  27:../../libDaisy//src/per/gpio.h ****         INPUT,      /**< Input for reading state of pin */
  28:../../libDaisy//src/per/gpio.h ****         OUTPUT,     /**< Output w/ push-pull configuration */
  29:../../libDaisy//src/per/gpio.h ****         OPEN_DRAIN, /**< Output w/ open-drain configuration */
  30:../../libDaisy//src/per/gpio.h ****         ANALOG,     /**< Analog for connection to ADC or DAC peripheral */
  31:../../libDaisy//src/per/gpio.h ****     };
  32:../../libDaisy//src/per/gpio.h **** 
ARM GAS  C:\Users\isaia\AppData\Local\Temp\ccP6lw9u.s 			page 80


  33:../../libDaisy//src/per/gpio.h ****     /** @brief Configures whether an internal Pull up or Pull down resistor is used. 
  34:../../libDaisy//src/per/gpio.h ****      *  
  35:../../libDaisy//src/per/gpio.h ****      * Internal Pull up/down resistors are typically 40k ohms, and will be between
  36:../../libDaisy//src/per/gpio.h ****      * 30k and 50k
  37:../../libDaisy//src/per/gpio.h ****      * 
  38:../../libDaisy//src/per/gpio.h ****      * When the Pin is configured in Analog mode, the pull up/down resistors are
  39:../../libDaisy//src/per/gpio.h ****      * disabled by hardware. 
  40:../../libDaisy//src/per/gpio.h ****      */
  41:../../libDaisy//src/per/gpio.h ****     enum class Pull
  42:../../libDaisy//src/per/gpio.h ****     {
  43:../../libDaisy//src/per/gpio.h ****         NOPULL,   /**< No pull up resistor */
  44:../../libDaisy//src/per/gpio.h ****         PULLUP,   /**< Internal pull up enabled */
  45:../../libDaisy//src/per/gpio.h ****         PULLDOWN, /**< Internal pull down enabled*/
  46:../../libDaisy//src/per/gpio.h ****     };
  47:../../libDaisy//src/per/gpio.h **** 
  48:../../libDaisy//src/per/gpio.h ****     /** @brief Output speed controls the drive strength, and slew rate of the pin */
  49:../../libDaisy//src/per/gpio.h ****     enum class Speed
  50:../../libDaisy//src/per/gpio.h ****     {
  51:../../libDaisy//src/per/gpio.h ****         LOW,
  52:../../libDaisy//src/per/gpio.h ****         MEDIUM,
  53:../../libDaisy//src/per/gpio.h ****         HIGH,
  54:../../libDaisy//src/per/gpio.h ****         VERY_HIGH,
  55:../../libDaisy//src/per/gpio.h ****     };
  56:../../libDaisy//src/per/gpio.h **** 
  57:../../libDaisy//src/per/gpio.h ****     /** @brief Configuration for a given GPIO */
  58:../../libDaisy//src/per/gpio.h ****     struct Config
  59:../../libDaisy//src/per/gpio.h ****     {
  60:../../libDaisy//src/per/gpio.h ****         Pin   pin;
  61:../../libDaisy//src/per/gpio.h ****         Mode  mode;
  62:../../libDaisy//src/per/gpio.h ****         Pull  pull;
  63:../../libDaisy//src/per/gpio.h ****         Speed speed;
  64:../../libDaisy//src/per/gpio.h **** 
  65:../../libDaisy//src/per/gpio.h ****         /** Constructor with no arguments will prepare an invalid GPIO set as
  66:../../libDaisy//src/per/gpio.h ****          *  an input, with no pullup. 
  67:../../libDaisy//src/per/gpio.h ****          */
  68:../../libDaisy//src/per/gpio.h ****         Config()
  69:../../libDaisy//src/per/gpio.h ****         : pin(), mode(Mode::INPUT), pull(Pull::NOPULL), speed(Speed::LOW)
  70:../../libDaisy//src/per/gpio.h ****         {
  71:../../libDaisy//src/per/gpio.h ****         }
  72:../../libDaisy//src/per/gpio.h ****     };
  73:../../libDaisy//src/per/gpio.h **** 
  74:../../libDaisy//src/per/gpio.h ****     GPIO() {}
 2271              		.loc 12 74 5 view .LVU742
 2272              	.LBB480:
 2273              	.LBB481:
 2274              	.LBI481:
  68:../../libDaisy//src/per/gpio.h ****         : pin(), mode(Mode::INPUT), pull(Pull::NOPULL), speed(Speed::LOW)
 2275              		.loc 12 68 9 view .LVU743
 2276              	.LBB482:
 2277              	.LBB483:
 2278              	.LBB484:
 2279              	.LBI484:
 2280              		.file 13 "../../libDaisy//src/daisy_core.h"
   1:../../libDaisy//src/daisy_core.h **** #pragma once
   2:../../libDaisy//src/daisy_core.h **** #ifndef DSY_CORE_HW_H
   3:../../libDaisy//src/daisy_core.h **** #define DSY_CORE_HW_H /**< & */
   4:../../libDaisy//src/daisy_core.h **** #include <stdint.h>
ARM GAS  C:\Users\isaia\AppData\Local\Temp\ccP6lw9u.s 			page 81


   5:../../libDaisy//src/daisy_core.h **** #include <stdlib.h>
   6:../../libDaisy//src/daisy_core.h **** 
   7:../../libDaisy//src/daisy_core.h **** #if defined(_MSC_VER)
   8:../../libDaisy//src/daisy_core.h **** #define FORCE_INLINE __forceinline /**< & */
   9:../../libDaisy//src/daisy_core.h **** #elif defined(__clang__)
  10:../../libDaisy//src/daisy_core.h **** #define FORCE_INLINE inline __attribute__((always_inline)) /**< & */
  11:../../libDaisy//src/daisy_core.h **** #pragma clang diagnostic ignored "-Wduplicate-decl-specifier"
  12:../../libDaisy//src/daisy_core.h **** #elif defined(__GNUC__)
  13:../../libDaisy//src/daisy_core.h **** #define FORCE_INLINE inline __attribute__((always_inline)) /**< & */
  14:../../libDaisy//src/daisy_core.h **** #else
  15:../../libDaisy//src/daisy_core.h **** #error unknown compiler
  16:../../libDaisy//src/daisy_core.h **** #endif
  17:../../libDaisy//src/daisy_core.h **** 
  18:../../libDaisy//src/daisy_core.h **** /** @addtogroup utility
  19:../../libDaisy//src/daisy_core.h ****     @{
  20:../../libDaisy//src/daisy_core.h **** */
  21:../../libDaisy//src/daisy_core.h **** 
  22:../../libDaisy//src/daisy_core.h **** /** Macro for area of memory that is configured as cacheless
  23:../../libDaisy//src/daisy_core.h **** This should be used primarily for DMA buffers, and the like.
  24:../../libDaisy//src/daisy_core.h **** */
  25:../../libDaisy//src/daisy_core.h **** #define DMA_BUFFER_MEM_SECTION __attribute__((section(".sram1_bss")))
  26:../../libDaisy//src/daisy_core.h **** /** 
  27:../../libDaisy//src/daisy_core.h **** THE DTCM RAM section is also non-cached. However, is not suitable 
  28:../../libDaisy//src/daisy_core.h **** for DMA transfers. Performance is on par with internal SRAM w/ 
  29:../../libDaisy//src/daisy_core.h **** cache enabled.
  30:../../libDaisy//src/daisy_core.h **** */
  31:../../libDaisy//src/daisy_core.h **** #define DTCM_MEM_SECTION __attribute__((section(".dtcmram_bss")))
  32:../../libDaisy//src/daisy_core.h **** 
  33:../../libDaisy//src/daisy_core.h **** #define FBIPMAX 0.999985f             /**< close to 1.0f-LSB at 16 bit */
  34:../../libDaisy//src/daisy_core.h **** #define FBIPMIN (-FBIPMAX)            /**< - (1 - LSB) */
  35:../../libDaisy//src/daisy_core.h **** #define U82F_SCALE 0.0078740f         /**< 1 / 127 */
  36:../../libDaisy//src/daisy_core.h **** #define F2U8_SCALE 127.0f             /**< 128 - 1 */
  37:../../libDaisy//src/daisy_core.h **** #define S82F_SCALE 0.0078125f         /**< 1 / (2**7) */
  38:../../libDaisy//src/daisy_core.h **** #define F2S8_SCALE 127.0f             /**< (2 ** 7) - 1 */
  39:../../libDaisy//src/daisy_core.h **** #define S162F_SCALE 3.0517578125e-05f /**< 1 / (2** 15) */
  40:../../libDaisy//src/daisy_core.h **** #define F2S16_SCALE 32767.0f          /**< (2 ** 15) - 1 */
  41:../../libDaisy//src/daisy_core.h **** #define F2S24_SCALE 8388608.0f        /**< 2 ** 23 */
  42:../../libDaisy//src/daisy_core.h **** #define S242F_SCALE 1.192092896e-07f  /**< 1 / (2 ** 23) */
  43:../../libDaisy//src/daisy_core.h **** #define S24SIGN 0x800000              /**< 2 ** 23 */
  44:../../libDaisy//src/daisy_core.h **** #define S322F_SCALE 4.6566129e-10f    /**< 1 / (2** 31) */
  45:../../libDaisy//src/daisy_core.h **** #define F2S32_SCALE 2147483647.f      /**< (2 ** 31) - 1 */
  46:../../libDaisy//src/daisy_core.h **** 
  47:../../libDaisy//src/daisy_core.h **** 
  48:../../libDaisy//src/daisy_core.h **** /** shorthand macro for simplifying the reading of the left 
  49:../../libDaisy//src/daisy_core.h ****  *  channel of a non-interleaved output buffer named out */
  50:../../libDaisy//src/daisy_core.h **** #define OUT_L out[0]
  51:../../libDaisy//src/daisy_core.h **** 
  52:../../libDaisy//src/daisy_core.h **** /** shorthand macro for simplifying the reading of the right 
  53:../../libDaisy//src/daisy_core.h ****  *  channel of a non-interleaved output buffer named out */
  54:../../libDaisy//src/daisy_core.h **** #define OUT_R out[1]
  55:../../libDaisy//src/daisy_core.h **** 
  56:../../libDaisy//src/daisy_core.h **** /** shorthand macro for simplifying the reading of the left 
  57:../../libDaisy//src/daisy_core.h ****  *  channel of a non-interleaved input buffer named in */
  58:../../libDaisy//src/daisy_core.h **** #define IN_L in[0]
  59:../../libDaisy//src/daisy_core.h **** 
  60:../../libDaisy//src/daisy_core.h **** /** shorthand macro for simplifying the reading of the right 
  61:../../libDaisy//src/daisy_core.h ****  *  channel of a non-interleaved input buffer named in */
ARM GAS  C:\Users\isaia\AppData\Local\Temp\ccP6lw9u.s 			page 82


  62:../../libDaisy//src/daisy_core.h **** #define IN_R in[1]
  63:../../libDaisy//src/daisy_core.h **** 
  64:../../libDaisy//src/daisy_core.h **** /** 
  65:../../libDaisy//src/daisy_core.h ****     Computes cube.
  66:../../libDaisy//src/daisy_core.h ****     \param x Number to be cubed
  67:../../libDaisy//src/daisy_core.h ****     \return x ^ 3
  68:../../libDaisy//src/daisy_core.h **** */
  69:../../libDaisy//src/daisy_core.h **** FORCE_INLINE float cube(float x)
  70:../../libDaisy//src/daisy_core.h **** {
  71:../../libDaisy//src/daisy_core.h ****     return (x * x) * x;
  72:../../libDaisy//src/daisy_core.h **** }
  73:../../libDaisy//src/daisy_core.h **** 
  74:../../libDaisy//src/daisy_core.h **** /** 
  75:../../libDaisy//src/daisy_core.h ****     Converts unsigned 8-bit to float
  76:../../libDaisy//src/daisy_core.h ****     \param x Number to be scaled.
  77:../../libDaisy//src/daisy_core.h ****     \return Scaled number.
  78:../../libDaisy//src/daisy_core.h **** */
  79:../../libDaisy//src/daisy_core.h **** FORCE_INLINE float u82f(uint8_t x)
  80:../../libDaisy//src/daisy_core.h **** {
  81:../../libDaisy//src/daisy_core.h ****     return ((float)x - 127.f) * U82F_SCALE;
  82:../../libDaisy//src/daisy_core.h **** }
  83:../../libDaisy//src/daisy_core.h **** 
  84:../../libDaisy//src/daisy_core.h **** /**
  85:../../libDaisy//src/daisy_core.h ****     Converts float to unsigned 8-bit
  86:../../libDaisy//src/daisy_core.h **** */
  87:../../libDaisy//src/daisy_core.h **** FORCE_INLINE uint8_t f2u8(float x)
  88:../../libDaisy//src/daisy_core.h **** {
  89:../../libDaisy//src/daisy_core.h ****     x = x <= FBIPMIN ? FBIPMIN : x;
  90:../../libDaisy//src/daisy_core.h ****     x = x >= FBIPMAX ? FBIPMAX : x;
  91:../../libDaisy//src/daisy_core.h ****     return (uint8_t)((x * F2U8_SCALE) + F2U8_SCALE);
  92:../../libDaisy//src/daisy_core.h **** }
  93:../../libDaisy//src/daisy_core.h **** 
  94:../../libDaisy//src/daisy_core.h **** 
  95:../../libDaisy//src/daisy_core.h **** /** 
  96:../../libDaisy//src/daisy_core.h ****     Converts Signed 8-bit to float
  97:../../libDaisy//src/daisy_core.h ****     \param x Number to be scaled.
  98:../../libDaisy//src/daisy_core.h ****     \return Scaled number.
  99:../../libDaisy//src/daisy_core.h **** */
 100:../../libDaisy//src/daisy_core.h **** FORCE_INLINE float s82f(int8_t x)
 101:../../libDaisy//src/daisy_core.h **** {
 102:../../libDaisy//src/daisy_core.h ****     return (float)x * S82F_SCALE;
 103:../../libDaisy//src/daisy_core.h **** }
 104:../../libDaisy//src/daisy_core.h **** 
 105:../../libDaisy//src/daisy_core.h **** /**
 106:../../libDaisy//src/daisy_core.h ****     Converts float to Signed 8-bit
 107:../../libDaisy//src/daisy_core.h **** */
 108:../../libDaisy//src/daisy_core.h **** FORCE_INLINE int8_t f2s8(float x)
 109:../../libDaisy//src/daisy_core.h **** {
 110:../../libDaisy//src/daisy_core.h ****     x = x <= FBIPMIN ? FBIPMIN : x;
 111:../../libDaisy//src/daisy_core.h ****     x = x >= FBIPMAX ? FBIPMAX : x;
 112:../../libDaisy//src/daisy_core.h ****     return (int32_t)(x * F2S8_SCALE);
 113:../../libDaisy//src/daisy_core.h **** }
 114:../../libDaisy//src/daisy_core.h **** 
 115:../../libDaisy//src/daisy_core.h **** /** 
 116:../../libDaisy//src/daisy_core.h ****     Converts Signed 16-bit to float
 117:../../libDaisy//src/daisy_core.h ****     \param x Number to be scaled.
 118:../../libDaisy//src/daisy_core.h ****     \return Scaled number.
ARM GAS  C:\Users\isaia\AppData\Local\Temp\ccP6lw9u.s 			page 83


 119:../../libDaisy//src/daisy_core.h **** */
 120:../../libDaisy//src/daisy_core.h **** FORCE_INLINE float s162f(int16_t x)
 121:../../libDaisy//src/daisy_core.h **** {
 122:../../libDaisy//src/daisy_core.h ****     return (float)x * S162F_SCALE;
 123:../../libDaisy//src/daisy_core.h **** }
 124:../../libDaisy//src/daisy_core.h **** 
 125:../../libDaisy//src/daisy_core.h **** /**
 126:../../libDaisy//src/daisy_core.h ****     Converts float to Signed 16-bit
 127:../../libDaisy//src/daisy_core.h **** */
 128:../../libDaisy//src/daisy_core.h **** FORCE_INLINE int16_t f2s16(float x)
 129:../../libDaisy//src/daisy_core.h **** {
 130:../../libDaisy//src/daisy_core.h ****     x = x <= FBIPMIN ? FBIPMIN : x;
 131:../../libDaisy//src/daisy_core.h ****     x = x >= FBIPMAX ? FBIPMAX : x;
 132:../../libDaisy//src/daisy_core.h ****     return (int32_t)(x * F2S16_SCALE);
 133:../../libDaisy//src/daisy_core.h **** }
 134:../../libDaisy//src/daisy_core.h **** 
 135:../../libDaisy//src/daisy_core.h **** /**
 136:../../libDaisy//src/daisy_core.h ****     Converts Signed 24-bit to float
 137:../../libDaisy//src/daisy_core.h ****  */
 138:../../libDaisy//src/daisy_core.h **** FORCE_INLINE float s242f(int32_t x)
 139:../../libDaisy//src/daisy_core.h **** {
 140:../../libDaisy//src/daisy_core.h ****     x = (x ^ S24SIGN) - S24SIGN; //sign extend aka ((x<<8)>>8)
 141:../../libDaisy//src/daisy_core.h ****     return (float)x * S242F_SCALE;
 142:../../libDaisy//src/daisy_core.h **** }
 143:../../libDaisy//src/daisy_core.h **** /**
 144:../../libDaisy//src/daisy_core.h ****     Converts float to Signed 24-bit
 145:../../libDaisy//src/daisy_core.h ****  */
 146:../../libDaisy//src/daisy_core.h **** FORCE_INLINE int32_t f2s24(float x)
 147:../../libDaisy//src/daisy_core.h **** {
 148:../../libDaisy//src/daisy_core.h ****     x = x <= FBIPMIN ? FBIPMIN : x;
 149:../../libDaisy//src/daisy_core.h ****     x = x >= FBIPMAX ? FBIPMAX : x;
 150:../../libDaisy//src/daisy_core.h ****     return (int32_t)(x * F2S24_SCALE);
 151:../../libDaisy//src/daisy_core.h **** }
 152:../../libDaisy//src/daisy_core.h **** 
 153:../../libDaisy//src/daisy_core.h **** /**
 154:../../libDaisy//src/daisy_core.h ****     Converts Signed 32-bit to float
 155:../../libDaisy//src/daisy_core.h ****  */
 156:../../libDaisy//src/daisy_core.h **** FORCE_INLINE float s322f(int32_t x)
 157:../../libDaisy//src/daisy_core.h **** {
 158:../../libDaisy//src/daisy_core.h ****     return (float)x * S322F_SCALE;
 159:../../libDaisy//src/daisy_core.h **** }
 160:../../libDaisy//src/daisy_core.h **** /**
 161:../../libDaisy//src/daisy_core.h ****     Converts float to Signed 24-bit
 162:../../libDaisy//src/daisy_core.h ****  */
 163:../../libDaisy//src/daisy_core.h **** FORCE_INLINE int32_t f2s32(float x)
 164:../../libDaisy//src/daisy_core.h **** {
 165:../../libDaisy//src/daisy_core.h ****     x = x <= FBIPMIN ? FBIPMIN : x;
 166:../../libDaisy//src/daisy_core.h ****     x = x >= FBIPMAX ? FBIPMAX : x;
 167:../../libDaisy//src/daisy_core.h ****     return (int32_t)(x * F2S32_SCALE);
 168:../../libDaisy//src/daisy_core.h **** }
 169:../../libDaisy//src/daisy_core.h **** 
 170:../../libDaisy//src/daisy_core.h **** #ifdef __cplusplus
 171:../../libDaisy//src/daisy_core.h **** 
 172:../../libDaisy//src/daisy_core.h **** namespace daisy
 173:../../libDaisy//src/daisy_core.h **** {
 174:../../libDaisy//src/daisy_core.h **** /** @brief GPIO Port names */
 175:../../libDaisy//src/daisy_core.h **** enum GPIOPort
ARM GAS  C:\Users\isaia\AppData\Local\Temp\ccP6lw9u.s 			page 84


 176:../../libDaisy//src/daisy_core.h **** {
 177:../../libDaisy//src/daisy_core.h ****     PORTA, /**< Port A */
 178:../../libDaisy//src/daisy_core.h ****     PORTB, /**< Port B */
 179:../../libDaisy//src/daisy_core.h ****     PORTC, /**< Port C */
 180:../../libDaisy//src/daisy_core.h ****     PORTD, /**< Port D */
 181:../../libDaisy//src/daisy_core.h ****     PORTE, /**< Port E */
 182:../../libDaisy//src/daisy_core.h ****     PORTF, /**< Port F */
 183:../../libDaisy//src/daisy_core.h ****     PORTG, /**< Port G */
 184:../../libDaisy//src/daisy_core.h ****     PORTH, /**< Port H */
 185:../../libDaisy//src/daisy_core.h ****     PORTI, /**< Port I */
 186:../../libDaisy//src/daisy_core.h ****     PORTJ, /**< Port J */
 187:../../libDaisy//src/daisy_core.h ****     PORTK, /**< Port K */
 188:../../libDaisy//src/daisy_core.h ****     PORTX, /**< Used as a dummy port to signal an invalid pin. */
 189:../../libDaisy//src/daisy_core.h **** };
 190:../../libDaisy//src/daisy_core.h **** 
 191:../../libDaisy//src/daisy_core.h **** /** @brief representation of hardware port/pin combination */
 192:../../libDaisy//src/daisy_core.h **** struct Pin
 193:../../libDaisy//src/daisy_core.h **** {
 194:../../libDaisy//src/daisy_core.h ****     GPIOPort port;
 195:../../libDaisy//src/daisy_core.h ****     uint8_t  pin;
 196:../../libDaisy//src/daisy_core.h **** 
 197:../../libDaisy//src/daisy_core.h ****     /** @brief Constructor creates a valid pin. 
 198:../../libDaisy//src/daisy_core.h ****      *  @param pt GPIOPort between PA, and PK corresponding to STM32 Port.
 199:../../libDaisy//src/daisy_core.h ****      *  @param pn pin number in range of 0-15
 200:../../libDaisy//src/daisy_core.h ****     */
 201:../../libDaisy//src/daisy_core.h ****     constexpr Pin(const GPIOPort pt, const uint8_t pn) : port(pt), pin(pn) {}
 202:../../libDaisy//src/daisy_core.h **** 
 203:../../libDaisy//src/daisy_core.h ****     /** @brief Basic Constructor creates an invalid Pin object */
 204:../../libDaisy//src/daisy_core.h ****     constexpr Pin() : port(PORTX), pin(255) {}
 2281              		.loc 13 204 15 view .LVU744
 2282              		.loc 13 204 15 is_stmt 0 view .LVU745
 2283              	.LBE484:
 2284              	.LBE483:
 2285              	.LBE482:
 2286              	.LBE481:
 2287              	.LBE480:
 2288              	.LBE479:
 2289              	.LBB495:
 2290              	.LBI495:
 2291              		.loc 12 74 5 is_stmt 1 view .LVU746
 2292              	.LBB496:
 2293              	.LBB497:
 2294              	.LBI497:
  68:../../libDaisy//src/per/gpio.h ****         : pin(), mode(Mode::INPUT), pull(Pull::NOPULL), speed(Speed::LOW)
 2295              		.loc 12 68 9 view .LVU747
 2296              	.LBB498:
 2297              	.LBB499:
 2298              	.LBB500:
 2299              	.LBI500:
 2300              		.loc 13 204 15 view .LVU748
 2301              		.loc 13 204 15 is_stmt 0 view .LVU749
 2302              	.LBE500:
 2303              	.LBE499:
 2304              	.LBE498:
 2305              	.LBE497:
 2306              	.LBE496:
 2307              	.LBE495:
ARM GAS  C:\Users\isaia\AppData\Local\Temp\ccP6lw9u.s 			page 85


 2308              	.LBB509:
 2309              	.LBI509:
  33:../../libDaisy//src/hid/switch.h ****     ~Switch() {}
 2310              		.loc 9 33 5 is_stmt 1 view .LVU750
 2311              	.LBB510:
 2312              	.LBB511:
 2313              	.LBI511:
 2314              		.loc 12 74 5 view .LVU751
 2315              	.LBB512:
 2316              	.LBB513:
 2317              	.LBI513:
  68:../../libDaisy//src/per/gpio.h ****         : pin(), mode(Mode::INPUT), pull(Pull::NOPULL), speed(Speed::LOW)
 2318              		.loc 12 68 9 view .LVU752
 2319              	.LBB514:
 2320              	.LBB515:
 2321              	.LBB516:
 2322              	.LBI516:
 2323              		.loc 13 204 15 view .LVU753
 2324              		.loc 13 204 15 is_stmt 0 view .LVU754
 2325              	.LBE516:
 2326              	.LBE515:
 2327              	.LBE514:
 2328              	.LBE513:
 2329              	.LBE512:
 2330              	.LBE511:
 2331              	.LBE510:
 2332              	.LBE509:
 2333              	.LBB529:
 2334              	.LBI529:
  33:../../libDaisy//src/hid/switch.h ****     ~Switch() {}
 2335              		.loc 9 33 5 is_stmt 1 view .LVU755
 2336              	.LBB530:
 2337              	.LBB531:
 2338              	.LBI531:
 2339              		.loc 12 74 5 view .LVU756
 2340              	.LBB532:
 2341              	.LBB533:
 2342              	.LBI533:
  68:../../libDaisy//src/per/gpio.h ****         : pin(), mode(Mode::INPUT), pull(Pull::NOPULL), speed(Speed::LOW)
 2343              		.loc 12 68 9 view .LVU757
 2344              	.LBB534:
 2345              	.LBB535:
 2346              	.LBB536:
 2347              	.LBI536:
 2348              		.loc 13 204 15 view .LVU758
 2349              		.loc 13 204 15 is_stmt 0 view .LVU759
 2350              	.LBE536:
 2351              	.LBE535:
 2352              	.LBE534:
 2353              	.LBE533:
 2354              	.LBE532:
 2355              	.LBE531:
 2356              	.LBE530:
 2357              	.LBE529:
 2358              	.LBB549:
 2359              	.LBI549:
  33:../../libDaisy//src/hid/switch.h ****     ~Switch() {}
ARM GAS  C:\Users\isaia\AppData\Local\Temp\ccP6lw9u.s 			page 86


 2360              		.loc 9 33 5 is_stmt 1 view .LVU760
 2361              	.LBB550:
 2362              	.LBB551:
 2363              	.LBI551:
 2364              		.loc 12 74 5 view .LVU761
 2365              	.LBB552:
 2366              	.LBB553:
 2367              	.LBI553:
  68:../../libDaisy//src/per/gpio.h ****         : pin(), mode(Mode::INPUT), pull(Pull::NOPULL), speed(Speed::LOW)
 2368              		.loc 12 68 9 view .LVU762
 2369              	.LBB554:
 2370              	.LBB555:
 2371              	.LBB556:
 2372              	.LBI556:
 2373              		.loc 13 204 15 view .LVU763
 2374              		.loc 13 204 15 is_stmt 0 view .LVU764
 2375              	.LBE556:
 2376              	.LBE555:
 2377              	.LBE554:
 2378              	.LBE553:
 2379              	.LBE552:
 2380              	.LBE551:
 2381              	.LBE550:
 2382              	.LBE549:
 2383              	.LBB569:
 2384              	.LBI569:
  33:../../libDaisy//src/hid/switch.h ****     ~Switch() {}
 2385              		.loc 9 33 5 is_stmt 1 view .LVU765
 2386              	.LBB570:
 2387              	.LBB571:
 2388              	.LBI571:
 2389              		.loc 12 74 5 view .LVU766
 2390              	.LBB572:
 2391              	.LBB573:
 2392              	.LBI573:
  68:../../libDaisy//src/per/gpio.h ****         : pin(), mode(Mode::INPUT), pull(Pull::NOPULL), speed(Speed::LOW)
 2393              		.loc 12 68 9 view .LVU767
 2394              	.LBB574:
 2395              	.LBB575:
 2396              	.LBB576:
 2397              	.LBI576:
 2398              		.loc 13 204 15 view .LVU768
 2399              		.loc 13 204 15 is_stmt 0 view .LVU769
 2400              	.LBE576:
 2401              	.LBE575:
 2402              	.LBE574:
 2403              	.LBE573:
 2404              	.LBE572:
 2405              	.LBE571:
 2406              	.LBE570:
 2407              	.LBE569:
 2408              	.LBB589:
 2409              	.LBI589:
  64:../../libDaisy//src/daisy_patch_sm.h ****         ~DaisyPatchSM() {}
 2410              		.loc 2 64 9 is_stmt 1 view .LVU770
 2411              	.LBB590:
 2412              	.LBB591:
ARM GAS  C:\Users\isaia\AppData\Local\Temp\ccP6lw9u.s 			page 87


 2413              	.LBI591:
  96:../../libDaisy//src/sys/system.h ****     ~System() {}
 2414              		.loc 8 96 5 view .LVU771
  96:../../libDaisy//src/sys/system.h ****     ~System() {}
 2415              		.loc 8 96 5 is_stmt 0 view .LVU772
 2416              	.LBE591:
 2417              	.LBB592:
 2418              	.LBI592:
 2419              		.file 14 "../../libDaisy//src/per/qspi.h"
   1:../../libDaisy//src/per/qspi.h **** #ifndef DSY_QSPI
   2:../../libDaisy//src/per/qspi.h **** #define DSY_QSPI /**< Macro */
   3:../../libDaisy//src/per/qspi.h **** 
   4:../../libDaisy//src/per/qspi.h **** #ifndef UNIT_TEST // for unit tests, a dummy implementation
   5:../../libDaisy//src/per/qspi.h **** 
   6:../../libDaisy//src/per/qspi.h **** #include <cstdint>
   7:../../libDaisy//src/per/qspi.h **** #include "daisy_core.h"
   8:../../libDaisy//src/per/qspi.h **** #include "util/hal_map.h"
   9:../../libDaisy//src/per/qspi.h **** 
  10:../../libDaisy//src/per/qspi.h **** #define DSY_QSPI_TEXT       \
  11:../../libDaisy//src/per/qspi.h ****     __attribute__((section( \
  12:../../libDaisy//src/per/qspi.h ****         ".qspiflash_text"))) /**< used for reading memory in memory_mapped mode. */
  13:../../libDaisy//src/per/qspi.h **** #define DSY_QSPI_DATA       \
  14:../../libDaisy//src/per/qspi.h ****     __attribute__((section( \
  15:../../libDaisy//src/per/qspi.h ****         ".qspiflash_data"))) /**< used for reading memory in memory_mapped mode. */
  16:../../libDaisy//src/per/qspi.h **** #define DSY_QSPI_BSS        \
  17:../../libDaisy//src/per/qspi.h ****     __attribute__((section( \
  18:../../libDaisy//src/per/qspi.h ****         ".qspiflash_bss"))) /**< used for reading memory in memory_mapped mode. */
  19:../../libDaisy//src/per/qspi.h **** 
  20:../../libDaisy//src/per/qspi.h **** namespace daisy
  21:../../libDaisy//src/per/qspi.h **** {
  22:../../libDaisy//src/per/qspi.h **** /** @addtogroup serial
  23:../../libDaisy//src/per/qspi.h **** @{
  24:../../libDaisy//src/per/qspi.h **** */
  25:../../libDaisy//src/per/qspi.h **** 
  26:../../libDaisy//src/per/qspi.h **** /**
  27:../../libDaisy//src/per/qspi.h ****  Driver for QSPI peripheral to interface with external flash memory. \n
  28:../../libDaisy//src/per/qspi.h ****     Currently supported QSPI Devices: \n
  29:../../libDaisy//src/per/qspi.h ****     * IS25LP080D
  30:../../libDaisy//src/per/qspi.h **** */
  31:../../libDaisy//src/per/qspi.h **** class QSPIHandle
  32:../../libDaisy//src/per/qspi.h **** {
  33:../../libDaisy//src/per/qspi.h ****   public:
  34:../../libDaisy//src/per/qspi.h ****     enum Result
  35:../../libDaisy//src/per/qspi.h ****     {
  36:../../libDaisy//src/per/qspi.h ****         OK = 0,
  37:../../libDaisy//src/per/qspi.h ****         ERR
  38:../../libDaisy//src/per/qspi.h ****     };
  39:../../libDaisy//src/per/qspi.h **** 
  40:../../libDaisy//src/per/qspi.h ****     /** Indicates the current status of the module.
  41:../../libDaisy//src/per/qspi.h ****          *  Warnings are indicated by a leading W.
  42:../../libDaisy//src/per/qspi.h ****          *  Errors are indicated by a leading E and cause an immediate exit.
  43:../../libDaisy//src/per/qspi.h ****          *
  44:../../libDaisy//src/per/qspi.h ****          *  \param GOOD - No errors have been reported.
  45:../../libDaisy//src/per/qspi.h ****          *  \param E_HAL_ERROR - HAL code did not return HAL_OK.
  46:../../libDaisy//src/per/qspi.h ****          *  \param E_SWITCHING_MODES - An error was encountered while switching QSPI peripheral mod
  47:../../libDaisy//src/per/qspi.h ****          *  \param E_INVALID_MODE - QSPI should not be written to while the program is executing fr
  48:../../libDaisy//src/per/qspi.h ****          */
ARM GAS  C:\Users\isaia\AppData\Local\Temp\ccP6lw9u.s 			page 88


  49:../../libDaisy//src/per/qspi.h ****     enum Status
  50:../../libDaisy//src/per/qspi.h ****     {
  51:../../libDaisy//src/per/qspi.h ****         GOOD = 0,
  52:../../libDaisy//src/per/qspi.h ****         E_HAL_ERROR,
  53:../../libDaisy//src/per/qspi.h ****         E_SWITCHING_MODES,
  54:../../libDaisy//src/per/qspi.h ****         E_INVALID_MODE,
  55:../../libDaisy//src/per/qspi.h ****     };
  56:../../libDaisy//src/per/qspi.h **** 
  57:../../libDaisy//src/per/qspi.h ****     /** Configuration structure for interfacing with QSPI Driver */
  58:../../libDaisy//src/per/qspi.h ****     struct Config
  59:../../libDaisy//src/per/qspi.h ****     {
  60:../../libDaisy//src/per/qspi.h ****         /** Flash Devices supported. (Both of these are more-or-less the same, just different sizes
  61:../../libDaisy//src/per/qspi.h ****         enum Device
  62:../../libDaisy//src/per/qspi.h ****         {
  63:../../libDaisy//src/per/qspi.h ****             IS25LP080D,  /**< & */
  64:../../libDaisy//src/per/qspi.h ****             IS25LP064A,  /**< & */
  65:../../libDaisy//src/per/qspi.h ****             DEVICE_LAST, /**< & */
  66:../../libDaisy//src/per/qspi.h ****         };
  67:../../libDaisy//src/per/qspi.h **** 
  68:../../libDaisy//src/per/qspi.h ****         /**
  69:../../libDaisy//src/per/qspi.h ****         Modes of operation.
  70:../../libDaisy//src/per/qspi.h ****         Memory Mapped mode: QSPI configured so that the QSPI can be
  71:../../libDaisy//src/per/qspi.h ****         read from starting address 0x90000000. Writing is not
  72:../../libDaisy//src/per/qspi.h ****         possible in this mode. \n
  73:../../libDaisy//src/per/qspi.h ****         Indirect Polling mode: Device driver enabled.
  74:../../libDaisy//src/per/qspi.h ****         */
  75:../../libDaisy//src/per/qspi.h ****         enum Mode
  76:../../libDaisy//src/per/qspi.h ****         {
  77:../../libDaisy//src/per/qspi.h ****             MEMORY_MAPPED,    /**< & */
  78:../../libDaisy//src/per/qspi.h ****             INDIRECT_POLLING, /**< & */
  79:../../libDaisy//src/per/qspi.h ****             MODE_LAST,
  80:../../libDaisy//src/per/qspi.h ****         };
  81:../../libDaisy//src/per/qspi.h **** 
  82:../../libDaisy//src/per/qspi.h ****         //SCK,  CE# (active low)
  83:../../libDaisy//src/per/qspi.h ****         struct
  84:../../libDaisy//src/per/qspi.h ****         {
  85:../../libDaisy//src/per/qspi.h ****             Pin io0; /**< & */
  86:../../libDaisy//src/per/qspi.h ****             Pin io1; /**< & */
  87:../../libDaisy//src/per/qspi.h ****             Pin io2; /**< & */
  88:../../libDaisy//src/per/qspi.h ****             Pin io3; /**< & */
  89:../../libDaisy//src/per/qspi.h ****             Pin clk; /**< & */
  90:../../libDaisy//src/per/qspi.h ****             Pin ncs; /**< & */
  91:../../libDaisy//src/per/qspi.h ****         } pin_config;
  92:../../libDaisy//src/per/qspi.h **** 
  93:../../libDaisy//src/per/qspi.h ****         Device device;
  94:../../libDaisy//src/per/qspi.h ****         Mode   mode;
  95:../../libDaisy//src/per/qspi.h ****     };
  96:../../libDaisy//src/per/qspi.h **** 
  97:../../libDaisy//src/per/qspi.h ****     /**
  98:../../libDaisy//src/per/qspi.h ****         Initializes QSPI peripheral, and Resets, and prepares memory for access.
  99:../../libDaisy//src/per/qspi.h ****         \param config should be populated with the mode, device and pin_config before calling this 
 100:../../libDaisy//src/per/qspi.h ****         \return Result::OK or Result::ERR
 101:../../libDaisy//src/per/qspi.h ****         */
 102:../../libDaisy//src/per/qspi.h ****     Result Init(const Config& config);
 103:../../libDaisy//src/per/qspi.h **** 
 104:../../libDaisy//src/per/qspi.h ****     /** Returns the current config. */
 105:../../libDaisy//src/per/qspi.h ****     const Config& GetConfig() const;
ARM GAS  C:\Users\isaia\AppData\Local\Temp\ccP6lw9u.s 			page 89


 106:../../libDaisy//src/per/qspi.h **** 
 107:../../libDaisy//src/per/qspi.h ****     // Couldn't this just be called before anything else in init? That
 108:../../libDaisy//src/per/qspi.h ****     // would make manually calling it unnecessary.
 109:../../libDaisy//src/per/qspi.h ****     /**
 110:../../libDaisy//src/per/qspi.h ****         Deinitializes the peripheral
 111:../../libDaisy//src/per/qspi.h ****         This should be called before reinitializing QSPI in a different mode.
 112:../../libDaisy//src/per/qspi.h ****         \return Result::OK or Result::ERR
 113:../../libDaisy//src/per/qspi.h ****         */
 114:../../libDaisy//src/per/qspi.h ****     Result DeInit();
 115:../../libDaisy//src/per/qspi.h **** 
 116:../../libDaisy//src/per/qspi.h ****     /**
 117:../../libDaisy//src/per/qspi.h ****         Writes a single page to to the specified address on the QSPI chip.
 118:../../libDaisy//src/per/qspi.h ****         For IS25LP*, page size is 256 bytes.
 119:../../libDaisy//src/per/qspi.h ****         \param address Address to write to
 120:../../libDaisy//src/per/qspi.h ****         \param size Buffer size
 121:../../libDaisy//src/per/qspi.h ****         \param buffer Buffer to write
 122:../../libDaisy//src/per/qspi.h ****         \return Result::OK or Result::ERR
 123:../../libDaisy//src/per/qspi.h ****         */
 124:../../libDaisy//src/per/qspi.h ****     Result WritePage(uint32_t address, uint32_t size, uint8_t* buffer);
 125:../../libDaisy//src/per/qspi.h **** 
 126:../../libDaisy//src/per/qspi.h ****     /**
 127:../../libDaisy//src/per/qspi.h ****         Writes data in buffer to to the QSPI. Starting at address to address+size
 128:../../libDaisy//src/per/qspi.h ****         \param address Address to write to
 129:../../libDaisy//src/per/qspi.h ****         \param size Buffer size
 130:../../libDaisy//src/per/qspi.h ****         \param buffer Buffer to write
 131:../../libDaisy//src/per/qspi.h ****         \return Result::OK or Result::ERR
 132:../../libDaisy//src/per/qspi.h ****         */
 133:../../libDaisy//src/per/qspi.h ****     Result Write(uint32_t address, uint32_t size, uint8_t* buffer);
 134:../../libDaisy//src/per/qspi.h **** 
 135:../../libDaisy//src/per/qspi.h ****     /**
 136:../../libDaisy//src/per/qspi.h ****         Erases the area specified on the chip.
 137:../../libDaisy//src/per/qspi.h ****         Erasures will happen by 4K, 32K or 64K increments.
 138:../../libDaisy//src/per/qspi.h ****         Smallest erase possible is 4kB at a time. (on IS25LP*)
 139:../../libDaisy//src/per/qspi.h ****         \param start_addr Address to begin erasing from
 140:../../libDaisy//src/per/qspi.h ****         \param end_addr  Address to stop erasing at
 141:../../libDaisy//src/per/qspi.h ****         \return Result::OK or Result::ERR
 142:../../libDaisy//src/per/qspi.h ****         */
 143:../../libDaisy//src/per/qspi.h ****     Result Erase(uint32_t start_addr, uint32_t end_addr);
 144:../../libDaisy//src/per/qspi.h **** 
 145:../../libDaisy//src/per/qspi.h ****     /**
 146:../../libDaisy//src/per/qspi.h ****          Erases a single sector of the chip.
 147:../../libDaisy//src/per/qspi.h ****         TODO: Document the size of this function.
 148:../../libDaisy//src/per/qspi.h ****         \param address Address of sector to erase
 149:../../libDaisy//src/per/qspi.h ****         \return Result::OK or Result::ERR
 150:../../libDaisy//src/per/qspi.h ****         */
 151:../../libDaisy//src/per/qspi.h ****     Result EraseSector(uint32_t address);
 152:../../libDaisy//src/per/qspi.h **** 
 153:../../libDaisy//src/per/qspi.h ****     /** Returns the current class status. Useful for debugging.
 154:../../libDaisy//src/per/qspi.h ****      *  \returns Status
 155:../../libDaisy//src/per/qspi.h ****      */
 156:../../libDaisy//src/per/qspi.h ****     Status GetStatus();
 157:../../libDaisy//src/per/qspi.h **** 
 158:../../libDaisy//src/per/qspi.h ****     /** Returns a pointer to the actual memory used
 159:../../libDaisy//src/per/qspi.h ****      *  The memory at this address is read-only
 160:../../libDaisy//src/per/qspi.h ****      *  to write to it use the Write function.
 161:../../libDaisy//src/per/qspi.h ****      *
 162:../../libDaisy//src/per/qspi.h ****      *  \param offset returns the pointer starting this
ARM GAS  C:\Users\isaia\AppData\Local\Temp\ccP6lw9u.s 			page 90


 163:../../libDaisy//src/per/qspi.h ****      *                many bytes into the memory
 164:../../libDaisy//src/per/qspi.h ****     */
 165:../../libDaisy//src/per/qspi.h ****     void* GetData(uint32_t offset = 0);
 166:../../libDaisy//src/per/qspi.h **** 
 167:../../libDaisy//src/per/qspi.h ****     QSPIHandle() : pimpl_(nullptr) {}
 2420              		.loc 14 167 5 is_stmt 1 view .LVU773
 2421              		.loc 14 167 5 is_stmt 0 view .LVU774
 2422              	.LBE592:
 2423              	.LBB593:
 2424              	.LBI593:
  87:../../libDaisy//src/hid/audio.h ****     ~AudioHandle() {}
 2425              		.loc 7 87 5 is_stmt 1 view .LVU775
  87:../../libDaisy//src/hid/audio.h ****     ~AudioHandle() {}
 2426              		.loc 7 87 5 is_stmt 0 view .LVU776
 2427              	.LBE593:
 2428              	.LBB596:
 2429              	.LBI596:
 109:../../libDaisy//src/per/adc.h ****     ~AdcHandle() {}
 2430              		.loc 6 109 5 is_stmt 1 view .LVU777
 109:../../libDaisy//src/per/adc.h ****     ~AdcHandle() {}
 2431              		.loc 6 109 5 is_stmt 0 view .LVU778
 2432              	.LBE596:
 2433              	.LBB597:
 2434              	.LBI597:
  40:../../libDaisy//src/hid/usb.h **** 
 2435              		.loc 5 40 5 is_stmt 1 view .LVU779
  40:../../libDaisy//src/hid/usb.h **** 
 2436              		.loc 5 40 5 is_stmt 0 view .LVU780
 2437              	.LBE597:
 2438              	.LBB598:
 2439              	.LBI598:
  28:../../libDaisy//src/dev/codec_pcm3060.h ****     ~Pcm3060() {}
 2440              		.loc 4 28 5 is_stmt 1 view .LVU781
 2441              	.LBB599:
 2442              	.LBB600:
 2443              	.LBI600:
 2444              		.file 15 "../../libDaisy//src/per/i2c.h"
   1:../../libDaisy//src/per/i2c.h **** #pragma once
   2:../../libDaisy//src/per/i2c.h **** #include "util/hal_map.h"
   3:../../libDaisy//src/per/i2c.h **** #include "daisy_core.h"
   4:../../libDaisy//src/per/i2c.h **** 
   5:../../libDaisy//src/per/i2c.h **** namespace daisy
   6:../../libDaisy//src/per/i2c.h **** {
   7:../../libDaisy//src/per/i2c.h **** /** A handle for interacting with an I2C peripheral. This is a dumb
   8:../../libDaisy//src/per/i2c.h ****  *  gateway that internally points to one of the four I2C peripherals
   9:../../libDaisy//src/per/i2c.h ****  *  after it was initialised. It can then be copied and passed around.
  10:../../libDaisy//src/per/i2c.h ****  *  Use an I2CHandle like this:
  11:../../libDaisy//src/per/i2c.h ****  *  
  12:../../libDaisy//src/per/i2c.h ****  *      // setup the configuration
  13:../../libDaisy//src/per/i2c.h ****  *      I2CHandle::Config i2c_conf;
  14:../../libDaisy//src/per/i2c.h ****  *      i2c_conf.periph = I2CHandle::Config::Peripheral::I2C_1;
  15:../../libDaisy//src/per/i2c.h ****  *      i2c_conf.speed  = I2CHandle::Config::Speed::I2C_400KHZ;
  16:../../libDaisy//src/per/i2c.h ****  *      i2c_conf.mode   = I2CHandle::Config::Mode::Master;
  17:../../libDaisy//src/per/i2c.h ****  *      i2c_conf.pin_config.scl  = {DSY_GPIOB, 8};
  18:../../libDaisy//src/per/i2c.h ****  *      i2c_conf.pin_config.sda  = {DSY_GPIOB, 9};
  19:../../libDaisy//src/per/i2c.h ****  *      // initialise the peripheral
  20:../../libDaisy//src/per/i2c.h ****  *      I2CHandle i2c;
ARM GAS  C:\Users\isaia\AppData\Local\Temp\ccP6lw9u.s 			page 91


  21:../../libDaisy//src/per/i2c.h ****  *      i2c.Init(i2c_conf);
  22:../../libDaisy//src/per/i2c.h ****  *      // now i2c points to the corresponding peripheral and can be used.
  23:../../libDaisy//src/per/i2c.h ****  *      i2c.TransmitBlocking( ... );
  24:../../libDaisy//src/per/i2c.h ****  */
  25:../../libDaisy//src/per/i2c.h **** class I2CHandle
  26:../../libDaisy//src/per/i2c.h **** {
  27:../../libDaisy//src/per/i2c.h ****   public:
  28:../../libDaisy//src/per/i2c.h ****     /** Contains settings for initialising an I2C interface. */
  29:../../libDaisy//src/per/i2c.h ****     struct Config
  30:../../libDaisy//src/per/i2c.h ****     {
  31:../../libDaisy//src/per/i2c.h ****         /** Specifies whether the interface will operate in master or slave mode. */
  32:../../libDaisy//src/per/i2c.h ****         enum class Mode
  33:../../libDaisy//src/per/i2c.h ****         {
  34:../../libDaisy//src/per/i2c.h ****             I2C_MASTER,
  35:../../libDaisy//src/per/i2c.h ****             I2C_SLAVE,
  36:../../libDaisy//src/per/i2c.h ****         };
  37:../../libDaisy//src/per/i2c.h **** 
  38:../../libDaisy//src/per/i2c.h ****         /** Specifices the internal peripheral to use (these are mapped to different pins on the ha
  39:../../libDaisy//src/per/i2c.h ****         enum class Peripheral
  40:../../libDaisy//src/per/i2c.h ****         {
  41:../../libDaisy//src/per/i2c.h ****             I2C_1 = 0, /**< & */
  42:../../libDaisy//src/per/i2c.h ****             I2C_2,     /**< & */
  43:../../libDaisy//src/per/i2c.h ****             I2C_3,     /**< & */
  44:../../libDaisy//src/per/i2c.h ****             I2C_4,     /**< & */
  45:../../libDaisy//src/per/i2c.h ****         };
  46:../../libDaisy//src/per/i2c.h **** 
  47:../../libDaisy//src/per/i2c.h ****         /** Rate at which the clock/data will be sent/received. The device being used will have max
  48:../../libDaisy//src/per/i2c.h ****          *  1MHZ Mode is currently 886kHz
  49:../../libDaisy//src/per/i2c.h ****          */
  50:../../libDaisy//src/per/i2c.h ****         enum class Speed
  51:../../libDaisy//src/per/i2c.h ****         {
  52:../../libDaisy//src/per/i2c.h ****             I2C_100KHZ, /**< & */
  53:../../libDaisy//src/per/i2c.h ****             I2C_400KHZ, /**< & */
  54:../../libDaisy//src/per/i2c.h ****             I2C_1MHZ,   /**< & */
  55:../../libDaisy//src/per/i2c.h ****         };
  56:../../libDaisy//src/per/i2c.h **** 
  57:../../libDaisy//src/per/i2c.h ****         Peripheral periph; /**< & */
  58:../../libDaisy//src/per/i2c.h ****         struct
  59:../../libDaisy//src/per/i2c.h ****         {
  60:../../libDaisy//src/per/i2c.h ****             Pin scl;  /**< & */
  61:../../libDaisy//src/per/i2c.h ****             Pin sda;  /**< & */
  62:../../libDaisy//src/per/i2c.h ****         } pin_config; /**< & */
  63:../../libDaisy//src/per/i2c.h **** 
  64:../../libDaisy//src/per/i2c.h ****         Speed speed; /**< & */
  65:../../libDaisy//src/per/i2c.h ****         Mode  mode;  /**< & */
  66:../../libDaisy//src/per/i2c.h ****         // 0x10 is chosen as a default to avoid conflicts with reserved addresses
  67:../../libDaisy//src/per/i2c.h ****         uint8_t address = 0x10; /**< & */
  68:../../libDaisy//src/per/i2c.h ****     };
  69:../../libDaisy//src/per/i2c.h **** 
  70:../../libDaisy//src/per/i2c.h ****     /** Return values for I2C functions. */
  71:../../libDaisy//src/per/i2c.h ****     enum class Result
  72:../../libDaisy//src/per/i2c.h ****     {
  73:../../libDaisy//src/per/i2c.h ****         OK, /**< & */
  74:../../libDaisy//src/per/i2c.h ****         ERR /**< & */
  75:../../libDaisy//src/per/i2c.h ****     };
  76:../../libDaisy//src/per/i2c.h **** 
  77:../../libDaisy//src/per/i2c.h ****     enum class Direction
ARM GAS  C:\Users\isaia\AppData\Local\Temp\ccP6lw9u.s 			page 92


  78:../../libDaisy//src/per/i2c.h ****     {
  79:../../libDaisy//src/per/i2c.h ****         TRANSMIT, /**< & */
  80:../../libDaisy//src/per/i2c.h ****         RECEIVE,  /**< & */
  81:../../libDaisy//src/per/i2c.h ****     };
  82:../../libDaisy//src/per/i2c.h **** 
  83:../../libDaisy//src/per/i2c.h ****     I2CHandle() : pimpl_(nullptr) {}
 2445              		.loc 15 83 5 view .LVU782
 2446              		.loc 15 83 5 is_stmt 0 view .LVU783
 2447              	.LBE600:
 2448              	.LBE599:
 2449              	.LBE598:
 2450              	.LBB605:
 2451              	.LBI605:
 2452              		.file 16 "../../libDaisy//src/per/dac.h"
   1:../../libDaisy//src/per/dac.h **** #pragma once
   2:../../libDaisy//src/per/dac.h **** #ifndef DSY_DAC_H
   3:../../libDaisy//src/per/dac.h **** #define DSY_DAC_H
   4:../../libDaisy//src/per/dac.h **** #include "stm32h7xx_hal.h"
   5:../../libDaisy//src/per/dac.h **** #include "daisy_core.h"
   6:../../libDaisy//src/per/dac.h **** 
   7:../../libDaisy//src/per/dac.h **** namespace daisy
   8:../../libDaisy//src/per/dac.h **** {
   9:../../libDaisy//src/per/dac.h **** /** @brief DAC handle for Built-in DAC Peripheral 
  10:../../libDaisy//src/per/dac.h ****  *  @ingroup per_analog
  11:../../libDaisy//src/per/dac.h ****  ** 
  12:../../libDaisy//src/per/dac.h ****  ** For now only Normal Mode is supported,
  13:../../libDaisy//src/per/dac.h ****  ** Sample and hold mode provides reduced power consumption, but requires a bit more setup.
  14:../../libDaisy//src/per/dac.h ****  **
  15:../../libDaisy//src/per/dac.h ****  ** For now connecting the DAC through other internal peripherals is also not supported.
  16:../../libDaisy//src/per/dac.h ****  **
  17:../../libDaisy//src/per/dac.h ****  ** Since the DAC channels have dedicated pins we don't need to pass in a pin config like with
  18:../../libDaisy//src/per/dac.h ****  ** other modules. However, it is still important to not try to use the DAC pins for anything else.
  19:../../libDaisy//src/per/dac.h ****  ** DAC Channel 1 is on PA4, and DAC Channel 2 is on PA5
  20:../../libDaisy//src/per/dac.h ****  ***/
  21:../../libDaisy//src/per/dac.h **** class DacHandle
  22:../../libDaisy//src/per/dac.h **** {
  23:../../libDaisy//src/per/dac.h ****   public:
  24:../../libDaisy//src/per/dac.h ****     /** Return Values for the DacHandle class */
  25:../../libDaisy//src/per/dac.h ****     enum class Result
  26:../../libDaisy//src/per/dac.h ****     {
  27:../../libDaisy//src/per/dac.h ****         OK,
  28:../../libDaisy//src/per/dac.h ****         ERR,
  29:../../libDaisy//src/per/dac.h ****     };
  30:../../libDaisy//src/per/dac.h **** 
  31:../../libDaisy//src/per/dac.h ****     /** Selects which channel(s) will be configured for use. */
  32:../../libDaisy//src/per/dac.h ****     enum class Channel
  33:../../libDaisy//src/per/dac.h ****     {
  34:../../libDaisy//src/per/dac.h ****         ONE,
  35:../../libDaisy//src/per/dac.h ****         TWO,
  36:../../libDaisy//src/per/dac.h ****         BOTH,
  37:../../libDaisy//src/per/dac.h ****     };
  38:../../libDaisy//src/per/dac.h **** 
  39:../../libDaisy//src/per/dac.h ****     /** Sets the Mode for the DAC channels.
  40:../../libDaisy//src/per/dac.h ****      **
  41:../../libDaisy//src/per/dac.h ****      ** Polling mode uses the blocking mode to transmit a single value at a time.
  42:../../libDaisy//src/per/dac.h ****      **
  43:../../libDaisy//src/per/dac.h ****      ** DMA mode uses a buffer, and periodically transmits it triggering a 
ARM GAS  C:\Users\isaia\AppData\Local\Temp\ccP6lw9u.s 			page 93


  44:../../libDaisy//src/per/dac.h ****      ** callback to fill the buffer when it is ready for more samples.
  45:../../libDaisy//src/per/dac.h ****      ***/
  46:../../libDaisy//src/per/dac.h ****     enum class Mode
  47:../../libDaisy//src/per/dac.h ****     {
  48:../../libDaisy//src/per/dac.h ****         POLLING,
  49:../../libDaisy//src/per/dac.h ****         DMA,
  50:../../libDaisy//src/per/dac.h ****     };
  51:../../libDaisy//src/per/dac.h **** 
  52:../../libDaisy//src/per/dac.h ****     /** Sets the number of bits per sample transmitted out of the DAC.
  53:../../libDaisy//src/per/dac.h ****      ** The output range will be: 0V - VDDA
  54:../../libDaisy//src/per/dac.h ****      ** The resolution will be roughly: bitdepth / (VDDA - 0V) 
  55:../../libDaisy//src/per/dac.h ****      ***/
  56:../../libDaisy//src/per/dac.h ****     enum class BitDepth
  57:../../libDaisy//src/per/dac.h ****     {
  58:../../libDaisy//src/per/dac.h ****         BITS_8,
  59:../../libDaisy//src/per/dac.h ****         BITS_12
  60:../../libDaisy//src/per/dac.h ****     };
  61:../../libDaisy//src/per/dac.h **** 
  62:../../libDaisy//src/per/dac.h ****     /** Sets whether the DAC output is buffered for higher drive ability. */
  63:../../libDaisy//src/per/dac.h ****     enum class BufferState
  64:../../libDaisy//src/per/dac.h ****     {
  65:../../libDaisy//src/per/dac.h ****         ENABLED,
  66:../../libDaisy//src/per/dac.h ****         DISABLED,
  67:../../libDaisy//src/per/dac.h ****     };
  68:../../libDaisy//src/per/dac.h **** 
  69:../../libDaisy//src/per/dac.h ****     /** Configuration structure for initializing the DAC structure. */
  70:../../libDaisy//src/per/dac.h ****     struct Config
  71:../../libDaisy//src/per/dac.h ****     {
  72:../../libDaisy//src/per/dac.h ****         /** Target Samplerate in Hz used to configure the internal 
  73:../../libDaisy//src/per/dac.h ****          ** timebase for DMA mode. Does nothing in POLLING mode.
  74:../../libDaisy//src/per/dac.h ****          ** If the value is 0 at Init time this will default to 48000Hz 
  75:../../libDaisy//src/per/dac.h ****          ** otherwise the driver will attempt meet the target.*/
  76:../../libDaisy//src/per/dac.h ****         uint32_t target_samplerate;
  77:../../libDaisy//src/per/dac.h **** 
  78:../../libDaisy//src/per/dac.h ****         Channel     chn;
  79:../../libDaisy//src/per/dac.h ****         Mode        mode;
  80:../../libDaisy//src/per/dac.h ****         BitDepth    bitdepth;
  81:../../libDaisy//src/per/dac.h ****         BufferState buff_state;
  82:../../libDaisy//src/per/dac.h ****     };
  83:../../libDaisy//src/per/dac.h **** 
  84:../../libDaisy//src/per/dac.h ****     DacHandle() : pimpl_(nullptr) {}
 2453              		.loc 16 84 5 is_stmt 1 view .LVU784
 2454              	.LBE605:
 2455              	.LBE590:
 2456              	.LBE589:
 2457              	.LBB702:
 2458              	.LBB491:
 2459              		.loc 12 74 12 is_stmt 0 view .LVU785
 2460 0000 1F48     		ldr	r0, .L115
 2461              	.LBB489:
 2462              	.LBB487:
 2463              	.LBB485:
  69:../../libDaisy//src/per/gpio.h ****         {
 2464              		.loc 12 69 73 view .LVU786
 2465 0002 0023     		movs	r3, #0
 2466              	.LBE485:
 2467              	.LBE487:
ARM GAS  C:\Users\isaia\AppData\Local\Temp\ccP6lw9u.s 			page 94


 2468              	.LBE489:
 2469              	.LBE491:
 2470              	.LBE702:
 2471              	.LBE478:
  61:VaDist.cpp    **** 
 2472              		.loc 10 61 16 view .LVU787
 2473 0004 1F4A     		ldr	r2, .L115+4
 2474 0006 2049     		ldr	r1, .L115+8
 2475              	.LBE477:
 2476              	.LBE476:
 2477              		.loc 10 479 1 view .LVU788
 2478 0008 10B4     		push	{r4}
 2479              		.cfi_def_cfa_offset 4
 2480              		.cfi_offset 4, -4
 2481              	.LBB727:
 2482              	.LBB724:
 2483              	.LBB721:
 2484              	.LBB703:
 2485              	.LBB492:
 2486              		.loc 12 74 12 view .LVU789
 2487 000a 4FF60B74 		movw	r4, #65291
 2488              	.LBE492:
 2489              	.LBE703:
 2490              	.LBB704:
 2491              	.LBB697:
 2492              	.LBB606:
 2493              	.LBB604:
 2494              	.LBB603:
 2495              	.LBB601:
 2496              	.LBB602:
 2497              		.loc 15 83 33 view .LVU790
 2498 000e C0F8D830 		str	r3, [r0, #216]
 2499              	.LVL193:
 2500              		.loc 15 83 33 view .LVU791
 2501              	.LBE602:
 2502              	.LBE601:
 2503              	.LBE603:
 2504              	.LBE604:
 2505              	.LBE606:
 2506              	.LBB607:
 2507              	.LBI607:
 2508              		.loc 12 74 5 is_stmt 1 view .LVU792
 2509              	.LBB608:
 2510              	.LBB609:
 2511              	.LBI609:
  68:../../libDaisy//src/per/gpio.h ****         : pin(), mode(Mode::INPUT), pull(Pull::NOPULL), speed(Speed::LOW)
 2512              		.loc 12 68 9 view .LVU793
 2513              	.LBB610:
 2514              	.LBB611:
 2515              	.LBB612:
 2516              	.LBI612:
 2517              		.loc 13 204 15 view .LVU794
 2518              		.loc 13 204 15 is_stmt 0 view .LVU795
 2519              	.LBE612:
 2520              	.LBE611:
 2521              	.LBE610:
 2522              	.LBE609:
ARM GAS  C:\Users\isaia\AppData\Local\Temp\ccP6lw9u.s 			page 95


 2523              	.LBE608:
 2524              	.LBE607:
 2525              	.LBE697:
 2526              	.LBE704:
 2527              	.LBB705:
 2528              	.LBB493:
 2529              		.loc 12 74 12 view .LVU796
 2530 0012 C0E90043 		strd	r4, r3, [r0]
 2531              	.LBE493:
 2532              	.LBE705:
 2533              	.LBB706:
 2534              	.LBB507:
 2535              	.LBB505:
 2536              	.LBB503:
 2537              	.LBB501:
  69:../../libDaisy//src/per/gpio.h ****         {
 2538              		.loc 12 69 73 view .LVU797
 2539 0016 C0E90543 		strd	r4, r3, [r0, #20]
 2540              	.LBE501:
 2541              	.LBE503:
 2542              	.LBE505:
 2543              	.LBE507:
 2544              	.LBE706:
 2545              	.LBB707:
 2546              	.LBB527:
 2547              	.LBB525:
 2548              	.LBB523:
 2549              	.LBB521:
 2550              	.LBB519:
 2551              	.LBB517:
 2552 001a C0E90C43 		strd	r4, r3, [r0, #48]
 2553              	.LBE517:
 2554              	.LBE519:
 2555              	.LBE521:
 2556              	.LBE523:
 2557              	.LBE525:
 2558              	.LBE527:
 2559              	.LBE707:
 2560              	.LBB708:
 2561              	.LBB547:
 2562              	.LBB545:
 2563              	.LBB543:
 2564              	.LBB541:
 2565              	.LBB539:
 2566              	.LBB537:
 2567 001e C0E91543 		strd	r4, r3, [r0, #84]
 2568              	.LBE537:
 2569              	.LBE539:
 2570              	.LBE541:
 2571              	.LBE543:
 2572              	.LBE545:
 2573              	.LBE547:
 2574              	.LBE708:
 2575              	.LBB709:
 2576              	.LBB567:
 2577              	.LBB565:
 2578              	.LBB563:
ARM GAS  C:\Users\isaia\AppData\Local\Temp\ccP6lw9u.s 			page 96


 2579              	.LBB561:
 2580              	.LBB559:
 2581              	.LBB557:
 2582 0022 C0E91E43 		strd	r4, r3, [r0, #120]
 2583              	.LBE557:
 2584              	.LBE559:
 2585              	.LBE561:
 2586              	.LBE563:
 2587              	.LBE565:
 2588              	.LBE567:
 2589              	.LBE709:
 2590              	.LBB710:
 2591              	.LBB587:
 2592              	.LBB585:
 2593              	.LBB583:
 2594              	.LBB581:
 2595              	.LBB579:
 2596              	.LBB577:
 2597 0026 C0E92743 		strd	r4, r3, [r0, #156]
 2598              	.LBE577:
 2599              	.LBE579:
 2600              	.LBE581:
 2601              	.LBE583:
 2602              	.LBE585:
 2603              	.LBE587:
 2604              	.LBE710:
 2605              	.LBB711:
 2606              	.LBB698:
 2607              	.LBB618:
 2608              	.LBB616:
 2609              		.loc 12 74 12 view .LVU798
 2610 002a C0E93834 		strd	r3, r4, [r0, #224]
 2611              	.LBE616:
 2612              	.LBE618:
 2613              	.LBE698:
 2614              	.LBE711:
 2615              	.LBB712:
 2616              	.LBB494:
 2617              	.LBB490:
 2618              	.LBB488:
 2619              	.LBB486:
  69:../../libDaisy//src/per/gpio.h ****         {
 2620              		.loc 12 69 73 view .LVU799
 2621 002e C0E90233 		strd	r3, r3, [r0, #8]
 2622              	.LBE486:
 2623              	.LBE488:
 2624              	.LBE490:
 2625              	.LBE494:
 2626              	.LBE712:
 2627              	.LBB713:
 2628              	.LBB508:
 2629              	.LBB506:
 2630              	.LBB504:
 2631              	.LBB502:
 2632 0032 C0E90733 		strd	r3, r3, [r0, #28]
 2633              	.LBE502:
 2634              	.LBE504:
ARM GAS  C:\Users\isaia\AppData\Local\Temp\ccP6lw9u.s 			page 97


 2635              	.LBE506:
 2636              	.LBE508:
 2637              	.LBE713:
 2638              	.LBB714:
 2639              	.LBB528:
 2640              	.LBB526:
 2641              	.LBB524:
 2642              	.LBB522:
 2643              	.LBB520:
 2644              	.LBB518:
 2645 0036 C0E90E33 		strd	r3, r3, [r0, #56]
 2646              	.LBE518:
 2647              	.LBE520:
 2648              	.LBE522:
 2649              	.LBE524:
 2650              	.LBE526:
 2651              	.LBE528:
 2652              	.LBE714:
 2653              	.LBB715:
 2654              	.LBB548:
 2655              	.LBB546:
 2656              	.LBB544:
 2657              	.LBB542:
 2658              	.LBB540:
 2659              	.LBB538:
 2660 003a C0E91733 		strd	r3, r3, [r0, #92]
 2661              	.LBE538:
 2662              	.LBE540:
 2663              	.LBE542:
 2664              	.LBE544:
 2665              	.LBE546:
 2666              	.LBE548:
 2667              	.LBE715:
 2668              	.LBB716:
 2669              	.LBB568:
 2670              	.LBB566:
 2671              	.LBB564:
 2672              	.LBB562:
 2673              	.LBB560:
 2674              	.LBB558:
 2675 003e C0E92033 		strd	r3, r3, [r0, #128]
 2676              	.LBE558:
 2677              	.LBE560:
 2678              	.LBE562:
 2679              	.LBE564:
 2680              	.LBE566:
 2681              	.LBE568:
 2682              	.LBE716:
 2683              	.LBB717:
 2684              	.LBB588:
 2685              	.LBB586:
 2686              	.LBB584:
 2687              	.LBB582:
 2688              	.LBB580:
 2689              	.LBB578:
 2690 0042 C0E92933 		strd	r3, r3, [r0, #164]
 2691              	.LBE578:
ARM GAS  C:\Users\isaia\AppData\Local\Temp\ccP6lw9u.s 			page 98


 2692              	.LBE580:
 2693              	.LBE582:
 2694              	.LBE584:
 2695              	.LBE586:
 2696              	.LBE588:
 2697              	.LBE717:
 2698              	.LBB718:
 2699              	.LBB699:
 2700              	.LBB619:
 2701              	.LBB594:
 2702              	.LBB595:
  87:../../libDaisy//src/hid/audio.h ****     ~AudioHandle() {}
 2703              		.loc 7 87 35 view .LVU800
 2704 0046 C0E93133 		strd	r3, r3, [r0, #196]
 2705              	.LBE595:
 2706              	.LBE594:
 2707              	.LBE619:
 2708              	.LBB620:
 2709              	.LBB617:
 2710              	.LBB615:
 2711              	.LBB614:
 2712              	.LBB613:
  69:../../libDaisy//src/per/gpio.h ****         {
 2713              		.loc 12 69 73 view .LVU801
 2714 004a C0E93A33 		strd	r3, r3, [r0, #232]
 2715 004e C0F8F030 		str	r3, [r0, #240]
 2716              	.LVL194:
  69:../../libDaisy//src/per/gpio.h ****         {
 2717              		.loc 12 69 73 view .LVU802
 2718              	.LBE613:
 2719              	.LBE614:
 2720              	.LBE615:
 2721              	.LBE617:
 2722              	.LBE620:
 2723              	.LBE699:
 2724              	.LBE718:
 2725              	.LBE721:
 2726              	.LBE724:
 2727              	.LBE727:
  64:../../libDaisy//src/daisy_patch_sm.h ****         ~DaisyPatchSM() {}
 2728              		.loc 2 64 24 is_stmt 1 view .LVU803
 2729              	.LBB728:
 2730              	.LBB725:
 2731              	.LBB722:
 2732              	.LBB719:
 2733              	.LBB700:
 2734              	.LBB621:
 2735              	.LBI621:
  18:../../libDaisy//src/hid/gatein.h **** 
 2736              		.loc 3 18 5 view .LVU804
 2737              	.LBB622:
 2738              	.LBB623:
 2739              	.LBI623:
 2740              		.loc 12 74 5 view .LVU805
 2741              	.LBB624:
 2742              	.LBB625:
 2743              	.LBI625:
ARM GAS  C:\Users\isaia\AppData\Local\Temp\ccP6lw9u.s 			page 99


  68:../../libDaisy//src/per/gpio.h ****         : pin(), mode(Mode::INPUT), pull(Pull::NOPULL), speed(Speed::LOW)
 2744              		.loc 12 68 9 view .LVU806
 2745              	.LBB626:
 2746              	.LBB627:
 2747              	.LBB628:
 2748              	.LBI628:
 2749              		.loc 13 204 15 view .LVU807
 2750              		.loc 13 204 15 is_stmt 0 view .LVU808
 2751              	.LBE628:
 2752              	.LBE627:
 2753              	.LBE626:
 2754              	.LBE625:
 2755              	.LBE624:
 2756              	.LBE623:
 2757              	.LBE622:
 2758              	.LBE621:
 2759              	.LBB641:
 2760              	.LBB642:
 2761              	.LBB643:
 2762              	.LBB644:
 2763              	.LBB645:
 2764              	.LBB646:
 2765              	.LBB647:
 2766              		.loc 13 204 21 view .LVU809
 2767 0052 A0F8BC42 		strh	r4, [r0, #700]	@ movhi
 2768              	.LBE647:
 2769              	.LBE646:
  69:../../libDaisy//src/per/gpio.h ****         {
 2770              		.loc 12 69 73 view .LVU810
 2771 0056 C0F8C832 		str	r3, [r0, #712]
 2772              	.LBE645:
 2773              	.LBE644:
 2774              	.LBE643:
 2775              	.LBE642:
 2776              	.LBE641:
 2777              	.LBB655:
 2778              	.LBB639:
 2779              	.LBB637:
 2780              	.LBB635:
 2781              	.LBB633:
 2782              	.LBB631:
 2783              	.LBB629:
 2784 005a C0E99E43 		strd	r4, r3, [r0, #632]
 2785              	.LBE629:
 2786              	.LBE631:
 2787              	.LBE633:
 2788              	.LBE635:
 2789              	.LBE637:
 2790              	.LBE639:
 2791              	.LBE655:
 2792              	.LBB656:
 2793              	.LBB657:
 2794              	.LBB658:
 2795              	.LBB659:
 2796              	.LBB660:
 2797              	.LBB661:
 2798              	.LBB662:
ARM GAS  C:\Users\isaia\AppData\Local\Temp\ccP6lw9u.s 			page 100


 2799 005e C0E9A443 		strd	r4, r3, [r0, #656]
 2800              	.LBE662:
 2801              	.LBE661:
 2802              	.LBE660:
 2803              	.LBE659:
 2804              	.LBE658:
 2805              	.LBE657:
 2806              	.LBE656:
 2807              	.LBB676:
 2808              	.LBB677:
 2809              	.LBB678:
 2810              	.LBB679:
 2811              	.LBB680:
 2812 0062 C0E9AA43 		strd	r4, r3, [r0, #680]
 2813              	.LBE680:
 2814              	.LBE679:
 2815              	.LBE678:
 2816              	.LBE677:
 2817              	.LBE676:
 2818              	.LBB690:
 2819              	.LBB640:
 2820              	.LBB638:
 2821              	.LBB636:
 2822              	.LBB634:
 2823              	.LBB632:
 2824              	.LBB630:
 2825 0066 C0E9A033 		strd	r3, r3, [r0, #640]
 2826              	.LVL195:
  69:../../libDaisy//src/per/gpio.h ****         {
 2827              		.loc 12 69 73 view .LVU811
 2828              	.LBE630:
 2829              	.LBE632:
 2830              	.LBE634:
 2831              	.LBE636:
 2832              	.LBE638:
 2833              	.LBE640:
 2834              	.LBE690:
 2835              	.LBB691:
 2836              	.LBI656:
  18:../../libDaisy//src/hid/gatein.h **** 
 2837              		.loc 3 18 5 is_stmt 1 view .LVU812
 2838              	.LBB674:
 2839              	.LBB672:
 2840              	.LBI658:
 2841              		.loc 12 74 5 view .LVU813
 2842              	.LBB670:
 2843              	.LBB668:
 2844              	.LBI660:
  68:../../libDaisy//src/per/gpio.h ****         : pin(), mode(Mode::INPUT), pull(Pull::NOPULL), speed(Speed::LOW)
 2845              		.loc 12 68 9 view .LVU814
 2846              	.LBB666:
 2847              	.LBB664:
 2848              	.LBB663:
 2849              	.LBI663:
 2850              		.loc 13 204 15 view .LVU815
 2851              		.loc 13 204 15 is_stmt 0 view .LVU816
 2852              	.LBE663:
ARM GAS  C:\Users\isaia\AppData\Local\Temp\ccP6lw9u.s 			page 101


 2853              	.LBE664:
 2854              	.LBE666:
 2855              	.LBE668:
 2856              	.LBE670:
 2857              	.LBE672:
 2858              	.LBE674:
 2859              	.LBE691:
 2860              	.LBE700:
 2861              	.LBE719:
 2862              	.LBE722:
 2863              	.LBE725:
 2864              	.LBE728:
 2865              		.loc 10 479 1 view .LVU817
 2866 006a 5DF8044B 		ldr	r4, [sp], #4
 2867              		.cfi_restore 4
 2868              		.cfi_def_cfa_offset 0
 2869              	.LBB729:
 2870              	.LBB726:
 2871              	.LBB723:
 2872              	.LBB720:
 2873              	.LBB701:
 2874              	.LBB692:
 2875              	.LBB675:
 2876              	.LBB673:
 2877              	.LBB671:
 2878              	.LBB669:
 2879              	.LBB667:
 2880              	.LBB665:
  69:../../libDaisy//src/per/gpio.h ****         {
 2881              		.loc 12 69 73 view .LVU818
 2882 006e C0E9A633 		strd	r3, r3, [r0, #664]
 2883              	.LVL196:
  69:../../libDaisy//src/per/gpio.h ****         {
 2884              		.loc 12 69 73 view .LVU819
 2885              	.LBE665:
 2886              	.LBE667:
 2887              	.LBE669:
 2888              	.LBE671:
 2889              	.LBE673:
 2890              	.LBE675:
 2891              	.LBE692:
 2892              	.LBB693:
 2893              	.LBI676:
 2894              		.loc 12 74 5 is_stmt 1 view .LVU820
 2895              	.LBB688:
 2896              	.LBB686:
 2897              	.LBI678:
  68:../../libDaisy//src/per/gpio.h ****         : pin(), mode(Mode::INPUT), pull(Pull::NOPULL), speed(Speed::LOW)
 2898              		.loc 12 68 9 view .LVU821
 2899              	.LBB684:
 2900              	.LBB682:
 2901              	.LBB681:
 2902              	.LBI681:
 2903              		.loc 13 204 15 view .LVU822
 2904              		.loc 13 204 15 is_stmt 0 view .LVU823
 2905              	.LBE681:
 2906              	.LBE682:
ARM GAS  C:\Users\isaia\AppData\Local\Temp\ccP6lw9u.s 			page 102


 2907              	.LBE684:
 2908              	.LBE686:
 2909              	.LBE688:
 2910              	.LBE693:
 2911              	.LBB694:
 2912              	.LBI641:
 2913              		.loc 12 74 5 is_stmt 1 view .LVU824
 2914              	.LBB653:
 2915              	.LBB651:
 2916              	.LBI643:
  68:../../libDaisy//src/per/gpio.h ****         : pin(), mode(Mode::INPUT), pull(Pull::NOPULL), speed(Speed::LOW)
 2917              		.loc 12 68 9 view .LVU825
 2918              	.LBE651:
 2919              	.LBE653:
 2920              	.LBE694:
 2921              	.LBB695:
 2922              	.LBB689:
 2923              	.LBB687:
 2924              	.LBB685:
 2925              	.LBB683:
  69:../../libDaisy//src/per/gpio.h ****         {
 2926              		.loc 12 69 73 is_stmt 0 view .LVU826
 2927 0072 C0E9AC33 		strd	r3, r3, [r0, #688]
 2928              	.LVL197:
  69:../../libDaisy//src/per/gpio.h ****         {
 2929              		.loc 12 69 73 view .LVU827
 2930              	.LBE683:
 2931              	.LBE685:
 2932              	.LBE687:
 2933              	.LBE689:
 2934              	.LBE695:
 2935              	.LBB696:
 2936              	.LBB654:
 2937              	.LBB652:
 2938              	.LBB650:
 2939              	.LBB649:
 2940              	.LBB648:
 2941              	.LBI646:
 2942              		.loc 13 204 15 is_stmt 1 view .LVU828
 2943              		.loc 13 204 15 is_stmt 0 view .LVU829
 2944              	.LBE648:
  69:../../libDaisy//src/per/gpio.h ****         {
 2945              		.loc 12 69 73 view .LVU830
 2946 0076 C0E9B033 		strd	r3, r3, [r0, #704]
 2947              	.LBE649:
 2948              	.LBE650:
 2949              	.LBE652:
 2950              	.LBE654:
 2951              	.LBE696:
 2952              	.LBE701:
 2953              	.LBE720:
 2954              	.LBE723:
  61:VaDist.cpp    **** 
 2955              		.loc 10 61 16 view .LVU831
 2956 007a FFF7FEBF 		b	__aeabi_atexit
 2957              	.LVL198:
 2958              	.L116:
ARM GAS  C:\Users\isaia\AppData\Local\Temp\ccP6lw9u.s 			page 103


 2959 007e 00BF     		.align	2
 2960              	.L115:
 2961 0080 00000000 		.word	.LANCHOR4
 2962 0084 00000000 		.word	__dso_handle
 2963 0088 00000000 		.word	_ZN9anachrome7planterD1Ev
 2964              	.LBE726:
 2965              	.LBE729:
 2966              		.cfi_endproc
 2967              	.LFE5482:
 2969              		.section	.init_array,"aw",%init_array
 2970              		.align	2
 2971 0000 00000000 		.word	_GLOBAL__sub_I__Z13AudioCallbackPKPKfPPfj(target1)
 2972              		.section	.bss._ZL10env_attack,"aw",%nobits
 2973              		.align	2
 2974              		.set	.LANCHOR9,. + 0
 2977              	_ZL10env_attack:
 2978 0000 00000000 		.space	4
 2979              		.section	.bss._ZL11env_release,"aw",%nobits
 2980              		.align	2
 2981              		.set	.LANCHOR10,. + 0
 2984              	_ZL11env_release:
 2985 0000 00000000 		.space	4
 2986              		.section	.bss._ZL11sample_rate,"aw",%nobits
 2987              		.align	2
 2988              		.set	.LANCHOR6,. + 0
 2991              	_ZL11sample_rate:
 2992 0000 00000000 		.space	4
 2993              		.section	.bss._ZL13led_flash_ctr,"aw",%nobits
 2994              		.align	2
 2995              		.set	.LANCHOR11,. + 0
 2998              	_ZL13led_flash_ctr:
 2999 0000 00000000 		.space	4
 3000              		.section	.bss._ZL1Q,"aw",%nobits
 3001              		.align	2
 3002              		.set	.LANCHOR0,. + 0
 3005              	_ZL1Q:
 3006 0000 00000000 		.space	36
 3006      00000000 
 3006      00000000 
 3006      00000000 
 3006      00000000 
 3007              		.section	.bss._ZL2Qb,"aw",%nobits
 3008              		.align	2
 3009              		.set	.LANCHOR1,. + 0
 3012              	_ZL2Qb:
 3013 0000 00000000 		.space	12
 3013      00000000 
 3013      00000000 
 3014              		.section	.bss._ZL2Qc,"aw",%nobits
 3015              		.align	2
 3016              		.set	.LANCHOR3,. + 0
 3019              	_ZL2Qc:
 3020 0000 00000000 		.space	12
 3020      00000000 
 3020      00000000 
 3021              		.section	.bss._ZL4ch_L,"aw",%nobits
 3022              		.align	2
ARM GAS  C:\Users\isaia\AppData\Local\Temp\ccP6lw9u.s 			page 104


 3023              		.set	.LANCHOR7,. + 0
 3026              	_ZL4ch_L:
 3027 0000 00000000 		.space	36
 3027      00000000 
 3027      00000000 
 3027      00000000 
 3027      00000000 
 3028              		.section	.bss._ZL4ch_R,"aw",%nobits
 3029              		.align	2
 3030              		.set	.LANCHOR8,. + 0
 3033              	_ZL4ch_R:
 3034 0000 00000000 		.space	36
 3034      00000000 
 3034      00000000 
 3034      00000000 
 3034      00000000 
 3035              		.section	.bss._ZL4euro,"aw",%nobits
 3036              		.align	2
 3037              		.set	.LANCHOR4,. + 0
 3040              	_ZL4euro:
 3041 0000 00000000 		.space	728
 3041      00000000 
 3041      00000000 
 3041      00000000 
 3041      00000000 
 3042              		.section	.bss._ZL7K_coeff,"aw",%nobits
 3043              		.align	2
 3044              		.set	.LANCHOR2,. + 0
 3047              	_ZL7K_coeff:
 3048 0000 00000000 		.space	4
 3049              		.section	.bss._ZL9cur_drive,"aw",%nobits
 3050              		.align	2
 3051              		.set	.LANCHOR5,. + 0
 3054              	_ZL9cur_drive:
 3055 0000 00000000 		.space	4
 3056              		.text
 3057              	.Letext0:
 3058              		.file 17 "c:\\program files\\daisytoolchain\\arm-none-eabi\\include\\machine\\_default_types.h"
 3059              		.file 18 "c:\\program files\\daisytoolchain\\arm-none-eabi\\include\\sys\\_stdint.h"
 3060              		.file 19 "c:\\program files\\daisytoolchain\\arm-none-eabi\\include\\stdint.h"
 3061              		.file 20 "c:\\program files\\daisytoolchain\\lib\\gcc\\arm-none-eabi\\10.2.1\\include\\stddef.h"
 3062              		.file 21 "c:\\program files\\daisytoolchain\\arm-none-eabi\\include\\c++\\10.2.1\\bits\\std_abs.h"
 3063              		.file 22 "c:\\program files\\daisytoolchain\\arm-none-eabi\\include\\c++\\10.2.1\\cstdlib"
 3064              		.file 23 "c:\\program files\\daisytoolchain\\arm-none-eabi\\include\\c++\\10.2.1\\cstdint"
 3065              		.file 24 "c:\\program files\\daisytoolchain\\arm-none-eabi\\include\\c++\\10.2.1\\type_traits"
 3066              		.file 25 "c:\\program files\\daisytoolchain\\arm-none-eabi\\include\\c++\\10.2.1\\debug\\debug.h"
 3067              		.file 26 "c:\\program files\\daisytoolchain\\arm-none-eabi\\include\\c++\\10.2.1\\arm-none-eabi\\t
 3068              		.file 27 "c:\\program files\\daisytoolchain\\arm-none-eabi\\include\\c++\\10.2.1\\bits\\algorithmf
 3069              		.file 28 "c:\\program files\\daisytoolchain\\arm-none-eabi\\include\\c++\\10.2.1\\bits\\stl_pair.h
 3070              		.file 29 "c:\\program files\\daisytoolchain\\arm-none-eabi\\include\\c++\\10.2.1\\bits\\exception_
 3071              		.file 30 "c:\\program files\\daisytoolchain\\arm-none-eabi\\include\\c++\\10.2.1\\cstdarg"
 3072              		.file 31 "c:\\program files\\daisytoolchain\\arm-none-eabi\\include\\c++\\10.2.1\\cstdio"
 3073              		.file 32 "c:\\program files\\daisytoolchain\\arm-none-eabi\\include\\c++\\10.2.1\\cstring"
 3074              		.file 33 "c:\\program files\\daisytoolchain\\arm-none-eabi\\include\\c++\\10.2.1\\cstddef"
 3075              		.file 34 "c:\\program files\\daisytoolchain\\arm-none-eabi\\include\\c++\\10.2.1\\cwchar"
 3076              		.file 35 "c:\\program files\\daisytoolchain\\arm-none-eabi\\include\\c++\\10.2.1\\clocale"
 3077              		.file 36 "c:\\program files\\daisytoolchain\\arm-none-eabi\\include\\c++\\10.2.1\\bits\\basic_stri
ARM GAS  C:\Users\isaia\AppData\Local\Temp\ccP6lw9u.s 			page 105


 3078              		.file 37 "c:\\program files\\daisytoolchain\\arm-none-eabi\\include\\c++\\10.2.1\\bits\\stl_tempbu
 3079              		.file 38 "c:\\program files\\daisytoolchain\\arm-none-eabi\\include\\c++\\10.2.1\\bits\\predefined
 3080              		.file 39 "c:\\program files\\daisytoolchain\\arm-none-eabi\\include\\sys\\_types.h"
 3081              		.file 40 "c:\\program files\\daisytoolchain\\arm-none-eabi\\include\\sys\\reent.h"
 3082              		.file 41 "c:\\program files\\daisytoolchain\\arm-none-eabi\\include\\sys\\lock.h"
 3083              		.file 42 "c:\\program files\\daisytoolchain\\arm-none-eabi\\include\\math.h"
 3084              		.file 43 "c:\\program files\\daisytoolchain\\arm-none-eabi\\include\\stdlib.h"
 3085              		.file 44 "c:\\program files\\daisytoolchain\\arm-none-eabi\\include\\c++\\10.2.1\\math.h"
 3086              		.file 45 "c:\\program files\\daisytoolchain\\arm-none-eabi\\include\\c++\\10.2.1\\stdlib.h"
 3087              		.file 46 "../../libDaisy//src/per/tim.h"
 3088              		.file 47 "../../libDaisy//src/per/sai.h"
 3089              		.file 48 "../../libDaisy//src/hid/ctrl.h"
 3090              		.file 49 "../../libDaisy//src/dev/max11300.h"
 3091              		.file 50 "../../libDaisy//src/dev/sr_595.h"
 3092              		.file 51 "../../libDaisy//src/util/wav_format.h"
 3093              		.file 52 "../../libDaisy//src/dev/sdram.h"
 3094              		.file 53 "c:\\program files\\daisytoolchain\\lib\\gcc\\arm-none-eabi\\10.2.1\\include\\stdarg.h"
 3095              		.file 54 "c:\\program files\\daisytoolchain\\arm-none-eabi\\include\\stdio.h"
 3096              		.file 55 "c:\\program files\\daisytoolchain\\arm-none-eabi\\include\\string.h"
 3097              		.file 56 "../../libDaisy//Middlewares/Third_Party/FatFs/src/integer.h"
 3098              		.file 57 "../../libDaisy//Middlewares/Third_Party/FatFs/src/ff.h"
 3099              		.file 58 "../../DaisySP//Source/Control/adenv.h"
 3100              		.file 59 "../../DaisySP//Source/Utility/dsp.h"
 3101              		.file 60 "c:\\program files\\daisytoolchain\\arm-none-eabi\\include\\wchar.h"
 3102              		.file 61 "c:\\program files\\daisytoolchain\\arm-none-eabi\\include\\locale.h"
 3103              		.file 62 "../../Planter/planter_cal.h"
 3104              		.file 63 "<built-in>"
ARM GAS  C:\Users\isaia\AppData\Local\Temp\ccP6lw9u.s 			page 106


DEFINED SYMBOLS
                            *ABS*:00000000 VaDist.cpp
C:\Users\isaia\AppData\Local\Temp\ccP6lw9u.s:17     .text._ZN9anachrome7planterD2Ev:00000000 $t
C:\Users\isaia\AppData\Local\Temp\ccP6lw9u.s:26     .text._ZN9anachrome7planterD2Ev:00000000 _ZN9anachrome7planterD2Ev
C:\Users\isaia\AppData\Local\Temp\ccP6lw9u.s:26     .text._ZN9anachrome7planterD2Ev:00000000 _ZN9anachrome7planterD1Ev
C:\Users\isaia\AppData\Local\Temp\ccP6lw9u.s:110    .text._ZL13ProcessSamplefbR12ChannelState:00000000 $t
C:\Users\isaia\AppData\Local\Temp\ccP6lw9u.s:117    .text._ZL13ProcessSamplefbR12ChannelState:00000000 _ZL13ProcessSamplefbR12ChannelState
C:\Users\isaia\AppData\Local\Temp\ccP6lw9u.s:708    .text._ZL13ProcessSamplefbR12ChannelState:000002a8 $d
C:\Users\isaia\AppData\Local\Temp\ccP6lw9u.s:725    .text._ZL17RecomputeMatricesff:00000000 $t
C:\Users\isaia\AppData\Local\Temp\ccP6lw9u.s:732    .text._ZL17RecomputeMatricesff:00000000 _ZL17RecomputeMatricesff
C:\Users\isaia\AppData\Local\Temp\ccP6lw9u.s:1209   .text._ZL17RecomputeMatricesff:00000278 $d
C:\Users\isaia\AppData\Local\Temp\ccP6lw9u.s:1232   .text._Z13AudioCallbackPKPKfPPfj:00000000 $t
C:\Users\isaia\AppData\Local\Temp\ccP6lw9u.s:1240   .text._Z13AudioCallbackPKPKfPPfj:00000000 _Z13AudioCallbackPKPKfPPfj
C:\Users\isaia\AppData\Local\Temp\ccP6lw9u.s:1957   .text._Z13AudioCallbackPKPKfPPfj:00000368 $d
C:\Users\isaia\AppData\Local\Temp\ccP6lw9u.s:1979   .text._ZN9anachrome7planter4InitEv:00000000 $t
C:\Users\isaia\AppData\Local\Temp\ccP6lw9u.s:1987   .text._ZN9anachrome7planter4InitEv:00000000 _ZN9anachrome7planter4InitEv
C:\Users\isaia\AppData\Local\Temp\ccP6lw9u.s:2109   .text._ZN9anachrome7planter4InitEv:000000b4 $d
C:\Users\isaia\AppData\Local\Temp\ccP6lw9u.s:2119   .text.startup.main:00000000 $t
C:\Users\isaia\AppData\Local\Temp\ccP6lw9u.s:2127   .text.startup.main:00000000 main
C:\Users\isaia\AppData\Local\Temp\ccP6lw9u.s:2230   .text.startup.main:00000084 $d
C:\Users\isaia\AppData\Local\Temp\ccP6lw9u.s:2246   .text.startup._GLOBAL__sub_I__Z13AudioCallbackPKPKfPPfj:00000000 $t
C:\Users\isaia\AppData\Local\Temp\ccP6lw9u.s:2253   .text.startup._GLOBAL__sub_I__Z13AudioCallbackPKPKfPPfj:00000000 _GLOBAL__sub_I__Z13AudioCallbackPKPKfPPfj
C:\Users\isaia\AppData\Local\Temp\ccP6lw9u.s:2961   .text.startup._GLOBAL__sub_I__Z13AudioCallbackPKPKfPPfj:00000080 $d
C:\Users\isaia\AppData\Local\Temp\ccP6lw9u.s:2970   .init_array:00000000 $d
C:\Users\isaia\AppData\Local\Temp\ccP6lw9u.s:2973   .bss._ZL10env_attack:00000000 $d
C:\Users\isaia\AppData\Local\Temp\ccP6lw9u.s:2977   .bss._ZL10env_attack:00000000 _ZL10env_attack
C:\Users\isaia\AppData\Local\Temp\ccP6lw9u.s:2980   .bss._ZL11env_release:00000000 $d
C:\Users\isaia\AppData\Local\Temp\ccP6lw9u.s:2984   .bss._ZL11env_release:00000000 _ZL11env_release
C:\Users\isaia\AppData\Local\Temp\ccP6lw9u.s:2987   .bss._ZL11sample_rate:00000000 $d
C:\Users\isaia\AppData\Local\Temp\ccP6lw9u.s:2991   .bss._ZL11sample_rate:00000000 _ZL11sample_rate
C:\Users\isaia\AppData\Local\Temp\ccP6lw9u.s:2994   .bss._ZL13led_flash_ctr:00000000 $d
C:\Users\isaia\AppData\Local\Temp\ccP6lw9u.s:2998   .bss._ZL13led_flash_ctr:00000000 _ZL13led_flash_ctr
C:\Users\isaia\AppData\Local\Temp\ccP6lw9u.s:3001   .bss._ZL1Q:00000000 $d
C:\Users\isaia\AppData\Local\Temp\ccP6lw9u.s:3005   .bss._ZL1Q:00000000 _ZL1Q
C:\Users\isaia\AppData\Local\Temp\ccP6lw9u.s:3008   .bss._ZL2Qb:00000000 $d
C:\Users\isaia\AppData\Local\Temp\ccP6lw9u.s:3012   .bss._ZL2Qb:00000000 _ZL2Qb
C:\Users\isaia\AppData\Local\Temp\ccP6lw9u.s:3015   .bss._ZL2Qc:00000000 $d
C:\Users\isaia\AppData\Local\Temp\ccP6lw9u.s:3019   .bss._ZL2Qc:00000000 _ZL2Qc
C:\Users\isaia\AppData\Local\Temp\ccP6lw9u.s:3022   .bss._ZL4ch_L:00000000 $d
C:\Users\isaia\AppData\Local\Temp\ccP6lw9u.s:3026   .bss._ZL4ch_L:00000000 _ZL4ch_L
C:\Users\isaia\AppData\Local\Temp\ccP6lw9u.s:3029   .bss._ZL4ch_R:00000000 $d
C:\Users\isaia\AppData\Local\Temp\ccP6lw9u.s:3033   .bss._ZL4ch_R:00000000 _ZL4ch_R
C:\Users\isaia\AppData\Local\Temp\ccP6lw9u.s:3036   .bss._ZL4euro:00000000 $d
C:\Users\isaia\AppData\Local\Temp\ccP6lw9u.s:3040   .bss._ZL4euro:00000000 _ZL4euro
C:\Users\isaia\AppData\Local\Temp\ccP6lw9u.s:3043   .bss._ZL7K_coeff:00000000 $d
C:\Users\isaia\AppData\Local\Temp\ccP6lw9u.s:3047   .bss._ZL7K_coeff:00000000 _ZL7K_coeff
C:\Users\isaia\AppData\Local\Temp\ccP6lw9u.s:3050   .bss._ZL9cur_drive:00000000 $d
C:\Users\isaia\AppData\Local\Temp\ccP6lw9u.s:3054   .bss._ZL9cur_drive:00000000 _ZL9cur_drive
                           .group:00000000 _ZN9anachrome7planterD5Ev

UNDEFINED SYMBOLS
asinhf
expf
logf
memset
_ZN5daisy8patch_sm12DaisyPatchSM21ProcessAnalogControlsEv
_ZN5daisy8patch_sm12DaisyPatchSM22ProcessDigitalControlsEv
ARM GAS  C:\Users\isaia\AppData\Local\Temp\ccP6lw9u.s 			page 107


_ZN5daisy6Switch8DebounceEv
_ZN9anachrome7planter12GetKnobValueEi
_ZN9anachrome7planter7GetCvInEi
powf
_ZN9anachrome7planter17WriteCvOutBipolarEif
_ZN9anachrome7planter6SetLedEib
_ZN5daisy8patch_sm12DaisyPatchSM4InitEv
_ZN9anachrome7planter8InitLedsEv
_ZN5daisy8patch_sm12DaisyPatchSM17AudioCallbackRateEv
_ZN5daisy6Switch4InitENS_3PinEf
_ZN5daisy8patch_sm12DaisyPatchSM17SetAudioBlockSizeEj
_ZN5daisy4GPIO4InitENS_3PinENS0_4ModeENS0_4PullENS0_5SpeedE
_ZN5daisy8patch_sm12DaisyPatchSM2B7E
_ZN5daisy8patch_sm12DaisyPatchSM2B8E
_ZN5daisy8patch_sm12DaisyPatchSM2D1E
_ZN5daisy8patch_sm12DaisyPatchSM3D10E
_ZN5daisy8patch_sm12DaisyPatchSM2B5E
_ZN5daisy8patch_sm12DaisyPatchSM2B6E
_ZN5daisy8patch_sm12DaisyPatchSM15AudioSampleRateEv
_ZN5daisy8patch_sm12DaisyPatchSM10StartAudioEPFvPKPKfPPfjE
_ZN9anachrome7planter20BootloaderResetCheckEv
__aeabi_atexit
__dso_handle
