ARM GAS  C:\Users\isaia\AppData\Local\Temp\ccT6fYmT.s 			page 1


   1              		.cpu cortex-m7
   2              		.eabi_attribute 28, 1
   3              		.eabi_attribute 20, 1
   4              		.eabi_attribute 21, 1
   5              		.eabi_attribute 23, 3
   6              		.eabi_attribute 24, 1
   7              		.eabi_attribute 25, 1
   8              		.eabi_attribute 26, 1
   9              		.eabi_attribute 30, 2
  10              		.eabi_attribute 34, 1
  11              		.eabi_attribute 18, 4
  12              		.file	"PhysPlateReverb.cpp"
  13              		.text
  14              	.Ltext0:
  15              		.cfi_sections	.debug_frame
  16              		.section	.text._ZN9anachrome7planterD2Ev,"axG",%progbits,_ZN9anachrome7planterD5Ev,comdat
  17              		.align	1
  18              		.p2align 2,,3
  19              		.weak	_ZN9anachrome7planterD2Ev
  20              		.arch armv7e-m
  21              		.syntax unified
  22              		.thumb
  23              		.thumb_func
  24              		.fpu fpv5-d16
  26              	_ZN9anachrome7planterD2Ev:
  27              	.LVL0:
  28              	.LFB5084:
  29              		.file 1 "../../Planter/planter.h"
   1:../../Planter/planter.h **** #pragma once
   2:../../Planter/planter.h **** 
   3:../../Planter/planter.h **** #include "daisy_patch_sm.h"
   4:../../Planter/planter.h **** #include "planter_cal.h"
   5:../../Planter/planter.h **** 
   6:../../Planter/planter.h **** using daisy::AdcChannelConfig;
   7:../../Planter/planter.h **** using daisy::AnalogControl;
   8:../../Planter/planter.h **** using daisy::AudioHandle;
   9:../../Planter/planter.h **** //using daisy::patch_sm;
  10:../../Planter/planter.h **** using daisy::GPIO;
  11:../../Planter/planter.h **** using daisy::Pin;
  12:../../Planter/planter.h **** using daisy::SaiHandle;
  13:../../Planter/planter.h **** using daisy::Switch;
  14:../../Planter/planter.h **** 
  15:../../Planter/planter.h **** namespace anachrome
  16:../../Planter/planter.h **** {
  17:../../Planter/planter.h **** /**
  18:../../Planter/planter.h ****  * Minimal Planter platform (wrapper around daisy::patch_sm::DaisyPatchSM).
  19:../../Planter/planter.h ****  * This provides a small, extendable class with a `patch` member and a single
  20:../../Planter/planter.h ****  * maintained helper: WriteCvOutBipolar. Add features later (knobs, switches)
  21:../../Planter/planter.h ****  * as needed.
  22:../../Planter/planter.h ****  */
  23:../../Planter/planter.h **** class planter
  24:../../Planter/planter.h **** {
  25:../../Planter/planter.h ****     public:
  26:../../Planter/planter.h ****     enum
  27:../../Planter/planter.h ****     {
  28:../../Planter/planter.h ****         /** Knobs */
  29:../../Planter/planter.h ****         KNOB_1 = 4, 
ARM GAS  C:\Users\isaia\AppData\Local\Temp\ccT6fYmT.s 			page 2


  30:../../Planter/planter.h ****         KNOB_2, 
  31:../../Planter/planter.h ****         KNOB_3, 
  32:../../Planter/planter.h ****         KNOB_4, 
  33:../../Planter/planter.h ****         KNOB_5, 
  34:../../Planter/planter.h ****         KNOB_6, 
  35:../../Planter/planter.h ****         KNOB_LAST
  36:../../Planter/planter.h ****     };
  37:../../Planter/planter.h **** 
  38:../../Planter/planter.h ****     enum
  39:../../Planter/planter.h ****     {
  40:../../Planter/planter.h ****         /** User LEDs */
  41:../../Planter/planter.h ****         LED_1, 
  42:../../Planter/planter.h ****         LED_2, 
  43:../../Planter/planter.h ****     };
  44:../../Planter/planter.h **** 
  45:../../Planter/planter.h **** 
  46:../../Planter/planter.h ****     public:
  47:../../Planter/planter.h ****         void StartAudio(AudioHandle::InterleavingAudioCallback cb);
  48:../../Planter/planter.h **** 
  49:../../Planter/planter.h ****         void StartAudio(AudioHandle::AudioCallback cb);
  50:../../Planter/planter.h **** 
  51:../../Planter/planter.h ****         void StopAdc();
  52:../../Planter/planter.h **** 
  53:../../Planter/planter.h ****         planter() = default;
  54:../../Planter/planter.h ****         ~planter() = default;
  30              		.loc 1 54 9 view -0
  31              		.cfi_startproc
  32              		@ args = 0, pretend = 0, frame = 0
  33              		@ frame_needed = 0, uses_anonymous_args = 0
  34              		@ link register save eliminated.
  35              	.LBB318:
  36              	.LBI318:
  37              		.file 2 "../../libDaisy//src/daisy_patch_sm.h"
   1:../../libDaisy//src/daisy_patch_sm.h **** #pragma once
   2:../../libDaisy//src/daisy_patch_sm.h **** 
   3:../../libDaisy//src/daisy_patch_sm.h **** #include "daisy.h"
   4:../../libDaisy//src/daisy_patch_sm.h **** 
   5:../../libDaisy//src/daisy_patch_sm.h **** namespace daisy
   6:../../libDaisy//src/daisy_patch_sm.h **** {
   7:../../libDaisy//src/daisy_patch_sm.h **** namespace patch_sm
   8:../../libDaisy//src/daisy_patch_sm.h **** {
   9:../../libDaisy//src/daisy_patch_sm.h ****     /** Accessors for the Analog Controls. 
  10:../../libDaisy//src/daisy_patch_sm.h ****      *  These cover the 8x Bipolar CV inputs
  11:../../libDaisy//src/daisy_patch_sm.h ****      *  as well as the 4x 0-3V3 ADC inputs on
  12:../../libDaisy//src/daisy_patch_sm.h ****      *  the hardware 
  13:../../libDaisy//src/daisy_patch_sm.h ****      * 
  14:../../libDaisy//src/daisy_patch_sm.h ****      *  When reading a value with DaisyPatchSM::GetAdcValue()
  15:../../libDaisy//src/daisy_patch_sm.h ****      * 
  16:../../libDaisy//src/daisy_patch_sm.h ****      *  patch.GetAdcValue(patch_sm::CV_1);
  17:../../libDaisy//src/daisy_patch_sm.h ****      */
  18:../../libDaisy//src/daisy_patch_sm.h ****     enum
  19:../../libDaisy//src/daisy_patch_sm.h ****     {
  20:../../libDaisy//src/daisy_patch_sm.h ****         CV_1 = 0,
  21:../../libDaisy//src/daisy_patch_sm.h ****         CV_2,
  22:../../libDaisy//src/daisy_patch_sm.h ****         CV_3,
  23:../../libDaisy//src/daisy_patch_sm.h ****         CV_4,
  24:../../libDaisy//src/daisy_patch_sm.h ****         CV_5,
ARM GAS  C:\Users\isaia\AppData\Local\Temp\ccT6fYmT.s 			page 3


  25:../../libDaisy//src/daisy_patch_sm.h ****         CV_6,
  26:../../libDaisy//src/daisy_patch_sm.h ****         CV_7,
  27:../../libDaisy//src/daisy_patch_sm.h ****         CV_8,
  28:../../libDaisy//src/daisy_patch_sm.h ****         ADC_9,
  29:../../libDaisy//src/daisy_patch_sm.h ****         ADC_10,
  30:../../libDaisy//src/daisy_patch_sm.h ****         ADC_11,
  31:../../libDaisy//src/daisy_patch_sm.h ****         ADC_12,
  32:../../libDaisy//src/daisy_patch_sm.h ****         ADC_LAST,
  33:../../libDaisy//src/daisy_patch_sm.h ****     };
  34:../../libDaisy//src/daisy_patch_sm.h **** 
  35:../../libDaisy//src/daisy_patch_sm.h ****     /** Enum for addressing the CV Outputs via the WriteCvOut function. */
  36:../../libDaisy//src/daisy_patch_sm.h ****     enum
  37:../../libDaisy//src/daisy_patch_sm.h ****     {
  38:../../libDaisy//src/daisy_patch_sm.h ****         CV_OUT_BOTH = 0,
  39:../../libDaisy//src/daisy_patch_sm.h ****         CV_OUT_1,
  40:../../libDaisy//src/daisy_patch_sm.h ****         CV_OUT_2,
  41:../../libDaisy//src/daisy_patch_sm.h ****     };
  42:../../libDaisy//src/daisy_patch_sm.h **** 
  43:../../libDaisy//src/daisy_patch_sm.h **** 
  44:../../libDaisy//src/daisy_patch_sm.h ****     /** @brief Board support file for DaisyPatchSM hardware
  45:../../libDaisy//src/daisy_patch_sm.h ****      *  @author shensley
  46:../../libDaisy//src/daisy_patch_sm.h ****      *  @ingroup boards
  47:../../libDaisy//src/daisy_patch_sm.h ****      * 
  48:../../libDaisy//src/daisy_patch_sm.h ****      *  Daisy Patch SM is a complete Eurorack module DSP engine.
  49:../../libDaisy//src/daisy_patch_sm.h ****      *  Based on the Daisy Seed, with circuits added for 
  50:../../libDaisy//src/daisy_patch_sm.h ****      *  interfacing directly with eurorack modular synthesizers.
  51:../../libDaisy//src/daisy_patch_sm.h ****      */
  52:../../libDaisy//src/daisy_patch_sm.h ****     class DaisyPatchSM
  53:../../libDaisy//src/daisy_patch_sm.h ****     {
  54:../../libDaisy//src/daisy_patch_sm.h ****       public:
  55:../../libDaisy//src/daisy_patch_sm.h ****         /** Helper for mapping pins, and accessing them using the `GetPin` function */
  56:../../libDaisy//src/daisy_patch_sm.h ****         enum class PinBank
  57:../../libDaisy//src/daisy_patch_sm.h ****         {
  58:../../libDaisy//src/daisy_patch_sm.h ****             A,
  59:../../libDaisy//src/daisy_patch_sm.h ****             B,
  60:../../libDaisy//src/daisy_patch_sm.h ****             C,
  61:../../libDaisy//src/daisy_patch_sm.h ****             D
  62:../../libDaisy//src/daisy_patch_sm.h ****         };
  63:../../libDaisy//src/daisy_patch_sm.h **** 
  64:../../libDaisy//src/daisy_patch_sm.h ****         DaisyPatchSM() {}
  65:../../libDaisy//src/daisy_patch_sm.h ****         ~DaisyPatchSM() {}
  38              		.loc 2 65 9 view .LVU1
  39              	.LBB319:
  40              	.LBI319:
  41              		.file 3 "../../libDaisy//src/hid/gatein.h"
   1:../../libDaisy//src/hid/gatein.h **** #pragma once
   2:../../libDaisy//src/hid/gatein.h **** #ifndef DSY_GATEIN_H
   3:../../libDaisy//src/hid/gatein.h **** #define DSY_GATEIN_H
   4:../../libDaisy//src/hid/gatein.h **** #include "per/gpio.h"
   5:../../libDaisy//src/hid/gatein.h **** 
   6:../../libDaisy//src/hid/gatein.h **** namespace daisy
   7:../../libDaisy//src/hid/gatein.h **** {
   8:../../libDaisy//src/hid/gatein.h **** /**
   9:../../libDaisy//src/hid/gatein.h ****    @brief Generic Class for handling gate inputs through GPIO.
  10:../../libDaisy//src/hid/gatein.h ****    @author Stephen Hensley
  11:../../libDaisy//src/hid/gatein.h ****    @date    March 2020
  12:../../libDaisy//src/hid/gatein.h ****    @ingroup controls
ARM GAS  C:\Users\isaia\AppData\Local\Temp\ccT6fYmT.s 			page 4


  13:../../libDaisy//src/hid/gatein.h **** */
  14:../../libDaisy//src/hid/gatein.h **** class GateIn
  15:../../libDaisy//src/hid/gatein.h **** {
  16:../../libDaisy//src/hid/gatein.h ****   public:
  17:../../libDaisy//src/hid/gatein.h ****     /** GateIn Constructor */
  18:../../libDaisy//src/hid/gatein.h ****     GateIn() {}
  19:../../libDaisy//src/hid/gatein.h **** 
  20:../../libDaisy//src/hid/gatein.h ****     /** GateIn Destructor */
  21:../../libDaisy//src/hid/gatein.h ****     ~GateIn() {}
  42              		.loc 3 21 5 view .LVU2
  43              		.loc 3 21 5 is_stmt 0 view .LVU3
  44              	.LBE319:
  45              	.LBB320:
  46              	.LBI320:
  47              		.loc 3 21 5 is_stmt 1 view .LVU4
  48              		.loc 3 21 5 is_stmt 0 view .LVU5
  49              	.LBE320:
  50              	.LBB321:
  51              	.LBI321:
  52              		.file 4 "../../libDaisy//src/dev/codec_pcm3060.h"
   1:../../libDaisy//src/dev/codec_pcm3060.h **** #pragma once
   2:../../libDaisy//src/dev/codec_pcm3060.h **** #ifndef DSY_CODEC_PCM3060_H
   3:../../libDaisy//src/dev/codec_pcm3060.h **** #define DSY_CODEC_PCM3060_H
   4:../../libDaisy//src/dev/codec_pcm3060.h **** #include "per/i2c.h"
   5:../../libDaisy//src/dev/codec_pcm3060.h **** namespace daisy
   6:../../libDaisy//src/dev/codec_pcm3060.h **** {
   7:../../libDaisy//src/dev/codec_pcm3060.h **** /**
   8:../../libDaisy//src/dev/codec_pcm3060.h ****  * @brief Driver for the TI PCM3060 Audio Codec.
   9:../../libDaisy//src/dev/codec_pcm3060.h ****  * @addtogroup codec
  10:../../libDaisy//src/dev/codec_pcm3060.h ****  * 
  11:../../libDaisy//src/dev/codec_pcm3060.h ****  * For now this is a limited interface that uses I2C to communicate with the PCM3060
  12:../../libDaisy//src/dev/codec_pcm3060.h ****  * The device can also be accessed with SPI, which is not yet supported.
  13:../../libDaisy//src/dev/codec_pcm3060.h ****  * 
  14:../../libDaisy//src/dev/codec_pcm3060.h ****  * For now all registers are set to their defaults, and the Init function will 
  15:../../libDaisy//src/dev/codec_pcm3060.h ****  * perform a MRST and SRST before setting the format to 24bit LJ, and disabling 
  16:../../libDaisy//src/dev/codec_pcm3060.h ****  * power save for both the ADC and DAC.
  17:../../libDaisy//src/dev/codec_pcm3060.h ****  *
  18:../../libDaisy//src/dev/codec_pcm3060.h ****  */
  19:../../libDaisy//src/dev/codec_pcm3060.h **** class Pcm3060
  20:../../libDaisy//src/dev/codec_pcm3060.h **** {
  21:../../libDaisy//src/dev/codec_pcm3060.h ****   public:
  22:../../libDaisy//src/dev/codec_pcm3060.h ****     enum class Result
  23:../../libDaisy//src/dev/codec_pcm3060.h ****     {
  24:../../libDaisy//src/dev/codec_pcm3060.h ****         OK,
  25:../../libDaisy//src/dev/codec_pcm3060.h ****         ERR,
  26:../../libDaisy//src/dev/codec_pcm3060.h ****     };
  27:../../libDaisy//src/dev/codec_pcm3060.h **** 
  28:../../libDaisy//src/dev/codec_pcm3060.h ****     Pcm3060() {}
  29:../../libDaisy//src/dev/codec_pcm3060.h ****     ~Pcm3060() {}
  53              		.loc 4 29 5 is_stmt 1 view .LVU6
  54              		.loc 4 29 5 is_stmt 0 view .LVU7
  55              	.LBE321:
  56              	.LBB322:
  57              	.LBI322:
  58              		.file 5 "../../libDaisy//src/hid/usb.h"
   1:../../libDaisy//src/hid/usb.h **** #pragma once
   2:../../libDaisy//src/hid/usb.h **** #ifndef DSY_HID_USB_H
ARM GAS  C:\Users\isaia\AppData\Local\Temp\ccT6fYmT.s 			page 5


   3:../../libDaisy//src/hid/usb.h **** #define DSY_HID_USB_H
   4:../../libDaisy//src/hid/usb.h **** #include <stdint.h>
   5:../../libDaisy//src/hid/usb.h **** #include <stdlib.h>
   6:../../libDaisy//src/hid/usb.h **** 
   7:../../libDaisy//src/hid/usb.h **** namespace daisy
   8:../../libDaisy//src/hid/usb.h **** /** @addtogroup human_interface
   9:../../libDaisy//src/hid/usb.h ****     @{
  10:../../libDaisy//src/hid/usb.h **** */
  11:../../libDaisy//src/hid/usb.h **** 
  12:../../libDaisy//src/hid/usb.h **** {
  13:../../libDaisy//src/hid/usb.h **** /** 
  14:../../libDaisy//src/hid/usb.h ****     @brief Interface for initializing and using the USB Peripherals on the daisy
  15:../../libDaisy//src/hid/usb.h ****     @author Stephen Hensley
  16:../../libDaisy//src/hid/usb.h ****     @date December 2019
  17:../../libDaisy//src/hid/usb.h **** */
  18:../../libDaisy//src/hid/usb.h **** class UsbHandle
  19:../../libDaisy//src/hid/usb.h **** {
  20:../../libDaisy//src/hid/usb.h ****   public:
  21:../../libDaisy//src/hid/usb.h ****     /** Return values for USBHandle Functions */
  22:../../libDaisy//src/hid/usb.h ****     enum class Result
  23:../../libDaisy//src/hid/usb.h ****     {
  24:../../libDaisy//src/hid/usb.h ****         OK,
  25:../../libDaisy//src/hid/usb.h ****         ERR,
  26:../../libDaisy//src/hid/usb.h ****     };
  27:../../libDaisy//src/hid/usb.h **** 
  28:../../libDaisy//src/hid/usb.h ****     /** Specified which of the two USB Peripherals to initialize. */
  29:../../libDaisy//src/hid/usb.h ****     enum UsbPeriph
  30:../../libDaisy//src/hid/usb.h ****     {
  31:../../libDaisy//src/hid/usb.h ****         FS_INTERNAL, /**< Internal pin */
  32:../../libDaisy//src/hid/usb.h ****         FS_EXTERNAL, /**< FS External D+ pin is Pin 38 (GPIO32). FS External D- pin is Pin 37 (GPIO
  33:../../libDaisy//src/hid/usb.h ****         FS_BOTH,     /**< Both */
  34:../../libDaisy//src/hid/usb.h ****     };
  35:../../libDaisy//src/hid/usb.h **** 
  36:../../libDaisy//src/hid/usb.h **** 
  37:../../libDaisy//src/hid/usb.h ****     /** Function called upon reception of a buffer */
  38:../../libDaisy//src/hid/usb.h ****     typedef void (*ReceiveCallback)(uint8_t* buff, uint32_t* len);
  39:../../libDaisy//src/hid/usb.h **** 
  40:../../libDaisy//src/hid/usb.h ****     UsbHandle() {}
  41:../../libDaisy//src/hid/usb.h **** 
  42:../../libDaisy//src/hid/usb.h ****     ~UsbHandle() {}
  59              		.loc 5 42 5 is_stmt 1 view .LVU8
  60              		.loc 5 42 5 is_stmt 0 view .LVU9
  61              	.LBE322:
  62              	.LBB323:
  63              	.LBI323:
  64              		.file 6 "../../libDaisy//src/per/adc.h"
   1:../../libDaisy//src/per/adc.h **** #pragma once
   2:../../libDaisy//src/per/adc.h **** #ifndef DSY_ADC_H
   3:../../libDaisy//src/per/adc.h **** #define DSY_ADC_H /**< Macro */
   4:../../libDaisy//src/per/adc.h **** #include <stdint.h>
   5:../../libDaisy//src/per/adc.h **** #include <stdlib.h>
   6:../../libDaisy//src/per/adc.h **** #include "daisy_core.h"
   7:../../libDaisy//src/per/adc.h **** #include "per/gpio.h"
   8:../../libDaisy//src/per/adc.h **** 
   9:../../libDaisy//src/per/adc.h **** #define DSY_ADC_MAX_CHANNELS 16 /**< Maximum number of ADC channels */
  10:../../libDaisy//src/per/adc.h **** 
  11:../../libDaisy//src/per/adc.h **** namespace daisy
ARM GAS  C:\Users\isaia\AppData\Local\Temp\ccT6fYmT.s 			page 6


  12:../../libDaisy//src/per/adc.h **** {
  13:../../libDaisy//src/per/adc.h **** /** @addtogroup per_analog
  14:../../libDaisy//src/per/adc.h ****     @{
  15:../../libDaisy//src/per/adc.h **** */
  16:../../libDaisy//src/per/adc.h **** 
  17:../../libDaisy//src/per/adc.h **** /* While there may not be many configuration options here,
  18:../../libDaisy//src/per/adc.h **** using a struct like this allows us to add more configuration
  19:../../libDaisy//src/per/adc.h **** later without breaking existing functionality.
  20:../../libDaisy//src/per/adc.h **** */
  21:../../libDaisy//src/per/adc.h **** 
  22:../../libDaisy//src/per/adc.h **** /** @brief   Configuration Structure for an ADC Channel 
  23:../../libDaisy//src/per/adc.h ****  *  @details This can be used to configure a a single input, 
  24:../../libDaisy//src/per/adc.h ****  *           or a multiplexed input, allowing up to 8 inputs on 
  25:../../libDaisy//src/per/adc.h ****  *           one channel.
  26:../../libDaisy//src/per/adc.h ****  *  @note    Sharing data lines to multiple muxes _is_ possible, but
  27:../../libDaisy//src/per/adc.h ****  *           each channel sharing data lines must be set to the maximum
  28:../../libDaisy//src/per/adc.h ****  *           number of channels, even if some multiplexers have fewer
  29:../../libDaisy//src/per/adc.h ****  *           inputs connected.
  30:../../libDaisy//src/per/adc.h **** */
  31:../../libDaisy//src/per/adc.h **** struct AdcChannelConfig
  32:../../libDaisy//src/per/adc.h **** {
  33:../../libDaisy//src/per/adc.h ****     /** Which pin to use for multiplexing */
  34:../../libDaisy//src/per/adc.h ****     enum MuxPin
  35:../../libDaisy//src/per/adc.h ****     {
  36:../../libDaisy//src/per/adc.h ****         MUX_SEL_0,    /**< & */
  37:../../libDaisy//src/per/adc.h ****         MUX_SEL_1,    /**< & */
  38:../../libDaisy//src/per/adc.h ****         MUX_SEL_2,    /**< & */
  39:../../libDaisy//src/per/adc.h ****         MUX_SEL_LAST, /**< & */
  40:../../libDaisy//src/per/adc.h ****     };
  41:../../libDaisy//src/per/adc.h **** 
  42:../../libDaisy//src/per/adc.h ****     /** \brief per channel conversion speed added to fixed time based on bitdepth, etc. */
  43:../../libDaisy//src/per/adc.h ****     enum ConversionSpeed
  44:../../libDaisy//src/per/adc.h ****     {
  45:../../libDaisy//src/per/adc.h ****         SPEED_1CYCLES_5,
  46:../../libDaisy//src/per/adc.h ****         SPEED_2CYCLES_5,
  47:../../libDaisy//src/per/adc.h ****         SPEED_8CYCLES_5,
  48:../../libDaisy//src/per/adc.h ****         SPEED_16CYCLES_5,
  49:../../libDaisy//src/per/adc.h ****         SPEED_32CYCLES_5,
  50:../../libDaisy//src/per/adc.h ****         SPEED_64CYCLES_5,
  51:../../libDaisy//src/per/adc.h ****         SPEED_387CYCLES_5,
  52:../../libDaisy//src/per/adc.h ****         SPEED_810CYCLES_5,
  53:../../libDaisy//src/per/adc.h ****     };
  54:../../libDaisy//src/per/adc.h **** 
  55:../../libDaisy//src/per/adc.h ****     /** Initializes a single ADC pin as an ADC. 
  56:../../libDaisy//src/per/adc.h ****     \param pin Pin to init.
  57:../../libDaisy//src/per/adc.h ****     \param speed conversion speed for this pin defaults to 8.5 cycles
  58:../../libDaisy//src/per/adc.h ****      */
  59:../../libDaisy//src/per/adc.h ****     void InitSingle(Pin pin, ConversionSpeed speed = SPEED_8CYCLES_5);
  60:../../libDaisy//src/per/adc.h **** 
  61:../../libDaisy//src/per/adc.h ****     /** 
  62:../../libDaisy//src/per/adc.h ****     Initializes a single ADC pin as a Multiplexed ADC.
  63:../../libDaisy//src/per/adc.h ****     Requires a CD405X Multiplexer connected to the pin.
  64:../../libDaisy//src/per/adc.h ****     You only need to supply the mux pins that are required,
  65:../../libDaisy//src/per/adc.h ****     e.g. a 4052 mux would only require mux_0 and mux_1.
  66:../../libDaisy//src/per/adc.h ****     Internal Callbacks handle the pin addressing.
  67:../../libDaisy//src/per/adc.h ****     \param adc_pin &
  68:../../libDaisy//src/per/adc.h ****     \param mux_channels must be 1-8
ARM GAS  C:\Users\isaia\AppData\Local\Temp\ccT6fYmT.s 			page 7


  69:../../libDaisy//src/per/adc.h ****     \param mux_0 First mux pin
  70:../../libDaisy//src/per/adc.h ****     \param mux_1 Second mux pin
  71:../../libDaisy//src/per/adc.h ****     \param mux_2 Third mux pin
  72:../../libDaisy//src/per/adc.h ****     \param speed conversion speed for this pin defaults to 8.5 cycles
  73:../../libDaisy//src/per/adc.h ****     */
  74:../../libDaisy//src/per/adc.h ****     void InitMux(Pin             adc_pin,
  75:../../libDaisy//src/per/adc.h ****                  size_t          mux_channels,
  76:../../libDaisy//src/per/adc.h ****                  Pin             mux_0,
  77:../../libDaisy//src/per/adc.h ****                  Pin             mux_1 = Pin(PORTX, 0),
  78:../../libDaisy//src/per/adc.h ****                  Pin             mux_2 = Pin(PORTX, 0),
  79:../../libDaisy//src/per/adc.h ****                  ConversionSpeed speed = SPEED_8CYCLES_5);
  80:../../libDaisy//src/per/adc.h **** 
  81:../../libDaisy//src/per/adc.h ****     GPIO            pin_;                   /**< & */
  82:../../libDaisy//src/per/adc.h ****     GPIO            mux_pin_[MUX_SEL_LAST]; /**< & */
  83:../../libDaisy//src/per/adc.h ****     uint8_t         mux_channels_;          /**< & */
  84:../../libDaisy//src/per/adc.h ****     ConversionSpeed speed_;
  85:../../libDaisy//src/per/adc.h **** };
  86:../../libDaisy//src/per/adc.h **** 
  87:../../libDaisy//src/per/adc.h **** /**
  88:../../libDaisy//src/per/adc.h ****    @brief Handler for analog to digital conversion
  89:../../libDaisy//src/per/adc.h **** */
  90:../../libDaisy//src/per/adc.h **** class AdcHandle
  91:../../libDaisy//src/per/adc.h **** {
  92:../../libDaisy//src/per/adc.h ****   public:
  93:../../libDaisy//src/per/adc.h ****     /** Supported oversampling amounts */
  94:../../libDaisy//src/per/adc.h ****     enum OverSampling
  95:../../libDaisy//src/per/adc.h ****     {
  96:../../libDaisy//src/per/adc.h ****         OVS_NONE, /**< & */
  97:../../libDaisy//src/per/adc.h ****         OVS_4,    /**< & */
  98:../../libDaisy//src/per/adc.h ****         OVS_8,    /**< & */
  99:../../libDaisy//src/per/adc.h ****         OVS_16,   /**< & */
 100:../../libDaisy//src/per/adc.h ****         OVS_32,   /**< & */
 101:../../libDaisy//src/per/adc.h ****         OVS_64,   /**< & */
 102:../../libDaisy//src/per/adc.h ****         OVS_128,  /**< & */
 103:../../libDaisy//src/per/adc.h ****         OVS_256,  /**< & */
 104:../../libDaisy//src/per/adc.h ****         OVS_512,  /**< & */
 105:../../libDaisy//src/per/adc.h ****         OVS_1024, /**< & */
 106:../../libDaisy//src/per/adc.h ****         OVS_LAST, /**< & */
 107:../../libDaisy//src/per/adc.h ****     };
 108:../../libDaisy//src/per/adc.h **** 
 109:../../libDaisy//src/per/adc.h ****     AdcHandle() {}
 110:../../libDaisy//src/per/adc.h ****     ~AdcHandle() {}
  65              		.loc 6 110 5 is_stmt 1 view .LVU10
  66              		.loc 6 110 5 is_stmt 0 view .LVU11
  67              	.LBE323:
  68              	.LBB324:
  69              	.LBI324:
  70              		.file 7 "../../libDaisy//src/hid/audio.h"
   1:../../libDaisy//src/hid/audio.h **** #ifndef DSY_AUDIO_H
   2:../../libDaisy//src/hid/audio.h **** #define DSY_AUDIO_H /**< & */
   3:../../libDaisy//src/hid/audio.h **** 
   4:../../libDaisy//src/hid/audio.h **** #include "per/sai.h"
   5:../../libDaisy//src/hid/audio.h **** 
   6:../../libDaisy//src/hid/audio.h **** namespace daisy
   7:../../libDaisy//src/hid/audio.h **** {
   8:../../libDaisy//src/hid/audio.h **** /** @brief Audio Engine Handle
   9:../../libDaisy//src/hid/audio.h ****  *  @ingroup audio 
ARM GAS  C:\Users\isaia\AppData\Local\Temp\ccT6fYmT.s 			page 8


  10:../../libDaisy//src/hid/audio.h ****  *  @details This class allows for higher level access to an audio engine.
  11:../../libDaisy//src/hid/audio.h ****  *           If you're using a SOM like the DaisySeed or DaisyPatchSM (or any 
  12:../../libDaisy//src/hid/audio.h ****  *            board that includes one of those objects) then the intialization
  13:../../libDaisy//src/hid/audio.h ****  *            is already taken  care of.
  14:../../libDaisy//src/hid/audio.h ****  *           If you're setting up your own custom hardware, or need to make changes
  15:../../libDaisy//src/hid/audio.h ****  *           you will have to take the following steps:
  16:../../libDaisy//src/hid/audio.h ****  *             1. Create and Initialize an SaiHandle or two depending on your requirements
  17:../../libDaisy//src/hid/audio.h ****  *             2. Initialize the Audio Handle with the desired settings and the Initialized SaiHand
  18:../../libDaisy//src/hid/audio.h ****  *             3. If the connected codec requires special configuration or initialization, do so
  19:../../libDaisy//src/hid/audio.h ****  *             4. Write a callback method using either the AudioCallback or the InterleavingAudioCa
  20:../../libDaisy//src/hid/audio.h ****  *             5. Start the Audio using one of the StartAudio function
  21:../../libDaisy//src/hid/audio.h ****  */
  22:../../libDaisy//src/hid/audio.h **** class AudioHandle
  23:../../libDaisy//src/hid/audio.h **** {
  24:../../libDaisy//src/hid/audio.h ****   public:
  25:../../libDaisy//src/hid/audio.h ****     /** Manually configurable details about the Audio Engine */
  26:../../libDaisy//src/hid/audio.h ****     /** TODO: Figure out how to get samplerate in here. */
  27:../../libDaisy//src/hid/audio.h ****     struct Config
  28:../../libDaisy//src/hid/audio.h ****     {
  29:../../libDaisy//src/hid/audio.h ****         /** number of samples to process per callback */
  30:../../libDaisy//src/hid/audio.h ****         size_t blocksize = 48;
  31:../../libDaisy//src/hid/audio.h **** 
  32:../../libDaisy//src/hid/audio.h ****         /**< Sample rate of audio */
  33:../../libDaisy//src/hid/audio.h ****         SaiHandle::Config::SampleRate samplerate
  34:../../libDaisy//src/hid/audio.h ****             = SaiHandle::Config::SampleRate::SAI_48KHZ;
  35:../../libDaisy//src/hid/audio.h **** 
  36:../../libDaisy//src/hid/audio.h ****         /** factor for adjustment before and after callback for hardware that may have extra headro
  37:../../libDaisy//src/hid/audio.h ****         float postgain = 1.f;
  38:../../libDaisy//src/hid/audio.h **** 
  39:../../libDaisy//src/hid/audio.h ****         /** factor for additional one-sided compensation to audio path for hardware that may
  40:../../libDaisy//src/hid/audio.h ****          *  have unequal input/output ranges
  41:../../libDaisy//src/hid/audio.h ****          */
  42:../../libDaisy//src/hid/audio.h ****         float output_compensation = 1.f;
  43:../../libDaisy//src/hid/audio.h ****     };
  44:../../libDaisy//src/hid/audio.h **** 
  45:../../libDaisy//src/hid/audio.h ****     enum class Result
  46:../../libDaisy//src/hid/audio.h ****     {
  47:../../libDaisy//src/hid/audio.h ****         OK,
  48:../../libDaisy//src/hid/audio.h ****         ERR,
  49:../../libDaisy//src/hid/audio.h ****     };
  50:../../libDaisy//src/hid/audio.h **** 
  51:../../libDaisy//src/hid/audio.h ****     /** Non-Interleaving input buffer
  52:../../libDaisy//src/hid/audio.h ****      * Buffer arranged by float[chn][sample] 
  53:../../libDaisy//src/hid/audio.h ****      * const so that the user can't modify the input
  54:../../libDaisy//src/hid/audio.h ****      */
  55:../../libDaisy//src/hid/audio.h ****     typedef const float* const* InputBuffer;
  56:../../libDaisy//src/hid/audio.h **** 
  57:../../libDaisy//src/hid/audio.h ****     /** Non-Interleaving output buffer
  58:../../libDaisy//src/hid/audio.h ****      * Arranged by float[chn][sample] 
  59:../../libDaisy//src/hid/audio.h ****      */
  60:../../libDaisy//src/hid/audio.h ****     typedef float** OutputBuffer;
  61:../../libDaisy//src/hid/audio.h **** 
  62:../../libDaisy//src/hid/audio.h ****     /** Type for a Non-Interleaving audio callback 
  63:../../libDaisy//src/hid/audio.h ****      * Non-Interleaving audio callbacks in daisy will be of this type
  64:../../libDaisy//src/hid/audio.h ****      */
  65:../../libDaisy//src/hid/audio.h ****     typedef void (*AudioCallback)(InputBuffer  in,
  66:../../libDaisy//src/hid/audio.h ****                                   OutputBuffer out,
ARM GAS  C:\Users\isaia\AppData\Local\Temp\ccT6fYmT.s 			page 9


  67:../../libDaisy//src/hid/audio.h ****                                   size_t       size);
  68:../../libDaisy//src/hid/audio.h **** 
  69:../../libDaisy//src/hid/audio.h ****     /** Interleaving Input buffer
  70:../../libDaisy//src/hid/audio.h ****      ** audio is prepared as { L0, R0, L1, R1, . . . LN, RN }]
  71:../../libDaisy//src/hid/audio.h ****      ** this is const, as the user shouldn't modify it
  72:../../libDaisy//src/hid/audio.h ****     */
  73:../../libDaisy//src/hid/audio.h ****     typedef const float* InterleavingInputBuffer;
  74:../../libDaisy//src/hid/audio.h **** 
  75:../../libDaisy//src/hid/audio.h ****     /** Interleaving Output buffer 
  76:../../libDaisy//src/hid/audio.h ****      ** audio is prepared as { L0, R0, L1, R1, . . . LN, RN }
  77:../../libDaisy//src/hid/audio.h ****     */
  78:../../libDaisy//src/hid/audio.h ****     typedef float* InterleavingOutputBuffer;
  79:../../libDaisy//src/hid/audio.h **** 
  80:../../libDaisy//src/hid/audio.h ****     /** Interleaving Audio Callback 
  81:../../libDaisy//src/hid/audio.h ****      * Interleaving audio callbacks in daisy must be of this type
  82:../../libDaisy//src/hid/audio.h ****      */
  83:../../libDaisy//src/hid/audio.h ****     typedef void (*InterleavingAudioCallback)(InterleavingInputBuffer  in,
  84:../../libDaisy//src/hid/audio.h ****                                               InterleavingOutputBuffer out,
  85:../../libDaisy//src/hid/audio.h ****                                               size_t                   size);
  86:../../libDaisy//src/hid/audio.h **** 
  87:../../libDaisy//src/hid/audio.h ****     AudioHandle() : pimpl_(nullptr) {}
  88:../../libDaisy//src/hid/audio.h ****     ~AudioHandle() {}
  71              		.loc 7 88 5 is_stmt 1 view .LVU12
  72              		.loc 7 88 5 is_stmt 0 view .LVU13
  73              	.LBE324:
  74              	.LBB325:
  75              	.LBI325:
  76              		.file 8 "../../libDaisy//src/sys/system.h"
   1:../../libDaisy//src/sys/system.h **** #ifndef DSY_SYSTEM_H
   2:../../libDaisy//src/sys/system.h **** #define DSY_SYSTEM_H
   3:../../libDaisy//src/sys/system.h **** 
   4:../../libDaisy//src/sys/system.h **** #ifndef UNIT_TEST // for unit tests, a dummy implementation is provided below
   5:../../libDaisy//src/sys/system.h **** 
   6:../../libDaisy//src/sys/system.h **** #include <cstdint>
   7:../../libDaisy//src/sys/system.h **** #include "per/tim.h"
   8:../../libDaisy//src/sys/system.h **** 
   9:../../libDaisy//src/sys/system.h **** namespace daisy
  10:../../libDaisy//src/sys/system.h **** {
  11:../../libDaisy//src/sys/system.h **** /** A handle for interacting with the Core System.
  12:../../libDaisy//src/sys/system.h ****  ** This includes the Clock tree, MPU, global DMA initialization,
  13:../../libDaisy//src/sys/system.h ****  ** cache handling, and any other necessary global initiailzation
  14:../../libDaisy//src/sys/system.h ****  **
  15:../../libDaisy//src/sys/system.h ****  ** @author shensley
  16:../../libDaisy//src/sys/system.h ****  ** @ingroup system
  17:../../libDaisy//src/sys/system.h ****  */
  18:../../libDaisy//src/sys/system.h **** class System
  19:../../libDaisy//src/sys/system.h **** {
  20:../../libDaisy//src/sys/system.h ****   public:
  21:../../libDaisy//src/sys/system.h ****     /** Contains settings for initializing the System */
  22:../../libDaisy//src/sys/system.h ****     struct Config
  23:../../libDaisy//src/sys/system.h ****     {
  24:../../libDaisy//src/sys/system.h ****         /** Specifies the system clock frequency that feeds APB/AHB clocks, etc. */
  25:../../libDaisy//src/sys/system.h ****         enum class SysClkFreq
  26:../../libDaisy//src/sys/system.h ****         {
  27:../../libDaisy//src/sys/system.h ****             FREQ_400MHZ,
  28:../../libDaisy//src/sys/system.h ****             FREQ_480MHZ,
  29:../../libDaisy//src/sys/system.h ****         };
ARM GAS  C:\Users\isaia\AppData\Local\Temp\ccT6fYmT.s 			page 10


  30:../../libDaisy//src/sys/system.h **** 
  31:../../libDaisy//src/sys/system.h ****         /** Method to call on the struct to set to defaults
  32:../../libDaisy//src/sys/system.h ****          ** CPU Freq set to 400MHz
  33:../../libDaisy//src/sys/system.h ****          ** Cache Enabled
  34:../../libDaisy//src/sys/system.h ****          ** */
  35:../../libDaisy//src/sys/system.h ****         void Defaults()
  36:../../libDaisy//src/sys/system.h ****         {
  37:../../libDaisy//src/sys/system.h ****             cpu_freq    = SysClkFreq::FREQ_400MHZ;
  38:../../libDaisy//src/sys/system.h ****             use_dcache  = true;
  39:../../libDaisy//src/sys/system.h ****             use_icache  = true;
  40:../../libDaisy//src/sys/system.h ****             skip_clocks = false;
  41:../../libDaisy//src/sys/system.h ****         }
  42:../../libDaisy//src/sys/system.h **** 
  43:../../libDaisy//src/sys/system.h ****         /** Method to call on the struct to set to boost mode:
  44:../../libDaisy//src/sys/system.h ****          ** CPU Freq set to 480MHz
  45:../../libDaisy//src/sys/system.h ****          ** Cache Enabled
  46:../../libDaisy//src/sys/system.h ****          ** */
  47:../../libDaisy//src/sys/system.h ****         void Boost()
  48:../../libDaisy//src/sys/system.h ****         {
  49:../../libDaisy//src/sys/system.h ****             cpu_freq    = SysClkFreq::FREQ_480MHZ;
  50:../../libDaisy//src/sys/system.h ****             use_dcache  = true;
  51:../../libDaisy//src/sys/system.h ****             use_icache  = true;
  52:../../libDaisy//src/sys/system.h ****             skip_clocks = false;
  53:../../libDaisy//src/sys/system.h ****         }
  54:../../libDaisy//src/sys/system.h **** 
  55:../../libDaisy//src/sys/system.h ****         SysClkFreq cpu_freq;
  56:../../libDaisy//src/sys/system.h ****         bool       use_dcache;
  57:../../libDaisy//src/sys/system.h ****         bool       use_icache;
  58:../../libDaisy//src/sys/system.h ****         bool       skip_clocks;
  59:../../libDaisy//src/sys/system.h ****     };
  60:../../libDaisy//src/sys/system.h **** 
  61:../../libDaisy//src/sys/system.h ****     /** Describes the different regions of memory available to the Daisy */
  62:../../libDaisy//src/sys/system.h ****     enum MemoryRegion
  63:../../libDaisy//src/sys/system.h ****     {
  64:../../libDaisy//src/sys/system.h ****         INTERNAL_FLASH = 0,
  65:../../libDaisy//src/sys/system.h ****         ITCMRAM,
  66:../../libDaisy//src/sys/system.h ****         DTCMRAM,
  67:../../libDaisy//src/sys/system.h ****         SRAM_D1,
  68:../../libDaisy//src/sys/system.h ****         SRAM_D2,
  69:../../libDaisy//src/sys/system.h ****         SRAM_D3,
  70:../../libDaisy//src/sys/system.h ****         SDRAM,
  71:../../libDaisy//src/sys/system.h ****         QSPI,
  72:../../libDaisy//src/sys/system.h ****         INVALID_ADDRESS,
  73:../../libDaisy//src/sys/system.h ****     };
  74:../../libDaisy//src/sys/system.h **** 
  75:../../libDaisy//src/sys/system.h ****     /** Bootloader struct for controlling bootloading parameters */
  76:../../libDaisy//src/sys/system.h ****     struct BootInfo
  77:../../libDaisy//src/sys/system.h ****     {
  78:../../libDaisy//src/sys/system.h ****         enum class Type : uint32_t
  79:../../libDaisy//src/sys/system.h ****         {
  80:../../libDaisy//src/sys/system.h ****             INVALID      = 0x00000000,
  81:../../libDaisy//src/sys/system.h ****             JUMP         = 0xDEADBEEF,
  82:../../libDaisy//src/sys/system.h ****             SKIP_TIMEOUT = 0x5AFEB007,
  83:../../libDaisy//src/sys/system.h ****             INF_TIMEOUT  = 0xB0074EFA,
  84:../../libDaisy//src/sys/system.h ****         } status;
  85:../../libDaisy//src/sys/system.h ****         uint32_t data;
  86:../../libDaisy//src/sys/system.h ****         enum class Version : uint32_t
ARM GAS  C:\Users\isaia\AppData\Local\Temp\ccT6fYmT.s 			page 11


  87:../../libDaisy//src/sys/system.h ****         {
  88:../../libDaisy//src/sys/system.h ****             LT_v6_0 = 0, // Less than v6.0
  89:../../libDaisy//src/sys/system.h ****             NONE,        // No bootloader present
  90:../../libDaisy//src/sys/system.h ****             v6_0,        // v6.0
  91:../../libDaisy//src/sys/system.h ****             v6_1,        // v6.1 or greater
  92:../../libDaisy//src/sys/system.h ****             LAST
  93:../../libDaisy//src/sys/system.h ****         } version;
  94:../../libDaisy//src/sys/system.h ****     };
  95:../../libDaisy//src/sys/system.h **** 
  96:../../libDaisy//src/sys/system.h ****     System() {}
  97:../../libDaisy//src/sys/system.h ****     ~System() {}
  77              		.loc 8 97 5 is_stmt 1 view .LVU14
  78              		.loc 8 97 5 is_stmt 0 view .LVU15
  79              	.LBE325:
  80              	.LBE318:
  81              	.LBB326:
  82              	.LBI326:
  83              		.file 9 "../../libDaisy//src/hid/switch.h"
   1:../../libDaisy//src/hid/switch.h **** #pragma once
   2:../../libDaisy//src/hid/switch.h **** #ifndef DSY_SWITCH_H
   3:../../libDaisy//src/hid/switch.h **** #define DSY_SWITCH_H
   4:../../libDaisy//src/hid/switch.h **** #include "daisy_core.h"
   5:../../libDaisy//src/hid/switch.h **** #include "per/gpio.h"
   6:../../libDaisy//src/hid/switch.h **** #include "sys/system.h"
   7:../../libDaisy//src/hid/switch.h **** 
   8:../../libDaisy//src/hid/switch.h **** namespace daisy
   9:../../libDaisy//src/hid/switch.h **** {
  10:../../libDaisy//src/hid/switch.h **** /** 
  11:../../libDaisy//src/hid/switch.h ****     Generic Class for handling momentary/latching switches \n 
  12:../../libDaisy//src/hid/switch.h ****     Inspired/influenced by Mutable Instruments (pichenettes) Switch classes
  13:../../libDaisy//src/hid/switch.h ****     @author Stephen Hensley
  14:../../libDaisy//src/hid/switch.h ****     @date December 2019
  15:../../libDaisy//src/hid/switch.h ****     @ingroup controls
  16:../../libDaisy//src/hid/switch.h **** */
  17:../../libDaisy//src/hid/switch.h **** class Switch
  18:../../libDaisy//src/hid/switch.h **** {
  19:../../libDaisy//src/hid/switch.h ****   public:
  20:../../libDaisy//src/hid/switch.h ****     /** Specifies the expected behavior of the switch */
  21:../../libDaisy//src/hid/switch.h ****     enum Type
  22:../../libDaisy//src/hid/switch.h ****     {
  23:../../libDaisy//src/hid/switch.h ****         TYPE_TOGGLE,    /**< & */
  24:../../libDaisy//src/hid/switch.h ****         TYPE_MOMENTARY, /**< & */
  25:../../libDaisy//src/hid/switch.h ****     };
  26:../../libDaisy//src/hid/switch.h ****     /** Specifies whether the pressed is HIGH or LOW. */
  27:../../libDaisy//src/hid/switch.h ****     enum Polarity
  28:../../libDaisy//src/hid/switch.h ****     {
  29:../../libDaisy//src/hid/switch.h ****         POLARITY_NORMAL,   /**< & */
  30:../../libDaisy//src/hid/switch.h ****         POLARITY_INVERTED, /**< & */
  31:../../libDaisy//src/hid/switch.h ****     };
  32:../../libDaisy//src/hid/switch.h **** 
  33:../../libDaisy//src/hid/switch.h ****     Switch() {}
  34:../../libDaisy//src/hid/switch.h ****     ~Switch() {}
  84              		.loc 9 34 5 is_stmt 1 view .LVU16
  85              		.loc 9 34 5 is_stmt 0 view .LVU17
  86              	.LBE326:
  87              	.LBB327:
  88              	.LBI327:
ARM GAS  C:\Users\isaia\AppData\Local\Temp\ccT6fYmT.s 			page 12


  89              		.loc 9 34 5 is_stmt 1 view .LVU18
  90              		.loc 9 34 5 is_stmt 0 view .LVU19
  91              	.LBE327:
  92              	.LBB328:
  93              	.LBI328:
  94              		.loc 9 34 5 is_stmt 1 view .LVU20
  95              		.loc 9 34 5 is_stmt 0 view .LVU21
  96              	.LBE328:
  97              	.LBB329:
  98              	.LBI329:
  99              		.loc 9 34 5 is_stmt 1 view .LVU22
 100              		.loc 9 34 5 is_stmt 0 view .LVU23
 101              	.LBE329:
 102              		.loc 1 54 9 view .LVU24
 103 0000 7047     		bx	lr
 104              		.cfi_endproc
 105              	.LFE5084:
 107              		.weak	_ZN9anachrome7planterD1Ev
 108              		.thumb_set _ZN9anachrome7planterD1Ev,_ZN9anachrome7planterD2Ev
 109 0002 00BF     		.section	.text._ZN9anachrome7planter4InitEv,"axG",%progbits,_ZN9anachrome7planter4InitEv,comdat
 110              		.align	1
 111              		.p2align 2,,3
 112              		.weak	_ZN9anachrome7planter4InitEv
 113              		.syntax unified
 114              		.thumb
 115              		.thumb_func
 116              		.fpu fpv5-d16
 118              	_ZN9anachrome7planter4InitEv:
 119              	.LVL1:
 120              	.LFB4546:
  55:../../Planter/planter.h **** 
  56:../../Planter/planter.h **** 
  57:../../Planter/planter.h ****         void Init() {
 121              		.loc 1 57 14 is_stmt 1 view -0
 122              		.cfi_startproc
 123              		@ args = 0, pretend = 0, frame = 0
 124              		@ frame_needed = 0, uses_anonymous_args = 0
  58:../../Planter/planter.h ****         // Initialize the hardware.
  59:../../Planter/planter.h ****         patch.Init();
 125              		.loc 1 59 9 view .LVU26
  57:../../Planter/planter.h ****         // Initialize the hardware.
 126              		.loc 1 57 14 is_stmt 0 view .LVU27
 127 0000 30B5     		push	{r4, r5, lr}
 128              		.cfi_def_cfa_offset 12
 129              		.cfi_offset 4, -12
 130              		.cfi_offset 5, -8
 131              		.cfi_offset 14, -4
 132              		.loc 1 59 19 view .LVU28
 133 0002 00F1B805 		add	r5, r0, #184
  57:../../Planter/planter.h ****         // Initialize the hardware.
 134              		.loc 1 57 14 view .LVU29
 135 0006 0446     		mov	r4, r0
 136 0008 83B0     		sub	sp, sp, #12
 137              		.cfi_def_cfa_offset 24
 138              		.loc 1 59 19 view .LVU30
 139 000a 2846     		mov	r0, r5
 140              	.LVL2:
ARM GAS  C:\Users\isaia\AppData\Local\Temp\ccT6fYmT.s 			page 13


 141              		.loc 1 59 19 view .LVU31
 142 000c FFF7FEFF 		bl	_ZN5daisy8patch_sm12DaisyPatchSM4InitEv
 143              	.LVL3:
  60:../../Planter/planter.h ****         
  61:../../Planter/planter.h ****         InitLeds();
 144              		.loc 1 61 9 is_stmt 1 view .LVU32
 145              		.loc 1 61 17 is_stmt 0 view .LVU33
 146 0010 2046     		mov	r0, r4
 147 0012 FFF7FEFF 		bl	_ZN9anachrome7planter8InitLedsEv
 148              	.LVL4:
  62:../../Planter/planter.h ****         button.Init(daisy::patch_sm::DaisyPatchSM::B7, patch.AudioCallbackRate());
 149              		.loc 1 62 9 is_stmt 1 view .LVU34
 150              		.loc 1 62 20 is_stmt 0 view .LVU35
 151 0016 2846     		mov	r0, r5
 152 0018 FFF7FEFF 		bl	_ZN5daisy8patch_sm12DaisyPatchSM17AudioCallbackRateEv
 153              	.LVL5:
 154 001c 254B     		ldr	r3, .L5
 155 001e 04F12800 		add	r0, r4, #40
 156 0022 1A78     		ldrb	r2, [r3]	@ zero_extendqisi2
 157 0024 5978     		ldrb	r1, [r3, #1]	@ zero_extendqisi2
 158 0026 42EA0121 		orr	r1, r2, r1, lsl #8
 159 002a FFF7FEFF 		bl	_ZN5daisy6Switch4InitENS_3PinEf
 160              	.LVL6:
  63:../../Planter/planter.h ****         toggle1.Init(daisy::patch_sm::DaisyPatchSM::B8, patch.AudioCallbackRate());
 161              		.loc 1 63 9 is_stmt 1 view .LVU36
 162              		.loc 1 63 21 is_stmt 0 view .LVU37
 163 002e 2846     		mov	r0, r5
 164 0030 FFF7FEFF 		bl	_ZN5daisy8patch_sm12DaisyPatchSM17AudioCallbackRateEv
 165              	.LVL7:
 166 0034 204B     		ldr	r3, .L5+4
 167 0036 04F14C00 		add	r0, r4, #76
 168 003a 1A78     		ldrb	r2, [r3]	@ zero_extendqisi2
 169 003c 5978     		ldrb	r1, [r3, #1]	@ zero_extendqisi2
 170 003e 42EA0121 		orr	r1, r2, r1, lsl #8
 171 0042 FFF7FEFF 		bl	_ZN5daisy6Switch4InitENS_3PinEf
 172              	.LVL8:
  64:../../Planter/planter.h ****         toggle2.Init(daisy::patch_sm::DaisyPatchSM::D1, patch.AudioCallbackRate());
 173              		.loc 1 64 9 is_stmt 1 view .LVU38
 174              		.loc 1 64 21 is_stmt 0 view .LVU39
 175 0046 2846     		mov	r0, r5
 176 0048 FFF7FEFF 		bl	_ZN5daisy8patch_sm12DaisyPatchSM17AudioCallbackRateEv
 177              	.LVL9:
 178 004c 1B4B     		ldr	r3, .L5+8
 179 004e 04F17000 		add	r0, r4, #112
 180 0052 1A78     		ldrb	r2, [r3]	@ zero_extendqisi2
 181 0054 5978     		ldrb	r1, [r3, #1]	@ zero_extendqisi2
 182 0056 42EA0121 		orr	r1, r2, r1, lsl #8
 183 005a FFF7FEFF 		bl	_ZN5daisy6Switch4InitENS_3PinEf
 184              	.LVL10:
  65:../../Planter/planter.h ****         toggle3.Init(daisy::patch_sm::DaisyPatchSM::D10, patch.AudioCallbackRate());    
 185              		.loc 1 65 9 is_stmt 1 view .LVU40
 186              		.loc 1 65 21 is_stmt 0 view .LVU41
 187 005e 2846     		mov	r0, r5
 188 0060 FFF7FEFF 		bl	_ZN5daisy8patch_sm12DaisyPatchSM17AudioCallbackRateEv
 189              	.LVL11:
 190 0064 164B     		ldr	r3, .L5+12
 191 0066 04F19400 		add	r0, r4, #148
ARM GAS  C:\Users\isaia\AppData\Local\Temp\ccT6fYmT.s 			page 14


 192 006a 1A78     		ldrb	r2, [r3]	@ zero_extendqisi2
 193 006c 5978     		ldrb	r1, [r3, #1]	@ zero_extendqisi2
 194 006e 42EA0121 		orr	r1, r2, r1, lsl #8
 195 0072 FFF7FEFF 		bl	_ZN5daisy6Switch4InitENS_3PinEf
 196              	.LVL12:
  66:../../Planter/planter.h ****         
  67:../../Planter/planter.h ****         // InitSwitches();
  68:../../Planter/planter.h ****         // InitAnalogControls();
  69:../../Planter/planter.h ****         patch.SetAudioBlockSize(48);
 197              		.loc 1 69 9 is_stmt 1 view .LVU42
 198              		.loc 1 69 32 is_stmt 0 view .LVU43
 199 0076 2846     		mov	r0, r5
 200 0078 3021     		movs	r1, #48
  70:../../Planter/planter.h **** 
  71:../../Planter/planter.h ****         /** Init Gate Outputs */
  72:../../Planter/planter.h ****         patch.gate_out_1.Init(patch.B5, GPIO::Mode::OUTPUT);
 201              		.loc 1 72 30 view .LVU44
 202 007a 0025     		movs	r5, #0
  69:../../Planter/planter.h **** 
 203              		.loc 1 69 32 view .LVU45
 204 007c FFF7FEFF 		bl	_ZN5daisy8patch_sm12DaisyPatchSM17SetAudioBlockSizeEj
 205              	.LVL13:
 206              		.loc 1 72 9 is_stmt 1 view .LVU46
 207              		.loc 1 72 30 is_stmt 0 view .LVU47
 208 0080 104B     		ldr	r3, .L5+16
 209 0082 0095     		str	r5, [sp]
 210 0084 04F52A70 		add	r0, r4, #680
 211 0088 1A78     		ldrb	r2, [r3]	@ zero_extendqisi2
 212 008a 5978     		ldrb	r1, [r3, #1]	@ zero_extendqisi2
 213 008c 2B46     		mov	r3, r5
 214 008e 42EA0121 		orr	r1, r2, r1, lsl #8
 215 0092 0122     		movs	r2, #1
 216 0094 FFF7FEFF 		bl	_ZN5daisy4GPIO4InitENS_3PinENS0_4ModeENS0_4PullENS0_5SpeedE
 217              	.LVL14:
  73:../../Planter/planter.h ****         patch.gate_out_2.Init(patch.B6, GPIO::Mode::OUTPUT);
 218              		.loc 1 73 9 is_stmt 1 view .LVU48
 219              		.loc 1 73 30 is_stmt 0 view .LVU49
 220 0098 0B4B     		ldr	r3, .L5+20
 221 009a 0095     		str	r5, [sp]
 222 009c 04F52F70 		add	r0, r4, #700
 223 00a0 1A78     		ldrb	r2, [r3]	@ zero_extendqisi2
 224 00a2 5978     		ldrb	r1, [r3, #1]	@ zero_extendqisi2
 225 00a4 2B46     		mov	r3, r5
 226 00a6 42EA0121 		orr	r1, r2, r1, lsl #8
 227 00aa 0122     		movs	r2, #1
 228 00ac FFF7FEFF 		bl	_ZN5daisy4GPIO4InitENS_3PinENS0_4ModeENS0_4PullENS0_5SpeedE
 229              	.LVL15:
  74:../../Planter/planter.h ****         }
 230              		.loc 1 74 9 view .LVU50
 231 00b0 03B0     		add	sp, sp, #12
 232              		.cfi_def_cfa_offset 12
 233              		@ sp needed
 234 00b2 30BD     		pop	{r4, r5, pc}
 235              	.LVL16:
 236              	.L6:
 237              		.loc 1 74 9 view .LVU51
 238              		.align	2
ARM GAS  C:\Users\isaia\AppData\Local\Temp\ccT6fYmT.s 			page 15


 239              	.L5:
 240 00b4 00000000 		.word	_ZN5daisy8patch_sm12DaisyPatchSM2B7E
 241 00b8 00000000 		.word	_ZN5daisy8patch_sm12DaisyPatchSM2B8E
 242 00bc 00000000 		.word	_ZN5daisy8patch_sm12DaisyPatchSM2D1E
 243 00c0 00000000 		.word	_ZN5daisy8patch_sm12DaisyPatchSM3D10E
 244 00c4 00000000 		.word	_ZN5daisy8patch_sm12DaisyPatchSM2B5E
 245 00c8 00000000 		.word	_ZN5daisy8patch_sm12DaisyPatchSM2B6E
 246              		.cfi_endproc
 247              	.LFE4546:
 249              		.section	.text._ZN16ModalPlateReverb11UpdateDecayEff,"ax",%progbits
 250              		.align	1
 251              		.p2align 2,,3
 252              		.global	_ZN16ModalPlateReverb11UpdateDecayEff
 253              		.syntax unified
 254              		.thumb
 255              		.thumb_func
 256              		.fpu fpv5-d16
 258              	_ZN16ModalPlateReverb11UpdateDecayEff:
 259              	.LVL17:
 260              	.LFB4553:
 261              		.file 10 "PhysPlateReverb.cpp"
   1:PhysPlateReverb.cpp **** /*
   2:PhysPlateReverb.cpp ****  * ===========================================================================
   3:PhysPlateReverb.cpp ****  * PhysPlateReverb.cpp
   4:PhysPlateReverb.cpp ****  *
   5:PhysPlateReverb.cpp ****  * Physical Modeling Plate Reverb for Daisy + Planter (Eurorack)
   6:PhysPlateReverb.cpp ****  * Ported from plateReverbSRC.m (MATLAB) — B221438
   7:PhysPlateReverb.cpp ****  *
   8:PhysPlateReverb.cpp ****  * This replaces the DaisySP ReverbSc with a true modal plate reverb
   9:PhysPlateReverb.cpp ****  * derived from the physical wave equation on a rectangular plate. The
  10:PhysPlateReverb.cpp ****  * algorithm computes the eigenfrequencies (modes) of a tensioned plate,
  11:PhysPlateReverb.cpp ****  * prunes redundant/inaudible modes, then runs a second-order modal
  12:PhysPlateReverb.cpp ****  * filter bank in real time.
  13:PhysPlateReverb.cpp ****  *
  14:PhysPlateReverb.cpp ****  * Two output pickup positions are used for stereo (one per channel).
  15:PhysPlateReverb.cpp ****  *
  16:PhysPlateReverb.cpp ****  * ===========================================================================
  17:PhysPlateReverb.cpp ****  *
  18:PhysPlateReverb.cpp ****  * -------------------------------------------------------------------------
  19:PhysPlateReverb.cpp ****  *   MATLAB  →  C++  VECTOR MATH TRANSLATION GUIDE
  20:PhysPlateReverb.cpp ****  * -------------------------------------------------------------------------
  21:PhysPlateReverb.cpp ****  *
  22:PhysPlateReverb.cpp ****  * KEY CONCEPT: In MATLAB, most math operates on entire vectors/matrices
  23:PhysPlateReverb.cpp ****  * at once using "vectorized" operations. In C++, we don't have that —
  24:PhysPlateReverb.cpp ****  * we use plain arrays (float[]) and explicit for-loops to do the same
  25:PhysPlateReverb.cpp ****  * thing, one element at a time.
  26:PhysPlateReverb.cpp ****  *
  27:PhysPlateReverb.cpp ****  * Here's a side-by-side conversion reference used throughout this file:
  28:PhysPlateReverb.cpp ****  *
  29:PhysPlateReverb.cpp ****  * ╔═══════════════════════════════
  30:PhysPlateReverb.cpp ****  * ║  MATLAB                           ║  C++ Equivalent                        ║
  31:PhysPlateReverb.cpp ****  * ╠═══════════════════════════════
  32:PhysPlateReverb.cpp ****  * ║                                   ║                                        ║
  33:PhysPlateReverb.cpp ****  * ║  a = zeros(N,1)                   ║  float a[N];                           ║
  34:PhysPlateReverb.cpp ****  * ║  % Creates an Nx1 column vector   ║  memset(a, 0, N * sizeof(float));      ║
  35:PhysPlateReverb.cpp ****  * ║  % of all zeros.                  ║  // Declares a fixed-size array of N   ║
  36:PhysPlateReverb.cpp ****  * ║                                   ║  // floats, then fills with 0 bytes.   ║
ARM GAS  C:\Users\isaia\AppData\Local\Temp\ccT6fYmT.s 			page 16


  37:PhysPlateReverb.cpp ****  * ║                                   ║  // No dynamic sizing! N must be a     ║
  38:PhysPlateReverb.cpp ****  * ║                                   ║  // compile-time constant.             ║
  39:PhysPlateReverb.cpp ****  * ║                                   ║                                        ║
  40:PhysPlateReverb.cpp ****  * ╠═══════════════════════════════
  41:PhysPlateReverb.cpp ****  * ║                                   ║                                        ║
  42:PhysPlateReverb.cpp ****  * ║  c = a .* b                       ║  for (int i = 0; i < N; i++)           ║
  43:PhysPlateReverb.cpp ****  * ║  % Element-wise multiply. Each    ║      c[i] = a[i] * b[i];               ║
  44:PhysPlateReverb.cpp ****  * ║  % entry in c is the product of   ║  // Identical behavior: multiply each  ║
  45:PhysPlateReverb.cpp ****  * ║  % matching entries in a and b.   ║  // pair of elements and store result. ║
  46:PhysPlateReverb.cpp ****  * ║                                   ║                                        ║
  47:PhysPlateReverb.cpp ****  * ╠═══════════════════════════════
  48:PhysPlateReverb.cpp ****  * ║                                   ║                                        ║
  49:PhysPlateReverb.cpp ****  * ║  c = a + b                        ║  for (int i = 0; i < N; i++)           ║
  50:PhysPlateReverb.cpp ****  * ║  % Element-wise addition.         ║      c[i] = a[i] + b[i];               ║
  51:PhysPlateReverb.cpp ****  * ║                                   ║                                        ║
  52:PhysPlateReverb.cpp ****  * ╠═══════════════════════════════
  53:PhysPlateReverb.cpp ****  * ║                                   ║                                        ║
  54:PhysPlateReverb.cpp ****  * ║  s = sum(a .* b)                  ║  float s = 0.0f;                       ║
  55:PhysPlateReverb.cpp ****  * ║  % Dot product: multiply element- ║  for (int i = 0; i < N; i++)           ║
  56:PhysPlateReverb.cpp ****  * ║  % wise then sum all results into ║      s += a[i] * b[i];                 ║
  57:PhysPlateReverb.cpp ****  * ║  % a single scalar.               ║  // Accumulate products into one sum.  ║
  58:PhysPlateReverb.cpp ****  * ║                                   ║                                        ║
  59:PhysPlateReverb.cpp ****  * ╠═══════════════════════════════
  60:PhysPlateReverb.cpp ****  * ║                                   ║                                        ║
  61:PhysPlateReverb.cpp ****  * ║  c = a * scalar                   ║  for (int i = 0; i < N; i++)           ║
  62:PhysPlateReverb.cpp ****  * ║  % Multiply every element of a    ║      c[i] = a[i] * scalar;             ║
  63:PhysPlateReverb.cpp ****  * ║  % by a single number.            ║  // Same: scale each element.          ║
  64:PhysPlateReverb.cpp ****  * ║                                   ║                                        ║
  65:PhysPlateReverb.cpp ****  * ╠═══════════════════════════════
  66:PhysPlateReverb.cpp ****  * ║                                   ║                                        ║
  67:PhysPlateReverb.cpp ****  * ║  [MX,MY] = meshgrid(1:Mx, 1:My)   ║  for (int mx = 1; mx <= Mx; mx++)      ║
  68:PhysPlateReverb.cpp ****  * ║  % Creates 2D grids of all (mx,   ║    for (int my = 1; my <= My; my++)    ║
  69:PhysPlateReverb.cpp ****  * ║  % my) index combinations.        ║      // process pair (mx, my)          ║
  70:PhysPlateReverb.cpp ****  * ║  mx = reshape(MX, [Mx*My, 1])     ║  // A nested for-loop generates every  ║
  71:PhysPlateReverb.cpp ****  * ║  my = reshape(MY, [Mx*My, 1])     ║  // combination of (mx, my) exactly    ║
  72:PhysPlateReverb.cpp ****  * ║  % Flatten to column vectors.     ║  // like meshgrid+reshape does.        ║
  73:PhysPlateReverb.cpp ****  * ║                                   ║                                        ║
  74:PhysPlateReverb.cpp ****  * ╠═══════════════════════════════
  75:PhysPlateReverb.cpp ****  * ║                                   ║                                        ║
  76:PhysPlateReverb.cpp ****  * ║  idx = (a > thresh)               ║  bool idx[N];                          ║
  77:PhysPlateReverb.cpp ****  * ║  % Logical index: 1 where true.   ║  for (int i = 0; i < N; i++)           ║
  78:PhysPlateReverb.cpp ****  * ║                                   ║      idx[i] = (a[i] > thresh);         ║
  79:PhysPlateReverb.cpp ****  * ║                                   ║  // Builds array of true/false flags.  ║
  80:PhysPlateReverb.cpp ****  * ║                                   ║                                        ║
  81:PhysPlateReverb.cpp ****  * ╠═══════════════════════════════
  82:PhysPlateReverb.cpp ****  * ║                                   ║                                        ║
  83:PhysPlateReverb.cpp ****  * ║  b = nonzeros(a .* idx)           ║  int count = 0;                        ║
  84:PhysPlateReverb.cpp ****  * ║  % Remove zero entries, keeping   ║  for (int i = 0; i < N; i++)           ║
  85:PhysPlateReverb.cpp ****  * ║  % only values where idx == 1.    ║      if (idx[i])                       ║
  86:PhysPlateReverb.cpp ****  * ║  % Resulting vector is shorter.   ║          b[count++] = a[i];            ║
  87:PhysPlateReverb.cpp ****  * ║                                   ║  // "Compacts" the array: copies only  ║
  88:PhysPlateReverb.cpp ****  * ║                                   ║  // surviving elements into contiguous ║
  89:PhysPlateReverb.cpp ****  * ║                                   ║  // slots. count = new length.         ║
  90:PhysPlateReverb.cpp ****  * ║                                   ║                                        ║
  91:PhysPlateReverb.cpp ****  * ╠═══════════════════════════════
  92:PhysPlateReverb.cpp ****  * ║                                   ║                                        ║
  93:PhysPlateReverb.cpp ****  * ║  b = a.^2                         ║  for (int i = 0; i < N; i++)           ║
ARM GAS  C:\Users\isaia\AppData\Local\Temp\ccT6fYmT.s 			page 17


  94:PhysPlateReverb.cpp ****  * ║  % Element-wise squaring.         ║      b[i] = a[i] * a[i];               ║
  95:PhysPlateReverb.cpp ****  * ║                                   ║                                        ║
  96:PhysPlateReverb.cpp ****  * ╠═══════════════════════════════
  97:PhysPlateReverb.cpp ****  * ║                                   ║                                        ║
  98:PhysPlateReverb.cpp ****  * ║  sqrt(x)  (double precision)      ║  sqrtf(x)  (single-precision float)    ║
  99:PhysPlateReverb.cpp ****  * ║  sin(x)                           ║  sinf(x)                               ║
 100:PhysPlateReverb.cpp ****  * ║  log(x)                           ║  logf(x)                               ║
 101:PhysPlateReverb.cpp ****  * ║  % MATLAB defaults to double.     ║  // Daisy's ARM Cortex-M7 has a        ║
 102:PhysPlateReverb.cpp ****  * ║  % C++ float is fine for audio.   ║  // hardware float FPU — always use    ║
 103:PhysPlateReverb.cpp ****  * ║                                   ║  // the 'f' suffix functions.          ║
 104:PhysPlateReverb.cpp ****  * ║                                   ║                                        ║
 105:PhysPlateReverb.cpp ****  * ╚═══════════════════════════════
 106:PhysPlateReverb.cpp ****  *
 107:PhysPlateReverb.cpp ****  * OTHER KEY DIFFERENCES:
 108:PhysPlateReverb.cpp ****  *
 109:PhysPlateReverb.cpp ****  * 1) MATLAB arrays are 1-based, C++ arrays are 0-based.
 110:PhysPlateReverb.cpp ****  *    MATLAB: a(1) is the first element.
 111:PhysPlateReverb.cpp ****  *    C++:    a[0] is the first element.
 112:PhysPlateReverb.cpp ****  *
 113:PhysPlateReverb.cpp ****  * 2) MATLAB dynamically resizes vectors. C++ arrays are fixed-size.
 114:PhysPlateReverb.cpp ****  *    We pre-allocate MAX_MODES slots and track the actual count in
 115:PhysPlateReverb.cpp ****  *    num_modes_.
 116:PhysPlateReverb.cpp ****  *
 117:PhysPlateReverb.cpp ****  * 3) MATLAB 'find()' returns indices matching a condition.
 118:PhysPlateReverb.cpp ****  *    C++: we use a for-loop with an if-statement instead.
 119:PhysPlateReverb.cpp ****  *
 120:PhysPlateReverb.cpp ****  * 4) In MATLAB, the entire sample loop runs offline on a pre-built
 121:PhysPlateReverb.cpp ****  *    impulse. Here, we process ONE sample at a time inside an audio
 122:PhysPlateReverb.cpp ****  *    callback that the hardware calls 48000 times/second.
 123:PhysPlateReverb.cpp ****  *
 124:PhysPlateReverb.cpp ****  * ===========================================================================
 125:PhysPlateReverb.cpp ****  */
 126:PhysPlateReverb.cpp **** 
 127:PhysPlateReverb.cpp **** #include "daisy_patch_sm.h"
 128:PhysPlateReverb.cpp **** #include "daisysp-lgpl.h"       // provides fmap(), Mapping::LOG
 129:PhysPlateReverb.cpp **** #include "planter.h"
 130:PhysPlateReverb.cpp **** #include <cmath>                // sqrtf, sinf, logf, fabsf, powf
 131:PhysPlateReverb.cpp **** #include <cstring>              // memset
 132:PhysPlateReverb.cpp **** 
 133:PhysPlateReverb.cpp **** using namespace daisy;
 134:PhysPlateReverb.cpp **** using namespace patch_sm;
 135:PhysPlateReverb.cpp **** using namespace daisysp;
 136:PhysPlateReverb.cpp **** using namespace anachrome;
 137:PhysPlateReverb.cpp **** 
 138:PhysPlateReverb.cpp **** /* -----------------------------------------------------------------------
 139:PhysPlateReverb.cpp ****  * PI_F is already #defined in DaisySP/Source/Utility/dsp.h as
 140:PhysPlateReverb.cpp ****  * 3.1415927410125732421875f — we just use it directly, no redefinition.
 141:PhysPlateReverb.cpp ****  * -----------------------------------------------------------------------*/
 142:PhysPlateReverb.cpp **** 
 143:PhysPlateReverb.cpp **** 
 144:PhysPlateReverb.cpp **** /* ========================================================================
 145:PhysPlateReverb.cpp ****  * SECTION 1 — Physical Constants
 146:PhysPlateReverb.cpp ****  *
 147:PhysPlateReverb.cpp ****  * MATLAB equivalent: the block of scalar variable assignments at the
 148:PhysPlateReverb.cpp ****  * top of the script.  In C++ these are compile-time constants
 149:PhysPlateReverb.cpp ****  * (constexpr), which means they cost zero RAM and are baked straight
 150:PhysPlateReverb.cpp ****  * into the compiled machine code.
ARM GAS  C:\Users\isaia\AppData\Local\Temp\ccT6fYmT.s 			page 18


 151:PhysPlateReverb.cpp ****  * ========================================================================*/
 152:PhysPlateReverb.cpp **** 
 153:PhysPlateReverb.cpp **** /* --- Plate geometry & material ---
 154:PhysPlateReverb.cpp ****  * MATLAB:
 155:PhysPlateReverb.cpp ****  *   Lx = 1;  Ly = 2;  H = 50e-4;  T = 100;  rho = 7.87e3;
 156:PhysPlateReverb.cpp ****  *   E = 200e9;  v = 0.29;
 157:PhysPlateReverb.cpp ****  */
 158:PhysPlateReverb.cpp **** static constexpr float LX      = 1.0f;       // plate x dimension [m]
 159:PhysPlateReverb.cpp **** static constexpr float LY      = 2.0f;       // plate y dimension [m]
 160:PhysPlateReverb.cpp **** static constexpr float H       = 8e-4f;     // thickness [m]  (= 0.5 mm)
 161:PhysPlateReverb.cpp **** static constexpr float TENSION = 700.0f;     // tension [N/m]
 162:PhysPlateReverb.cpp **** static constexpr float RHO     = 7.87e3f;    // density [kg/m³]  (steel)
 163:PhysPlateReverb.cpp **** static constexpr float E_MOD   = 200e9f;     // Young's modulus [N/m²]
 164:PhysPlateReverb.cpp **** static constexpr float NU      = 0.29f;      // Poisson's ratio
 165:PhysPlateReverb.cpp **** 
 166:PhysPlateReverb.cpp **** /* --- Input / output positions on the plate surface ---
 167:PhysPlateReverb.cpp ****  * MATLAB:  xi = 0.5; yi = 0.5; xo = 0.75; yo = 0.75;
 168:PhysPlateReverb.cpp ****  *
 169:PhysPlateReverb.cpp ****  * For STEREO output we define TWO pickup positions — this is how real
 170:PhysPlateReverb.cpp ****  * plate reverbs work: one plate, one driver (input), two contact mics
 171:PhysPlateReverb.cpp ****  * (outputs) placed at different spots to produce natural stereo.
 172:PhysPlateReverb.cpp ****  */
 173:PhysPlateReverb.cpp **** static constexpr float XI   = 0.5f;    // input (driver) x position [m]
 174:PhysPlateReverb.cpp **** static constexpr float YI   = 0.5f;    // input y position [m]
 175:PhysPlateReverb.cpp **** static constexpr float XO_L = 0.3f;    // LEFT  pickup x position [m]
 176:PhysPlateReverb.cpp **** static constexpr float YO_L = 0.7f;    // LEFT  pickup y position [m]
 177:PhysPlateReverb.cpp **** static constexpr float XO_R = 0.8f;    // RIGHT pickup x position [m]
 178:PhysPlateReverb.cpp **** static constexpr float YO_R = 0.4f;    // RIGHT pickup y position [m]
 179:PhysPlateReverb.cpp **** 
 180:PhysPlateReverb.cpp **** /* --- Mode pruning thresholds ---
 181:PhysPlateReverb.cpp ****  * MATLAB:  cent_range = 5; damp_thresh = .5; phi_thresh = 1e-5;
 182:PhysPlateReverb.cpp ****  */
 183:PhysPlateReverb.cpp **** static constexpr float CENT_RANGE  = 8.0f;    // frequency window [cents] (larger = stronger prunin
 184:PhysPlateReverb.cpp **** static constexpr float DAMP_THRESH = 0.5f;    // damping proximity fraction
 185:PhysPlateReverb.cpp **** static constexpr float PHI_THRESH  = 1e-5f;   // mode shape amplitude floor
 186:PhysPlateReverb.cpp **** 
 187:PhysPlateReverb.cpp **** /* --- Runtime stability / output scaling --- */
 188:PhysPlateReverb.cpp **** static constexpr float WET_TRIM     = 0.22f;   // global wet attenuation after modal sum
 189:PhysPlateReverb.cpp **** static constexpr float OUTPUT_LIMIT = 0.98f;   // safety clamp for Daisy audio output
 190:PhysPlateReverb.cpp **** static constexpr float OUT_NORM_BLEND = 0.20f; // 0=ignore normalization, 1=full normalization
 191:PhysPlateReverb.cpp **** static constexpr float WET_MAKEUP   = 1.0f;   // post-normalization wet makeup gain
 192:PhysPlateReverb.cpp **** static constexpr float MIX_HEADROOM = 0.85f;   // dry+wet pre-limiter headroom
 193:PhysPlateReverb.cpp **** static constexpr float INPUT_TRIM   = 0.55f;   // front-end trim for both dry and wet paths
 194:PhysPlateReverb.cpp **** static constexpr float DRY_MAX      = 0.75f;   // max dry contribution from knob
 195:PhysPlateReverb.cpp **** static constexpr float WET_SEND_MAX = 0.06f;   // conservative max excitation send
 196:PhysPlateReverb.cpp **** static constexpr float WET_MIX_MAX  = 0.85f;   // max wet return mix into output
 197:PhysPlateReverb.cpp **** static constexpr float WET_SEND_PRETRIM = 0.30f; // additional pre-reverb send trim
 198:PhysPlateReverb.cpp **** static constexpr float SEND_HPF_MIN_HZ = 10.0f;  // KNOB_5 minimum send HPF cutoff
 199:PhysPlateReverb.cpp **** static constexpr float SEND_HPF_MAX_HZ = 100.0f; // KNOB_5 maximum send HPF cutoff
 200:PhysPlateReverb.cpp **** static constexpr float WET_HPF_HZ   = 120.0f;  // remove sub buildup from wet return
 201:PhysPlateReverb.cpp **** 
 202:PhysPlateReverb.cpp **** /* --- Memory budgets ---
 203:PhysPlateReverb.cpp ****  * In MATLAB, vectors grow dynamically.  In C++ on embedded hardware we
 204:PhysPlateReverb.cpp ****  * must pre-allocate fixed-size arrays.  These constants set the limits.
 205:PhysPlateReverb.cpp ****  */
 206:PhysPlateReverb.cpp **** static constexpr int MAX_RAW_MODES = 12000;   // prior to pruning
 207:PhysPlateReverb.cpp **** static constexpr int MAX_MODES     = 400;    // final modes (CPU budget)
ARM GAS  C:\Users\isaia\AppData\Local\Temp\ccT6fYmT.s 			page 19


 208:PhysPlateReverb.cpp **** 
 209:PhysPlateReverb.cpp **** static inline float ClampAudio(float x)
 210:PhysPlateReverb.cpp **** {
 211:PhysPlateReverb.cpp ****     if(x > OUTPUT_LIMIT) return OUTPUT_LIMIT;
 212:PhysPlateReverb.cpp ****     if(x < -OUTPUT_LIMIT) return -OUTPUT_LIMIT;
 213:PhysPlateReverb.cpp ****     return x;
 214:PhysPlateReverb.cpp **** }
 215:PhysPlateReverb.cpp **** 
 216:PhysPlateReverb.cpp **** 
 217:PhysPlateReverb.cpp **** /* ========================================================================
 218:PhysPlateReverb.cpp ****  * SECTION 2 — Temporary Work Buffers (only used during Init)
 219:PhysPlateReverb.cpp ****  *
 220:PhysPlateReverb.cpp ****  * These live in external SDRAM (64 MB) via the DSY_SDRAM_BSS attribute.
 221:PhysPlateReverb.cpp ****  * In MATLAB all these would just be regular workspace variables; in C++
 222:PhysPlateReverb.cpp ****  * on the Daisy we manually choose where big arrays go.
 223:PhysPlateReverb.cpp ****  *
 224:PhysPlateReverb.cpp ****  * DSY_SDRAM_BSS tells the linker: "put this in the .sdram_bss section"
 225:PhysPlateReverb.cpp ****  * which maps to the external 64 MB SDRAM chip, not the smaller internal
 226:PhysPlateReverb.cpp ****  * SRAM (≈512 KB).  The arrays persist after Init() but that's fine —
 227:PhysPlateReverb.cpp ****  * SDRAM has plenty of room.
 228:PhysPlateReverb.cpp ****  * ========================================================================*/
 229:PhysPlateReverb.cpp **** 
 230:PhysPlateReverb.cpp **** /* MATLAB equivalents:
 231:PhysPlateReverb.cpp ****  *   omega          → raw_omega[]     (modal angular frequencies)
 232:PhysPlateReverb.cpp ****  *   beta_stable.^2 → raw_beta_sq[]   (squared wavenumbers)
 233:PhysPlateReverb.cpp ****  *   sigma          → raw_sigma[]     (per-mode damping)
 234:PhysPlateReverb.cpp ****  *   phi_i          → raw_phi_i[]     (input mode shapes)
 235:PhysPlateReverb.cpp ****  *   phi_o          → raw_phi_o_l/r[] (output mode shapes, L & R pickups)
 236:PhysPlateReverb.cpp ****  */
 237:PhysPlateReverb.cpp **** static float DSY_SDRAM_BSS raw_omega[MAX_RAW_MODES];
 238:PhysPlateReverb.cpp **** static float DSY_SDRAM_BSS raw_beta_sq[MAX_RAW_MODES];
 239:PhysPlateReverb.cpp **** static float DSY_SDRAM_BSS raw_sigma[MAX_RAW_MODES];
 240:PhysPlateReverb.cpp **** static float DSY_SDRAM_BSS raw_phi_i[MAX_RAW_MODES];
 241:PhysPlateReverb.cpp **** static float DSY_SDRAM_BSS raw_phi_o_l[MAX_RAW_MODES];
 242:PhysPlateReverb.cpp **** static float DSY_SDRAM_BSS raw_phi_o_r[MAX_RAW_MODES];
 243:PhysPlateReverb.cpp **** 
 244:PhysPlateReverb.cpp **** /* Pruning flag array — 1 = keep, 0 = pruned.
 245:PhysPlateReverb.cpp ****  * MATLAB uses omega_new ≠ 0 as the logical flag; here we use int. */
 246:PhysPlateReverb.cpp **** static int DSY_SDRAM_BSS raw_active[MAX_RAW_MODES];
 247:PhysPlateReverb.cpp **** 
 248:PhysPlateReverb.cpp **** 
 249:PhysPlateReverb.cpp **** /* ========================================================================
 250:PhysPlateReverb.cpp ****  * SECTION 3 — ModalPlateReverb Class
 251:PhysPlateReverb.cpp ****  *
 252:PhysPlateReverb.cpp ****  * This class encapsulates the entire physical model.  It owns:
 253:PhysPlateReverb.cpp ****  *   • the pruned modal parameter arrays (ω, β², φ_i, φ_o)
 254:PhysPlateReverb.cpp ****  *   • the state-update coefficient arrays (B, C, D)
 255:PhysPlateReverb.cpp ****  *   • the state vectors (p1, p2) that persist between samples
 256:PhysPlateReverb.cpp ****  *
 257:PhysPlateReverb.cpp ****  * In MATLAB these are all separate workspace variables.  Wrapping them
 258:PhysPlateReverb.cpp ****  * in a C++ class keeps everything organized and avoids name collisions.
 259:PhysPlateReverb.cpp ****  * ========================================================================*/
 260:PhysPlateReverb.cpp **** class ModalPlateReverb
 261:PhysPlateReverb.cpp **** {
 262:PhysPlateReverb.cpp **** public:
 263:PhysPlateReverb.cpp ****     /* -------------------------------------------------------------------
 264:PhysPlateReverb.cpp ****      * Init()
ARM GAS  C:\Users\isaia\AppData\Local\Temp\ccT6fYmT.s 			page 20


 265:PhysPlateReverb.cpp ****      *
 266:PhysPlateReverb.cpp ****      * One-time setup: compute modes, prune, build coefficients.
 267:PhysPlateReverb.cpp ****      * MATLAB equivalent: everything from "derived parameters" down to
 268:PhysPlateReverb.cpp ****      * the coefficient computation (B, C, D), NOT including the sample
 269:PhysPlateReverb.cpp ****      * loop.
 270:PhysPlateReverb.cpp ****      * -------------------------------------------------------------------*/
 271:PhysPlateReverb.cpp ****     void Init(float sample_rate);
 272:PhysPlateReverb.cpp **** 
 273:PhysPlateReverb.cpp ****     /* -------------------------------------------------------------------
 274:PhysPlateReverb.cpp ****      * UpdateDecay()
 275:PhysPlateReverb.cpp ****      *
 276:PhysPlateReverb.cpp ****      * Recalculate damping coefficients from new T60 values.
 277:PhysPlateReverb.cpp ****      * Called once per audio block when the decay knobs change.
 278:PhysPlateReverb.cpp ****      *
 279:PhysPlateReverb.cpp ****      * MATLAB equivalent: recomputing sig_0, sig_1, sigma, B, C, D with
 280:PhysPlateReverb.cpp ****      * new T60_low / T60_high values.
 281:PhysPlateReverb.cpp ****      * -------------------------------------------------------------------*/
 282:PhysPlateReverb.cpp ****     void UpdateDecay(float t60_low, float t60_high);
 283:PhysPlateReverb.cpp **** 
 284:PhysPlateReverb.cpp ****     /* -------------------------------------------------------------------
 285:PhysPlateReverb.cpp ****      * ProcessStereo()
 286:PhysPlateReverb.cpp ****      *
 287:PhysPlateReverb.cpp ****      * Process ONE audio sample through the modal plate.
 288:PhysPlateReverb.cpp ****      * Returns stereo output via pointers (two pickup positions).
 289:PhysPlateReverb.cpp ****      *
 290:PhysPlateReverb.cpp ****      * MATLAB equivalent: ONE iteration of the "for n = 1:Nf" loop:
 291:PhysPlateReverb.cpp ****      *   p0      = B.*p1 + C.*p2 + D*in1(n);
 292:PhysPlateReverb.cpp ****      *   out1(n) = sum(phi_o_new .* p0);
 293:PhysPlateReverb.cpp ****      *   p2 = p1;  p1 = p0;
 294:PhysPlateReverb.cpp ****      * -------------------------------------------------------------------*/
 295:PhysPlateReverb.cpp ****     void ProcessStereo(float input, float* out_l, float* out_r);
 296:PhysPlateReverb.cpp **** 
 297:PhysPlateReverb.cpp ****     void ProcessMono(float input, float* out_mono);
 298:PhysPlateReverb.cpp **** 
 299:PhysPlateReverb.cpp ****     /* How many modes survived pruning? (informational) */
 300:PhysPlateReverb.cpp ****     int GetModeCount() const { return num_modes_; }
 301:PhysPlateReverb.cpp **** 
 302:PhysPlateReverb.cpp **** private:
 303:PhysPlateReverb.cpp ****     int   num_modes_;   // actual mode count after pruning (≤ MAX_MODES)
 304:PhysPlateReverb.cpp ****     float k_;           // sample period = 1/SR                      [seconds]
 305:PhysPlateReverb.cpp ****     float k_sq_;        // k² (pre-computed, used in B coefficient)
 306:PhysPlateReverb.cpp **** 
 307:PhysPlateReverb.cpp ****     /* --- Per-mode data (FIXED after Init — geometry-dependent) ---
 308:PhysPlateReverb.cpp ****      *
 309:PhysPlateReverb.cpp ****      *  MATLAB variable  →  C++ array        meaning
 310:PhysPlateReverb.cpp ****      *  ───────────────     ──────────        ─
 311:PhysPlateReverb.cpp ****      *  omega_new         → omega_[]         modal angular frequencies [rad/s]
 312:PhysPlateReverb.cpp ****      *  beta_stable.^2    → beta_sq_[]       wavenumber² (for recomputing σ)
 313:PhysPlateReverb.cpp ****      *  phi_i_new         → phi_i_[]         mode shape at input position
 314:PhysPlateReverb.cpp ****      *  phi_o_new         → phi_o_l_[]       mode shape at LEFT  pickup
 315:PhysPlateReverb.cpp ****      *                      phi_o_r_[]       mode shape at RIGHT pickup
 316:PhysPlateReverb.cpp ****      */
 317:PhysPlateReverb.cpp ****     float omega_[MAX_MODES];
 318:PhysPlateReverb.cpp ****     float beta_sq_[MAX_MODES];
 319:PhysPlateReverb.cpp ****     float phi_i_[MAX_MODES];
 320:PhysPlateReverb.cpp ****     float phi_o_l_[MAX_MODES];
 321:PhysPlateReverb.cpp ****     float phi_o_r_[MAX_MODES];
ARM GAS  C:\Users\isaia\AppData\Local\Temp\ccT6fYmT.s 			page 21


 322:PhysPlateReverb.cpp ****     float phi_o_m_[MAX_MODES];
 323:PhysPlateReverb.cpp **** 
 324:PhysPlateReverb.cpp ****     /* --- Per-mode coefficients (RECOMPUTED when T60 knobs change) ---
 325:PhysPlateReverb.cpp ****      *
 326:PhysPlateReverb.cpp ****      *  MATLAB:                              C++ array:
 327:PhysPlateReverb.cpp ****      *  B = (2 - k²ω²) / (1+σk)          → B_[]
 328:PhysPlateReverb.cpp ****      *  C = (σk - 1)    / (1+σk)          → C_[]
 329:PhysPlateReverb.cpp ****      *  D = φ_i         / (1+σk)          → D_[]
 330:PhysPlateReverb.cpp ****      *
 331:PhysPlateReverb.cpp ****      *  These are the "weights" in the per-sample state-update equation.
 332:PhysPlateReverb.cpp ****      *  Recomputing them per audio block (~1 ms) lets us change the
 333:PhysPlateReverb.cpp ****      *  reverb time in real time without a full re-init.
 334:PhysPlateReverb.cpp ****      */
 335:PhysPlateReverb.cpp ****     float B_[MAX_MODES];
 336:PhysPlateReverb.cpp ****     float C_[MAX_MODES];
 337:PhysPlateReverb.cpp ****     float D_[MAX_MODES];
 338:PhysPlateReverb.cpp **** 
 339:PhysPlateReverb.cpp ****     /* --- Per-mode STATE vectors (persist between audio callbacks) ---
 340:PhysPlateReverb.cpp ****      *
 341:PhysPlateReverb.cpp ****      *  MATLAB: p1 = zeros(sp_len,1);  p2 = zeros(sp_len,1);
 342:PhysPlateReverb.cpp ****      *
 343:PhysPlateReverb.cpp ****      *  p1 = current  state (P^n)       — the "position" of each mode
 344:PhysPlateReverb.cpp ****      *  p2 = previous state (P^{n-1})   — needed for the 2nd-order update
 345:PhysPlateReverb.cpp ****      *
 346:PhysPlateReverb.cpp ****      *  In MATLAB these are Nx1 column vectors.  In C++ they are plain
 347:PhysPlateReverb.cpp ****      *  float arrays of length MAX_MODES.  Only the first num_modes_
 348:PhysPlateReverb.cpp ****      *  entries are used.
 349:PhysPlateReverb.cpp ****      */
 350:PhysPlateReverb.cpp ****     float p1_[MAX_MODES];
 351:PhysPlateReverb.cpp ****     float p2_[MAX_MODES];
 352:PhysPlateReverb.cpp **** 
 353:PhysPlateReverb.cpp ****     /* Cached beta² range for real-time sigma recomputation */
 354:PhysPlateReverb.cpp ****     float beta_sq_min_;
 355:PhysPlateReverb.cpp ****     float beta_sq_max_;
 356:PhysPlateReverb.cpp **** 
 357:PhysPlateReverb.cpp ****     /* Per-channel pickup normalization to reduce excessive modal sum gain */
 358:PhysPlateReverb.cpp ****     float out_norm_l_;
 359:PhysPlateReverb.cpp ****     float out_norm_r_;
 360:PhysPlateReverb.cpp ****     float out_norm_m_;
 361:PhysPlateReverb.cpp **** };
 362:PhysPlateReverb.cpp **** 
 363:PhysPlateReverb.cpp **** 
 364:PhysPlateReverb.cpp **** /* ========================================================================
 365:PhysPlateReverb.cpp ****  * SECTION 4 — Init() Implementation
 366:PhysPlateReverb.cpp ****  *
 367:PhysPlateReverb.cpp ****  * This function does ALL the pre-processing that the MATLAB script does
 368:PhysPlateReverb.cpp ****  * before its sample loop, in the same order:
 369:PhysPlateReverb.cpp ****  *   1. Derive physical constants (κ, c, ω_max, β_max)
 370:PhysPlateReverb.cpp ****  *   2. Determine max mode indices Mx, My
 371:PhysPlateReverb.cpp ****  *   3. Loop over all (mx, my) pairs → stability check → store raw modes
 372:PhysPlateReverb.cpp ****  *   4. Compute initial σ (damping) for the pruning step
 373:PhysPlateReverb.cpp ****  *   5. Prune modes (frequency/damping proximity + mode shape threshold)
 374:PhysPlateReverb.cpp ****  *   6. Compact surviving modes into final arrays ("nonzeros" in MATLAB)
 375:PhysPlateReverb.cpp ****  *   7. Zero the state vectors
 376:PhysPlateReverb.cpp ****  *   8. Compute initial B, C, D coefficients
 377:PhysPlateReverb.cpp ****  * ========================================================================*/
 378:PhysPlateReverb.cpp **** void ModalPlateReverb::Init(float sample_rate)
ARM GAS  C:\Users\isaia\AppData\Local\Temp\ccT6fYmT.s 			page 22


 379:PhysPlateReverb.cpp **** {
 380:PhysPlateReverb.cpp ****     num_modes_ = 0;
 381:PhysPlateReverb.cpp ****     out_norm_l_ = 1.0f;
 382:PhysPlateReverb.cpp ****     out_norm_r_ = 1.0f;
 383:PhysPlateReverb.cpp ****     out_norm_m_ = 1.0f;
 384:PhysPlateReverb.cpp **** 
 385:PhysPlateReverb.cpp ****     /* ===== Step 1: Derived constants =====================================
 386:PhysPlateReverb.cpp ****      *
 387:PhysPlateReverb.cpp ****      * MATLAB:
 388:PhysPlateReverb.cpp ****      *   k = 1/SR;
 389:PhysPlateReverb.cpp ****      *   K = sqrt( E*(H^2) / ( 12*rho*(1-v^2) ) );
 390:PhysPlateReverb.cpp ****      *   c = sqrt( T/(rho*H) );
 391:PhysPlateReverb.cpp ****      *   omega_max = 2/k;
 392:PhysPlateReverb.cpp ****      *   beta_max  = sqrt((-c^2 + sqrt(c^4 + 4*omega_max^2*K^2)) / (2*K^2));
 393:PhysPlateReverb.cpp ****      *
 394:PhysPlateReverb.cpp ****      * In C++ these are local variables computed once at startup.
 395:PhysPlateReverb.cpp ****      * Note: we use sqrtf() instead of sqrt() for single-precision.
 396:PhysPlateReverb.cpp ****      * ====================================================================*/
 397:PhysPlateReverb.cpp **** 
 398:PhysPlateReverb.cpp ****     // k = 1/SR  →  sample period in seconds
 399:PhysPlateReverb.cpp ****     k_    = 1.0f / sample_rate;
 400:PhysPlateReverb.cpp ****     k_sq_ = k_ * k_;
 401:PhysPlateReverb.cpp **** 
 402:PhysPlateReverb.cpp ****     // kappa (κ) — stiffness parameter
 403:PhysPlateReverb.cpp ****     // MATLAB: K = sqrt( E*(H^2) / (12*rho*(1-v^2)) )
 404:PhysPlateReverb.cpp ****     const float kappa = sqrtf(E_MOD * (H * H)
 405:PhysPlateReverb.cpp ****                               / (12.0f * RHO * (1.0f - NU * NU)));
 406:PhysPlateReverb.cpp **** 
 407:PhysPlateReverb.cpp ****     // c — wave speed on the plate
 408:PhysPlateReverb.cpp ****     // MATLAB: c = sqrt( T/(rho*H) )
 409:PhysPlateReverb.cpp ****     const float c = sqrtf(TENSION / (RHO * H));
 410:PhysPlateReverb.cpp **** 
 411:PhysPlateReverb.cpp ****     // omega_max — maximum modal frequency that can be represented
 412:PhysPlateReverb.cpp ****     // at this sample rate (Nyquist-related stability limit)
 413:PhysPlateReverb.cpp ****     // MATLAB: omega_max = 2/k
 414:PhysPlateReverb.cpp ****     const float omega_max = 2.0f / k_;
 415:PhysPlateReverb.cpp **** 
 416:PhysPlateReverb.cpp ****     // beta_max — maximum wavenumber for stable modes
 417:PhysPlateReverb.cpp ****     // MATLAB: beta_max = sqrt((-c^2 + sqrt(c^4 + 4*omega_max^2*K^2)) / (2*K^2))
 418:PhysPlateReverb.cpp ****     const float c2 = c * c;     // c squared
 419:PhysPlateReverb.cpp ****     const float K2 = kappa * kappa;  // κ squared
 420:PhysPlateReverb.cpp ****     const float beta_max = sqrtf(
 421:PhysPlateReverb.cpp ****         (-c2 + sqrtf(c2 * c2 + 4.0f * omega_max * omega_max * K2))
 422:PhysPlateReverb.cpp ****         / (2.0f * K2)
 423:PhysPlateReverb.cpp ****     );
 424:PhysPlateReverb.cpp **** 
 425:PhysPlateReverb.cpp **** 
 426:PhysPlateReverb.cpp ****     /* ===== Step 2: Maximum mode indices ==================================
 427:PhysPlateReverb.cpp ****      *
 428:PhysPlateReverb.cpp ****      * MATLAB:
 429:PhysPlateReverb.cpp ****      *   Mx = floor(sqrt( ((Lx*Ly*beta_max)^2 - (pi*Lx)^2) / (pi*Ly)^2 ));
 430:PhysPlateReverb.cpp ****      *   My = floor(sqrt( ((Lx*Ly*beta_max)^2 - (pi*Ly)^2) / (pi*Lx)^2 ));
 431:PhysPlateReverb.cpp ****      *
 432:PhysPlateReverb.cpp ****      * These determine how many modes to check in x and y.  Casting to
 433:PhysPlateReverb.cpp ****      * int is the C++ equivalent of floor() for positive values.
 434:PhysPlateReverb.cpp ****      * ====================================================================*/
 435:PhysPlateReverb.cpp ****     const float LxLy_beta_sq = (LX * LY * beta_max) * (LX * LY * beta_max);
ARM GAS  C:\Users\isaia\AppData\Local\Temp\ccT6fYmT.s 			page 23


 436:PhysPlateReverb.cpp ****     const float piLx_sq      = (PI_F * LX) * (PI_F * LX);
 437:PhysPlateReverb.cpp ****     const float piLy_sq      = (PI_F * LY) * (PI_F * LY);
 438:PhysPlateReverb.cpp **** 
 439:PhysPlateReverb.cpp ****     // (int) truncates toward zero = floor for positive numbers
 440:PhysPlateReverb.cpp ****     int Mx = (int)sqrtf((LxLy_beta_sq - piLx_sq) / piLy_sq);
 441:PhysPlateReverb.cpp ****     int My = (int)sqrtf((LxLy_beta_sq - piLy_sq) / piLx_sq);
 442:PhysPlateReverb.cpp **** 
 443:PhysPlateReverb.cpp **** 
 444:PhysPlateReverb.cpp ****     /* ===== Step 3: Generate all modes ====================================
 445:PhysPlateReverb.cpp ****      *
 446:PhysPlateReverb.cpp ****      * MATLAB:
 447:PhysPlateReverb.cpp ****      *   [MX,MY] = meshgrid(1:Mx, 1:My);
 448:PhysPlateReverb.cpp ****      *   mx = reshape(MX, [Mx*My, 1]);
 449:PhysPlateReverb.cpp ****      *   my = reshape(MY, [Mx*My, 1]);
 450:PhysPlateReverb.cpp ****      *   beta = sqrt( (mx*pi/Lx).^2 + (my*pi/Ly).^2 );
 451:PhysPlateReverb.cpp ****      *   stab_index = beta < beta_max;
 452:PhysPlateReverb.cpp ****      *   beta_stable = nonzeros(beta .* stab_index);
 453:PhysPlateReverb.cpp ****      *   omega = sqrt( c^2*beta_stable.^2 + K^2*beta_stable.^4 );
 454:PhysPlateReverb.cpp ****      *   phi_i = (2/sqrt(Lx*Ly)) * sin(mx*xi*pi/Lx) .* sin(my*yi*pi/Ly);
 455:PhysPlateReverb.cpp ****      *   phi_o = (2/sqrt(Lx*Ly)) * sin(mx*xo*pi/Lx) .* sin(my*yo*pi/Ly);
 456:PhysPlateReverb.cpp ****      *
 457:PhysPlateReverb.cpp ****      * C++ TRANSLATION:
 458:PhysPlateReverb.cpp ****      * ────────────────
 459:PhysPlateReverb.cpp ****      * meshgrid + reshape is replaced by a NESTED FOR LOOP.  Each (mx, my)
 460:PhysPlateReverb.cpp ****      * pair produces one mode.  We immediately check stability (beta < beta_max)
 461:PhysPlateReverb.cpp ****      * and skip unstable modes — this replaces the stab_index / nonzeros
 462:PhysPlateReverb.cpp ****      * pattern in MATLAB.
 463:PhysPlateReverb.cpp ****      *
 464:PhysPlateReverb.cpp ****      * The mode shape normalization factor 2/sqrt(Lx*Ly) is a scalar that
 465:PhysPlateReverb.cpp ****      * MATLAB broadcasts across the whole vector; in C++ we just multiply
 466:PhysPlateReverb.cpp ****      * it in for each element.
 467:PhysPlateReverb.cpp ****      *
 468:PhysPlateReverb.cpp ****      * We store surviving modes into the raw_* temporary arrays.
 469:PhysPlateReverb.cpp ****      * ====================================================================*/
 470:PhysPlateReverb.cpp **** 
 471:PhysPlateReverb.cpp ****     // MATLAB: 2/sqrt(Lx*Ly)  — mode shape normalization
 472:PhysPlateReverb.cpp ****     const float phi_norm = 2.0f / sqrtf(LX * LY);
 473:PhysPlateReverb.cpp **** 
 474:PhysPlateReverb.cpp ****     int raw_count = 0;  // number of modes that pass the stability check
 475:PhysPlateReverb.cpp **** 
 476:PhysPlateReverb.cpp ****     // ----- NESTED LOOP = meshgrid(1:Mx, 1:My) + reshape -----
 477:PhysPlateReverb.cpp ****     // mx is the outer loop (changes slowly)
 478:PhysPlateReverb.cpp ****     // my is the inner loop (changes quickly)
 479:PhysPlateReverb.cpp ****     // → same ordering as MATLAB's column-major reshape
 480:PhysPlateReverb.cpp ****     for (int mx = 1; mx <= Mx; mx++)
 481:PhysPlateReverb.cpp ****     {
 482:PhysPlateReverb.cpp ****         for (int my = 1; my <= My; my++)
 483:PhysPlateReverb.cpp ****         {
 484:PhysPlateReverb.cpp ****             // ----- Wavenumber (beta) -----
 485:PhysPlateReverb.cpp ****             // MATLAB: beta = sqrt( (mx*pi/Lx)^2 + (my*pi/Ly)^2 )
 486:PhysPlateReverb.cpp ****             //
 487:PhysPlateReverb.cpp ****             // In MATLAB this is one vectorized line operating on all modes.
 488:PhysPlateReverb.cpp ****             // In C++ we compute it for one (mx, my) pair per iteration.
 489:PhysPlateReverb.cpp ****             float bx   = (float)mx * PI_F / LX;   // x-direction component
 490:PhysPlateReverb.cpp ****             float by   = (float)my * PI_F / LY;   // y-direction component
 491:PhysPlateReverb.cpp ****             float beta = sqrtf(bx * bx + by * by); // total wavenumber
 492:PhysPlateReverb.cpp **** 
ARM GAS  C:\Users\isaia\AppData\Local\Temp\ccT6fYmT.s 			page 24


 493:PhysPlateReverb.cpp ****             // ----- Stability check -----
 494:PhysPlateReverb.cpp ****             // MATLAB: stab_index = beta < beta_max;
 495:PhysPlateReverb.cpp ****             // Only keep modes whose wavenumber is below the Nyquist limit.
 496:PhysPlateReverb.cpp ****             // In MATLAB this creates a logical vector; here we just skip.
 497:PhysPlateReverb.cpp ****             if (beta >= beta_max)
 498:PhysPlateReverb.cpp ****                 continue;   // unstable → skip this (mx,my) pair
 499:PhysPlateReverb.cpp **** 
 500:PhysPlateReverb.cpp ****             // Guard: don't overflow our pre-allocated buffer
 501:PhysPlateReverb.cpp ****             if (raw_count >= MAX_RAW_MODES)
 502:PhysPlateReverb.cpp ****                 break;
 503:PhysPlateReverb.cpp **** 
 504:PhysPlateReverb.cpp ****             float beta_sq = beta * beta;   // β² — reused several times
 505:PhysPlateReverb.cpp **** 
 506:PhysPlateReverb.cpp ****             // ----- Modal angular frequency -----
 507:PhysPlateReverb.cpp ****             // MATLAB: omega = sqrt( c^2 * beta.^2 + K^2 * beta.^4 )
 508:PhysPlateReverb.cpp ****             //
 509:PhysPlateReverb.cpp ****             // beta.^2 is element-wise squaring of the beta vector.
 510:PhysPlateReverb.cpp ****             // In C++ we already have beta_sq for this one mode.
 511:PhysPlateReverb.cpp ****             float omega = sqrtf(c2 * beta_sq + K2 * beta_sq * beta_sq);
 512:PhysPlateReverb.cpp **** 
 513:PhysPlateReverb.cpp ****             // ----- Mode shapes at input position -----
 514:PhysPlateReverb.cpp ****             // MATLAB: phi_i = (2/sqrt(Lx*Ly)) * sin(mx*xi*pi/Lx) .* sin(my*yi*pi/Ly)
 515:PhysPlateReverb.cpp ****             //
 516:PhysPlateReverb.cpp ****             // .* is element-wise multiply of two sin() vectors.
 517:PhysPlateReverb.cpp ****             // In C++ we compute the scalar product of two single sin values.
 518:PhysPlateReverb.cpp ****             float phi_i = phi_norm
 519:PhysPlateReverb.cpp ****                           * sinf((float)mx * XI * PI_F / LX)
 520:PhysPlateReverb.cpp ****                           * sinf((float)my * YI * PI_F / LY);
 521:PhysPlateReverb.cpp **** 
 522:PhysPlateReverb.cpp ****             // ----- Mode shapes at LEFT output position -----
 523:PhysPlateReverb.cpp ****             float phi_o_l = phi_norm
 524:PhysPlateReverb.cpp ****                             * sinf((float)mx * XO_L * PI_F / LX)
 525:PhysPlateReverb.cpp ****                             * sinf((float)my * YO_L * PI_F / LY);
 526:PhysPlateReverb.cpp **** 
 527:PhysPlateReverb.cpp ****             // ----- Mode shapes at RIGHT output position -----
 528:PhysPlateReverb.cpp ****             float phi_o_r = phi_norm
 529:PhysPlateReverb.cpp ****                             * sinf((float)mx * XO_R * PI_F / LX)
 530:PhysPlateReverb.cpp ****                             * sinf((float)my * YO_R * PI_F / LY);
 531:PhysPlateReverb.cpp **** 
 532:PhysPlateReverb.cpp ****             // Store this mode into the temporary arrays
 533:PhysPlateReverb.cpp ****             // (like building up the MATLAB vectors one element at a time)
 534:PhysPlateReverb.cpp ****             raw_omega[raw_count]   = omega;
 535:PhysPlateReverb.cpp ****             raw_beta_sq[raw_count] = beta_sq;
 536:PhysPlateReverb.cpp ****             raw_phi_i[raw_count]   = phi_i;
 537:PhysPlateReverb.cpp ****             raw_phi_o_l[raw_count] = phi_o_l;
 538:PhysPlateReverb.cpp ****             raw_phi_o_r[raw_count] = phi_o_r;
 539:PhysPlateReverb.cpp ****             raw_count++;
 540:PhysPlateReverb.cpp ****         }
 541:PhysPlateReverb.cpp ****         // Also guard the outer loop
 542:PhysPlateReverb.cpp ****         if (raw_count >= MAX_RAW_MODES)
 543:PhysPlateReverb.cpp ****             break;
 544:PhysPlateReverb.cpp ****     }
 545:PhysPlateReverb.cpp **** 
 546:PhysPlateReverb.cpp **** 
 547:PhysPlateReverb.cpp ****     /* ===== Step 4: Compute σ (damping) for the pruning step ==============
 548:PhysPlateReverb.cpp ****      *
 549:PhysPlateReverb.cpp ****      * MATLAB:
ARM GAS  C:\Users\isaia\AppData\Local\Temp\ccT6fYmT.s 			page 25


 550:PhysPlateReverb.cpp ****      *   sig_0 = ((6*log(10)) / (max(β²) - min(β²)))
 551:PhysPlateReverb.cpp ****      *           * ((max(β²)/T60_low) - (min(β²)/T60_high));
 552:PhysPlateReverb.cpp ****      *   sig_1 = ((6*log(10)) / (max(β²) - min(β²)))
 553:PhysPlateReverb.cpp ****      *           * (1/T60_high - 1/T60_low);
 554:PhysPlateReverb.cpp ****      *   sigma = sig_0 + sig_1 * beta_stable.^2;
 555:PhysPlateReverb.cpp ****      *
 556:PhysPlateReverb.cpp ****      * MATLAB: max() and min() scan the entire vector in one call.
 557:PhysPlateReverb.cpp ****      * C++ TRANSLATION: a for-loop that tracks the running min/max.
 558:PhysPlateReverb.cpp ****      *
 559:PhysPlateReverb.cpp ****      * We need sigma for the pruning comparisons.  After pruning, we'll
 560:PhysPlateReverb.cpp ****      * recompute sigma from the knob-controlled T60 values.
 561:PhysPlateReverb.cpp ****      * ====================================================================*/
 562:PhysPlateReverb.cpp **** 
 563:PhysPlateReverb.cpp ****     if(raw_count <= 0)
 564:PhysPlateReverb.cpp ****     {
 565:PhysPlateReverb.cpp ****         memset(p1_, 0, sizeof(p1_));
 566:PhysPlateReverb.cpp ****         memset(p2_, 0, sizeof(p2_));
 567:PhysPlateReverb.cpp ****         return;
 568:PhysPlateReverb.cpp ****     }
 569:PhysPlateReverb.cpp **** 
 570:PhysPlateReverb.cpp ****     // Find min and max of β²
 571:PhysPlateReverb.cpp ****     // MATLAB: max(beta_stable)^2 and min(beta_stable)^2
 572:PhysPlateReverb.cpp ****     float bsq_min = raw_beta_sq[0];
 573:PhysPlateReverb.cpp ****     float bsq_max = raw_beta_sq[0];
 574:PhysPlateReverb.cpp ****     for (int i = 1; i < raw_count; i++)
 575:PhysPlateReverb.cpp ****     {
 576:PhysPlateReverb.cpp ****         if (raw_beta_sq[i] < bsq_min) bsq_min = raw_beta_sq[i];
 577:PhysPlateReverb.cpp ****         if (raw_beta_sq[i] > bsq_max) bsq_max = raw_beta_sq[i];
 578:PhysPlateReverb.cpp ****     }
 579:PhysPlateReverb.cpp **** 
 580:PhysPlateReverb.cpp ****     // T60 values for the pruning pass (default — overridden later by knobs)
 581:PhysPlateReverb.cpp ****     const float t60_low_init  = 2.0f;    // T60 at lowest mode  [s]
 582:PhysPlateReverb.cpp ****     const float t60_high_init = 0.5f;    // T60 at highest mode [s]
 583:PhysPlateReverb.cpp **** 
 584:PhysPlateReverb.cpp ****     // 6 * ln(10) ≈ 13.8155 — appears in both sig_0 and sig_1
 585:PhysPlateReverb.cpp ****     const float six_ln10  = 6.0f * logf(10.0f);
 586:PhysPlateReverb.cpp **** 
 587:PhysPlateReverb.cpp ****     // Protect against degenerate case where all modes have same beta
 588:PhysPlateReverb.cpp ****     float bsq_range = bsq_max - bsq_min;
 589:PhysPlateReverb.cpp ****     if (bsq_range < 1e-10f) bsq_range = 1e-10f;
 590:PhysPlateReverb.cpp **** 
 591:PhysPlateReverb.cpp ****     // MATLAB: sig_0 = ((6*log(10))/(max(β²)-min(β²))) * ((max(β²)/T60_low) - (min(β²)/T60_
 592:PhysPlateReverb.cpp ****     float sig_0 = (six_ln10 / bsq_range)
 593:PhysPlateReverb.cpp ****                   * ((bsq_max / t60_low_init) - (bsq_min / t60_high_init));
 594:PhysPlateReverb.cpp **** 
 595:PhysPlateReverb.cpp ****     // MATLAB: sig_1 = ((6*log(10))/(max(β²)-min(β²))) * (1/T60_high - 1/T60_low)
 596:PhysPlateReverb.cpp ****     float sig_1 = (six_ln10 / bsq_range)
 597:PhysPlateReverb.cpp ****                   * (1.0f / t60_high_init - 1.0f / t60_low_init);
 598:PhysPlateReverb.cpp **** 
 599:PhysPlateReverb.cpp ****     // MATLAB: sigma = sig_0 + sig_1 * beta_stable.^2;
 600:PhysPlateReverb.cpp ****     //
 601:PhysPlateReverb.cpp ****     // This is a VECTOR operation in MATLAB — sig_0 is a scalar added to
 602:PhysPlateReverb.cpp ****     // every element, and sig_1 * beta.^2 is scalar-times-vector.
 603:PhysPlateReverb.cpp ****     // In C++ we loop and compute each element:
 604:PhysPlateReverb.cpp ****     for (int i = 0; i < raw_count; i++)
 605:PhysPlateReverb.cpp ****     {
 606:PhysPlateReverb.cpp ****         raw_sigma[i] = sig_0 + sig_1 * raw_beta_sq[i];
ARM GAS  C:\Users\isaia\AppData\Local\Temp\ccT6fYmT.s 			page 26


 607:PhysPlateReverb.cpp ****     }
 608:PhysPlateReverb.cpp **** 
 609:PhysPlateReverb.cpp **** 
 610:PhysPlateReverb.cpp ****     /* ===== Step 5: Mode Pruning ==========================================
 611:PhysPlateReverb.cpp ****      *
 612:PhysPlateReverb.cpp ****      * MATLAB:
 613:PhysPlateReverb.cpp ****      *   cent_thresh = cent_range * (2^(1/1200)-1);
 614:PhysPlateReverb.cpp ****      *   omega_new = omega;
 615:PhysPlateReverb.cpp ****      *   for m = 1:length(omega_new)
 616:PhysPlateReverb.cpp ****      *       if omega_new(m) == 0       ← skip already-pruned
 617:PhysPlateReverb.cpp ****      *       else
 618:PhysPlateReverb.cpp ****      *           if phi below threshold → omega_new(m) = 0
 619:PhysPlateReverb.cpp ****      *           else
 620:PhysPlateReverb.cpp ****      *               [row] = find(... modes within freq & damp window ...);
 621:PhysPlateReverb.cpp ****      *               omega_new(row) = 0;   ← prune neighbors
 622:PhysPlateReverb.cpp ****      *           end
 623:PhysPlateReverb.cpp ****      *       end
 624:PhysPlateReverb.cpp ****      *   end
 625:PhysPlateReverb.cpp ****      *   prunevec = omega_new ~= 0;
 626:PhysPlateReverb.cpp ****      *
 627:PhysPlateReverb.cpp ****      * C++ TRANSLATION:
 628:PhysPlateReverb.cpp ****      * ────────────────
 629:PhysPlateReverb.cpp ****      * MATLAB's find() returns a vector of indices matching a compound
 630:PhysPlateReverb.cpp ****      * boolean condition.  In C++ we replace it with a for-loop that
 631:PhysPlateReverb.cpp ****      * checks each condition with an if-statement.
 632:PhysPlateReverb.cpp ****      *
 633:PhysPlateReverb.cpp ****      * Instead of setting omega_new to 0, we maintain a separate integer
 634:PhysPlateReverb.cpp ****      * array raw_active[] where 1 = keep, 0 = pruned.  This is cleaner
 635:PhysPlateReverb.cpp ****      * than the MATLAB trick of zeroing out values then calling nonzeros().
 636:PhysPlateReverb.cpp ****      *
 637:PhysPlateReverb.cpp ****      * The pruning is "greedy": modes processed first get priority.
 638:PhysPlateReverb.cpp ****      * If mode m is still active, it prunes any NEIGHBOR modes that are
 639:PhysPlateReverb.cpp ****      * within both the frequency window AND the damping window.
 640:PhysPlateReverb.cpp ****      * ====================================================================*/
 641:PhysPlateReverb.cpp **** 
 642:PhysPlateReverb.cpp ****     // MATLAB: cent_thresh = cent_range * (2^(1/1200)-1)
 643:PhysPlateReverb.cpp ****     // This converts cents to a fractional frequency ratio.
 644:PhysPlateReverb.cpp ****     const float cent_thresh = CENT_RANGE * (powf(2.0f, 1.0f / 1200.0f) - 1.0f);
 645:PhysPlateReverb.cpp **** 
 646:PhysPlateReverb.cpp ****     // Initialize all modes as active (1 = keep)
 647:PhysPlateReverb.cpp ****     // MATLAB: omega_new = omega;  (copy — all nonzero = "active")
 648:PhysPlateReverb.cpp ****     for (int i = 0; i < raw_count; i++)
 649:PhysPlateReverb.cpp ****         raw_active[i] = 1;
 650:PhysPlateReverb.cpp **** 
 651:PhysPlateReverb.cpp ****     // ----- Main pruning loop -----
 652:PhysPlateReverb.cpp ****     // MATLAB: for m = 1:length(omega_new) ...
 653:PhysPlateReverb.cpp ****     //
 654:PhysPlateReverb.cpp ****     // NOTE: MATLAB is 1-indexed (starts at 1), C++ is 0-indexed (starts at 0).
 655:PhysPlateReverb.cpp ****     // The logic is identical; only the index origin differs.
 656:PhysPlateReverb.cpp ****     for (int m = 0; m < raw_count; m++)
 657:PhysPlateReverb.cpp ****     {
 658:PhysPlateReverb.cpp ****         // MATLAB: if omega_new(m) == 0 → skip
 659:PhysPlateReverb.cpp ****         // C++: check our active flag instead
 660:PhysPlateReverb.cpp ****         if (!raw_active[m])
 661:PhysPlateReverb.cpp ****             continue;   // already pruned by an earlier iteration — skip
 662:PhysPlateReverb.cpp **** 
 663:PhysPlateReverb.cpp ****         // ----- Check mode shape amplitudes -----
ARM GAS  C:\Users\isaia\AppData\Local\Temp\ccT6fYmT.s 			page 27


 664:PhysPlateReverb.cpp ****         // MATLAB: if abs(phi_o(m)) < phi_thresh || abs(phi_i(m)) < phi_thresh
 665:PhysPlateReverb.cpp ****         //             omega_new(m) = 0;
 666:PhysPlateReverb.cpp ****         //
 667:PhysPlateReverb.cpp ****         // If the mode has near-zero amplitude at either the input position
 668:PhysPlateReverb.cpp ****         // OR at BOTH output positions, it's inaudible → prune it.
 669:PhysPlateReverb.cpp ****         //
 670:PhysPlateReverb.cpp ****         // (For stereo: we keep the mode if it's audible on at least one
 671:PhysPlateReverb.cpp ****         //  output channel, which is why we use && for the two outputs.)
 672:PhysPlateReverb.cpp ****         if (fabsf(raw_phi_i[m]) < PHI_THRESH ||
 673:PhysPlateReverb.cpp ****             (fabsf(raw_phi_o_l[m]) < PHI_THRESH &&
 674:PhysPlateReverb.cpp ****              fabsf(raw_phi_o_r[m]) < PHI_THRESH))
 675:PhysPlateReverb.cpp ****         {
 676:PhysPlateReverb.cpp ****             raw_active[m] = 0;   // ← MATLAB: omega_new(m) = 0
 677:PhysPlateReverb.cpp ****             continue;
 678:PhysPlateReverb.cpp ****         }
 679:PhysPlateReverb.cpp **** 
 680:PhysPlateReverb.cpp ****         // ----- Find and prune close neighbors -----
 681:PhysPlateReverb.cpp ****         // MATLAB:
 682:PhysPlateReverb.cpp ****         //   [row] = find( omega > omega(m) - (cent_thresh/2)*omega(m)
 683:PhysPlateReverb.cpp ****         //               & omega < omega(m) + (cent_thresh/2)*omega(m)
 684:PhysPlateReverb.cpp ****         //               & omega ~= omega(m)
 685:PhysPlateReverb.cpp ****         //               & sigma > sigma(m) - (damp_thresh/2)*sigma(m)
 686:PhysPlateReverb.cpp ****         //               & sigma < sigma(m) + (damp_thresh/2)*sigma(m)
 687:PhysPlateReverb.cpp ****         //               & sigma ~= sigma(m) );
 688:PhysPlateReverb.cpp ****         //   omega_new(row) = 0;
 689:PhysPlateReverb.cpp ****         //
 690:PhysPlateReverb.cpp ****         // C++ TRANSLATION:
 691:PhysPlateReverb.cpp ****         // find() with multiple conditions → an inner for-loop with an
 692:PhysPlateReverb.cpp ****         // if-statement that checks ALL conditions simultaneously (&&).
 693:PhysPlateReverb.cpp ****         //
 694:PhysPlateReverb.cpp ****         // Compute the window bounds ONCE outside the inner loop:
 695:PhysPlateReverb.cpp ****         float half_freq_win = (cent_thresh * 0.5f) * raw_omega[m];
 696:PhysPlateReverb.cpp ****         float omega_lo = raw_omega[m] - half_freq_win;   // lower freq bound
 697:PhysPlateReverb.cpp ****         float omega_hi = raw_omega[m] + half_freq_win;   // upper freq bound
 698:PhysPlateReverb.cpp **** 
 699:PhysPlateReverb.cpp ****         float half_damp_win = (DAMP_THRESH * 0.5f) * raw_sigma[m];
 700:PhysPlateReverb.cpp ****         float sigma_lo = raw_sigma[m] - half_damp_win;   // lower damp bound
 701:PhysPlateReverb.cpp ****         float sigma_hi = raw_sigma[m] + half_damp_win;   // upper damp bound
 702:PhysPlateReverb.cpp **** 
 703:PhysPlateReverb.cpp ****         for (int j = 0; j < raw_count; j++)
 704:PhysPlateReverb.cpp ****         {
 705:PhysPlateReverb.cpp ****             if (j == m)         continue;   // skip self (MATLAB: omega~=omega(m))
 706:PhysPlateReverb.cpp ****             if (!raw_active[j]) continue;   // already pruned — no work to do
 707:PhysPlateReverb.cpp **** 
 708:PhysPlateReverb.cpp ****             // Check if mode j falls within BOTH the frequency AND damping
 709:PhysPlateReverb.cpp ****             // windows of mode m.  All conditions must be true (&&).
 710:PhysPlateReverb.cpp ****             if (raw_omega[j] > omega_lo && raw_omega[j] < omega_hi &&
 711:PhysPlateReverb.cpp ****                 raw_sigma[j] > sigma_lo && raw_sigma[j] < sigma_hi)
 712:PhysPlateReverb.cpp ****             {
 713:PhysPlateReverb.cpp ****                 // Mode j is too close to mode m → mark it as pruned
 714:PhysPlateReverb.cpp ****                 raw_active[j] = 0;   // ← MATLAB: omega_new(row) = 0
 715:PhysPlateReverb.cpp ****             }
 716:PhysPlateReverb.cpp ****         }
 717:PhysPlateReverb.cpp ****     }
 718:PhysPlateReverb.cpp **** 
 719:PhysPlateReverb.cpp **** 
 720:PhysPlateReverb.cpp ****     /* ===== Step 6: Compact surviving modes ===============================
ARM GAS  C:\Users\isaia\AppData\Local\Temp\ccT6fYmT.s 			page 28


 721:PhysPlateReverb.cpp ****      *
 722:PhysPlateReverb.cpp ****      * MATLAB:
 723:PhysPlateReverb.cpp ****      *   prunevec    = omega_new ~= 0;
 724:PhysPlateReverb.cpp ****      *   omega_new   = nonzeros(omega_new);
 725:PhysPlateReverb.cpp ****      *   sigma_new   = nonzeros(sigma .* prunevec);
 726:PhysPlateReverb.cpp ****      *   phi_i_new   = nonzeros(phi_i .* prunevec);
 727:PhysPlateReverb.cpp ****      *   phi_o_new   = nonzeros(phi_o .* prunevec);
 728:PhysPlateReverb.cpp ****      *
 729:PhysPlateReverb.cpp ****      * C++ TRANSLATION:
 730:PhysPlateReverb.cpp ****      * ────────────────
 731:PhysPlateReverb.cpp ****      * MATLAB's nonzeros() returns a shorter vector with all the zero
 732:PhysPlateReverb.cpp ****      * entries removed.  In C++ we loop through the raw arrays and copy
 733:PhysPlateReverb.cpp ****      * only the "active" entries into the class's final arrays, packing
 734:PhysPlateReverb.cpp ****      * them contiguously.  A counter (num_modes_) tracks the new length.
 735:PhysPlateReverb.cpp ****      *
 736:PhysPlateReverb.cpp ****      * This is the canonical C++ pattern for "logical indexing + compact":
 737:PhysPlateReverb.cpp ****      *   int count = 0;
 738:PhysPlateReverb.cpp ****      *   for (i) if (active[i]) final[count++] = raw[i];
 739:PhysPlateReverb.cpp ****      *
 740:PhysPlateReverb.cpp ****      * We also cap at MAX_MODES to stay within our CPU budget.
 741:PhysPlateReverb.cpp ****      * ====================================================================*/
 742:PhysPlateReverb.cpp ****     num_modes_ = 0;
 743:PhysPlateReverb.cpp ****     for (int i = 0; i < raw_count; i++)
 744:PhysPlateReverb.cpp ****     {
 745:PhysPlateReverb.cpp ****         if (!raw_active[i])
 746:PhysPlateReverb.cpp ****             continue;   // pruned — skip
 747:PhysPlateReverb.cpp **** 
 748:PhysPlateReverb.cpp ****         if (num_modes_ >= MAX_MODES)
 749:PhysPlateReverb.cpp ****             break;      // hit our CPU budget — stop adding modes
 750:PhysPlateReverb.cpp **** 
 751:PhysPlateReverb.cpp ****         // Copy this mode's data from temporary → final arrays
 752:PhysPlateReverb.cpp ****         omega_[num_modes_]   = raw_omega[i];
 753:PhysPlateReverb.cpp ****         beta_sq_[num_modes_] = raw_beta_sq[i];
 754:PhysPlateReverb.cpp ****         phi_i_[num_modes_]   = raw_phi_i[i];
 755:PhysPlateReverb.cpp ****         phi_o_l_[num_modes_] = raw_phi_o_l[i];
 756:PhysPlateReverb.cpp ****         phi_o_r_[num_modes_] = raw_phi_o_r[i];
 757:PhysPlateReverb.cpp ****         phi_o_m_[num_modes_] = 0.5f * (raw_phi_o_l[i] + raw_phi_o_r[i]);
 758:PhysPlateReverb.cpp ****         num_modes_++;
 759:PhysPlateReverb.cpp ****     }
 760:PhysPlateReverb.cpp **** 
 761:PhysPlateReverb.cpp ****     if(num_modes_ <= 0)
 762:PhysPlateReverb.cpp ****     {
 763:PhysPlateReverb.cpp ****         memset(p1_, 0, sizeof(p1_));
 764:PhysPlateReverb.cpp ****         memset(p2_, 0, sizeof(p2_));
 765:PhysPlateReverb.cpp ****         return;
 766:PhysPlateReverb.cpp ****     }
 767:PhysPlateReverb.cpp **** 
 768:PhysPlateReverb.cpp ****     // Store β² extremes — needed later by UpdateDecay() to recompute σ
 769:PhysPlateReverb.cpp ****     beta_sq_min_ = bsq_min;
 770:PhysPlateReverb.cpp ****     beta_sq_max_ = bsq_max;
 771:PhysPlateReverb.cpp **** 
 772:PhysPlateReverb.cpp ****     // Compute pickup normalization so modal dot-product does not easily clip.
 773:PhysPlateReverb.cpp ****     float sum_sq_l = 0.0f;
 774:PhysPlateReverb.cpp ****     float sum_sq_r = 0.0f;
 775:PhysPlateReverb.cpp ****     float sum_sq_m = 0.0f;
 776:PhysPlateReverb.cpp ****     for(int i = 0; i < num_modes_; i++)
 777:PhysPlateReverb.cpp ****     {
ARM GAS  C:\Users\isaia\AppData\Local\Temp\ccT6fYmT.s 			page 29


 778:PhysPlateReverb.cpp ****         sum_sq_l += phi_o_l_[i] * phi_o_l_[i];
 779:PhysPlateReverb.cpp ****         sum_sq_r += phi_o_r_[i] * phi_o_r_[i];
 780:PhysPlateReverb.cpp ****         sum_sq_m += phi_o_m_[i] * phi_o_m_[i];
 781:PhysPlateReverb.cpp ****     }
 782:PhysPlateReverb.cpp ****     if(sum_sq_l > 1e-12f) out_norm_l_ = 1.0f / sqrtf(sum_sq_l);
 783:PhysPlateReverb.cpp ****     if(sum_sq_r > 1e-12f) out_norm_r_ = 1.0f / sqrtf(sum_sq_r);
 784:PhysPlateReverb.cpp ****     if(sum_sq_m > 1e-12f) out_norm_m_ = 1.0f / sqrtf(sum_sq_m);
 785:PhysPlateReverb.cpp **** 
 786:PhysPlateReverb.cpp **** 
 787:PhysPlateReverb.cpp ****     /* ===== Step 7: Zero the state vectors ================================
 788:PhysPlateReverb.cpp ****      *
 789:PhysPlateReverb.cpp ****      * MATLAB: p1 = zeros(sp_len,1);   p2 = zeros(sp_len,1);
 790:PhysPlateReverb.cpp ****      *
 791:PhysPlateReverb.cpp ****      * memset fills a block of memory with zero bytes.  Since IEEE 754
 792:PhysPlateReverb.cpp ****      * float 0.0 is all-zero-bits, this correctly initializes floats to 0.
 793:PhysPlateReverb.cpp ****      * ====================================================================*/
 794:PhysPlateReverb.cpp ****     memset(p1_, 0, sizeof(p1_));   // zero entire p1 array
 795:PhysPlateReverb.cpp ****     memset(p2_, 0, sizeof(p2_));   // zero entire p2 array
 796:PhysPlateReverb.cpp **** 
 797:PhysPlateReverb.cpp **** 
 798:PhysPlateReverb.cpp ****     /* ===== Step 8: Compute initial B, C, D coefficients ==================
 799:PhysPlateReverb.cpp ****      * Delegates to UpdateDecay() which applies the MATLAB coefficient
 800:PhysPlateReverb.cpp ****      * formulas using the initial T60 values.
 801:PhysPlateReverb.cpp ****      * ====================================================================*/
 802:PhysPlateReverb.cpp ****     UpdateDecay(t60_low_init, t60_high_init);
 803:PhysPlateReverb.cpp **** }
 804:PhysPlateReverb.cpp **** 
 805:PhysPlateReverb.cpp **** 
 806:PhysPlateReverb.cpp **** /* ========================================================================
 807:PhysPlateReverb.cpp ****  * SECTION 5 — UpdateDecay()
 808:PhysPlateReverb.cpp ****  *
 809:PhysPlateReverb.cpp ****  * Recomputes the per-mode state-update coefficients (B, C, D) from new
 810:PhysPlateReverb.cpp ****  * T60 values.  Called once per audio block (~every 1 ms) when the user
 811:PhysPlateReverb.cpp ****  * turns the decay knobs.
 812:PhysPlateReverb.cpp ****  *
 813:PhysPlateReverb.cpp ****  * MATLAB equivalent:
 814:PhysPlateReverb.cpp ****  *   sig_0     = ((6*log(10))/(max(β²)-min(β²))) * ((max(β²)/T60_low) - (min(β²)/T60_high))
 815:PhysPlateReverb.cpp ****  *   sig_1     = ((6*log(10))/(max(β²)-min(β²))) * (1/T60_high - 1/T60_low);
 816:PhysPlateReverb.cpp ****  *   sigma_new = sig_0 + sig_1 * beta_stable.^2;
 817:PhysPlateReverb.cpp ****  *   B = (2 - k²ω²)   ./ (1 + σk);
 818:PhysPlateReverb.cpp ****  *   C = (σk - 1)      ./ (1 + σk);
 819:PhysPlateReverb.cpp ****  *   D = φ_i           ./ (1 + σk);
 820:PhysPlateReverb.cpp ****  *
 821:PhysPlateReverb.cpp ****  * The ./ (element-wise divide) in MATLAB becomes computing a reciprocal
 822:PhysPlateReverb.cpp ****  * once per element and multiplying.  This is a standard optimization on
 823:PhysPlateReverb.cpp ****  * ARM: one division is slower than one reciprocal + several multiplies.
 824:PhysPlateReverb.cpp ****  * ========================================================================*/
 825:PhysPlateReverb.cpp **** void ModalPlateReverb::UpdateDecay(float t60_low, float t60_high)
 826:PhysPlateReverb.cpp **** {
 262              		.loc 10 826 1 is_stmt 1 view -0
 263              		.cfi_startproc
 264              		@ args = 0, pretend = 0, frame = 0
 265              		@ frame_needed = 0, uses_anonymous_args = 0
 827:PhysPlateReverb.cpp ****     if(num_modes_ <= 0)
 266              		.loc 10 827 5 view .LVU53
 826:PhysPlateReverb.cpp ****     if(num_modes_ <= 0)
 267              		.loc 10 826 1 is_stmt 0 view .LVU54
ARM GAS  C:\Users\isaia\AppData\Local\Temp\ccT6fYmT.s 			page 30


 268 0000 30B5     		push	{r4, r5, lr}
 269              		.cfi_def_cfa_offset 12
 270              		.cfi_offset 4, -12
 271              		.cfi_offset 5, -8
 272              		.cfi_offset 14, -4
 273              		.loc 10 827 8 view .LVU55
 274 0002 0568     		ldr	r5, [r0]
 275              		.loc 10 827 5 view .LVU56
 276 0004 002D     		cmp	r5, #0
 277 0006 40F38180 		ble	.L7
 828:PhysPlateReverb.cpp ****         return;
 829:PhysPlateReverb.cpp **** 
 830:PhysPlateReverb.cpp ****     // Clamp to safe range to avoid division by zero or negative damping
 831:PhysPlateReverb.cpp ****     if (t60_low  < 0.1f)  t60_low  = 0.1f;
 278              		.loc 10 831 5 is_stmt 1 view .LVU57
 279 000a DFED4A7A 		vldr.32	s15, .L23
 280 000e B4EEE70A 		vcmpe.f32	s0, s15
 281 0012 F1EE10FA 		vmrs	APSR_nzcv, FPSCR
 282 0016 7AD4     		bmi	.L16
 832:PhysPlateReverb.cpp ****     if (t60_high < 0.05f) t60_high = 0.05f;
 833:PhysPlateReverb.cpp **** 
 834:PhysPlateReverb.cpp ****     const float six_ln10 = 6.0f * logf(10.0f);   // ≈ 13.8155
 835:PhysPlateReverb.cpp **** 
 836:PhysPlateReverb.cpp ****     float bsq_range = beta_sq_max_ - beta_sq_min_;
 837:PhysPlateReverb.cpp ****     if (bsq_range < 1e-10f) bsq_range = 1e-10f;
 838:PhysPlateReverb.cpp **** 
 839:PhysPlateReverb.cpp ****     // MATLAB: sig_0 = ((6*log(10))/(max(β²)-min(β²))) * ((max(β²)/T60_low) - (min(β²)/T60_
 840:PhysPlateReverb.cpp ****     float sig_0 = (six_ln10 / bsq_range)
 841:PhysPlateReverb.cpp ****                   * ((beta_sq_max_ / t60_low) - (beta_sq_min_ / t60_high));
 842:PhysPlateReverb.cpp **** 
 843:PhysPlateReverb.cpp ****     // MATLAB: sig_1 = ((6*log(10))/(max(β²)-min(β²))) * (1/T60_high - 1/T60_low)
 844:PhysPlateReverb.cpp ****     float sig_1 = (six_ln10 / bsq_range)
 845:PhysPlateReverb.cpp ****                   * (1.0f / t60_high - 1.0f / t60_low);
 283              		.loc 10 845 45 is_stmt 0 view .LVU58
 284 0018 F7EE007A 		vmov.f32	s15, #1.0e+0
 285 001c C7EE805A 		vdiv.f32	s11, s15, s0
 832:PhysPlateReverb.cpp ****     if (t60_high < 0.05f) t60_high = 0.05f;
 286              		.loc 10 832 5 is_stmt 1 view .LVU59
 287 0020 DFED457A 		vldr.32	s15, .L23+4
 288 0024 F4EEE70A 		vcmpe.f32	s1, s15
 289 0028 F1EE10FA 		vmrs	APSR_nzcv, FPSCR
 290 002c 7AD4     		bmi	.L17
 291              	.L22:
 292              		.loc 10 845 27 is_stmt 0 view .LVU60
 293 002e F7EE007A 		vmov.f32	s15, #1.0e+0
 294 0032 87EEA03A 		vdiv.f32	s6, s15, s1
 295              	.LVL18:
 296              	.L10:
 834:PhysPlateReverb.cpp **** 
 297              		.loc 10 834 5 is_stmt 1 view .LVU61
 836:PhysPlateReverb.cpp ****     if (bsq_range < 1e-10f) bsq_range = 1e-10f;
 298              		.loc 10 836 5 view .LVU62
 836:PhysPlateReverb.cpp ****     if (bsq_range < 1e-10f) bsq_range = 1e-10f;
 299              		.loc 10 836 23 is_stmt 0 view .LVU63
 300 0036 00F58043 		add	r3, r0, #16384
 837:PhysPlateReverb.cpp **** 
 301              		.loc 10 837 5 view .LVU64
ARM GAS  C:\Users\isaia\AppData\Local\Temp\ccT6fYmT.s 			page 31


 302 003a DFED407A 		vldr.32	s15, .L23+8
 836:PhysPlateReverb.cpp ****     if (bsq_range < 1e-10f) bsq_range = 1e-10f;
 303              		.loc 10 836 23 view .LVU65
 304 003e 03F59A62 		add	r2, r3, #1232
 836:PhysPlateReverb.cpp ****     if (bsq_range < 1e-10f) bsq_range = 1e-10f;
 305              		.loc 10 836 38 view .LVU66
 306 0042 03F2CC43 		addw	r3, r3, #1228
 836:PhysPlateReverb.cpp ****     if (bsq_range < 1e-10f) bsq_range = 1e-10f;
 307              		.loc 10 836 23 view .LVU67
 308 0046 D2ED006A 		vldr.32	s13, [r2]
 836:PhysPlateReverb.cpp ****     if (bsq_range < 1e-10f) bsq_range = 1e-10f;
 309              		.loc 10 836 38 view .LVU68
 310 004a 93ED007A 		vldr.32	s14, [r3]
 836:PhysPlateReverb.cpp ****     if (bsq_range < 1e-10f) bsq_range = 1e-10f;
 311              		.loc 10 836 11 view .LVU69
 312 004e 36EEC76A 		vsub.f32	s12, s13, s14
 313              	.LVL19:
 837:PhysPlateReverb.cpp **** 
 314              		.loc 10 837 5 is_stmt 1 view .LVU70
 315 0052 B4EEE76A 		vcmpe.f32	s12, s15
 316 0056 F1EE10FA 		vmrs	APSR_nzcv, FPSCR
 317 005a 68D4     		bmi	.L18
 840:PhysPlateReverb.cpp ****                   * ((beta_sq_max_ / t60_low) - (beta_sq_min_ / t60_high));
 318              		.loc 10 840 29 is_stmt 0 view .LVU71
 319 005c 9FED385A 		vldr.32	s10, .L23+12
 320 0060 C5EE067A 		vdiv.f32	s15, s10, s12
 321              	.L11:
 322              	.LVL20:
 840:PhysPlateReverb.cpp ****                   * ((beta_sq_max_ / t60_low) - (beta_sq_min_ / t60_high));
 323              		.loc 10 840 5 is_stmt 1 view .LVU72
 324 0064 00F10C03 		add	r3, r0, #12
 325 0068 42F28C5C 		movw	ip, #9612
 326 006c 42F6CC31 		movw	r1, #11212
 327 0070 43F20C22 		movw	r2, #12812
 328              	.LBB330:
 329              	.LBB331:
 846:PhysPlateReverb.cpp **** 
 847:PhysPlateReverb.cpp ****     /* ----- Per-mode coefficient loop -----
 848:PhysPlateReverb.cpp ****      *
 849:PhysPlateReverb.cpp ****      * MATLAB does this with VECTOR operations:
 850:PhysPlateReverb.cpp ****      *   sigma_new = sig_0 + sig_1 * beta_stable.^2;   ← scalar + scalar*vector
 851:PhysPlateReverb.cpp ****      *   B = (2 - k^2*omega_new.^2) ./ (1+sigma_new*k);
 852:PhysPlateReverb.cpp ****      *   C = (sigma_new*k - 1)      ./ (1+sigma_new*k);
 853:PhysPlateReverb.cpp ****      *   D = phi_i_new              ./ (1+sigma_new*k);
 854:PhysPlateReverb.cpp ****      *
 855:PhysPlateReverb.cpp ****      * In C++ we iterate through each mode and compute the scalar
 856:PhysPlateReverb.cpp ****      * equivalent.  The "./" (element-wise divide) is implemented as
 857:PhysPlateReverb.cpp ****      * computing the reciprocal once (inv_denom) then multiplying.
 858:PhysPlateReverb.cpp ****      */
 859:PhysPlateReverb.cpp ****     for (int m = 0; m < num_modes_; m++)
 860:PhysPlateReverb.cpp ****     {
 861:PhysPlateReverb.cpp ****         // MATLAB: sigma_new(m) = sig_0 + sig_1 * beta_stable(m)^2
 862:PhysPlateReverb.cpp ****         // sig_0 + sig_1 * β²  gives the damping for this specific mode.
 863:PhysPlateReverb.cpp ****         // Low-β modes (low frequency) get less damping, high-β more.
 864:PhysPlateReverb.cpp ****         float sigma_m = sig_0 + sig_1 * beta_sq_[m];
 865:PhysPlateReverb.cpp **** 
 866:PhysPlateReverb.cpp ****         // Safety: ensure positive damping (physical requirement)
ARM GAS  C:\Users\isaia\AppData\Local\Temp\ccT6fYmT.s 			page 32


 867:PhysPlateReverb.cpp ****         if (sigma_m < 0.001f) sigma_m = 0.001f;
 868:PhysPlateReverb.cpp **** 
 869:PhysPlateReverb.cpp ****         // Denominator: (1 + σ·k)  — shared by B, C, D formulas
 870:PhysPlateReverb.cpp ****         float denom   = 1.0f + sigma_m * k_;
 330              		.loc 10 870 42 is_stmt 0 view .LVU73
 331 0074 D0ED014A 		vldr.32	s9, [r0, #4]
 332 0078 00F24C64 		addw	r4, r0, #1612
 871:PhysPlateReverb.cpp **** 
 872:PhysPlateReverb.cpp ****         // Compute reciprocal ONCE → multiply instead of divide 3 times
 873:PhysPlateReverb.cpp ****         // MATLAB's "./" does the division element-wise; here we do
 874:PhysPlateReverb.cpp ****         // 1/denom once and use it three times — same result, fewer ops.
 875:PhysPlateReverb.cpp ****         float inv_den = 1.0f / denom;
 876:PhysPlateReverb.cpp **** 
 877:PhysPlateReverb.cpp ****         // MATLAB: B = (2 - k^2 * omega_new.^2) ./ (1 + sigma_new*k)
 878:PhysPlateReverb.cpp ****         //
 879:PhysPlateReverb.cpp ****         // omega_new.^2 squares each element of the omega vector.
 880:PhysPlateReverb.cpp ****         // In C++ we just do omega_[m] * omega_[m] for one element.
 881:PhysPlateReverb.cpp ****         B_[m] = (2.0f - k_sq_ * omega_[m] * omega_[m]) * inv_den;
 333              		.loc 10 881 25 view .LVU74
 334 007c D0ED022A 		vldr.32	s5, [r0, #8]
 335 0080 00F68C4E 		addw	lr, r0, #3212
 336              	.LBE331:
 337              	.LBE330:
 841:PhysPlateReverb.cpp **** 
 338              		.loc 10 841 36 view .LVU75
 339 0084 C6EE803A 		vdiv.f32	s7, s13, s0
 340 0088 03EB8505 		add	r5, r3, r5, lsl #2
 341 008c 8444     		add	ip, ip, r0
 342 008e 0144     		add	r1, r1, r0
 343 0090 0244     		add	r2, r2, r0
 841:PhysPlateReverb.cpp **** 
 344              		.loc 10 841 63 view .LVU76
 345 0092 C7EE206A 		vdiv.f32	s13, s14, s1
 845:PhysPlateReverb.cpp **** 
 346              		.loc 10 845 38 view .LVU77
 347 0096 33EE653A 		vsub.f32	s6, s6, s11
 844:PhysPlateReverb.cpp ****                   * (1.0f / t60_high - 1.0f / t60_low);
 348              		.loc 10 844 11 view .LVU78
 349 009a 23EE273A 		vmul.f32	s6, s6, s15
 841:PhysPlateReverb.cpp **** 
 350              		.loc 10 841 47 view .LVU79
 351 009e 73EEE63A 		vsub.f32	s7, s7, s13
 840:PhysPlateReverb.cpp ****                   * ((beta_sq_max_ / t60_low) - (beta_sq_min_ / t60_high));
 352              		.loc 10 840 11 view .LVU80
 353 00a2 63EEA73A 		vmul.f32	s7, s7, s15
 354              	.LVL21:
 844:PhysPlateReverb.cpp ****                   * (1.0f / t60_high - 1.0f / t60_low);
 355              		.loc 10 844 5 is_stmt 1 view .LVU81
 859:PhysPlateReverb.cpp ****     {
 356              		.loc 10 859 5 view .LVU82
 357              	.LBB334:
 859:PhysPlateReverb.cpp ****     {
 358              		.loc 10 859 23 view .LVU83
 359              	.L15:
 360              	.LBB332:
 864:PhysPlateReverb.cpp **** 
 361              		.loc 10 864 9 view .LVU84
ARM GAS  C:\Users\isaia\AppData\Local\Temp\ccT6fYmT.s 			page 33


 864:PhysPlateReverb.cpp **** 
 362              		.loc 10 864 15 is_stmt 0 view .LVU85
 363 00a6 F0EE636A 		vmov.f32	s13, s7
 864:PhysPlateReverb.cpp **** 
 364              		.loc 10 864 51 view .LVU86
 365 00aa F4EC017A 		vldmia.32	r4!, {s15}
 867:PhysPlateReverb.cpp **** 
 366              		.loc 10 867 9 view .LVU87
 367 00ae DFED255A 		vldr.32	s11, .L23+16
 870:PhysPlateReverb.cpp **** 
 368              		.loc 10 870 15 view .LVU88
 369 00b2 B7EE006A 		vmov.f32	s12, #1.0e+0
 370              		.loc 10 881 41 view .LVU89
 371 00b6 B3EC015A 		vldmia.32	r3!, {s10}
 372              		.loc 10 881 23 view .LVU90
 373 00ba B0EE007A 		vmov.f32	s14, #2.0e+0
 864:PhysPlateReverb.cpp **** 
 374              		.loc 10 864 15 view .LVU91
 375 00be E7EE836A 		vfma.f32	s13, s15, s6
 376              	.LVL22:
 867:PhysPlateReverb.cpp **** 
 377              		.loc 10 867 9 is_stmt 1 view .LVU92
 882:PhysPlateReverb.cpp **** 
 883:PhysPlateReverb.cpp ****         // MATLAB: C = (sigma_new*k - 1) ./ (1 + sigma_new*k)
 884:PhysPlateReverb.cpp ****         C_[m] = (sigma_m * k_ - 1.0f) * inv_den;
 378              		.loc 10 884 31 is_stmt 0 view .LVU93
 379 00c2 FFEE007A 		vmov.f32	s15, #-1.0e+0
 881:PhysPlateReverb.cpp **** 
 380              		.loc 10 881 31 view .LVU94
 381 00c6 22EE854A 		vmul.f32	s8, s5, s10
 881:PhysPlateReverb.cpp **** 
 382              		.loc 10 881 23 view .LVU95
 383 00ca A5EE447A 		vfms.f32	s14, s10, s8
 867:PhysPlateReverb.cpp **** 
 384              		.loc 10 867 39 view .LVU96
 385 00ce F4EE656A 		vcmp.f32	s13, s11
 386 00d2 F1EE10FA 		vmrs	APSR_nzcv, FPSCR
 387 00d6 48BF     		it	mi
 388 00d8 F0EE656A 		vmovmi.f32	s13, s11
 389              	.LVL23:
 870:PhysPlateReverb.cpp **** 
 390              		.loc 10 870 9 is_stmt 1 view .LVU97
 391              	.LBE332:
 859:PhysPlateReverb.cpp ****     {
 392              		.loc 10 859 23 is_stmt 0 view .LVU98
 393 00dc AB42     		cmp	r3, r5
 394              	.LBB333:
 870:PhysPlateReverb.cpp **** 
 395              		.loc 10 870 15 view .LVU99
 396 00de F0EE465A 		vmov.f32	s11, s12
 397              		.loc 10 884 31 view .LVU100
 398 00e2 E4EEA67A 		vfma.f32	s15, s9, s13
 870:PhysPlateReverb.cpp **** 
 399              		.loc 10 870 15 view .LVU101
 400 00e6 E4EEA65A 		vfma.f32	s11, s9, s13
 401              	.LVL24:
 875:PhysPlateReverb.cpp **** 
ARM GAS  C:\Users\isaia\AppData\Local\Temp\ccT6fYmT.s 			page 34


 402              		.loc 10 875 9 is_stmt 1 view .LVU102
 875:PhysPlateReverb.cpp **** 
 403              		.loc 10 875 15 is_stmt 0 view .LVU103
 404 00ea C6EE256A 		vdiv.f32	s13, s12, s11
 405              	.LVL25:
 881:PhysPlateReverb.cpp **** 
 406              		.loc 10 881 9 is_stmt 1 view .LVU104
 407              		.loc 10 884 39 is_stmt 0 view .LVU105
 408 00ee 67EEA67A 		vmul.f32	s15, s15, s13
 881:PhysPlateReverb.cpp **** 
 409              		.loc 10 881 56 view .LVU106
 410 00f2 27EE267A 		vmul.f32	s14, s14, s13
 881:PhysPlateReverb.cpp **** 
 411              		.loc 10 881 15 view .LVU107
 412 00f6 ACEC017A 		vstmia.32	ip!, {s14}
 413              	.LVL26:
 414              		.loc 10 884 9 is_stmt 1 view .LVU108
 415              		.loc 10 884 15 is_stmt 0 view .LVU109
 416 00fa E1EC017A 		vstmia.32	r1!, {s15}
 885:PhysPlateReverb.cpp **** 
 886:PhysPlateReverb.cpp ****         // MATLAB: D = phi_i_new ./ (1 + sigma_new*k)
 887:PhysPlateReverb.cpp ****         D_[m] = phi_i_[m] * inv_den;
 417              		.loc 10 887 9 is_stmt 1 view .LVU110
 418              		.loc 10 887 25 is_stmt 0 view .LVU111
 419 00fe FEEC017A 		vldmia.32	lr!, {s15}
 420              		.loc 10 887 27 view .LVU112
 421 0102 67EEA67A 		vmul.f32	s15, s15, s13
 422              		.loc 10 887 15 view .LVU113
 423 0106 E2EC017A 		vstmia.32	r2!, {s15}
 424              	.LBE333:
 859:PhysPlateReverb.cpp ****     {
 425              		.loc 10 859 5 is_stmt 1 view .LVU114
 859:PhysPlateReverb.cpp ****     {
 426              		.loc 10 859 23 view .LVU115
 427 010a CCD1     		bne	.L15
 428              	.LVL27:
 429              	.L7:
 859:PhysPlateReverb.cpp ****     {
 430              		.loc 10 859 23 is_stmt 0 view .LVU116
 431              	.LBE334:
 888:PhysPlateReverb.cpp ****     }
 889:PhysPlateReverb.cpp **** }
 432              		.loc 10 889 1 view .LVU117
 433 010c 30BD     		pop	{r4, r5, pc}
 434              	.L16:
 831:PhysPlateReverb.cpp ****     if (t60_high < 0.05f) t60_high = 0.05f;
 435              		.loc 10 831 36 view .LVU118
 436 010e B0EE670A 		vmov.f32	s0, s15
 437              	.LVL28:
 832:PhysPlateReverb.cpp **** 
 438              		.loc 10 832 5 is_stmt 1 view .LVU119
 439 0112 DFED097A 		vldr.32	s15, .L23+4
 440 0116 F2EE045A 		vmov.f32	s11, #1.0e+1
 441 011a F4EEE70A 		vcmpe.f32	s1, s15
 442 011e F1EE10FA 		vmrs	APSR_nzcv, FPSCR
 443 0122 84D5     		bpl	.L22
 444              	.L17:
ARM GAS  C:\Users\isaia\AppData\Local\Temp\ccT6fYmT.s 			page 35


 832:PhysPlateReverb.cpp **** 
 445              		.loc 10 832 5 is_stmt 0 view .LVU120
 446 0124 B3EE043A 		vmov.f32	s6, #2.0e+1
 832:PhysPlateReverb.cpp **** 
 447              		.loc 10 832 36 view .LVU121
 448 0128 F0EE670A 		vmov.f32	s1, s15
 449              	.LVL29:
 832:PhysPlateReverb.cpp **** 
 450              		.loc 10 832 36 view .LVU122
 451 012c 83E7     		b	.L10
 452              	.LVL30:
 453              	.L18:
 832:PhysPlateReverb.cpp **** 
 454              		.loc 10 832 36 view .LVU123
 455 012e DFED067A 		vldr.32	s15, .L23+20
 456 0132 97E7     		b	.L11
 457              	.L24:
 458              		.align	2
 459              	.L23:
 460 0134 CDCCCC3D 		.word	1036831949
 461 0138 CDCC4C3D 		.word	1028443341
 462 013c FFE6DB2E 		.word	786163455
 463 0140 550C5D41 		.word	1096617045
 464 0144 6F12833A 		.word	981668463
 465 0148 BEAA0052 		.word	1375775422
 466              		.cfi_endproc
 467              	.LFE4553:
 469              		.section	.text._ZN16ModalPlateReverb4InitEf,"ax",%progbits
 470              		.align	1
 471              		.p2align 2,,3
 472              		.global	_ZN16ModalPlateReverb4InitEf
 473              		.syntax unified
 474              		.thumb
 475              		.thumb_func
 476              		.fpu fpv5-d16
 478              	_ZN16ModalPlateReverb4InitEf:
 479              	.LVL31:
 480              	.LFB4552:
 379:PhysPlateReverb.cpp ****     num_modes_ = 0;
 481              		.loc 10 379 1 is_stmt 1 view -0
 482              		.cfi_startproc
 483              		@ args = 0, pretend = 0, frame = 24
 484              		@ frame_needed = 0, uses_anonymous_args = 0
 380:PhysPlateReverb.cpp ****     out_norm_l_ = 1.0f;
 485              		.loc 10 380 5 view .LVU125
 381:PhysPlateReverb.cpp ****     out_norm_r_ = 1.0f;
 486              		.loc 10 381 17 is_stmt 0 view .LVU126
 487 0000 F7EE006A 		vmov.f32	s13, #1.0e+0
 488 0004 00F58042 		add	r2, r0, #16384
 380:PhysPlateReverb.cpp ****     out_norm_l_ = 1.0f;
 489              		.loc 10 380 16 view .LVU127
 490 0008 0023     		movs	r3, #0
 414:PhysPlateReverb.cpp **** 
 491              		.loc 10 414 17 view .LVU128
 492 000a F0EE005A 		vmov.f32	s11, #2.0e+0
 381:PhysPlateReverb.cpp ****     out_norm_r_ = 1.0f;
 493              		.loc 10 381 17 view .LVU129
ARM GAS  C:\Users\isaia\AppData\Local\Temp\ccT6fYmT.s 			page 36


 494 000e 02F2D441 		addw	r1, r2, #1236
 421:PhysPlateReverb.cpp ****         / (2.0f * K2)
 495              		.loc 10 421 37 view .LVU130
 496 0012 F1EE007A 		vmov.f32	s15, #4.0e+0
 399:PhysPlateReverb.cpp ****     k_sq_ = k_ * k_;
 497              		.loc 10 399 18 view .LVU131
 498 0016 86EE807A 		vdiv.f32	s14, s13, s0
 421:PhysPlateReverb.cpp ****         / (2.0f * K2)
 499              		.loc 10 421 21 view .LVU132
 500 001a 9FEDC26A 		vldr.32	s12, .L156
 501 001e 9FEDC20A 		vldr.32	s0, .L156+4
 502              	.LVL32:
 379:PhysPlateReverb.cpp ****     num_modes_ = 0;
 503              		.loc 10 379 1 view .LVU133
 504 0022 2DE9F04F 		push	{r4, r5, r6, r7, r8, r9, r10, fp, lr}
 505              		.cfi_def_cfa_offset 36
 506              		.cfi_offset 4, -36
 507              		.cfi_offset 5, -32
 508              		.cfi_offset 6, -28
 509              		.cfi_offset 7, -24
 510              		.cfi_offset 8, -20
 511              		.cfi_offset 9, -16
 512              		.cfi_offset 10, -12
 513              		.cfi_offset 11, -8
 514              		.cfi_offset 14, -4
 515 0026 2DED0E8B 		vpush.64	{d8, d9, d10, d11, d12, d13, d14}
 516              		.cfi_def_cfa_offset 92
 517              		.cfi_offset 80, -92
 518              		.cfi_offset 81, -88
 519              		.cfi_offset 82, -84
 520              		.cfi_offset 83, -80
 521              		.cfi_offset 84, -76
 522              		.cfi_offset 85, -72
 523              		.cfi_offset 86, -68
 524              		.cfi_offset 87, -64
 525              		.cfi_offset 88, -60
 526              		.cfi_offset 89, -56
 527              		.cfi_offset 90, -52
 528              		.cfi_offset 91, -48
 529              		.cfi_offset 92, -44
 530              		.cfi_offset 93, -40
 380:PhysPlateReverb.cpp ****     out_norm_l_ = 1.0f;
 531              		.loc 10 380 16 view .LVU134
 532 002a 0360     		str	r3, [r0]
 381:PhysPlateReverb.cpp ****     out_norm_r_ = 1.0f;
 533              		.loc 10 381 5 is_stmt 1 view .LVU135
 379:PhysPlateReverb.cpp ****     num_modes_ = 0;
 534              		.loc 10 379 1 is_stmt 0 view .LVU136
 535 002c 87B0     		sub	sp, sp, #28
 536              		.cfi_def_cfa_offset 120
 381:PhysPlateReverb.cpp ****     out_norm_r_ = 1.0f;
 537              		.loc 10 381 17 view .LVU137
 538 002e 1346     		mov	r3, r2
 539 0030 C1ED006A 		vstr.32	s13, [r1]
 382:PhysPlateReverb.cpp ****     out_norm_m_ = 1.0f;
 540              		.loc 10 382 5 is_stmt 1 view .LVU138
 381:PhysPlateReverb.cpp ****     out_norm_r_ = 1.0f;
ARM GAS  C:\Users\isaia\AppData\Local\Temp\ccT6fYmT.s 			page 37


 541              		.loc 10 381 17 is_stmt 0 view .LVU139
 542 0034 0192     		str	r2, [sp, #4]
 382:PhysPlateReverb.cpp ****     out_norm_m_ = 1.0f;
 543              		.loc 10 382 17 view .LVU140
 544 0036 02F59B62 		add	r2, r2, #1240
 383:PhysPlateReverb.cpp **** 
 545              		.loc 10 383 17 view .LVU141
 546 003a 03F2DC43 		addw	r3, r3, #1244
 379:PhysPlateReverb.cpp ****     num_modes_ = 0;
 547              		.loc 10 379 1 view .LVU142
 548 003e 0546     		mov	r5, r0
 382:PhysPlateReverb.cpp ****     out_norm_m_ = 1.0f;
 549              		.loc 10 382 17 view .LVU143
 550 0040 C2ED006A 		vstr.32	s13, [r2]
 383:PhysPlateReverb.cpp **** 
 551              		.loc 10 383 5 is_stmt 1 view .LVU144
 383:PhysPlateReverb.cpp **** 
 552              		.loc 10 383 17 is_stmt 0 view .LVU145
 553 0044 C3ED006A 		vstr.32	s13, [r3]
 399:PhysPlateReverb.cpp ****     k_sq_ = k_ * k_;
 554              		.loc 10 399 5 is_stmt 1 view .LVU146
 414:PhysPlateReverb.cpp **** 
 555              		.loc 10 414 17 is_stmt 0 view .LVU147
 556 0048 C5EE876A 		vdiv.f32	s13, s11, s14
 399:PhysPlateReverb.cpp ****     k_sq_ = k_ * k_;
 557              		.loc 10 399 11 view .LVU148
 558 004c 80ED017A 		vstr.32	s14, [r0, #4]
 400:PhysPlateReverb.cpp **** 
 559              		.loc 10 400 5 is_stmt 1 view .LVU149
 400:PhysPlateReverb.cpp **** 
 560              		.loc 10 400 16 is_stmt 0 view .LVU150
 561 0050 67EE075A 		vmul.f32	s11, s14, s14
 400:PhysPlateReverb.cpp **** 
 562              		.loc 10 400 11 view .LVU151
 563 0054 C0ED025A 		vstr.32	s11, [r0, #8]
 404:PhysPlateReverb.cpp ****                               / (12.0f * RHO * (1.0f - NU * NU)));
 564              		.loc 10 404 5 is_stmt 1 view .LVU152
 565              	.LVL33:
 409:PhysPlateReverb.cpp **** 
 566              		.loc 10 409 5 view .LVU153
 414:PhysPlateReverb.cpp **** 
 567              		.loc 10 414 5 view .LVU154
 418:PhysPlateReverb.cpp ****     const float K2 = kappa * kappa;  // κ squared
 568              		.loc 10 418 5 view .LVU155
 419:PhysPlateReverb.cpp ****     const float beta_max = sqrtf(
 569              		.loc 10 419 5 view .LVU156
 420:PhysPlateReverb.cpp ****         (-c2 + sqrtf(c2 * c2 + 4.0f * omega_max * omega_max * K2))
 570              		.loc 10 420 5 view .LVU157
 421:PhysPlateReverb.cpp ****         / (2.0f * K2)
 571              		.loc 10 421 37 is_stmt 0 view .LVU158
 572 0058 66EEA77A 		vmul.f32	s15, s13, s15
 421:PhysPlateReverb.cpp ****         / (2.0f * K2)
 573              		.loc 10 421 49 view .LVU159
 574 005c 67EEA67A 		vmul.f32	s15, s15, s13
 421:PhysPlateReverb.cpp ****         / (2.0f * K2)
 575              		.loc 10 421 21 view .LVU160
 576 0060 A7EE860A 		vfma.f32	s0, s15, s12
ARM GAS  C:\Users\isaia\AppData\Local\Temp\ccT6fYmT.s 			page 38


 577 0064 B5EE400A 		vcmp.f32	s0, #0
 578 0068 F1EE10FA 		vmrs	APSR_nzcv, FPSCR
 579 006c 00F11F83 		bmi	.L139
 580 0070 F1EEC07A 		vsqrt.f32	s15, s0
 581              	.LVL34:
 582              	.L28:
 421:PhysPlateReverb.cpp ****         / (2.0f * K2)
 583              		.loc 10 421 14 view .LVU161
 584 0074 DFEDAD6A 		vldr.32	s13, .L156+8
 420:PhysPlateReverb.cpp ****         (-c2 + sqrtf(c2 * c2 + 4.0f * omega_max * omega_max * K2))
 585              		.loc 10 420 33 view .LVU162
 586 0078 9FEDAD7A 		vldr.32	s14, .L156+12
 421:PhysPlateReverb.cpp ****         / (2.0f * K2)
 587              		.loc 10 421 14 view .LVU163
 588 007c 77EEE67A 		vsub.f32	s15, s15, s13
 420:PhysPlateReverb.cpp ****         (-c2 + sqrtf(c2 * c2 + 4.0f * omega_max * omega_max * K2))
 589              		.loc 10 420 33 view .LVU164
 590 0080 87EE870A 		vdiv.f32	s0, s15, s14
 591 0084 B5EE400A 		vcmp.f32	s0, #0
 592 0088 F1EE10FA 		vmrs	APSR_nzcv, FPSCR
 593 008c 00F10A83 		bmi	.L140
 594 0090 B1EEC0AA 		vsqrt.f32	s20, s0
 595              	.L31:
 435:PhysPlateReverb.cpp ****     const float piLx_sq      = (PI_F * LX) * (PI_F * LX);
 596              		.loc 10 435 5 is_stmt 1 view .LVU165
 440:PhysPlateReverb.cpp ****     int My = (int)sqrtf((LxLy_beta_sq - piLy_sq) / piLx_sq);
 597              		.loc 10 440 39 is_stmt 0 view .LVU166
 598 0094 DFEDA77A 		vldr.32	s15, .L156+16
 440:PhysPlateReverb.cpp ****     int My = (int)sqrtf((LxLy_beta_sq - piLy_sq) / piLx_sq);
 599              		.loc 10 440 24 view .LVU167
 600 0098 9FEDA77A 		vldr.32	s14, .L156+20
 435:PhysPlateReverb.cpp ****     const float piLx_sq      = (PI_F * LX) * (PI_F * LX);
 601              		.loc 10 435 41 view .LVU168
 602 009c 3AEE0A8A 		vadd.f32	s16, s20, s20
 435:PhysPlateReverb.cpp ****     const float piLx_sq      = (PI_F * LX) * (PI_F * LX);
 603              		.loc 10 435 17 view .LVU169
 604 00a0 28EE088A 		vmul.f32	s16, s16, s16
 605              	.LVL35:
 436:PhysPlateReverb.cpp ****     const float piLy_sq      = (PI_F * LY) * (PI_F * LY);
 606              		.loc 10 436 5 is_stmt 1 view .LVU170
 437:PhysPlateReverb.cpp **** 
 607              		.loc 10 437 5 view .LVU171
 440:PhysPlateReverb.cpp ****     int My = (int)sqrtf((LxLy_beta_sq - piLy_sq) / piLx_sq);
 608              		.loc 10 440 5 view .LVU172
 440:PhysPlateReverb.cpp ****     int My = (int)sqrtf((LxLy_beta_sq - piLy_sq) / piLx_sq);
 609              		.loc 10 440 39 is_stmt 0 view .LVU173
 610 00a4 78EE677A 		vsub.f32	s15, s16, s15
 440:PhysPlateReverb.cpp ****     int My = (int)sqrtf((LxLy_beta_sq - piLy_sq) / piLx_sq);
 611              		.loc 10 440 24 view .LVU174
 612 00a8 87EE870A 		vdiv.f32	s0, s15, s14
 613 00ac B5EE400A 		vcmp.f32	s0, #0
 614 00b0 F1EE10FA 		vmrs	APSR_nzcv, FPSCR
 615 00b4 00F11483 		bmi	.L141
 616 00b8 F1EEC07A 		vsqrt.f32	s15, s0
 617              	.L34:
 441:PhysPlateReverb.cpp **** 
 618              		.loc 10 441 39 view .LVU175
ARM GAS  C:\Users\isaia\AppData\Local\Temp\ccT6fYmT.s 			page 39


 619 00bc DFED9E6A 		vldr.32	s13, .L156+20
 441:PhysPlateReverb.cpp **** 
 620              		.loc 10 441 24 view .LVU176
 621 00c0 9FED9C7A 		vldr.32	s14, .L156+16
 441:PhysPlateReverb.cpp **** 
 622              		.loc 10 441 39 view .LVU177
 623 00c4 38EE668A 		vsub.f32	s16, s16, s13
 624              	.LVL36:
 440:PhysPlateReverb.cpp ****     int My = (int)sqrtf((LxLy_beta_sq - piLy_sq) / piLx_sq);
 625              		.loc 10 440 59 view .LVU178
 626 00c8 FDEEE77A 		vcvt.s32.f32	s15, s15
 441:PhysPlateReverb.cpp **** 
 627              		.loc 10 441 24 view .LVU179
 628 00cc 88EE070A 		vdiv.f32	s0, s16, s14
 440:PhysPlateReverb.cpp ****     int My = (int)sqrtf((LxLy_beta_sq - piLy_sq) / piLx_sq);
 629              		.loc 10 440 59 view .LVU180
 630 00d0 17EE909A 		vmov	r9, s15	@ int
 631              	.LVL37:
 441:PhysPlateReverb.cpp **** 
 632              		.loc 10 441 5 is_stmt 1 view .LVU181
 633 00d4 B5EE400A 		vcmp.f32	s0, #0
 634 00d8 F1EE10FA 		vmrs	APSR_nzcv, FPSCR
 635 00dc 00F1EC82 		bmi	.L142
 441:PhysPlateReverb.cpp **** 
 636              		.loc 10 441 24 is_stmt 0 view .LVU182
 637 00e0 F1EEC07A 		vsqrt.f32	s15, s0
 638              	.L37:
 639              	.LBB335:
 480:PhysPlateReverb.cpp ****     {
 640              		.loc 10 480 25 view .LVU183
 641 00e4 B9F1000F 		cmp	r9, #0
 642              	.LBE335:
 441:PhysPlateReverb.cpp **** 
 643              		.loc 10 441 59 view .LVU184
 644 00e8 FDEEE77A 		vcvt.s32.f32	s15, s15
 645 00ec 17EE907A 		vmov	r7, s15	@ int
 646              	.LVL38:
 472:PhysPlateReverb.cpp **** 
 647              		.loc 10 472 5 is_stmt 1 view .LVU185
 474:PhysPlateReverb.cpp **** 
 648              		.loc 10 474 5 view .LVU186
 480:PhysPlateReverb.cpp ****     {
 649              		.loc 10 480 5 view .LVU187
 650              	.LBB345:
 480:PhysPlateReverb.cpp ****     {
 651              		.loc 10 480 25 view .LVU188
 652 00f0 40F38482 		ble	.L39
 480:PhysPlateReverb.cpp ****     {
 653              		.loc 10 480 14 is_stmt 0 view .LVU189
 654 00f4 4FF00108 		mov	r8, #1
 655              	.LBE345:
 474:PhysPlateReverb.cpp **** 
 656              		.loc 10 474 9 view .LVU190
 657 00f8 0024     		movs	r4, #0
 658 00fa AA46     		mov	r10, r5
 659              	.LVL39:
 660              	.L38:
ARM GAS  C:\Users\isaia\AppData\Local\Temp\ccT6fYmT.s 			page 40


 661              	.LBB346:
 662              	.LBB336:
 663              	.LBB337:
 482:PhysPlateReverb.cpp ****         {
 664              		.loc 10 482 29 is_stmt 1 view .LVU191
 665 00fc 002F     		cmp	r7, #0
 666 00fe 40F3AD80 		ble	.L40
 667              	.LBB338:
 489:PhysPlateReverb.cpp ****             float by   = (float)my * PI_F / LY;   // y-direction component
 668              		.loc 10 489 26 is_stmt 0 view .LVU192
 669 0102 07EE908A 		vmov	s15, r8	@ int
 489:PhysPlateReverb.cpp ****             float by   = (float)my * PI_F / LY;   // y-direction component
 670              		.loc 10 489 19 view .LVU193
 671 0106 DFED8D9A 		vldr.32	s19, .L156+24
 672              	.LBE338:
 482:PhysPlateReverb.cpp ****         {
 673              		.loc 10 482 18 view .LVU194
 674 010a 0126     		movs	r6, #1
 675              	.LBB339:
 489:PhysPlateReverb.cpp ****             float by   = (float)my * PI_F / LY;   // y-direction component
 676              		.loc 10 489 26 view .LVU195
 677 010c B8EEE79A 		vcvt.f32.s32	s18, s15
 489:PhysPlateReverb.cpp ****             float by   = (float)my * PI_F / LY;   // y-direction component
 678              		.loc 10 489 19 view .LVU196
 679 0110 69EE299A 		vmul.f32	s19, s18, s19
 491:PhysPlateReverb.cpp **** 
 680              		.loc 10 491 35 view .LVU197
 681 0114 69EEA99A 		vmul.f32	s19, s19, s19
 682              	.LVL40:
 683              	.L49:
 489:PhysPlateReverb.cpp ****             float by   = (float)my * PI_F / LY;   // y-direction component
 684              		.loc 10 489 13 is_stmt 1 view .LVU198
 490:PhysPlateReverb.cpp ****             float beta = sqrtf(bx * bx + by * by); // total wavenumber
 685              		.loc 10 490 13 view .LVU199
 490:PhysPlateReverb.cpp ****             float beta = sqrtf(bx * bx + by * by); // total wavenumber
 686              		.loc 10 490 26 is_stmt 0 view .LVU200
 687 0118 07EE906A 		vmov	s15, r6	@ int
 490:PhysPlateReverb.cpp ****             float beta = sqrtf(bx * bx + by * by); // total wavenumber
 688              		.loc 10 490 19 view .LVU201
 689 011c B6EE007A 		vmov.f32	s14, #5.0e-1
 491:PhysPlateReverb.cpp **** 
 690              		.loc 10 491 31 view .LVU202
 691 0120 B0EE690A 		vmov.f32	s0, s19
 490:PhysPlateReverb.cpp ****             float beta = sqrtf(bx * bx + by * by); // total wavenumber
 692              		.loc 10 490 26 view .LVU203
 693 0124 B8EEE78A 		vcvt.f32.s32	s16, s15
 490:PhysPlateReverb.cpp ****             float beta = sqrtf(bx * bx + by * by); // total wavenumber
 694              		.loc 10 490 36 view .LVU204
 695 0128 DFED847A 		vldr.32	s15, .L156+24
 696 012c 68EE277A 		vmul.f32	s15, s16, s15
 697              	.LVL41:
 490:PhysPlateReverb.cpp ****             float beta = sqrtf(bx * bx + by * by); // total wavenumber
 698              		.loc 10 490 19 view .LVU205
 699 0130 67EE877A 		vmul.f32	s15, s15, s14
 700              	.LVL42:
 491:PhysPlateReverb.cpp **** 
 701              		.loc 10 491 13 is_stmt 1 view .LVU206
ARM GAS  C:\Users\isaia\AppData\Local\Temp\ccT6fYmT.s 			page 41


 491:PhysPlateReverb.cpp **** 
 702              		.loc 10 491 31 is_stmt 0 view .LVU207
 703 0134 A7EEA70A 		vfma.f32	s0, s15, s15
 704 0138 B5EE400A 		vcmp.f32	s0, #0
 705 013c F1EE10FA 		vmrs	APSR_nzcv, FPSCR
 706 0140 00F1A482 		bmi	.L143
 491:PhysPlateReverb.cpp **** 
 707              		.loc 10 491 31 view .LVU208
 708 0144 B1EEC07A 		vsqrt.f32	s14, s0
 709              	.LVL43:
 710              	.L43:
 497:PhysPlateReverb.cpp ****                 continue;   // unstable → skip this (mx,my) pair
 711              		.loc 10 497 13 is_stmt 1 view .LVU209
 501:PhysPlateReverb.cpp ****                 break;
 712              		.loc 10 501 13 view .LVU210
 504:PhysPlateReverb.cpp **** 
 713              		.loc 10 504 13 view .LVU211
 511:PhysPlateReverb.cpp **** 
 714              		.loc 10 511 51 is_stmt 0 view .LVU212
 715 0148 DFED767A 		vldr.32	s15, .L156
 501:PhysPlateReverb.cpp ****                 break;
 716              		.loc 10 501 13 view .LVU213
 717 014c 42F6DF63 		movw	r3, #11999
 511:PhysPlateReverb.cpp **** 
 718              		.loc 10 511 32 view .LVU214
 719 0150 DFED766A 		vldr.32	s13, .L156+8
 497:PhysPlateReverb.cpp ****                 continue;   // unstable → skip this (mx,my) pair
 720              		.loc 10 497 13 view .LVU215
 721 0154 B4EEC7AA 		vcmpe.f32	s20, s14
 722 0158 F1EE10FA 		vmrs	APSR_nzcv, FPSCR
 723 015c 7AD9     		bls	.L44
 501:PhysPlateReverb.cpp ****                 break;
 724              		.loc 10 501 13 view .LVU216
 725 015e 9C42     		cmp	r4, r3
 726 0160 00F38781 		bgt	.L45
 504:PhysPlateReverb.cpp **** 
 727              		.loc 10 504 19 view .LVU217
 728 0164 67EE07CA 		vmul.f32	s25, s14, s14
 729              	.LVL44:
 511:PhysPlateReverb.cpp **** 
 730              		.loc 10 511 13 is_stmt 1 view .LVU218
 511:PhysPlateReverb.cpp **** 
 731              		.loc 10 511 51 is_stmt 0 view .LVU219
 732 0168 6CEEA77A 		vmul.f32	s15, s25, s15
 511:PhysPlateReverb.cpp **** 
 733              		.loc 10 511 61 view .LVU220
 734 016c 67EEAC7A 		vmul.f32	s15, s15, s25
 511:PhysPlateReverb.cpp **** 
 735              		.loc 10 511 32 view .LVU221
 736 0170 ECEEA67A 		vfma.f32	s15, s25, s13
 737 0174 F5EE407A 		vcmp.f32	s15, #0
 738 0178 F1EE10FA 		vmrs	APSR_nzcv, FPSCR
 739 017c 00F18B82 		bmi	.L144
 740 0180 B1EEE7EA 		vsqrt.f32	s28, s15
 741              	.L48:
 518:PhysPlateReverb.cpp ****                           * sinf((float)mx * XI * PI_F / LX)
 742              		.loc 10 518 13 is_stmt 1 view .LVU222
ARM GAS  C:\Users\isaia\AppData\Local\Temp\ccT6fYmT.s 			page 42


 519:PhysPlateReverb.cpp ****                           * sinf((float)my * YI * PI_F / LY);
 743              		.loc 10 519 33 is_stmt 0 view .LVU223
 744 0184 9FED6DCA 		vldr.32	s24, .L156+24
 745              	.LVL45:
 534:PhysPlateReverb.cpp ****             raw_beta_sq[raw_count] = beta_sq;
 746              		.loc 10 534 36 view .LVU224
 747 0188 6D4D     		ldr	r5, .L156+28
 519:PhysPlateReverb.cpp ****                           * sinf((float)my * YI * PI_F / LY);
 748              		.loc 10 519 44 view .LVU225
 749 018a F6EE00BA 		vmov.f32	s23, #5.0e-1
 750 018e 29EE2B0A 		vmul.f32	s0, s18, s23
 519:PhysPlateReverb.cpp ****                           * sinf((float)my * YI * PI_F / LY);
 751              		.loc 10 519 33 view .LVU226
 752 0192 20EE0C0A 		vmul.f32	s0, s0, s24
 753 0196 FFF7FEFF 		bl	sinf
 754              	.LVL46:
 520:PhysPlateReverb.cpp **** 
 755              		.loc 10 520 44 view .LVU227
 756 019a 68EE2B7A 		vmul.f32	s15, s16, s23
 519:PhysPlateReverb.cpp ****                           * sinf((float)my * YI * PI_F / LY);
 757              		.loc 10 519 33 view .LVU228
 758 019e B0EE40BA 		vmov.f32	s22, s0
 520:PhysPlateReverb.cpp **** 
 759              		.loc 10 520 49 view .LVU229
 760 01a2 27EE8C0A 		vmul.f32	s0, s15, s24
 520:PhysPlateReverb.cpp **** 
 761              		.loc 10 520 33 view .LVU230
 762 01a6 20EE2B0A 		vmul.f32	s0, s0, s23
 763 01aa FFF7FEFF 		bl	sinf
 764              	.LVL47:
 524:PhysPlateReverb.cpp ****                             * sinf((float)my * YO_L * PI_F / LY);
 765              		.loc 10 524 46 view .LVU231
 766 01ae DFED657A 		vldr.32	s15, .L156+32
 520:PhysPlateReverb.cpp **** 
 767              		.loc 10 520 33 view .LVU232
 768 01b2 F0EE40DA 		vmov.f32	s27, s0
 769              	.LVL48:
 523:PhysPlateReverb.cpp ****                             * sinf((float)mx * XO_L * PI_F / LX)
 770              		.loc 10 523 13 is_stmt 1 view .LVU233
 524:PhysPlateReverb.cpp ****                             * sinf((float)my * YO_L * PI_F / LY);
 771              		.loc 10 524 46 is_stmt 0 view .LVU234
 772 01b6 29EE270A 		vmul.f32	s0, s18, s15
 773              	.LVL49:
 524:PhysPlateReverb.cpp ****                             * sinf((float)my * YO_L * PI_F / LY);
 774              		.loc 10 524 35 view .LVU235
 775 01ba 20EE0C0A 		vmul.f32	s0, s0, s24
 776 01be FFF7FEFF 		bl	sinf
 777              	.LVL50:
 525:PhysPlateReverb.cpp **** 
 778              		.loc 10 525 46 view .LVU236
 779 01c2 DFED617A 		vldr.32	s15, .L156+36
 524:PhysPlateReverb.cpp ****                             * sinf((float)my * YO_L * PI_F / LY);
 780              		.loc 10 524 35 view .LVU237
 781 01c6 F0EE40AA 		vmov.f32	s21, s0
 525:PhysPlateReverb.cpp **** 
 782              		.loc 10 525 46 view .LVU238
 783 01ca 68EE277A 		vmul.f32	s15, s16, s15
ARM GAS  C:\Users\isaia\AppData\Local\Temp\ccT6fYmT.s 			page 43


 525:PhysPlateReverb.cpp **** 
 784              		.loc 10 525 53 view .LVU239
 785 01ce 67EE8C7A 		vmul.f32	s15, s15, s24
 525:PhysPlateReverb.cpp **** 
 786              		.loc 10 525 35 view .LVU240
 787 01d2 27EEAB0A 		vmul.f32	s0, s15, s23
 788 01d6 FFF7FEFF 		bl	sinf
 789              	.LVL51:
 529:PhysPlateReverb.cpp ****                             * sinf((float)my * YO_R * PI_F / LY);
 790              		.loc 10 529 46 view .LVU241
 791 01da DFED5C7A 		vldr.32	s15, .L156+40
 525:PhysPlateReverb.cpp **** 
 792              		.loc 10 525 35 view .LVU242
 793 01de B0EE40DA 		vmov.f32	s26, s0
 794              	.LVL52:
 528:PhysPlateReverb.cpp ****                             * sinf((float)mx * XO_R * PI_F / LX)
 795              		.loc 10 528 13 is_stmt 1 view .LVU243
 529:PhysPlateReverb.cpp ****                             * sinf((float)my * YO_R * PI_F / LY);
 796              		.loc 10 529 46 is_stmt 0 view .LVU244
 797 01e2 29EE270A 		vmul.f32	s0, s18, s15
 798              	.LVL53:
 529:PhysPlateReverb.cpp ****                             * sinf((float)my * YO_R * PI_F / LY);
 799              		.loc 10 529 35 view .LVU245
 800 01e6 20EE0C0A 		vmul.f32	s0, s0, s24
 801 01ea FFF7FEFF 		bl	sinf
 802              	.LVL54:
 530:PhysPlateReverb.cpp **** 
 803              		.loc 10 530 46 view .LVU246
 804 01ee DFED587A 		vldr.32	s15, .L156+44
 529:PhysPlateReverb.cpp ****                             * sinf((float)my * YO_R * PI_F / LY);
 805              		.loc 10 529 35 view .LVU247
 806 01f2 F0EE408A 		vmov.f32	s17, s0
 530:PhysPlateReverb.cpp **** 
 807              		.loc 10 530 46 view .LVU248
 808 01f6 28EE278A 		vmul.f32	s16, s16, s15
 809              	.LVL55:
 530:PhysPlateReverb.cpp **** 
 810              		.loc 10 530 53 view .LVU249
 811 01fa 28EE0C8A 		vmul.f32	s16, s16, s24
 530:PhysPlateReverb.cpp **** 
 812              		.loc 10 530 35 view .LVU250
 813 01fe 28EE2B0A 		vmul.f32	s0, s16, s23
 814 0202 FFF7FEFF 		bl	sinf
 815              	.LVL56:
 534:PhysPlateReverb.cpp ****             raw_beta_sq[raw_count] = beta_sq;
 816              		.loc 10 534 13 is_stmt 1 view .LVU251
 535:PhysPlateReverb.cpp ****             raw_phi_i[raw_count]   = phi_i;
 817              		.loc 10 535 13 view .LVU252
 536:PhysPlateReverb.cpp ****             raw_phi_o_l[raw_count] = phi_o_l;
 818              		.loc 10 536 13 view .LVU253
 537:PhysPlateReverb.cpp ****             raw_phi_o_r[raw_count] = phi_o_r;
 819              		.loc 10 537 13 view .LVU254
 538:PhysPlateReverb.cpp ****             raw_count++;
 820              		.loc 10 538 13 view .LVU255
 519:PhysPlateReverb.cpp ****                           * sinf((float)my * YI * PI_F / LY);
 821              		.loc 10 519 27 is_stmt 0 view .LVU256
 822 0206 DFED536A 		vldr.32	s13, .L156+48
ARM GAS  C:\Users\isaia\AppData\Local\Temp\ccT6fYmT.s 			page 44


 535:PhysPlateReverb.cpp ****             raw_phi_i[raw_count]   = phi_i;
 823              		.loc 10 535 36 view .LVU257
 824 020a 5348     		ldr	r0, .L156+52
 534:PhysPlateReverb.cpp ****             raw_beta_sq[raw_count] = beta_sq;
 825              		.loc 10 534 36 view .LVU258
 826 020c 05EB840C 		add	ip, r5, r4, lsl #2
 519:PhysPlateReverb.cpp ****                           * sinf((float)my * YI * PI_F / LY);
 827              		.loc 10 519 27 view .LVU259
 828 0210 2BEE267A 		vmul.f32	s14, s22, s13
 536:PhysPlateReverb.cpp ****             raw_phi_o_l[raw_count] = phi_o_l;
 829              		.loc 10 536 36 view .LVU260
 830 0214 5149     		ldr	r1, .L156+56
 524:PhysPlateReverb.cpp ****                             * sinf((float)my * YO_L * PI_F / LY);
 831              		.loc 10 524 29 view .LVU261
 832 0216 6AEEA67A 		vmul.f32	s15, s21, s13
 537:PhysPlateReverb.cpp ****             raw_phi_o_r[raw_count] = phi_o_r;
 833              		.loc 10 537 36 view .LVU262
 834 021a 514A     		ldr	r2, .L156+60
 529:PhysPlateReverb.cpp ****                             * sinf((float)my * YO_R * PI_F / LY);
 835              		.loc 10 529 29 view .LVU263
 836 021c 68EEA68A 		vmul.f32	s17, s17, s13
 837              	.LVL57:
 538:PhysPlateReverb.cpp ****             raw_count++;
 838              		.loc 10 538 36 view .LVU264
 839 0220 504B     		ldr	r3, .L156+64
 518:PhysPlateReverb.cpp ****                           * sinf((float)mx * XI * PI_F / LX)
 840              		.loc 10 518 19 view .LVU265
 841 0222 27EE2DBA 		vmul.f32	s22, s14, s27
 842              	.LVL58:
 535:PhysPlateReverb.cpp ****             raw_phi_i[raw_count]   = phi_i;
 843              		.loc 10 535 36 view .LVU266
 844 0226 00EB8400 		add	r0, r0, r4, lsl #2
 523:PhysPlateReverb.cpp ****                             * sinf((float)mx * XO_L * PI_F / LX)
 845              		.loc 10 523 19 view .LVU267
 846 022a 67EE8DAA 		vmul.f32	s21, s15, s26
 847              	.LVL59:
 536:PhysPlateReverb.cpp ****             raw_phi_o_l[raw_count] = phi_o_l;
 848              		.loc 10 536 36 view .LVU268
 849 022e 01EB8401 		add	r1, r1, r4, lsl #2
 528:PhysPlateReverb.cpp ****                             * sinf((float)mx * XO_R * PI_F / LX)
 850              		.loc 10 528 19 view .LVU269
 851 0232 68EE808A 		vmul.f32	s17, s17, s0
 852              	.LVL60:
 537:PhysPlateReverb.cpp ****             raw_phi_o_r[raw_count] = phi_o_r;
 853              		.loc 10 537 36 view .LVU270
 854 0236 02EB8402 		add	r2, r2, r4, lsl #2
 538:PhysPlateReverb.cpp ****             raw_count++;
 855              		.loc 10 538 36 view .LVU271
 856 023a 03EB8403 		add	r3, r3, r4, lsl #2
 857 023e 0134     		adds	r4, r4, #1
 858              	.LVL61:
 539:PhysPlateReverb.cpp ****         }
 859              		.loc 10 539 13 is_stmt 1 view .LVU272
 534:PhysPlateReverb.cpp ****             raw_beta_sq[raw_count] = beta_sq;
 860              		.loc 10 534 36 is_stmt 0 view .LVU273
 861 0240 8CED00EA 		vstr.32	s28, [ip]
 535:PhysPlateReverb.cpp ****             raw_phi_i[raw_count]   = phi_i;
ARM GAS  C:\Users\isaia\AppData\Local\Temp\ccT6fYmT.s 			page 45


 862              		.loc 10 535 36 view .LVU274
 863 0244 C0ED00CA 		vstr.32	s25, [r0]
 536:PhysPlateReverb.cpp ****             raw_phi_o_l[raw_count] = phi_o_l;
 864              		.loc 10 536 36 view .LVU275
 865 0248 81ED00BA 		vstr.32	s22, [r1]
 537:PhysPlateReverb.cpp ****             raw_phi_o_r[raw_count] = phi_o_r;
 866              		.loc 10 537 36 view .LVU276
 867 024c C2ED00AA 		vstr.32	s21, [r2]
 538:PhysPlateReverb.cpp ****             raw_count++;
 868              		.loc 10 538 36 view .LVU277
 869 0250 C3ED008A 		vstr.32	s17, [r3]
 870              	.LVL62:
 871              	.L44:
 538:PhysPlateReverb.cpp ****             raw_count++;
 872              		.loc 10 538 36 view .LVU278
 873              	.LBE339:
 482:PhysPlateReverb.cpp ****         {
 874              		.loc 10 482 9 is_stmt 1 discriminator 2 view .LVU279
 875 0254 0136     		adds	r6, r6, #1
 876              	.LVL63:
 482:PhysPlateReverb.cpp ****         {
 877              		.loc 10 482 29 discriminator 2 view .LVU280
 878 0256 B742     		cmp	r7, r6
 879 0258 BFF65EAF 		bge	.L49
 880              	.LVL64:
 881              	.L40:
 482:PhysPlateReverb.cpp ****         {
 882              		.loc 10 482 29 is_stmt 0 discriminator 2 view .LVU281
 883              	.LBE337:
 542:PhysPlateReverb.cpp ****             break;
 884              		.loc 10 542 9 is_stmt 1 view .LVU282
 885 025c 42F6DF63 		movw	r3, #11999
 886 0260 9C42     		cmp	r4, r3
 887 0262 00F30681 		bgt	.L45
 542:PhysPlateReverb.cpp ****             break;
 888              		.loc 10 542 9 is_stmt 0 view .LVU283
 889              	.LBE336:
 480:PhysPlateReverb.cpp ****     {
 890              		.loc 10 480 5 is_stmt 1 discriminator 2 view .LVU284
 891 0266 08F10108 		add	r8, r8, #1
 892              	.LVL65:
 480:PhysPlateReverb.cpp ****     {
 893              		.loc 10 480 25 discriminator 2 view .LVU285
 894 026a C145     		cmp	r9, r8
 895 026c BFF646AF 		bge	.L38
 480:PhysPlateReverb.cpp ****     {
 896              		.loc 10 480 25 is_stmt 0 discriminator 2 view .LVU286
 897              	.LBE346:
 563:PhysPlateReverb.cpp ****     {
 898              		.loc 10 563 5 is_stmt 1 view .LVU287
 899 0270 5546     		mov	r5, r10
 900 0272 002C     		cmp	r4, #0
 901 0274 00F0C281 		beq	.L39
 902              	.LVL66:
 572:PhysPlateReverb.cpp ****     float bsq_max = raw_beta_sq[0];
 903              		.loc 10 572 5 view .LVU288
 572:PhysPlateReverb.cpp ****     float bsq_max = raw_beta_sq[0];
ARM GAS  C:\Users\isaia\AppData\Local\Temp\ccT6fYmT.s 			page 46


 904              		.loc 10 572 11 is_stmt 0 view .LVU289
 905 0278 374A     		ldr	r2, .L156+52
 906              	.LBB347:
 574:PhysPlateReverb.cpp ****     {
 907              		.loc 10 574 23 view .LVU290
 908 027a 012C     		cmp	r4, #1
 909              	.LBE347:
 572:PhysPlateReverb.cpp ****     float bsq_max = raw_beta_sq[0];
 910              		.loc 10 572 11 view .LVU291
 911 027c 92ED006A 		vldr.32	s12, [r2]
 912              	.LVL67:
 573:PhysPlateReverb.cpp ****     for (int i = 1; i < raw_count; i++)
 913              		.loc 10 573 5 is_stmt 1 view .LVU292
 574:PhysPlateReverb.cpp ****     {
 914              		.loc 10 574 5 view .LVU293
 915              	.LBB348:
 574:PhysPlateReverb.cpp ****     {
 916              		.loc 10 574 23 view .LVU294
 917 0280 40F0FB80 		bne	.L95
 918              	.LBE348:
 572:PhysPlateReverb.cpp ****     float bsq_max = raw_beta_sq[0];
 919              		.loc 10 572 11 is_stmt 0 view .LVU295
 920 0284 F0EE466A 		vmov.f32	s13, s12
 921 0288 B0EE467A 		vmov.f32	s14, s12
 922              	.LVL68:
 923              	.L52:
 581:PhysPlateReverb.cpp ****     const float t60_high_init = 0.5f;    // T60 at highest mode [s]
 924              		.loc 10 581 5 is_stmt 1 view .LVU296
 582:PhysPlateReverb.cpp **** 
 925              		.loc 10 582 5 view .LVU297
 585:PhysPlateReverb.cpp **** 
 926              		.loc 10 585 5 view .LVU298
 588:PhysPlateReverb.cpp ****     if (bsq_range < 1e-10f) bsq_range = 1e-10f;
 927              		.loc 10 588 5 view .LVU299
 588:PhysPlateReverb.cpp ****     if (bsq_range < 1e-10f) bsq_range = 1e-10f;
 928              		.loc 10 588 11 is_stmt 0 view .LVU300
 929 028c 76EEC75A 		vsub.f32	s11, s13, s14
 930              	.LVL69:
 589:PhysPlateReverb.cpp **** 
 931              		.loc 10 589 5 is_stmt 1 view .LVU301
 932 0290 DFED357A 		vldr.32	s15, .L156+68
 933 0294 F4EEE75A 		vcmpe.f32	s11, s15
 934 0298 F1EE10FA 		vmrs	APSR_nzcv, FPSCR
 935 029c 00F10681 		bmi	.L98
 592:PhysPlateReverb.cpp ****                   * ((bsq_max / t60_low_init) - (bsq_min / t60_high_init));
 936              		.loc 10 592 29 is_stmt 0 view .LVU302
 937 02a0 DFED324A 		vldr.32	s9, .L156+72
 596:PhysPlateReverb.cpp ****                   * (1.0f / t60_high_init - 1.0f / t60_low_init);
 938              		.loc 10 596 11 view .LVU303
 939 02a4 B7EE085A 		vmov.f32	s10, #1.5e+0
 592:PhysPlateReverb.cpp ****                   * ((bsq_max / t60_low_init) - (bsq_min / t60_high_init));
 940              		.loc 10 592 29 view .LVU304
 941 02a8 C4EEA57A 		vdiv.f32	s15, s9, s11
 596:PhysPlateReverb.cpp ****                   * (1.0f / t60_high_init - 1.0f / t60_low_init);
 942              		.loc 10 596 11 view .LVU305
 943 02ac 27EE855A 		vmul.f32	s10, s15, s10
 944              	.L58:
ARM GAS  C:\Users\isaia\AppData\Local\Temp\ccT6fYmT.s 			page 47


 945              	.LVL70:
 592:PhysPlateReverb.cpp ****                   * ((bsq_max / t60_low_init) - (bsq_min / t60_high_init));
 946              		.loc 10 592 5 is_stmt 1 view .LVU306
 593:PhysPlateReverb.cpp **** 
 947              		.loc 10 593 58 is_stmt 0 view .LVU307
 948 02b0 77EE075A 		vadd.f32	s11, s14, s14
 949 02b4 2E49     		ldr	r1, .L156+76
 593:PhysPlateReverb.cpp **** 
 950              		.loc 10 593 47 view .LVU308
 951 02b6 F6EE004A 		vmov.f32	s9, #5.0e-1
 592:PhysPlateReverb.cpp ****                   * ((bsq_max / t60_low_init) - (bsq_min / t60_high_init));
 952              		.loc 10 592 11 view .LVU309
 953 02ba 2E4A     		ldr	r2, .L156+80
 954              	.LBB349:
 604:PhysPlateReverb.cpp ****     {
 955              		.loc 10 604 14 view .LVU310
 956 02bc 0023     		movs	r3, #0
 957              	.LBE349:
 593:PhysPlateReverb.cpp **** 
 958              		.loc 10 593 47 view .LVU311
 959 02be D6EEA45A 		vfnms.f32	s11, s13, s9
 592:PhysPlateReverb.cpp ****                   * ((bsq_max / t60_low_init) - (bsq_min / t60_high_init));
 960              		.loc 10 592 11 view .LVU312
 961 02c2 65EEA75A 		vmul.f32	s11, s11, s15
 962              	.LVL71:
 596:PhysPlateReverb.cpp ****                   * (1.0f / t60_high_init - 1.0f / t60_low_init);
 963              		.loc 10 596 5 is_stmt 1 view .LVU313
 604:PhysPlateReverb.cpp ****     {
 964              		.loc 10 604 5 view .LVU314
 965              	.LBB350:
 604:PhysPlateReverb.cpp ****     {
 966              		.loc 10 604 23 view .LVU315
 967 02c6 01E0     		b	.L60
 968              	.LVL72:
 969              	.L151:
 606:PhysPlateReverb.cpp ****     }
 970              		.loc 10 606 53 is_stmt 0 view .LVU316
 971 02c8 B1EC016A 		vldmia.32	r1!, {s12}
 972              	.LVL73:
 973              	.L60:
 606:PhysPlateReverb.cpp ****     }
 974              		.loc 10 606 9 is_stmt 1 discriminator 2 view .LVU317
 606:PhysPlateReverb.cpp ****     }
 975              		.loc 10 606 30 is_stmt 0 discriminator 2 view .LVU318
 976 02cc F0EE657A 		vmov.f32	s15, s11
 604:PhysPlateReverb.cpp ****     {
 977              		.loc 10 604 5 discriminator 2 view .LVU319
 978 02d0 0133     		adds	r3, r3, #1
 979              	.LVL74:
 604:PhysPlateReverb.cpp ****     {
 980              		.loc 10 604 23 discriminator 2 view .LVU320
 981 02d2 A342     		cmp	r3, r4
 606:PhysPlateReverb.cpp ****     }
 982              		.loc 10 606 30 discriminator 2 view .LVU321
 983 02d4 E5EE067A 		vfma.f32	s15, s10, s12
 606:PhysPlateReverb.cpp ****     }
 984              		.loc 10 606 22 discriminator 2 view .LVU322
ARM GAS  C:\Users\isaia\AppData\Local\Temp\ccT6fYmT.s 			page 48


 985 02d8 E2EC017A 		vstmia.32	r2!, {s15}
 604:PhysPlateReverb.cpp ****     {
 986              		.loc 10 604 5 is_stmt 1 discriminator 2 view .LVU323
 987              	.LVL75:
 604:PhysPlateReverb.cpp ****     {
 988              		.loc 10 604 23 discriminator 2 view .LVU324
 989 02dc F4DB     		blt	.L151
 604:PhysPlateReverb.cpp ****     {
 990              		.loc 10 604 23 is_stmt 0 discriminator 2 view .LVU325
 991 02de DFF898A0 		ldr	r10, .L156+84
 992              	.LBE350:
 993              	.LBB351:
 648:PhysPlateReverb.cpp ****         raw_active[i] = 1;
 994              		.loc 10 648 14 view .LVU326
 995 02e2 0023     		movs	r3, #0
 996              	.LVL76:
 648:PhysPlateReverb.cpp ****         raw_active[i] = 1;
 997              		.loc 10 648 14 view .LVU327
 998              	.LBE351:
 999              	.LBB352:
 604:PhysPlateReverb.cpp ****     {
 1000              		.loc 10 604 23 view .LVU328
 1001 02e4 5246     		mov	r2, r10
 1002              	.L61:
 1003              	.LVL77:
 604:PhysPlateReverb.cpp ****     {
 1004              		.loc 10 604 23 view .LVU329
 1005              	.LBE352:
 1006              	.LBB353:
 649:PhysPlateReverb.cpp **** 
 1007              		.loc 10 649 9 is_stmt 1 discriminator 2 view .LVU330
 649:PhysPlateReverb.cpp **** 
 1008              		.loc 10 649 23 is_stmt 0 discriminator 2 view .LVU331
 1009 02e6 0121     		movs	r1, #1
 648:PhysPlateReverb.cpp ****         raw_active[i] = 1;
 1010              		.loc 10 648 5 discriminator 2 view .LVU332
 1011 02e8 0B44     		add	r3, r3, r1
 1012              	.LVL78:
 649:PhysPlateReverb.cpp **** 
 1013              		.loc 10 649 23 discriminator 2 view .LVU333
 1014 02ea 42F8041B 		str	r1, [r2], #4
 648:PhysPlateReverb.cpp ****         raw_active[i] = 1;
 1015              		.loc 10 648 5 is_stmt 1 discriminator 2 view .LVU334
 1016              	.LVL79:
 648:PhysPlateReverb.cpp ****         raw_active[i] = 1;
 1017              		.loc 10 648 23 discriminator 2 view .LVU335
 1018 02ee A342     		cmp	r3, r4
 1019 02f0 F9DB     		blt	.L61
 1020 02f2 DFF86890 		ldr	r9, .L156+56
 1021              	.LVL80:
 648:PhysPlateReverb.cpp ****         raw_active[i] = 1;
 1022              		.loc 10 648 23 is_stmt 0 discriminator 2 view .LVU336
 1023              	.LBE353:
 1024              	.LBB354:
 656:PhysPlateReverb.cpp ****     {
 1025              		.loc 10 656 14 view .LVU337
 1026 02f6 4FF0000C 		mov	ip, #0
ARM GAS  C:\Users\isaia\AppData\Local\Temp\ccT6fYmT.s 			page 49


 1027 02fa 1A4F     		ldr	r7, .L156+64
 1028              	.LVL81:
 656:PhysPlateReverb.cpp ****     {
 1029              		.loc 10 656 14 view .LVU338
 1030 02fc DFF86080 		ldr	r8, .L156+60
 1031              	.LVL82:
 656:PhysPlateReverb.cpp ****     {
 1032              		.loc 10 656 14 view .LVU339
 1033              	.LBE354:
 1034              	.LBB359:
 648:PhysPlateReverb.cpp ****         raw_active[i] = 1;
 1035              		.loc 10 648 23 view .LVU340
 1036 0300 CB46     		mov	fp, r9
 1037 0302 0F4E     		ldr	r6, .L156+28
 1038 0304 1B4B     		ldr	r3, .L156+80
 1039              	.LVL83:
 648:PhysPlateReverb.cpp ****         raw_active[i] = 1;
 1040              		.loc 10 648 23 view .LVU341
 1041 0306 4046     		mov	r0, r8
 1042 0308 1B4A     		ldr	r2, .L156+84
 1043 030a 0097     		str	r7, [sp]
 1044              	.LBE359:
 1045              	.LBB360:
 656:PhysPlateReverb.cpp ****     {
 1046              		.loc 10 656 14 view .LVU342
 1047 030c 0297     		str	r7, [sp, #8]
 1048 030e 9646     		mov	lr, r2
 1049 0310 5746     		mov	r7, r10
 1050 0312 0595     		str	r5, [sp, #20]
 1051 0314 9A46     		mov	r10, r3
 1052 0316 CDE90389 		strd	r8, r9, [sp, #12]
 1053 031a DFF84880 		ldr	r8, .L156+64
 1054 031e B146     		mov	r9, r6
 1055 0320 41E0     		b	.L75
 1056              	.L157:
 1057 0322 00BF     		.align	2
 1058              	.L156:
 1059 0324 686ABD3F 		.word	1069378152
 1060 0328 7C254146 		.word	1178674556
 1061 032c 085DDE42 		.word	1121869064
 1062 0330 686A3D40 		.word	1077766760
 1063 0334 E7E91D41 		.word	1092479463
 1064 0338 E7E91D42 		.word	1109256679
 1065 033c DB0F4940 		.word	1078530011
 1066 0340 00650400 		.word	_ZL9raw_omega
 1067 0344 9A99993E 		.word	1050253722
 1068 0348 3333333F 		.word	1060320051
 1069 034c CDCC4C3F 		.word	1061997773
 1070 0350 CDCCCC3E 		.word	1053609165
 1071 0354 F304B53F 		.word	1068827891
 1072 0358 80A90300 		.word	_ZL11raw_beta_sq
 1073 035c 80320200 		.word	_ZL9raw_phi_i
 1074 0360 00770100 		.word	_ZL11raw_phi_o_l
 1075 0364 80BB0000 		.word	_ZL11raw_phi_o_r
 1076 0368 FFE6DB2E 		.word	786163455
 1077 036c 550C5D41 		.word	1096617045
 1078 0370 84A90300 		.word	_ZL11raw_beta_sq+4
ARM GAS  C:\Users\isaia\AppData\Local\Temp\ccT6fYmT.s 			page 50


 1079 0374 00EE0200 		.word	_ZL9raw_sigma
 1080 0378 00000000 		.word	_ZL10raw_active
 1081 037c ACC52737 		.word	925353388
 1082 0380 0078173B 		.word	991393792
 1083              	.LVL84:
 1084              	.L64:
 1085              	.LBB355:
 676:PhysPlateReverb.cpp ****             continue;
 1086              		.loc 10 676 13 is_stmt 1 discriminator 1 view .LVU343
 676:PhysPlateReverb.cpp ****             continue;
 1087              		.loc 10 676 27 is_stmt 0 discriminator 1 view .LVU344
 1088 0384 0023     		movs	r3, #0
 1089 0386 4EF8043C 		str	r3, [lr, #-4]
 677:PhysPlateReverb.cpp ****         }
 1090              		.loc 10 677 13 is_stmt 1 discriminator 1 view .LVU345
 1091              	.L63:
 1092              	.LBE355:
 656:PhysPlateReverb.cpp ****     {
 1093              		.loc 10 656 5 discriminator 2 view .LVU346
 1094 038a 0CF1010C 		add	ip, ip, #1
 1095              	.LVL85:
 656:PhysPlateReverb.cpp ****     {
 1096              		.loc 10 656 23 discriminator 2 view .LVU347
 1097 038e 0BF1040B 		add	fp, fp, #4
 1098 0392 08F10408 		add	r8, r8, #4
 1099 0396 0430     		adds	r0, r0, #4
 1100 0398 A445     		cmp	ip, r4
 1101 039a 09F10409 		add	r9, r9, #4
 1102 039e 0AF1040A 		add	r10, r10, #4
 1103 03a2 80F28880 		bge	.L152
 1104              	.LVL86:
 1105              	.L75:
 1106              	.LBB358:
 660:PhysPlateReverb.cpp ****             continue;   // already pruned by an earlier iteration — skip
 1107              		.loc 10 660 9 view .LVU348
 660:PhysPlateReverb.cpp ****             continue;   // already pruned by an earlier iteration — skip
 1108              		.loc 10 660 26 is_stmt 0 view .LVU349
 1109 03a6 5EF8043B 		ldr	r3, [lr], #4
 660:PhysPlateReverb.cpp ****             continue;   // already pruned by an earlier iteration — skip
 1110              		.loc 10 660 9 view .LVU350
 1111 03aa 002B     		cmp	r3, #0
 1112 03ac EDD0     		beq	.L63
 672:PhysPlateReverb.cpp ****             (fabsf(raw_phi_o_l[m]) < PHI_THRESH &&
 1113              		.loc 10 672 9 is_stmt 1 view .LVU351
 672:PhysPlateReverb.cpp ****             (fabsf(raw_phi_o_l[m]) < PHI_THRESH &&
 1114              		.loc 10 672 18 is_stmt 0 view .LVU352
 1115 03ae DBED007A 		vldr.32	s15, [fp]
 672:PhysPlateReverb.cpp ****             (fabsf(raw_phi_o_l[m]) < PHI_THRESH &&
 1116              		.loc 10 672 9 view .LVU353
 1117 03b2 1FED0E6A 		vldr.32	s12, .L156+88
 672:PhysPlateReverb.cpp ****             (fabsf(raw_phi_o_l[m]) < PHI_THRESH &&
 1118              		.loc 10 672 18 view .LVU354
 1119 03b6 F0EEE77A 		vabs.f32	s15, s15
 672:PhysPlateReverb.cpp ****             (fabsf(raw_phi_o_l[m]) < PHI_THRESH &&
 1120              		.loc 10 672 9 view .LVU355
 1121 03ba F4EEC67A 		vcmpe.f32	s15, s12
 1122 03be F1EE10FA 		vmrs	APSR_nzcv, FPSCR
ARM GAS  C:\Users\isaia\AppData\Local\Temp\ccT6fYmT.s 			page 51


 1123 03c2 DFD4     		bmi	.L64
 673:PhysPlateReverb.cpp ****              fabsf(raw_phi_o_r[m]) < PHI_THRESH))
 1124              		.loc 10 673 19 discriminator 2 view .LVU356
 1125 03c4 D0ED007A 		vldr.32	s15, [r0]
 1126 03c8 F0EEE77A 		vabs.f32	s15, s15
 672:PhysPlateReverb.cpp ****             (fabsf(raw_phi_o_l[m]) < PHI_THRESH &&
 1127              		.loc 10 672 46 discriminator 2 view .LVU357
 1128 03cc F4EEC67A 		vcmpe.f32	s15, s12
 1129 03d0 F1EE10FA 		vmrs	APSR_nzcv, FPSCR
 1130 03d4 08D5     		bpl	.L65
 674:PhysPlateReverb.cpp ****         {
 1131              		.loc 10 674 19 view .LVU358
 1132 03d6 D8ED007A 		vldr.32	s15, [r8]
 1133 03da F0EEE77A 		vabs.f32	s15, s15
 673:PhysPlateReverb.cpp ****              fabsf(raw_phi_o_r[m]) < PHI_THRESH))
 1134              		.loc 10 673 49 view .LVU359
 1135 03de F4EEC67A 		vcmpe.f32	s15, s12
 1136 03e2 F1EE10FA 		vmrs	APSR_nzcv, FPSCR
 1137 03e6 CDD4     		bmi	.L64
 1138              	.L65:
 695:PhysPlateReverb.cpp ****         float omega_lo = raw_omega[m] - half_freq_win;   // lower freq bound
 1139              		.loc 10 695 9 is_stmt 1 view .LVU360
 695:PhysPlateReverb.cpp ****         float omega_lo = raw_omega[m] - half_freq_win;   // lower freq bound
 1140              		.loc 10 695 65 is_stmt 0 view .LVU361
 1141 03e8 D9ED007A 		vldr.32	s15, [r9]
 1142              	.LVL87:
 696:PhysPlateReverb.cpp ****         float omega_hi = raw_omega[m] + half_freq_win;   // upper freq bound
 1143              		.loc 10 696 9 is_stmt 1 view .LVU362
 700:PhysPlateReverb.cpp ****         float sigma_hi = raw_sigma[m] + half_damp_win;   // upper damp bound
 1144              		.loc 10 700 15 is_stmt 0 view .LVU363
 1145 03ec F5EE004A 		vmov.f32	s9, #2.5e-1
 696:PhysPlateReverb.cpp ****         float omega_hi = raw_omega[m] + half_freq_win;   // upper freq bound
 1146              		.loc 10 696 15 view .LVU364
 1147 03f0 1FED1D4A 		vldr.32	s8, .L156+92
 701:PhysPlateReverb.cpp **** 
 1148              		.loc 10 701 15 view .LVU365
 1149 03f4 3146     		mov	r1, r6
 696:PhysPlateReverb.cpp ****         float omega_hi = raw_omega[m] + half_freq_win;   // upper freq bound
 1150              		.loc 10 696 15 view .LVU366
 1151 03f6 B0EE675A 		vmov.f32	s10, s15
 699:PhysPlateReverb.cpp ****         float sigma_lo = raw_sigma[m] - half_damp_win;   // lower damp bound
 1152              		.loc 10 699 65 view .LVU367
 1153 03fa DAED005A 		vldr.32	s11, [r10]
 701:PhysPlateReverb.cpp **** 
 1154              		.loc 10 701 15 view .LVU368
 1155 03fe BB4D     		ldr	r5, .L158
 1156 0400 3A46     		mov	r2, r7
 1157              	.LBB356:
 703:PhysPlateReverb.cpp ****         {
 1158              		.loc 10 703 18 view .LVU369
 1159 0402 0023     		movs	r3, #0
 1160 0404 0090     		str	r0, [sp]
 1161              	.LBE356:
 696:PhysPlateReverb.cpp ****         float omega_hi = raw_omega[m] + half_freq_win;   // upper freq bound
 1162              		.loc 10 696 15 view .LVU370
 1163 0406 A7EEC45A 		vfms.f32	s10, s15, s8
 1164              	.LVL88:
ARM GAS  C:\Users\isaia\AppData\Local\Temp\ccT6fYmT.s 			page 52


 697:PhysPlateReverb.cpp **** 
 1165              		.loc 10 697 9 is_stmt 1 view .LVU371
 697:PhysPlateReverb.cpp **** 
 1166              		.loc 10 697 15 is_stmt 0 view .LVU372
 1167 040a E7EE847A 		vfma.f32	s15, s15, s8
 1168              	.LVL89:
 700:PhysPlateReverb.cpp ****         float sigma_hi = raw_sigma[m] + half_damp_win;   // upper damp bound
 1169              		.loc 10 700 15 view .LVU373
 1170 040e B0EE654A 		vmov.f32	s8, s11
 1171 0412 A5EEE44A 		vfms.f32	s8, s11, s9
 701:PhysPlateReverb.cpp **** 
 1172              		.loc 10 701 15 view .LVU374
 1173 0416 E5EEA45A 		vfma.f32	s11, s11, s9
 697:PhysPlateReverb.cpp **** 
 1174              		.loc 10 697 15 view .LVU375
 1175 041a B0EE676A 		vmov.f32	s12, s15
 1176              	.LVL90:
 699:PhysPlateReverb.cpp ****         float sigma_lo = raw_sigma[m] - half_damp_win;   // lower damp bound
 1177              		.loc 10 699 9 is_stmt 1 view .LVU376
 700:PhysPlateReverb.cpp ****         float sigma_hi = raw_sigma[m] + half_damp_win;   // upper damp bound
 1178              		.loc 10 700 9 view .LVU377
 701:PhysPlateReverb.cpp **** 
 1179              		.loc 10 701 9 view .LVU378
 703:PhysPlateReverb.cpp ****         {
 1180              		.loc 10 703 9 view .LVU379
 1181              	.LBB357:
 703:PhysPlateReverb.cpp ****         {
 1182              		.loc 10 703 27 view .LVU380
 1183              	.L74:
 705:PhysPlateReverb.cpp ****             if (!raw_active[j]) continue;   // already pruned — no work to do
 1184              		.loc 10 705 13 view .LVU381
 706:PhysPlateReverb.cpp **** 
 1185              		.loc 10 706 13 view .LVU382
 710:PhysPlateReverb.cpp ****                 raw_sigma[j] > sigma_lo && raw_sigma[j] < sigma_hi)
 1186              		.loc 10 710 13 view .LVU383
 703:PhysPlateReverb.cpp ****         {
 1187              		.loc 10 703 9 view .LVU384
 705:PhysPlateReverb.cpp ****             if (!raw_active[j]) continue;   // already pruned — no work to do
 1188              		.loc 10 705 13 is_stmt 0 view .LVU385
 1189 041e 9C45     		cmp	ip, r3
 703:PhysPlateReverb.cpp ****         {
 1190              		.loc 10 703 9 view .LVU386
 1191 0420 03F10103 		add	r3, r3, #1
 1192              	.LVL91:
 703:PhysPlateReverb.cpp ****         {
 1193              		.loc 10 703 27 is_stmt 1 view .LVU387
 705:PhysPlateReverb.cpp ****             if (!raw_active[j]) continue;   // already pruned — no work to do
 1194              		.loc 10 705 13 is_stmt 0 view .LVU388
 1195 0424 1BD0     		beq	.L68
 706:PhysPlateReverb.cpp **** 
 1196              		.loc 10 706 13 view .LVU389
 1197 0426 1068     		ldr	r0, [r2]
 1198 0428 C8B1     		cbz	r0, .L68
 710:PhysPlateReverb.cpp ****                 raw_sigma[j] > sigma_lo && raw_sigma[j] < sigma_hi)
 1199              		.loc 10 710 28 view .LVU390
 1200 042a D1ED007A 		vldr.32	s15, [r1]
 710:PhysPlateReverb.cpp ****                 raw_sigma[j] > sigma_lo && raw_sigma[j] < sigma_hi)
ARM GAS  C:\Users\isaia\AppData\Local\Temp\ccT6fYmT.s 			page 53


 1201              		.loc 10 710 13 view .LVU391
 1202 042e F4EEC57A 		vcmpe.f32	s15, s10
 1203 0432 F1EE10FA 		vmrs	APSR_nzcv, FPSCR
 1204 0436 12DD     		ble	.L68
 710:PhysPlateReverb.cpp ****                 raw_sigma[j] > sigma_lo && raw_sigma[j] < sigma_hi)
 1205              		.loc 10 710 41 discriminator 1 view .LVU392
 1206 0438 F4EEC67A 		vcmpe.f32	s15, s12
 1207 043c F1EE10FA 		vmrs	APSR_nzcv, FPSCR
 1208 0440 0DD5     		bpl	.L68
 711:PhysPlateReverb.cpp ****             {
 1209              		.loc 10 711 28 discriminator 2 view .LVU393
 1210 0442 D5ED007A 		vldr.32	s15, [r5]
 710:PhysPlateReverb.cpp ****                 raw_sigma[j] > sigma_lo && raw_sigma[j] < sigma_hi)
 1211              		.loc 10 710 68 discriminator 2 view .LVU394
 1212 0446 F4EEC47A 		vcmpe.f32	s15, s8
 1213 044a F1EE10FA 		vmrs	APSR_nzcv, FPSCR
 1214 044e 06DD     		ble	.L68
 714:PhysPlateReverb.cpp ****             }
 1215              		.loc 10 714 17 is_stmt 1 view .LVU395
 711:PhysPlateReverb.cpp ****             {
 1216              		.loc 10 711 41 is_stmt 0 view .LVU396
 1217 0450 F4EEE57A 		vcmpe.f32	s15, s11
 1218 0454 F1EE10FA 		vmrs	APSR_nzcv, FPSCR
 1219 0458 01D5     		bpl	.L68
 714:PhysPlateReverb.cpp ****             }
 1220              		.loc 10 714 31 view .LVU397
 1221 045a 0020     		movs	r0, #0
 1222 045c 1060     		str	r0, [r2]
 1223              	.L68:
 703:PhysPlateReverb.cpp ****         {
 1224              		.loc 10 703 27 discriminator 2 view .LVU398
 1225 045e A342     		cmp	r3, r4
 1226 0460 02F10402 		add	r2, r2, #4
 1227 0464 05F10405 		add	r5, r5, #4
 1228 0468 01F10401 		add	r1, r1, #4
 1229 046c D7DB     		blt	.L74
 1230 046e 0098     		ldr	r0, [sp]
 1231 0470 8BE7     		b	.L63
 1232              	.LVL92:
 1233              	.L45:
 703:PhysPlateReverb.cpp ****         {
 1234              		.loc 10 703 27 discriminator 2 view .LVU399
 1235              	.LBE357:
 1236              	.LBE358:
 1237              	.LBE360:
 572:PhysPlateReverb.cpp ****     float bsq_max = raw_beta_sq[0];
 1238              		.loc 10 572 11 view .LVU400
 1239 0472 9F4A     		ldr	r2, .L158+4
 1240 0474 5546     		mov	r5, r10
 572:PhysPlateReverb.cpp ****     float bsq_max = raw_beta_sq[0];
 1241              		.loc 10 572 5 is_stmt 1 view .LVU401
 572:PhysPlateReverb.cpp ****     float bsq_max = raw_beta_sq[0];
 1242              		.loc 10 572 11 is_stmt 0 view .LVU402
 1243 0476 92ED006A 		vldr.32	s12, [r2]
 1244              	.LVL93:
 573:PhysPlateReverb.cpp ****     for (int i = 1; i < raw_count; i++)
 1245              		.loc 10 573 5 is_stmt 1 view .LVU403
ARM GAS  C:\Users\isaia\AppData\Local\Temp\ccT6fYmT.s 			page 54


 574:PhysPlateReverb.cpp ****     {
 1246              		.loc 10 574 5 view .LVU404
 1247              	.LBB361:
 574:PhysPlateReverb.cpp ****     {
 1248              		.loc 10 574 23 view .LVU405
 1249              	.L95:
 574:PhysPlateReverb.cpp ****     {
 1250              		.loc 10 574 23 is_stmt 0 view .LVU406
 1251              	.LBE361:
 1252              	.LBB362:
 1253              	.LBB343:
 1254              	.LBB341:
 482:PhysPlateReverb.cpp ****         {
 1255              		.loc 10 482 18 view .LVU407
 1256 047a F0EE466A 		vmov.f32	s13, s12
 1257 047e 9D4B     		ldr	r3, .L158+8
 1258 0480 B0EE467A 		vmov.f32	s14, s12
 1259 0484 02EB8402 		add	r2, r2, r4, lsl #2
 1260              	.LVL94:
 1261              	.L57:
 482:PhysPlateReverb.cpp ****         {
 1262              		.loc 10 482 18 view .LVU408
 1263              	.LBE341:
 1264              	.LBE343:
 1265              	.LBE362:
 1266              	.LBB363:
 576:PhysPlateReverb.cpp ****         if (raw_beta_sq[i] > bsq_max) bsq_max = raw_beta_sq[i];
 1267              		.loc 10 576 9 is_stmt 1 view .LVU409
 576:PhysPlateReverb.cpp ****         if (raw_beta_sq[i] > bsq_max) bsq_max = raw_beta_sq[i];
 1268              		.loc 10 576 26 is_stmt 0 view .LVU410
 1269 0488 F3EC017A 		vldmia.32	r3!, {s15}
 576:PhysPlateReverb.cpp ****         if (raw_beta_sq[i] > bsq_max) bsq_max = raw_beta_sq[i];
 1270              		.loc 10 576 47 view .LVU411
 1271 048c B4EE677A 		vcmp.f32	s14, s15
 1272 0490 F1EE10FA 		vmrs	APSR_nzcv, FPSCR
 577:PhysPlateReverb.cpp ****     }
 1273              		.loc 10 577 47 view .LVU412
 1274 0494 F4EE676A 		vcmp.f32	s13, s15
 576:PhysPlateReverb.cpp ****         if (raw_beta_sq[i] > bsq_max) bsq_max = raw_beta_sq[i];
 1275              		.loc 10 576 47 view .LVU413
 1276 0498 37FE877A 		vselgt.f32	s14, s15, s14
 1277              	.LVL95:
 577:PhysPlateReverb.cpp ****     }
 1278              		.loc 10 577 9 is_stmt 1 view .LVU414
 577:PhysPlateReverb.cpp ****     }
 1279              		.loc 10 577 47 is_stmt 0 view .LVU415
 1280 049c F1EE10FA 		vmrs	APSR_nzcv, FPSCR
 1281 04a0 48BF     		it	mi
 1282 04a2 F0EE676A 		vmovmi.f32	s13, s15
 1283              	.LVL96:
 574:PhysPlateReverb.cpp ****     {
 1284              		.loc 10 574 5 is_stmt 1 view .LVU416
 574:PhysPlateReverb.cpp ****     {
 1285              		.loc 10 574 23 view .LVU417
 1286 04a6 9342     		cmp	r3, r2
 1287 04a8 EED1     		bne	.L57
 1288 04aa EFE6     		b	.L52
ARM GAS  C:\Users\isaia\AppData\Local\Temp\ccT6fYmT.s 			page 55


 1289              	.LVL97:
 1290              	.L98:
 574:PhysPlateReverb.cpp ****     {
 1291              		.loc 10 574 23 is_stmt 0 view .LVU418
 1292              	.LBE363:
 1293 04ac 9FED925A 		vldr.32	s10, .L158+12
 1294 04b0 DFED927A 		vldr.32	s15, .L158+16
 1295 04b4 FCE6     		b	.L58
 1296              	.LVL98:
 1297              	.L152:
 742:PhysPlateReverb.cpp ****     for (int i = 0; i < raw_count; i++)
 1298              		.loc 10 742 16 view .LVU419
 1299 04b6 0022     		movs	r2, #0
 1300 04b8 BA46     		mov	r10, r7
 1301 04ba 8D48     		ldr	r0, .L158+4
 1302              	.LBB364:
 743:PhysPlateReverb.cpp ****     {
 1303              		.loc 10 743 14 view .LVU420
 1304 04bc 1146     		mov	r1, r2
 1305              	.LBE364:
 742:PhysPlateReverb.cpp ****     for (int i = 0; i < raw_count; i++)
 1306              		.loc 10 742 16 view .LVU421
 1307 04be DDE90495 		ldrd	r9, r5, [sp, #16]
 742:PhysPlateReverb.cpp ****     for (int i = 0; i < raw_count; i++)
 1308              		.loc 10 742 5 is_stmt 1 view .LVU422
 742:PhysPlateReverb.cpp ****     for (int i = 0; i < raw_count; i++)
 1309              		.loc 10 742 16 is_stmt 0 view .LVU423
 1310 04c2 DDE90278 		ldrd	r7, r8, [sp, #8]
 1311 04c6 2A60     		str	r2, [r5]
 743:PhysPlateReverb.cpp ****     {
 1312              		.loc 10 743 5 is_stmt 1 view .LVU424
 1313              	.LVL99:
 1314              	.LBB365:
 743:PhysPlateReverb.cpp ****     {
 1315              		.loc 10 743 23 view .LVU425
 1316              	.L78:
 745:PhysPlateReverb.cpp ****             continue;   // pruned — skip
 1317              		.loc 10 745 9 view .LVU426
 748:PhysPlateReverb.cpp ****             break;      // hit our CPU budget — stop adding modes
 1318              		.loc 10 748 9 view .LVU427
 752:PhysPlateReverb.cpp ****         beta_sq_[num_modes_] = raw_beta_sq[i];
 1319              		.loc 10 752 9 view .LVU428
 743:PhysPlateReverb.cpp ****     {
 1320              		.loc 10 743 5 view .LVU429
 1321 04c8 05EB8203 		add	r3, r5, r2, lsl #2
 745:PhysPlateReverb.cpp ****             continue;   // pruned — skip
 1322              		.loc 10 745 26 is_stmt 0 view .LVU430
 1323 04cc 5AF804BB 		ldr	fp, [r10], #4
 757:PhysPlateReverb.cpp ****         num_modes_++;
 1324              		.loc 10 757 37 view .LVU431
 1325 04d0 F6EE005A 		vmov.f32	s11, #5.0e-1
 743:PhysPlateReverb.cpp ****     {
 1326              		.loc 10 743 5 view .LVU432
 1327 04d4 0131     		adds	r1, r1, #1
 1328              	.LVL100:
 743:PhysPlateReverb.cpp ****     {
 1329              		.loc 10 743 23 is_stmt 1 view .LVU433
ARM GAS  C:\Users\isaia\AppData\Local\Temp\ccT6fYmT.s 			page 56


 753:PhysPlateReverb.cpp ****         phi_i_[num_modes_]   = raw_phi_i[i];
 1330              		.loc 10 753 30 is_stmt 0 view .LVU434
 1331 04d6 03F24C6E 		addw	lr, r3, #1612
 754:PhysPlateReverb.cpp ****         phi_o_l_[num_modes_] = raw_phi_o_l[i];
 1332              		.loc 10 754 30 view .LVU435
 1333 04da 03F68C4C 		addw	ip, r3, #3212
 745:PhysPlateReverb.cpp ****             continue;   // pruned — skip
 1334              		.loc 10 745 9 view .LVU436
 1335 04de BBF1000F 		cmp	fp, #0
 1336 04e2 24D0     		beq	.L76
 748:PhysPlateReverb.cpp ****             break;      // hit our CPU budget — stop adding modes
 1337              		.loc 10 748 9 view .LVU437
 1338 04e4 B2F5C87F 		cmp	r2, #400
 1339 04e8 2FDA     		bge	.L77
 752:PhysPlateReverb.cpp ****         beta_sq_[num_modes_] = raw_beta_sq[i];
 1340              		.loc 10 752 43 view .LVU438
 1341 04ea D6F800B0 		ldr	fp, [r6]	@ float
 758:PhysPlateReverb.cpp ****     }
 1342              		.loc 10 758 19 view .LVU439
 1343 04ee 0132     		adds	r2, r2, #1
 752:PhysPlateReverb.cpp ****         beta_sq_[num_modes_] = raw_beta_sq[i];
 1344              		.loc 10 752 30 view .LVU440
 1345 04f0 C3F80CB0 		str	fp, [r3, #12]	@ float
 753:PhysPlateReverb.cpp ****         phi_i_[num_modes_]   = raw_phi_i[i];
 1346              		.loc 10 753 9 is_stmt 1 view .LVU441
 755:PhysPlateReverb.cpp ****         phi_o_r_[num_modes_] = raw_phi_o_r[i];
 1347              		.loc 10 755 30 is_stmt 0 view .LVU442
 1348 04f4 03F58053 		add	r3, r3, #4096
 753:PhysPlateReverb.cpp ****         phi_i_[num_modes_]   = raw_phi_i[i];
 1349              		.loc 10 753 45 view .LVU443
 1350 04f8 D0F800B0 		ldr	fp, [r0]	@ float
 753:PhysPlateReverb.cpp ****         phi_i_[num_modes_]   = raw_phi_i[i];
 1351              		.loc 10 753 30 view .LVU444
 1352 04fc CEF800B0 		str	fp, [lr]	@ float
 754:PhysPlateReverb.cpp ****         phi_o_l_[num_modes_] = raw_phi_o_l[i];
 1353              		.loc 10 754 9 is_stmt 1 view .LVU445
 754:PhysPlateReverb.cpp ****         phi_o_l_[num_modes_] = raw_phi_o_l[i];
 1354              		.loc 10 754 43 is_stmt 0 view .LVU446
 1355 0500 D9F800E0 		ldr	lr, [r9]	@ float
 754:PhysPlateReverb.cpp ****         phi_o_l_[num_modes_] = raw_phi_o_l[i];
 1356              		.loc 10 754 30 view .LVU447
 1357 0504 CCF800E0 		str	lr, [ip]	@ float
 755:PhysPlateReverb.cpp ****         phi_o_r_[num_modes_] = raw_phi_o_r[i];
 1358              		.loc 10 755 9 is_stmt 1 view .LVU448
 756:PhysPlateReverb.cpp ****         phi_o_m_[num_modes_] = 0.5f * (raw_phi_o_l[i] + raw_phi_o_r[i]);
 1359              		.loc 10 756 30 is_stmt 0 view .LVU449
 1360 0508 03F60C1E 		addw	lr, r3, #2316
 755:PhysPlateReverb.cpp ****         phi_o_r_[num_modes_] = raw_phi_o_r[i];
 1361              		.loc 10 755 45 view .LVU450
 1362 050c D8ED007A 		vldr.32	s15, [r8]
 757:PhysPlateReverb.cpp ****         num_modes_++;
 1363              		.loc 10 757 30 view .LVU451
 1364 0510 03F64C7C 		addw	ip, r3, #3916
 755:PhysPlateReverb.cpp ****         phi_o_r_[num_modes_] = raw_phi_o_r[i];
 1365              		.loc 10 755 30 view .LVU452
 1366 0514 C3EDB37A 		vstr.32	s15, [r3, #716]
 756:PhysPlateReverb.cpp ****         phi_o_m_[num_modes_] = 0.5f * (raw_phi_o_l[i] + raw_phi_o_r[i]);
ARM GAS  C:\Users\isaia\AppData\Local\Temp\ccT6fYmT.s 			page 57


 1367              		.loc 10 756 9 is_stmt 1 view .LVU453
 756:PhysPlateReverb.cpp ****         phi_o_m_[num_modes_] = 0.5f * (raw_phi_o_l[i] + raw_phi_o_r[i]);
 1368              		.loc 10 756 45 is_stmt 0 view .LVU454
 1369 0518 97ED006A 		vldr.32	s12, [r7]
 757:PhysPlateReverb.cpp ****         num_modes_++;
 1370              		.loc 10 757 55 view .LVU455
 1371 051c 77EE867A 		vadd.f32	s15, s15, s12
 756:PhysPlateReverb.cpp ****         phi_o_m_[num_modes_] = 0.5f * (raw_phi_o_l[i] + raw_phi_o_r[i]);
 1372              		.loc 10 756 30 view .LVU456
 1373 0520 8EED006A 		vstr.32	s12, [lr]
 757:PhysPlateReverb.cpp ****         num_modes_++;
 1374              		.loc 10 757 9 is_stmt 1 view .LVU457
 757:PhysPlateReverb.cpp ****         num_modes_++;
 1375              		.loc 10 757 37 is_stmt 0 view .LVU458
 1376 0524 67EEA57A 		vmul.f32	s15, s15, s11
 757:PhysPlateReverb.cpp ****         num_modes_++;
 1377              		.loc 10 757 30 view .LVU459
 1378 0528 CCED007A 		vstr.32	s15, [ip]
 758:PhysPlateReverb.cpp ****     }
 1379              		.loc 10 758 9 is_stmt 1 view .LVU460
 758:PhysPlateReverb.cpp ****     }
 1380              		.loc 10 758 19 is_stmt 0 view .LVU461
 1381 052c 2A60     		str	r2, [r5]
 1382              	.L76:
 743:PhysPlateReverb.cpp ****     {
 1383              		.loc 10 743 23 discriminator 2 view .LVU462
 1384 052e A142     		cmp	r1, r4
 1385 0530 06F10406 		add	r6, r6, #4
 1386 0534 00F10400 		add	r0, r0, #4
 1387 0538 09F10409 		add	r9, r9, #4
 1388 053c 08F10408 		add	r8, r8, #4
 1389 0540 07F10407 		add	r7, r7, #4
 1390 0544 C0DB     		blt	.L78
 1391              	.LBE365:
 761:PhysPlateReverb.cpp ****     {
 1392              		.loc 10 761 5 is_stmt 1 view .LVU463
 1393 0546 002A     		cmp	r2, #0
 1394 0548 58D0     		beq	.L39
 1395              	.L77:
 769:PhysPlateReverb.cpp ****     beta_sq_max_ = bsq_max;
 1396              		.loc 10 769 5 view .LVU464
 769:PhysPlateReverb.cpp ****     beta_sq_max_ = bsq_max;
 1397              		.loc 10 769 18 is_stmt 0 view .LVU465
 1398 054a 019C     		ldr	r4, [sp, #4]
 1399              	.LVL101:
 769:PhysPlateReverb.cpp ****     beta_sq_max_ = bsq_max;
 1400              		.loc 10 769 18 view .LVU466
 1401 054c 41F2CC23 		movw	r3, #4812
 775:PhysPlateReverb.cpp ****     for(int i = 0; i < num_modes_; i++)
 1402              		.loc 10 775 11 view .LVU467
 1403 0550 9FED6B8A 		vldr.32	s16, .L158+20
 1404 0554 41F60C10 		movw	r0, #6412
 769:PhysPlateReverb.cpp ****     beta_sq_max_ = bsq_max;
 1405              		.loc 10 769 18 view .LVU468
 1406 0558 04F2CC41 		addw	r1, r4, #1228
 1407              	.LVL102:
 769:PhysPlateReverb.cpp ****     beta_sq_max_ = bsq_max;
ARM GAS  C:\Users\isaia\AppData\Local\Temp\ccT6fYmT.s 			page 58


 1408              		.loc 10 769 18 view .LVU469
 1409 055c 2B44     		add	r3, r3, r5
 774:PhysPlateReverb.cpp ****     float sum_sq_m = 0.0f;
 1410              		.loc 10 774 11 view .LVU470
 1411 055e F0EE488A 		vmov.f32	s17, s16
 770:PhysPlateReverb.cpp **** 
 1412              		.loc 10 770 18 view .LVU471
 1413 0562 04F59A64 		add	r4, r4, #1232
 769:PhysPlateReverb.cpp ****     beta_sq_max_ = bsq_max;
 1414              		.loc 10 769 18 view .LVU472
 1415 0566 81ED007A 		vstr.32	s14, [r1]
 770:PhysPlateReverb.cpp **** 
 1416              		.loc 10 770 5 is_stmt 1 view .LVU473
 1417 056a 41F64C71 		movw	r1, #8012
 773:PhysPlateReverb.cpp ****     float sum_sq_r = 0.0f;
 1418              		.loc 10 773 11 is_stmt 0 view .LVU474
 1419 056e B0EE480A 		vmov.f32	s0, s16
 1420 0572 2844     		add	r0, r0, r5
 1421 0574 03EB8202 		add	r2, r3, r2, lsl #2
 1422 0578 2944     		add	r1, r1, r5
 770:PhysPlateReverb.cpp **** 
 1423              		.loc 10 770 18 view .LVU475
 1424 057a C4ED006A 		vstr.32	s13, [r4]
 773:PhysPlateReverb.cpp ****     float sum_sq_r = 0.0f;
 1425              		.loc 10 773 5 is_stmt 1 view .LVU476
 1426              	.LVL103:
 774:PhysPlateReverb.cpp ****     float sum_sq_m = 0.0f;
 1427              		.loc 10 774 5 view .LVU477
 775:PhysPlateReverb.cpp ****     for(int i = 0; i < num_modes_; i++)
 1428              		.loc 10 775 5 view .LVU478
 776:PhysPlateReverb.cpp ****     {
 1429              		.loc 10 776 5 view .LVU479
 1430              	.LBB366:
 776:PhysPlateReverb.cpp ****     {
 1431              		.loc 10 776 22 view .LVU480
 1432              	.L79:
 778:PhysPlateReverb.cpp ****         sum_sq_r += phi_o_r_[i] * phi_o_r_[i];
 1433              		.loc 10 778 9 discriminator 2 view .LVU481
 778:PhysPlateReverb.cpp ****         sum_sq_r += phi_o_r_[i] * phi_o_r_[i];
 1434              		.loc 10 778 31 is_stmt 0 discriminator 2 view .LVU482
 1435 057e F3EC016A 		vldmia.32	r3!, {s13}
 779:PhysPlateReverb.cpp ****         sum_sq_m += phi_o_m_[i] * phi_o_m_[i];
 1436              		.loc 10 779 31 discriminator 2 view .LVU483
 1437 0582 B0EC017A 		vldmia.32	r0!, {s14}
 780:PhysPlateReverb.cpp ****     }
 1438              		.loc 10 780 31 discriminator 2 view .LVU484
 1439 0586 F1EC017A 		vldmia.32	r1!, {s15}
 776:PhysPlateReverb.cpp ****     {
 1440              		.loc 10 776 22 discriminator 2 view .LVU485
 1441 058a 9A42     		cmp	r2, r3
 778:PhysPlateReverb.cpp ****         sum_sq_r += phi_o_r_[i] * phi_o_r_[i];
 1442              		.loc 10 778 18 discriminator 2 view .LVU486
 1443 058c A6EEA60A 		vfma.f32	s0, s13, s13
 1444              	.LVL104:
 779:PhysPlateReverb.cpp ****         sum_sq_m += phi_o_m_[i] * phi_o_m_[i];
 1445              		.loc 10 779 9 is_stmt 1 discriminator 2 view .LVU487
 779:PhysPlateReverb.cpp ****         sum_sq_m += phi_o_m_[i] * phi_o_m_[i];
ARM GAS  C:\Users\isaia\AppData\Local\Temp\ccT6fYmT.s 			page 59


 1446              		.loc 10 779 18 is_stmt 0 discriminator 2 view .LVU488
 1447 0590 E7EE078A 		vfma.f32	s17, s14, s14
 1448              	.LVL105:
 780:PhysPlateReverb.cpp ****     }
 1449              		.loc 10 780 9 is_stmt 1 discriminator 2 view .LVU489
 780:PhysPlateReverb.cpp ****     }
 1450              		.loc 10 780 18 is_stmt 0 discriminator 2 view .LVU490
 1451 0594 A7EEA78A 		vfma.f32	s16, s15, s15
 1452              	.LVL106:
 776:PhysPlateReverb.cpp ****     {
 1453              		.loc 10 776 5 is_stmt 1 discriminator 2 view .LVU491
 776:PhysPlateReverb.cpp ****     {
 1454              		.loc 10 776 22 discriminator 2 view .LVU492
 1455 0598 F1D1     		bne	.L79
 1456              	.LBE366:
 782:PhysPlateReverb.cpp ****     if(sum_sq_r > 1e-12f) out_norm_r_ = 1.0f / sqrtf(sum_sq_r);
 1457              		.loc 10 782 5 view .LVU493
 1458 059a DFED5A7A 		vldr.32	s15, .L158+24
 1459 059e B4EEE70A 		vcmpe.f32	s0, s15
 1460 05a2 F1EE10FA 		vmrs	APSR_nzcv, FPSCR
 1461 05a6 60DC     		bgt	.L153
 1462              	.LVL107:
 1463              	.L80:
 783:PhysPlateReverb.cpp ****     if(sum_sq_m > 1e-12f) out_norm_m_ = 1.0f / sqrtf(sum_sq_m);
 1464              		.loc 10 783 5 view .LVU494
 1465 05a8 DFED567A 		vldr.32	s15, .L158+24
 1466 05ac F4EEE78A 		vcmpe.f32	s17, s15
 1467 05b0 F1EE10FA 		vmrs	APSR_nzcv, FPSCR
 1468 05b4 48DC     		bgt	.L154
 1469              	.L85:
 784:PhysPlateReverb.cpp **** 
 1470              		.loc 10 784 5 view .LVU495
 1471 05b6 DFED537A 		vldr.32	s15, .L158+24
 1472 05ba B4EEE78A 		vcmpe.f32	s16, s15
 1473 05be F1EE10FA 		vmrs	APSR_nzcv, FPSCR
 1474 05c2 30DC     		bgt	.L155
 1475              	.L90:
 794:PhysPlateReverb.cpp ****     memset(p2_, 0, sizeof(p2_));   // zero entire p2 array
 1476              		.loc 10 794 5 view .LVU496
 794:PhysPlateReverb.cpp ****     memset(p2_, 0, sizeof(p2_));   // zero entire p2 array
 1477              		.loc 10 794 11 is_stmt 0 view .LVU497
 1478 05c4 43F64C00 		movw	r0, #14412
 1479 05c8 4FF4C862 		mov	r2, #1600
 1480 05cc 0021     		movs	r1, #0
 1481 05ce 2844     		add	r0, r0, r5
 1482 05d0 FFF7FEFF 		bl	memset
 1483              	.LVL108:
 795:PhysPlateReverb.cpp **** 
 1484              		.loc 10 795 5 is_stmt 1 view .LVU498
 795:PhysPlateReverb.cpp **** 
 1485              		.loc 10 795 11 is_stmt 0 view .LVU499
 1486 05d4 43F68C60 		movw	r0, #16012
 1487 05d8 4FF4C862 		mov	r2, #1600
 1488 05dc 0021     		movs	r1, #0
 1489 05de 2844     		add	r0, r0, r5
 1490 05e0 FFF7FEFF 		bl	memset
 1491              	.LVL109:
ARM GAS  C:\Users\isaia\AppData\Local\Temp\ccT6fYmT.s 			page 60


 802:PhysPlateReverb.cpp **** }
 1492              		.loc 10 802 5 is_stmt 1 view .LVU500
 802:PhysPlateReverb.cpp **** }
 1493              		.loc 10 802 16 is_stmt 0 view .LVU501
 1494 05e4 F6EE000A 		vmov.f32	s1, #5.0e-1
 1495 05e8 B0EE000A 		vmov.f32	s0, #2.0e+0
 1496              	.LVL110:
 802:PhysPlateReverb.cpp **** }
 1497              		.loc 10 802 16 view .LVU502
 1498 05ec 2846     		mov	r0, r5
 803:PhysPlateReverb.cpp **** 
 1499              		.loc 10 803 1 view .LVU503
 1500 05ee 07B0     		add	sp, sp, #28
 1501              		.cfi_remember_state
 1502              		.cfi_def_cfa_offset 92
 1503              		@ sp needed
 1504 05f0 BDEC0E8B 		vldm	sp!, {d8-d14}
 1505              		.cfi_restore 92
 1506              		.cfi_restore 93
 1507              		.cfi_restore 90
 1508              		.cfi_restore 91
 1509              		.cfi_restore 88
 1510              		.cfi_restore 89
 1511              		.cfi_restore 86
 1512              		.cfi_restore 87
 1513              		.cfi_restore 84
 1514              		.cfi_restore 85
 1515              		.cfi_restore 82
 1516              		.cfi_restore 83
 1517              		.cfi_restore 80
 1518              		.cfi_restore 81
 1519              		.cfi_def_cfa_offset 36
 1520              	.LVL111:
 803:PhysPlateReverb.cpp **** 
 1521              		.loc 10 803 1 view .LVU504
 1522 05f4 BDE8F04F 		pop	{r4, r5, r6, r7, r8, r9, r10, fp, lr}
 1523              		.cfi_restore 14
 1524              		.cfi_restore 11
 1525              		.cfi_restore 10
 1526              		.cfi_restore 9
 1527              		.cfi_restore 8
 1528              		.cfi_restore 7
 1529              		.cfi_restore 6
 1530              		.cfi_restore 5
 1531              		.cfi_restore 4
 1532              		.cfi_def_cfa_offset 0
 1533              	.LVL112:
 802:PhysPlateReverb.cpp **** }
 1534              		.loc 10 802 16 view .LVU505
 1535 05f8 FFF7FEBF 		b	_ZN16ModalPlateReverb11UpdateDecayEff
 1536              	.LVL113:
 1537              	.L39:
 1538              		.cfi_restore_state
 565:PhysPlateReverb.cpp ****         memset(p2_, 0, sizeof(p2_));
 1539              		.loc 10 565 9 is_stmt 1 view .LVU506
 565:PhysPlateReverb.cpp ****         memset(p2_, 0, sizeof(p2_));
 1540              		.loc 10 565 15 is_stmt 0 view .LVU507
ARM GAS  C:\Users\isaia\AppData\Local\Temp\ccT6fYmT.s 			page 61


 1541 05fc 43F64C00 		movw	r0, #14412
 1542 0600 4FF4C862 		mov	r2, #1600
 1543 0604 0021     		movs	r1, #0
 1544 0606 2844     		add	r0, r0, r5
 1545 0608 FFF7FEFF 		bl	memset
 1546              	.LVL114:
 566:PhysPlateReverb.cpp ****         return;
 1547              		.loc 10 566 9 is_stmt 1 view .LVU508
 566:PhysPlateReverb.cpp ****         return;
 1548              		.loc 10 566 15 is_stmt 0 view .LVU509
 1549 060c 43F68C60 		movw	r0, #16012
 1550 0610 4FF4C862 		mov	r2, #1600
 1551 0614 0021     		movs	r1, #0
 1552 0616 2844     		add	r0, r0, r5
 803:PhysPlateReverb.cpp **** 
 1553              		.loc 10 803 1 view .LVU510
 1554 0618 07B0     		add	sp, sp, #28
 1555              		.cfi_remember_state
 1556              		.cfi_def_cfa_offset 92
 1557              		@ sp needed
 1558 061a BDEC0E8B 		vldm	sp!, {d8-d14}
 1559              		.cfi_restore 92
 1560              		.cfi_restore 93
 1561              		.cfi_restore 90
 1562              		.cfi_restore 91
 1563              		.cfi_restore 88
 1564              		.cfi_restore 89
 1565              		.cfi_restore 86
 1566              		.cfi_restore 87
 1567              		.cfi_restore 84
 1568              		.cfi_restore 85
 1569              		.cfi_restore 82
 1570              		.cfi_restore 83
 1571              		.cfi_restore 80
 1572              		.cfi_restore 81
 1573              		.cfi_def_cfa_offset 36
 1574              	.LVL115:
 803:PhysPlateReverb.cpp **** 
 1575              		.loc 10 803 1 view .LVU511
 1576 061e BDE8F04F 		pop	{r4, r5, r6, r7, r8, r9, r10, fp, lr}
 1577              		.cfi_restore 14
 1578              		.cfi_restore 11
 1579              		.cfi_restore 10
 1580              		.cfi_restore 9
 1581              		.cfi_restore 8
 1582              		.cfi_restore 7
 1583              		.cfi_restore 6
 1584              		.cfi_restore 5
 1585              		.cfi_restore 4
 1586              		.cfi_def_cfa_offset 0
 1587              	.LVL116:
 566:PhysPlateReverb.cpp ****         return;
 1588              		.loc 10 566 15 view .LVU512
 1589 0622 FFF7FEBF 		b	memset
 1590              	.LVL117:
 1591              	.L155:
 1592              		.cfi_restore_state
ARM GAS  C:\Users\isaia\AppData\Local\Temp\ccT6fYmT.s 			page 62


 784:PhysPlateReverb.cpp **** 
 1593              		.loc 10 784 27 is_stmt 1 discriminator 1 view .LVU513
 1594 0626 B5EE408A 		vcmp.f32	s16, #0
 1595 062a F1EE10FA 		vmrs	APSR_nzcv, FPSCR
 1596 062e 48D4     		bmi	.L148
 784:PhysPlateReverb.cpp **** 
 1597              		.loc 10 784 53 is_stmt 0 view .LVU514
 1598 0630 B1EEC80A 		vsqrt.f32	s0, s16
 1599              	.L94:
 784:PhysPlateReverb.cpp **** 
 1600              		.loc 10 784 39 discriminator 1 view .LVU515
 1601 0634 019B     		ldr	r3, [sp, #4]
 1602 0636 03F2DC43 		addw	r3, r3, #1244
 784:PhysPlateReverb.cpp **** 
 1603              		.loc 10 784 46 discriminator 1 view .LVU516
 1604 063a B7EE007A 		vmov.f32	s14, #1.0e+0
 1605              	.LVL118:
 784:PhysPlateReverb.cpp **** 
 1606              		.loc 10 784 46 discriminator 1 view .LVU517
 1607 063e C7EE007A 		vdiv.f32	s15, s14, s0
 784:PhysPlateReverb.cpp **** 
 1608              		.loc 10 784 39 discriminator 1 view .LVU518
 1609 0642 C3ED007A 		vstr.32	s15, [r3]
 1610 0646 BDE7     		b	.L90
 1611              	.LVL119:
 1612              	.L154:
 783:PhysPlateReverb.cpp ****     if(sum_sq_m > 1e-12f) out_norm_m_ = 1.0f / sqrtf(sum_sq_m);
 1613              		.loc 10 783 27 is_stmt 1 discriminator 1 view .LVU519
 1614 0648 F5EE408A 		vcmp.f32	s17, #0
 1615 064c F1EE10FA 		vmrs	APSR_nzcv, FPSCR
 1616 0650 3CD4     		bmi	.L147
 783:PhysPlateReverb.cpp ****     if(sum_sq_m > 1e-12f) out_norm_m_ = 1.0f / sqrtf(sum_sq_m);
 1617              		.loc 10 783 53 is_stmt 0 view .LVU520
 1618 0652 B1EEE80A 		vsqrt.f32	s0, s17
 1619              	.L89:
 783:PhysPlateReverb.cpp ****     if(sum_sq_m > 1e-12f) out_norm_m_ = 1.0f / sqrtf(sum_sq_m);
 1620              		.loc 10 783 39 discriminator 1 view .LVU521
 1621 0656 019B     		ldr	r3, [sp, #4]
 1622 0658 03F59B63 		add	r3, r3, #1240
 783:PhysPlateReverb.cpp ****     if(sum_sq_m > 1e-12f) out_norm_m_ = 1.0f / sqrtf(sum_sq_m);
 1623              		.loc 10 783 46 discriminator 1 view .LVU522
 1624 065c B7EE007A 		vmov.f32	s14, #1.0e+0
 1625              	.LVL120:
 783:PhysPlateReverb.cpp ****     if(sum_sq_m > 1e-12f) out_norm_m_ = 1.0f / sqrtf(sum_sq_m);
 1626              		.loc 10 783 46 discriminator 1 view .LVU523
 1627 0660 C7EE007A 		vdiv.f32	s15, s14, s0
 783:PhysPlateReverb.cpp ****     if(sum_sq_m > 1e-12f) out_norm_m_ = 1.0f / sqrtf(sum_sq_m);
 1628              		.loc 10 783 39 discriminator 1 view .LVU524
 1629 0664 C3ED007A 		vstr.32	s15, [r3]
 1630 0668 A5E7     		b	.L85
 1631              	.LVL121:
 1632              	.L153:
 782:PhysPlateReverb.cpp ****     if(sum_sq_r > 1e-12f) out_norm_r_ = 1.0f / sqrtf(sum_sq_r);
 1633              		.loc 10 782 27 is_stmt 1 discriminator 1 view .LVU525
 1634 066a B5EE400A 		vcmp.f32	s0, #0
 1635 066e F1EE10FA 		vmrs	APSR_nzcv, FPSCR
 1636 0672 30D4     		bmi	.L146
ARM GAS  C:\Users\isaia\AppData\Local\Temp\ccT6fYmT.s 			page 63


 782:PhysPlateReverb.cpp ****     if(sum_sq_r > 1e-12f) out_norm_r_ = 1.0f / sqrtf(sum_sq_r);
 1637              		.loc 10 782 53 is_stmt 0 view .LVU526
 1638 0674 F1EEC07A 		vsqrt.f32	s15, s0
 1639              	.LVL122:
 1640              	.L84:
 782:PhysPlateReverb.cpp ****     if(sum_sq_r > 1e-12f) out_norm_r_ = 1.0f / sqrtf(sum_sq_r);
 1641              		.loc 10 782 39 discriminator 1 view .LVU527
 1642 0678 019B     		ldr	r3, [sp, #4]
 1643 067a 03F2D443 		addw	r3, r3, #1236
 782:PhysPlateReverb.cpp ****     if(sum_sq_r > 1e-12f) out_norm_r_ = 1.0f / sqrtf(sum_sq_r);
 1644              		.loc 10 782 46 discriminator 1 view .LVU528
 1645 067e F7EE006A 		vmov.f32	s13, #1.0e+0
 1646              	.LVL123:
 782:PhysPlateReverb.cpp ****     if(sum_sq_r > 1e-12f) out_norm_r_ = 1.0f / sqrtf(sum_sq_r);
 1647              		.loc 10 782 46 discriminator 1 view .LVU529
 1648 0682 86EEA77A 		vdiv.f32	s14, s13, s15
 782:PhysPlateReverb.cpp ****     if(sum_sq_r > 1e-12f) out_norm_r_ = 1.0f / sqrtf(sum_sq_r);
 1649              		.loc 10 782 39 discriminator 1 view .LVU530
 1650 0686 83ED007A 		vstr.32	s14, [r3]
 1651 068a 8DE7     		b	.L80
 1652              	.LVL124:
 1653              	.L143:
 1654              	.LBB367:
 1655              	.LBB344:
 1656              	.LBB342:
 1657              	.LBB340:
 491:PhysPlateReverb.cpp **** 
 1658              		.loc 10 491 31 view .LVU531
 1659 068c FFF7FEFF 		bl	sqrtf
 1660              	.LVL125:
 491:PhysPlateReverb.cpp **** 
 1661              		.loc 10 491 31 view .LVU532
 1662 0690 B0EE407A 		vmov.f32	s14, s0
 1663 0694 58E5     		b	.L43
 1664              	.LVL126:
 1665              	.L144:
 511:PhysPlateReverb.cpp **** 
 1666              		.loc 10 511 32 view .LVU533
 1667 0696 B0EE670A 		vmov.f32	s0, s15
 1668 069a FFF7FEFF 		bl	sqrtf
 1669              	.LVL127:
 1670 069e B0EE40EA 		vmov.f32	s28, s0
 1671 06a2 6FE5     		b	.L48
 1672              	.LVL128:
 1673              	.L140:
 511:PhysPlateReverb.cpp **** 
 1674              		.loc 10 511 32 view .LVU534
 1675              	.LBE340:
 1676              	.LBE342:
 1677              	.LBE344:
 1678              	.LBE367:
 420:PhysPlateReverb.cpp ****         (-c2 + sqrtf(c2 * c2 + 4.0f * omega_max * omega_max * K2))
 1679              		.loc 10 420 33 view .LVU535
 1680 06a4 FFF7FEFF 		bl	sqrtf
 1681              	.LVL129:
 1682 06a8 B0EE40AA 		vmov.f32	s20, s0
 1683 06ac F2E4     		b	.L31
ARM GAS  C:\Users\isaia\AppData\Local\Temp\ccT6fYmT.s 			page 64


 1684              	.LVL130:
 1685              	.L139:
 421:PhysPlateReverb.cpp ****         / (2.0f * K2)
 1686              		.loc 10 421 21 view .LVU536
 1687 06ae FFF7FEFF 		bl	sqrtf
 1688              	.LVL131:
 421:PhysPlateReverb.cpp ****         / (2.0f * K2)
 1689              		.loc 10 421 21 view .LVU537
 1690 06b2 F0EE407A 		vmov.f32	s15, s0
 1691 06b6 DDE4     		b	.L28
 1692              	.LVL132:
 1693              	.L142:
 441:PhysPlateReverb.cpp **** 
 1694              		.loc 10 441 24 view .LVU538
 1695 06b8 FFF7FEFF 		bl	sqrtf
 1696              	.LVL133:
 1697 06bc F0EE407A 		vmov.f32	s15, s0
 1698 06c0 10E5     		b	.L37
 1699              	.LVL134:
 1700              	.L148:
 784:PhysPlateReverb.cpp **** 
 1701              		.loc 10 784 53 discriminator 1 view .LVU539
 1702 06c2 B0EE480A 		vmov.f32	s0, s16
 1703 06c6 FFF7FEFF 		bl	sqrtf
 1704              	.LVL135:
 1705 06ca B3E7     		b	.L94
 1706              	.L147:
 783:PhysPlateReverb.cpp ****     if(sum_sq_m > 1e-12f) out_norm_m_ = 1.0f / sqrtf(sum_sq_m);
 1707              		.loc 10 783 53 discriminator 1 view .LVU540
 1708 06cc B0EE680A 		vmov.f32	s0, s17
 1709 06d0 FFF7FEFF 		bl	sqrtf
 1710              	.LVL136:
 1711 06d4 BFE7     		b	.L89
 1712              	.LVL137:
 1713              	.L146:
 782:PhysPlateReverb.cpp ****     if(sum_sq_r > 1e-12f) out_norm_r_ = 1.0f / sqrtf(sum_sq_r);
 1714              		.loc 10 782 53 discriminator 1 view .LVU541
 1715 06d6 FFF7FEFF 		bl	sqrtf
 1716              	.LVL138:
 782:PhysPlateReverb.cpp ****     if(sum_sq_r > 1e-12f) out_norm_r_ = 1.0f / sqrtf(sum_sq_r);
 1717              		.loc 10 782 53 discriminator 1 view .LVU542
 1718 06da F0EE407A 		vmov.f32	s15, s0
 1719 06de CBE7     		b	.L84
 1720              	.LVL139:
 1721              	.L141:
 440:PhysPlateReverb.cpp ****     int My = (int)sqrtf((LxLy_beta_sq - piLy_sq) / piLx_sq);
 1722              		.loc 10 440 24 view .LVU543
 1723 06e0 FFF7FEFF 		bl	sqrtf
 1724              	.LVL140:
 1725 06e4 F0EE407A 		vmov.f32	s15, s0
 1726 06e8 E8E4     		b	.L34
 1727              	.L159:
 1728 06ea 00BF     		.align	2
 1729              	.L158:
 1730 06ec 00EE0200 		.word	_ZL9raw_sigma
 1731 06f0 80A90300 		.word	_ZL11raw_beta_sq
 1732 06f4 84A90300 		.word	_ZL11raw_beta_sq+4
ARM GAS  C:\Users\isaia\AppData\Local\Temp\ccT6fYmT.s 			page 65


 1733 06f8 1D004152 		.word	1379991581
 1734 06fc BEAA0052 		.word	1375775422
 1735 0700 00000000 		.word	0
 1736 0704 CCBC8C2B 		.word	730643660
 1737              		.cfi_endproc
 1738              	.LFE4552:
 1740              		.section	.text._ZN16ModalPlateReverb13ProcessStereoEfPfS0_,"ax",%progbits
 1741              		.align	1
 1742              		.p2align 2,,3
 1743              		.global	_ZN16ModalPlateReverb13ProcessStereoEfPfS0_
 1744              		.syntax unified
 1745              		.thumb
 1746              		.thumb_func
 1747              		.fpu fpv5-d16
 1749              	_ZN16ModalPlateReverb13ProcessStereoEfPfS0_:
 1750              	.LVL141:
 1751              	.LFB4554:
 890:PhysPlateReverb.cpp **** 
 891:PhysPlateReverb.cpp **** 
 892:PhysPlateReverb.cpp **** /* ========================================================================
 893:PhysPlateReverb.cpp ****  * SECTION 6 — ProcessStereo()
 894:PhysPlateReverb.cpp ****  *
 895:PhysPlateReverb.cpp ****  * This is the PERFORMANCE-CRITICAL inner loop.  It runs once per audio
 896:PhysPlateReverb.cpp ****  * sample — at 48 kHz that's 48000 calls per second.  It must finish
 897:PhysPlateReverb.cpp ****  * within ~20 µs (one sample period).
 898:PhysPlateReverb.cpp ****  *
 899:PhysPlateReverb.cpp ****  * MATLAB equivalent — ONE iteration of "for n = 1:Nf":
 900:PhysPlateReverb.cpp ****  *
 901:PhysPlateReverb.cpp ****  *   p0      = B.*p1 + C.*p2 + D*in1(n);     ← vector arithmetic
 902:PhysPlateReverb.cpp ****  *   p2      = p1;                            ← copy entire vector
 903:PhysPlateReverb.cpp ****  *   p1      = p0;                            ← copy entire vector
 904:PhysPlateReverb.cpp ****  *   out1(n) = sum(phi_o_new .* p0);          ← dot product → scalar
 905:PhysPlateReverb.cpp ****  *
 906:PhysPlateReverb.cpp ****  * C++ TRANSLATION:
 907:PhysPlateReverb.cpp ****  * ────────────────
 908:PhysPlateReverb.cpp ****  * In MATLAB, "B.*p1" multiplies every element of B with every element
 909:PhysPlateReverb.cpp ****  * of p1 in a single expression, and "sum(phi_o .* p0)" does an element-
 910:PhysPlateReverb.cpp ****  * wise multiply then sums — i.e., a dot product.
 911:PhysPlateReverb.cpp ****  *
 912:PhysPlateReverb.cpp ****  * In C++ we handle ALL of this in ONE for-loop over modes:
 913:PhysPlateReverb.cpp ****  *   for each mode m:
 914:PhysPlateReverb.cpp ****  *     1) compute p0 = B[m]*p1[m] + C[m]*p2[m] + D[m]*input
 915:PhysPlateReverb.cpp ****  *     2) accumulate sum_l += phi_o_l[m] * p0   (dot product, one term)
 916:PhysPlateReverb.cpp ****  *     3) accumulate sum_r += phi_o_r[m] * p0
 917:PhysPlateReverb.cpp ****  *     4) shift:   p2[m] = p1[m];  p1[m] = p0;
 918:PhysPlateReverb.cpp ****  *
 919:PhysPlateReverb.cpp ****  * This single-pass approach is BETTER than MATLAB's separate vector
 920:PhysPlateReverb.cpp ****  * operations because it keeps each mode's data together in CPU cache.
 921:PhysPlateReverb.cpp ****  * MATLAB has to read/write the full arrays 4+ times; we touch each
 922:PhysPlateReverb.cpp ****  * mode's data exactly once.
 923:PhysPlateReverb.cpp ****  *
 924:PhysPlateReverb.cpp ****  * For STEREO: the state update (step 1) is identical for both channels
 925:PhysPlateReverb.cpp ****  * — we just add one extra multiply-accumulate per channel (steps 2-3).
 926:PhysPlateReverb.cpp ****  * This costs almost nothing compared to running two separate reverbs.
 927:PhysPlateReverb.cpp ****  * ========================================================================*/
 928:PhysPlateReverb.cpp **** void ModalPlateReverb::ProcessStereo(float input, float* out_l, float* out_r)
 929:PhysPlateReverb.cpp **** {
ARM GAS  C:\Users\isaia\AppData\Local\Temp\ccT6fYmT.s 			page 66


 1752              		.loc 10 929 1 is_stmt 1 view -0
 1753              		.cfi_startproc
 1754              		@ args = 0, pretend = 0, frame = 0
 1755              		@ frame_needed = 0, uses_anonymous_args = 0
 930:PhysPlateReverb.cpp ****     // These accumulators replace MATLAB's "sum()" operation.
 931:PhysPlateReverb.cpp ****     // MATLAB: out1(n) = sum(phi_o_new .* p0)
 932:PhysPlateReverb.cpp ****     //         ↑ sum() adds up all elements into one scalar.
 933:PhysPlateReverb.cpp ****     //
 934:PhysPlateReverb.cpp ****     // In C++ we start at 0 and add one term per iteration.
 935:PhysPlateReverb.cpp ****     float sum_l = 0.0f;   // left  channel accumulator
 1756              		.loc 10 935 5 view .LVU545
 936:PhysPlateReverb.cpp ****     float sum_r = 0.0f;   // right channel accumulator
 1757              		.loc 10 936 5 view .LVU546
 937:PhysPlateReverb.cpp **** 
 938:PhysPlateReverb.cpp ****     for (int m = 0; m < num_modes_; m++)
 1758              		.loc 10 938 5 view .LVU547
 1759              	.LBB368:
 1760              		.loc 10 938 23 view .LVU548
 1761              	.LBE368:
 929:PhysPlateReverb.cpp ****     // These accumulators replace MATLAB's "sum()" operation.
 1762              		.loc 10 929 1 is_stmt 0 view .LVU549
 1763 0000 2DE9F041 		push	{r4, r5, r6, r7, r8, lr}
 1764              		.cfi_def_cfa_offset 24
 1765              		.cfi_offset 4, -24
 1766              		.cfi_offset 5, -20
 1767              		.cfi_offset 6, -16
 1768              		.cfi_offset 7, -12
 1769              		.cfi_offset 8, -8
 1770              		.cfi_offset 14, -4
 1771              	.LBB371:
 1772              		.loc 10 938 25 view .LVU550
 1773 0004 0468     		ldr	r4, [r0]
 1774              		.loc 10 938 23 view .LVU551
 1775 0006 002C     		cmp	r4, #0
 1776 0008 5CDD     		ble	.L163
 1777 000a 41F2CC23 		movw	r3, #4812
 1778              	.LBE371:
 936:PhysPlateReverb.cpp ****     float sum_r = 0.0f;   // right channel accumulator
 1779              		.loc 10 936 11 view .LVU552
 1780 000e DFED306A 		vldr.32	s13, .L166
 1781 0012 41F60C17 		movw	r7, #6412
 1782 0016 42F28C56 		movw	r6, #9612
 1783 001a 0344     		add	r3, r3, r0
 1784 001c 42F6CC35 		movw	r5, #11212
 1785 0020 43F64C0E 		movw	lr, #14412
 1786 0024 43F68C6C 		movw	ip, #16012
 1787 0028 03EB8408 		add	r8, r3, r4, lsl #2
 1788 002c 43F20C24 		movw	r4, #12812
 935:PhysPlateReverb.cpp ****     float sum_r = 0.0f;   // right channel accumulator
 1789              		.loc 10 935 11 view .LVU553
 1790 0030 B0EE666A 		vmov.f32	s12, s13
 1791 0034 0744     		add	r7, r7, r0
 1792 0036 0644     		add	r6, r6, r0
 1793 0038 0544     		add	r5, r5, r0
 1794 003a 0444     		add	r4, r4, r0
 1795 003c 8644     		add	lr, lr, r0
 1796 003e 8444     		add	ip, ip, r0
ARM GAS  C:\Users\isaia\AppData\Local\Temp\ccT6fYmT.s 			page 67


 1797              	.LVL142:
 1798              	.L162:
 1799              	.LBB372:
 1800              	.LBB369:
 939:PhysPlateReverb.cpp ****     {
 940:PhysPlateReverb.cpp ****         // ----- State update: p0 = B.*p1 + C.*p2 + D*input -----
 941:PhysPlateReverb.cpp ****         //
 942:PhysPlateReverb.cpp ****         // In MATLAB, B.*p1 is an element-wise multiply producing a
 943:PhysPlateReverb.cpp ****         // vector, then + C.*p2 adds another vector, then + D*input
 944:PhysPlateReverb.cpp ****         // adds a scalar-times-vector.  The result p0 is a vector.
 945:PhysPlateReverb.cpp ****         //
 946:PhysPlateReverb.cpp ****         // In C++ we compute ONE element of that vector per iteration.
 947:PhysPlateReverb.cpp ****         // p0 is a local scalar (not stored in an array), which lets the
 948:PhysPlateReverb.cpp ****         // compiler keep it in a CPU register — very fast.
 949:PhysPlateReverb.cpp ****         float p0 = B_[m] * p1_[m]      // B(m) * P^n(m)
 1801              		.loc 10 949 9 is_stmt 1 discriminator 2 view .LVU554
 950:PhysPlateReverb.cpp ****                   + C_[m] * p2_[m]      // + C(m) * P^{n-1}(m)
 1802              		.loc 10 950 34 is_stmt 0 discriminator 2 view .LVU555
 1803 0040 DCED005A 		vldr.32	s11, [ip]
 1804              		.loc 10 950 25 discriminator 2 view .LVU556
 1805 0044 F5EC017A 		vldmia.32	r5!, {s15}
 949:PhysPlateReverb.cpp ****                   + C_[m] * p2_[m]      // + C(m) * P^{n-1}(m)
 1806              		.loc 10 949 24 discriminator 2 view .LVU557
 1807 0048 B6EC014A 		vldmia.32	r6!, {s8}
 1808              		.loc 10 950 27 discriminator 2 view .LVU558
 1809 004c 67EEA57A 		vmul.f32	s15, s15, s11
 949:PhysPlateReverb.cpp ****                   + C_[m] * p2_[m]      // + C(m) * P^{n-1}(m)
 1810              		.loc 10 949 33 discriminator 2 view .LVU559
 1811 0050 9EED007A 		vldr.32	s14, [lr]
 951:PhysPlateReverb.cpp ****                   + D_[m] * input;      // + D(m) * input_sample
 1812              		.loc 10 951 25 discriminator 2 view .LVU560
 1813 0054 F4EC014A 		vldmia.32	r4!, {s9}
 952:PhysPlateReverb.cpp **** 
 953:PhysPlateReverb.cpp ****         // ----- Output accumulation (dot product, one term at a time) -----
 954:PhysPlateReverb.cpp ****         //
 955:PhysPlateReverb.cpp ****         // MATLAB: out1(n) = sum(phi_o_new .* p0)
 956:PhysPlateReverb.cpp ****         //
 957:PhysPlateReverb.cpp ****         // The sum() wrapping phi_o .* p0 is a DOT PRODUCT.  In C++ we
 958:PhysPlateReverb.cpp ****         // build that dot product incrementally: += adds one (φ*p0) term
 959:PhysPlateReverb.cpp ****         // per loop iteration.  After the loop, sum_l and sum_r hold the
 960:PhysPlateReverb.cpp ****         // complete dot product result.
 961:PhysPlateReverb.cpp ****         sum_l += phi_o_l_[m] * p0;   // left  output pickup
 1814              		.loc 10 961 28 discriminator 2 view .LVU561
 1815 0058 B3EC015A 		vldmia.32	r3!, {s10}
 950:PhysPlateReverb.cpp ****                   + D_[m] * input;      // + D(m) * input_sample
 1816              		.loc 10 950 19 discriminator 2 view .LVU562
 1817 005c E4EE077A 		vfma.f32	s15, s8, s14
 962:PhysPlateReverb.cpp ****         sum_r += phi_o_r_[m] * p0;   // right output pickup
 1818              		.loc 10 962 28 discriminator 2 view .LVU563
 1819 0060 F7EC015A 		vldmia.32	r7!, {s11}
 1820              	.LBE369:
 938:PhysPlateReverb.cpp ****     {
 1821              		.loc 10 938 23 discriminator 2 view .LVU564
 1822 0064 4345     		cmp	r3, r8
 1823              	.LBB370:
 963:PhysPlateReverb.cpp **** 
 964:PhysPlateReverb.cpp ****         // ----- State shift -----
ARM GAS  C:\Users\isaia\AppData\Local\Temp\ccT6fYmT.s 			page 68


 965:PhysPlateReverb.cpp ****         //
 966:PhysPlateReverb.cpp ****         // MATLAB: p2 = p1;  p1 = p0;
 967:PhysPlateReverb.cpp ****         //
 968:PhysPlateReverb.cpp ****         // In MATLAB these copy entire vectors.  In C++ we do it one
 969:PhysPlateReverb.cpp ****         // element at a time inside the same loop — no separate copy pass.
 970:PhysPlateReverb.cpp ****         p2_[m] = p1_[m];    // old "current" becomes "previous"
 1824              		.loc 10 970 16 discriminator 2 view .LVU565
 1825 0066 ACEC017A 		vstmia.32	ip!, {s14}
 949:PhysPlateReverb.cpp ****                   + C_[m] * p2_[m]      // + C(m) * P^{n-1}(m)
 1826              		.loc 10 949 15 discriminator 2 view .LVU566
 1827 006a E4EE807A 		vfma.f32	s15, s9, s0
 1828              	.LVL143:
 961:PhysPlateReverb.cpp ****         sum_r += phi_o_r_[m] * p0;   // right output pickup
 1829              		.loc 10 961 9 is_stmt 1 discriminator 2 view .LVU567
 961:PhysPlateReverb.cpp ****         sum_r += phi_o_r_[m] * p0;   // right output pickup
 1830              		.loc 10 961 15 is_stmt 0 discriminator 2 view .LVU568
 1831 006e A5EE276A 		vfma.f32	s12, s10, s15
 1832              	.LVL144:
 962:PhysPlateReverb.cpp **** 
 1833              		.loc 10 962 9 is_stmt 1 discriminator 2 view .LVU569
 971:PhysPlateReverb.cpp ****         p1_[m] = p0;        // new value becomes "current"
 1834              		.loc 10 971 16 is_stmt 0 discriminator 2 view .LVU570
 1835 0072 EEEC017A 		vstmia.32	lr!, {s15}
 962:PhysPlateReverb.cpp **** 
 1836              		.loc 10 962 15 discriminator 2 view .LVU571
 1837 0076 E5EEA76A 		vfma.f32	s13, s11, s15
 1838              	.LVL145:
 970:PhysPlateReverb.cpp ****         p1_[m] = p0;        // new value becomes "current"
 1839              		.loc 10 970 9 is_stmt 1 discriminator 2 view .LVU572
 1840              		.loc 10 971 9 discriminator 2 view .LVU573
 1841              	.LBE370:
 938:PhysPlateReverb.cpp ****     {
 1842              		.loc 10 938 5 discriminator 2 view .LVU574
 938:PhysPlateReverb.cpp ****     {
 1843              		.loc 10 938 23 discriminator 2 view .LVU575
 1844 007a E1D1     		bne	.L162
 1845              	.LVL146:
 1846              	.L161:
 938:PhysPlateReverb.cpp ****     {
 1847              		.loc 10 938 23 is_stmt 0 discriminator 2 view .LVU576
 1848              	.LBE372:
 972:PhysPlateReverb.cpp ****     }
 973:PhysPlateReverb.cpp **** 
 974:PhysPlateReverb.cpp ****     // Write output with PARTIAL pickup normalization.
 975:PhysPlateReverb.cpp ****     // Full normalization made the wet signal too quiet on some settings.
 976:PhysPlateReverb.cpp ****     // Blend toward unity gain so reverb remains audible while still taming peaks.
 977:PhysPlateReverb.cpp ****     const float gain_l = (1.0f - OUT_NORM_BLEND) + OUT_NORM_BLEND * out_norm_l_;
 1849              		.loc 10 977 5 is_stmt 1 view .LVU577
 1850              		.loc 10 977 69 is_stmt 0 view .LVU578
 1851 007c 00F58040 		add	r0, r0, #16384
 1852              	.LVL147:
 1853              		.loc 10 977 17 view .LVU579
 1854 0080 DFED147A 		vldr.32	s15, .L166+4
 1855 0084 9FED145A 		vldr.32	s10, .L166+8
 1856              		.loc 10 977 69 view .LVU580
 1857 0088 00F2D443 		addw	r3, r0, #1236
 978:PhysPlateReverb.cpp ****     const float gain_r = (1.0f - OUT_NORM_BLEND) + OUT_NORM_BLEND * out_norm_r_;
ARM GAS  C:\Users\isaia\AppData\Local\Temp\ccT6fYmT.s 			page 69


 1858              		.loc 10 978 69 view .LVU581
 1859 008c 00F59B60 		add	r0, r0, #1240
 1860              	.LVL148:
 977:PhysPlateReverb.cpp ****     const float gain_r = (1.0f - OUT_NORM_BLEND) + OUT_NORM_BLEND * out_norm_r_;
 1861              		.loc 10 977 17 view .LVU582
 1862 0090 B0EE677A 		vmov.f32	s14, s15
 979:PhysPlateReverb.cpp ****     *out_l = sum_l * gain_l * (WET_TRIM * WET_MAKEUP);
 1863              		.loc 10 979 29 view .LVU583
 1864 0094 DFED115A 		vldr.32	s11, .L166+12
 977:PhysPlateReverb.cpp ****     const float gain_r = (1.0f - OUT_NORM_BLEND) + OUT_NORM_BLEND * out_norm_r_;
 1865              		.loc 10 977 17 view .LVU584
 1866 0098 93ED004A 		vldr.32	s8, [r3]
 978:PhysPlateReverb.cpp ****     const float gain_r = (1.0f - OUT_NORM_BLEND) + OUT_NORM_BLEND * out_norm_r_;
 1867              		.loc 10 978 17 view .LVU585
 1868 009c D0ED004A 		vldr.32	s9, [r0]
 977:PhysPlateReverb.cpp ****     const float gain_r = (1.0f - OUT_NORM_BLEND) + OUT_NORM_BLEND * out_norm_r_;
 1869              		.loc 10 977 17 view .LVU586
 1870 00a0 A4EE057A 		vfma.f32	s14, s8, s10
 1871              	.LVL149:
 978:PhysPlateReverb.cpp ****     const float gain_r = (1.0f - OUT_NORM_BLEND) + OUT_NORM_BLEND * out_norm_r_;
 1872              		.loc 10 978 5 is_stmt 1 view .LVU587
 978:PhysPlateReverb.cpp ****     const float gain_r = (1.0f - OUT_NORM_BLEND) + OUT_NORM_BLEND * out_norm_r_;
 1873              		.loc 10 978 17 is_stmt 0 view .LVU588
 1874 00a4 E4EE857A 		vfma.f32	s15, s9, s10
 1875              	.LVL150:
 1876              		.loc 10 979 5 is_stmt 1 view .LVU589
 1877              		.loc 10 979 20 is_stmt 0 view .LVU590
 1878 00a8 27EE066A 		vmul.f32	s12, s14, s12
 980:PhysPlateReverb.cpp ****     *out_r = sum_r * gain_r * (WET_TRIM * WET_MAKEUP);
 1879              		.loc 10 980 20 view .LVU591
 1880 00ac 67EEA66A 		vmul.f32	s13, s15, s13
 979:PhysPlateReverb.cpp ****     *out_l = sum_l * gain_l * (WET_TRIM * WET_MAKEUP);
 1881              		.loc 10 979 29 view .LVU592
 1882 00b0 26EE256A 		vmul.f32	s12, s12, s11
 1883              		.loc 10 980 29 view .LVU593
 1884 00b4 66EEA56A 		vmul.f32	s13, s13, s11
 979:PhysPlateReverb.cpp ****     *out_l = sum_l * gain_l * (WET_TRIM * WET_MAKEUP);
 1885              		.loc 10 979 12 view .LVU594
 1886 00b8 81ED006A 		vstr.32	s12, [r1]
 1887              		.loc 10 980 5 is_stmt 1 view .LVU595
 1888              		.loc 10 980 12 is_stmt 0 view .LVU596
 1889 00bc C2ED006A 		vstr.32	s13, [r2]
 981:PhysPlateReverb.cpp **** }
 1890              		.loc 10 981 1 view .LVU597
 1891 00c0 BDE8F081 		pop	{r4, r5, r6, r7, r8, pc}
 1892              	.LVL151:
 1893              	.L163:
 936:PhysPlateReverb.cpp **** 
 1894              		.loc 10 936 11 view .LVU598
 1895 00c4 DFED026A 		vldr.32	s13, .L166
 935:PhysPlateReverb.cpp ****     float sum_r = 0.0f;   // right channel accumulator
 1896              		.loc 10 935 11 view .LVU599
 1897 00c8 B0EE666A 		vmov.f32	s12, s13
 1898 00cc D6E7     		b	.L161
 1899              	.L167:
 1900 00ce 00BF     		.align	2
 1901              	.L166:
ARM GAS  C:\Users\isaia\AppData\Local\Temp\ccT6fYmT.s 			page 70


 1902 00d0 00000000 		.word	0
 1903 00d4 CDCC4C3F 		.word	1061997773
 1904 00d8 CDCC4C3E 		.word	1045220557
 1905 00dc AE47613E 		.word	1046562734
 1906              		.cfi_endproc
 1907              	.LFE4554:
 1909              		.section	.text._ZN16ModalPlateReverb11ProcessMonoEfPf,"ax",%progbits
 1910              		.align	1
 1911              		.p2align 2,,3
 1912              		.global	_ZN16ModalPlateReverb11ProcessMonoEfPf
 1913              		.syntax unified
 1914              		.thumb
 1915              		.thumb_func
 1916              		.fpu fpv5-d16
 1918              	_ZN16ModalPlateReverb11ProcessMonoEfPf:
 1919              	.LVL152:
 1920              	.LFB4555:
 982:PhysPlateReverb.cpp **** 
 983:PhysPlateReverb.cpp **** void ModalPlateReverb::ProcessMono(float input, float* out_mono)
 984:PhysPlateReverb.cpp **** {
 1921              		.loc 10 984 1 is_stmt 1 view -0
 1922              		.cfi_startproc
 1923              		@ args = 0, pretend = 0, frame = 0
 1924              		@ frame_needed = 0, uses_anonymous_args = 0
 985:PhysPlateReverb.cpp ****     float sum_m = 0.0f;
 1925              		.loc 10 985 5 view .LVU601
 986:PhysPlateReverb.cpp **** 
 987:PhysPlateReverb.cpp ****     for (int m = 0; m < num_modes_; m++)
 1926              		.loc 10 987 5 view .LVU602
 1927              	.LBB373:
 1928              		.loc 10 987 23 view .LVU603
 1929              	.LBE373:
 984:PhysPlateReverb.cpp ****     float sum_m = 0.0f;
 1930              		.loc 10 984 1 is_stmt 0 view .LVU604
 1931 0000 70B5     		push	{r4, r5, r6, lr}
 1932              		.cfi_def_cfa_offset 16
 1933              		.cfi_offset 4, -16
 1934              		.cfi_offset 5, -12
 1935              		.cfi_offset 6, -8
 1936              		.cfi_offset 14, -4
 1937              	.LBB377:
 1938              		.loc 10 987 25 view .LVU605
 1939 0002 0668     		ldr	r6, [r0]
 1940              		.loc 10 987 23 view .LVU606
 1941 0004 002E     		cmp	r6, #0
 1942 0006 43DD     		ble	.L171
 1943 0008 41F64C73 		movw	r3, #8012
 1944 000c 42F28C55 		movw	r5, #9612
 1945 0010 42F6CC34 		movw	r4, #11212
 1946 0014 43F20C2E 		movw	lr, #12812
 1947 0018 0344     		add	r3, r3, r0
 1948 001a 43F64C0C 		movw	ip, #14412
 1949 001e 43F68C62 		movw	r2, #16012
 1950              	.LBE377:
 985:PhysPlateReverb.cpp ****     float sum_m = 0.0f;
 1951              		.loc 10 985 11 view .LVU607
 1952 0022 DFED1D6A 		vldr.32	s13, .L174
ARM GAS  C:\Users\isaia\AppData\Local\Temp\ccT6fYmT.s 			page 71


 1953 0026 0544     		add	r5, r5, r0
 1954 0028 03EB8606 		add	r6, r3, r6, lsl #2
 1955 002c 0444     		add	r4, r4, r0
 1956 002e 8644     		add	lr, lr, r0
 1957 0030 8444     		add	ip, ip, r0
 1958 0032 0244     		add	r2, r2, r0
 1959              	.LVL153:
 1960              	.L170:
 1961              	.LBB378:
 1962              	.LBB374:
 988:PhysPlateReverb.cpp ****     {
 989:PhysPlateReverb.cpp ****         float p0 = B_[m] * p1_[m]
 1963              		.loc 10 989 9 is_stmt 1 discriminator 2 view .LVU608
 990:PhysPlateReverb.cpp ****                   + C_[m] * p2_[m]
 1964              		.loc 10 990 34 is_stmt 0 discriminator 2 view .LVU609
 1965 0034 92ED006A 		vldr.32	s12, [r2]
 1966              		.loc 10 990 25 discriminator 2 view .LVU610
 1967 0038 F4EC017A 		vldmia.32	r4!, {s15}
 989:PhysPlateReverb.cpp ****                   + C_[m] * p2_[m]
 1968              		.loc 10 989 24 discriminator 2 view .LVU611
 1969 003c B5EC015A 		vldmia.32	r5!, {s10}
 1970              		.loc 10 990 27 discriminator 2 view .LVU612
 1971 0040 67EE867A 		vmul.f32	s15, s15, s12
 989:PhysPlateReverb.cpp ****                   + C_[m] * p2_[m]
 1972              		.loc 10 989 33 discriminator 2 view .LVU613
 1973 0044 9CED007A 		vldr.32	s14, [ip]
 991:PhysPlateReverb.cpp ****                   + D_[m] * input;
 1974              		.loc 10 991 25 discriminator 2 view .LVU614
 1975 0048 FEEC015A 		vldmia.32	lr!, {s11}
 992:PhysPlateReverb.cpp **** 
 993:PhysPlateReverb.cpp ****         sum_m += phi_o_m_[m] * p0;
 1976              		.loc 10 993 28 discriminator 2 view .LVU615
 1977 004c B3EC016A 		vldmia.32	r3!, {s12}
 990:PhysPlateReverb.cpp ****                   + D_[m] * input;
 1978              		.loc 10 990 19 discriminator 2 view .LVU616
 1979 0050 E5EE077A 		vfma.f32	s15, s10, s14
 994:PhysPlateReverb.cpp **** 
 995:PhysPlateReverb.cpp ****         p2_[m] = p1_[m];
 1980              		.loc 10 995 16 discriminator 2 view .LVU617
 1981 0054 A2EC017A 		vstmia.32	r2!, {s14}
 1982              	.LBE374:
 987:PhysPlateReverb.cpp ****     {
 1983              		.loc 10 987 23 discriminator 2 view .LVU618
 1984 0058 B342     		cmp	r3, r6
 1985              	.LBB375:
 989:PhysPlateReverb.cpp ****                   + C_[m] * p2_[m]
 1986              		.loc 10 989 15 discriminator 2 view .LVU619
 1987 005a E5EE807A 		vfma.f32	s15, s11, s0
 1988              	.LVL154:
 993:PhysPlateReverb.cpp **** 
 1989              		.loc 10 993 9 is_stmt 1 discriminator 2 view .LVU620
 993:PhysPlateReverb.cpp **** 
 1990              		.loc 10 993 15 is_stmt 0 discriminator 2 view .LVU621
 1991 005e E6EE276A 		vfma.f32	s13, s12, s15
 1992              	.LVL155:
 1993              		.loc 10 995 9 is_stmt 1 discriminator 2 view .LVU622
 996:PhysPlateReverb.cpp ****         p1_[m] = p0;
ARM GAS  C:\Users\isaia\AppData\Local\Temp\ccT6fYmT.s 			page 72


 1994              		.loc 10 996 9 discriminator 2 view .LVU623
 1995              	.LBE375:
 987:PhysPlateReverb.cpp ****     {
 1996              		.loc 10 987 5 discriminator 2 view .LVU624
 987:PhysPlateReverb.cpp ****     {
 1997              		.loc 10 987 23 discriminator 2 view .LVU625
 1998              	.LBB376:
 1999              		.loc 10 996 16 is_stmt 0 discriminator 2 view .LVU626
 2000 0062 ECEC017A 		vstmia.32	ip!, {s15}
 2001              	.LBE376:
 987:PhysPlateReverb.cpp ****     {
 2002              		.loc 10 987 23 discriminator 2 view .LVU627
 2003 0066 E5D1     		bne	.L170
 2004              	.LVL156:
 2005              	.L169:
 987:PhysPlateReverb.cpp ****     {
 2006              		.loc 10 987 23 discriminator 2 view .LVU628
 2007              	.LBE378:
 997:PhysPlateReverb.cpp ****     }
 998:PhysPlateReverb.cpp **** 
 999:PhysPlateReverb.cpp ****     const float gain_m = (1.0f - OUT_NORM_BLEND) + OUT_NORM_BLEND * out_norm_m_;
 2008              		.loc 10 999 5 is_stmt 1 view .LVU629
 2009              		.loc 10 999 69 is_stmt 0 view .LVU630
 2010 0068 44F2DC43 		movw	r3, #17628
 2011              		.loc 10 999 17 view .LVU631
 2012 006c 9FED0B6A 		vldr.32	s12, .L174+4
 2013 0070 DFED0B7A 		vldr.32	s15, .L174+8
 2014              		.loc 10 999 69 view .LVU632
 2015 0074 0344     		add	r3, r3, r0
1000:PhysPlateReverb.cpp ****     *out_mono = sum_m * gain_m * (WET_TRIM * WET_MAKEUP);
 2016              		.loc 10 1000 32 view .LVU633
 2017 0076 9FED0B7A 		vldr.32	s14, .L174+12
 999:PhysPlateReverb.cpp ****     *out_mono = sum_m * gain_m * (WET_TRIM * WET_MAKEUP);
 2018              		.loc 10 999 17 view .LVU634
 2019 007a D3ED005A 		vldr.32	s11, [r3]
 2020 007e E5EE867A 		vfma.f32	s15, s11, s12
 2021              	.LVL157:
 2022              		.loc 10 1000 5 is_stmt 1 view .LVU635
 2023              		.loc 10 1000 23 is_stmt 0 view .LVU636
 2024 0082 67EEA66A 		vmul.f32	s13, s15, s13
 2025              		.loc 10 1000 32 view .LVU637
 2026 0086 66EE876A 		vmul.f32	s13, s13, s14
 2027              		.loc 10 1000 15 view .LVU638
 2028 008a C1ED006A 		vstr.32	s13, [r1]
1001:PhysPlateReverb.cpp **** }
 2029              		.loc 10 1001 1 view .LVU639
 2030 008e 70BD     		pop	{r4, r5, r6, pc}
 2031              	.LVL158:
 2032              	.L171:
 985:PhysPlateReverb.cpp **** 
 2033              		.loc 10 985 11 view .LVU640
 2034 0090 DFED016A 		vldr.32	s13, .L174
 2035 0094 E8E7     		b	.L169
 2036              	.L175:
 2037 0096 00BF     		.align	2
 2038              	.L174:
 2039 0098 00000000 		.word	0
ARM GAS  C:\Users\isaia\AppData\Local\Temp\ccT6fYmT.s 			page 73


 2040 009c CDCC4C3E 		.word	1045220557
 2041 00a0 CDCC4C3F 		.word	1061997773
 2042 00a4 AE47613E 		.word	1046562734
 2043              		.cfi_endproc
 2044              	.LFE4555:
 2046              		.section	.text._Z13AudioCallbackPKPKfPPfj,"ax",%progbits
 2047              		.align	1
 2048              		.p2align 2,,3
 2049              		.global	_Z13AudioCallbackPKPKfPPfj
 2050              		.syntax unified
 2051              		.thumb
 2052              		.thumb_func
 2053              		.fpu fpv5-d16
 2055              	_Z13AudioCallbackPKPKfPPfj:
 2056              	.LVL159:
 2057              	.LFB4559:
1002:PhysPlateReverb.cpp **** 
1003:PhysPlateReverb.cpp **** 
1004:PhysPlateReverb.cpp **** /* ========================================================================
1005:PhysPlateReverb.cpp ****  * SECTION 7 — Daisy / Planter Boilerplate
1006:PhysPlateReverb.cpp ****  *
1007:PhysPlateReverb.cpp ****  * This section mirrors the structure of PlateReverb.cpp:
1008:PhysPlateReverb.cpp ****  *   1. Global hardware + DSP objects
1009:PhysPlateReverb.cpp ****  *   2. AudioCallback — called by hardware once per audio block
1010:PhysPlateReverb.cpp ****  *   3. main() — init + start
1011:PhysPlateReverb.cpp ****  *
1012:PhysPlateReverb.cpp ****  * The only change is replacing DaisySP's ReverbSc with our
1013:PhysPlateReverb.cpp ****  * ModalPlateReverb class.
1014:PhysPlateReverb.cpp ****  * ========================================================================*/
1015:PhysPlateReverb.cpp **** 
1016:PhysPlateReverb.cpp **** planter          euro;        // Planter hardware wrapper
1017:PhysPlateReverb.cpp **** ModalPlateReverb reverb;     // our physical modeling reverb
1018:PhysPlateReverb.cpp **** 
1019:PhysPlateReverb.cpp **** // Track previous T60 so we only recompute coefficients when knobs move
1020:PhysPlateReverb.cpp **** static float prev_t60_low  = -1.0f;
1021:PhysPlateReverb.cpp **** static float prev_t60_high = -1.0f;
1022:PhysPlateReverb.cpp **** static uint32_t last_control_update_ms = 0;
1023:PhysPlateReverb.cpp **** static constexpr uint32_t CONTROL_UPDATE_MS = 200;
1024:PhysPlateReverb.cpp **** 
1025:PhysPlateReverb.cpp **** // One-pole high-pass filter coefficients/states for send and wet return.
1026:PhysPlateReverb.cpp **** static float send_hpf_a = 0.0f;
1027:PhysPlateReverb.cpp **** static float wet_hpf_a  = 0.0f;
1028:PhysPlateReverb.cpp **** static float sample_dt  = 1.0f / 48000.0f;
1029:PhysPlateReverb.cpp **** static float send_x1 = 0.0f, send_y1 = 0.0f;
1030:PhysPlateReverb.cpp **** static float wet_x1 = 0.0f, wet_y1 = 0.0f;
1031:PhysPlateReverb.cpp **** 
1032:PhysPlateReverb.cpp **** // Smoothed runtime parameters to reduce zipper noise / coefficient jumps.
1033:PhysPlateReverb.cpp **** static float t60_low_sm  = 2.0f;
1034:PhysPlateReverb.cpp **** static float t60_high_sm = 0.5f;
1035:PhysPlateReverb.cpp **** static float dry_sm      = 0.5f;
1036:PhysPlateReverb.cpp **** static float wet_send_sm = 0.02f;
1037:PhysPlateReverb.cpp **** static float wet_mix_sm  = 0.10f;
1038:PhysPlateReverb.cpp **** static float send_hpf_hz_sm = 40.0f;
1039:PhysPlateReverb.cpp **** 
1040:PhysPlateReverb.cpp **** // Control targets are sampled at a slower control rate, then smoothed per callback.
1041:PhysPlateReverb.cpp **** static float t60_low_target_hold   = 2.0f;
1042:PhysPlateReverb.cpp **** static float t60_high_target_hold  = 0.5f;
ARM GAS  C:\Users\isaia\AppData\Local\Temp\ccT6fYmT.s 			page 74


1043:PhysPlateReverb.cpp **** static float dry_target_hold       = 0.5f;
1044:PhysPlateReverb.cpp **** static float wet_send_target_hold  = 0.02f;
1045:PhysPlateReverb.cpp **** static float wet_mix_target_hold   = 0.10f;
1046:PhysPlateReverb.cpp **** static float send_hpf_target_hold  = 40.0f;
1047:PhysPlateReverb.cpp **** 
1048:PhysPlateReverb.cpp **** void AudioCallback(AudioHandle::InputBuffer  in,
1049:PhysPlateReverb.cpp ****                    AudioHandle::OutputBuffer out,
1050:PhysPlateReverb.cpp ****                    size_t                    size)
1051:PhysPlateReverb.cpp **** {
 2058              		.loc 10 1051 1 is_stmt 1 view -0
 2059              		.cfi_startproc
 2060              		@ args = 0, pretend = 0, frame = 8
 2061              		@ frame_needed = 0, uses_anonymous_args = 0
1052:PhysPlateReverb.cpp ****     euro.patch.ProcessAnalogControls();
 2062              		.loc 10 1052 5 view .LVU642
1051:PhysPlateReverb.cpp ****     euro.patch.ProcessAnalogControls();
 2063              		.loc 10 1051 1 is_stmt 0 view .LVU643
 2064 0000 2DE9F04F 		push	{r4, r5, r6, r7, r8, r9, r10, fp, lr}
 2065              		.cfi_def_cfa_offset 36
 2066              		.cfi_offset 4, -36
 2067              		.cfi_offset 5, -32
 2068              		.cfi_offset 6, -28
 2069              		.cfi_offset 7, -24
 2070              		.cfi_offset 8, -20
 2071              		.cfi_offset 9, -16
 2072              		.cfi_offset 10, -12
 2073              		.cfi_offset 11, -8
 2074              		.cfi_offset 14, -4
 2075 0004 8246     		mov	r10, r0
 2076              		.loc 10 1052 37 view .LVU644
 2077 0006 D848     		ldr	r0, .L206
 2078              	.LVL160:
1051:PhysPlateReverb.cpp ****     euro.patch.ProcessAnalogControls();
 2079              		.loc 10 1051 1 view .LVU645
 2080 0008 1546     		mov	r5, r2
 2081 000a 8B46     		mov	fp, r1
 2082 000c 2DED048B 		vpush.64	{d8, d9}
 2083              		.cfi_def_cfa_offset 52
 2084              		.cfi_offset 80, -52
 2085              		.cfi_offset 81, -48
 2086              		.cfi_offset 82, -44
 2087              		.cfi_offset 83, -40
 2088 0010 83B0     		sub	sp, sp, #12
 2089              		.cfi_def_cfa_offset 64
 2090              		.loc 10 1052 37 view .LVU646
 2091 0012 FFF7FEFF 		bl	_ZN5daisy8patch_sm12DaisyPatchSM21ProcessAnalogControlsEv
 2092              	.LVL161:
1053:PhysPlateReverb.cpp **** 
1054:PhysPlateReverb.cpp ****     /* ---- Read knobs (same pattern as original PlateReverb.cpp) ----
1055:PhysPlateReverb.cpp ****      *
1056:PhysPlateReverb.cpp ****      * The four CV inputs map to:
1057:PhysPlateReverb.cpp ****      *   CV_1 → Decay time  (T60 at lowest mode, logarithmic)
1058:PhysPlateReverb.cpp ****      *   CV_2 → Damping     (T60 at highest mode; CW=bright, CCW=dark)
1059:PhysPlateReverb.cpp ****      *   CV_3 → Dry level   (pass-through of input signal)
1060:PhysPlateReverb.cpp ****      *   CV_4 → Wet level   (amount of reverb mixed in)
1061:PhysPlateReverb.cpp ****      */
1062:PhysPlateReverb.cpp **** 
ARM GAS  C:\Users\isaia\AppData\Local\Temp\ccT6fYmT.s 			page 75


1063:PhysPlateReverb.cpp ****     // Sample controls every 200ms (lower control-rate CPU), smoothing below
1064:PhysPlateReverb.cpp ****     // keeps transitions continuous between these updates.
1065:PhysPlateReverb.cpp ****     const uint32_t now_ms = System::GetNow();
 2093              		.loc 10 1065 5 is_stmt 1 view .LVU647
 2094              		.loc 10 1065 43 is_stmt 0 view .LVU648
 2095 0016 FFF7FEFF 		bl	_ZN5daisy6System6GetNowEv
 2096              	.LVL162:
 2097              	.LBB423:
1066:PhysPlateReverb.cpp ****     bool controls_refreshed = false;
1067:PhysPlateReverb.cpp ****     if(now_ms - last_control_update_ms >= CONTROL_UPDATE_MS)
 2098              		.loc 10 1067 15 view .LVU649
 2099 001a D44A     		ldr	r2, .L206+4
 2100              	.LVL163:
 2101              		.loc 10 1067 15 view .LVU650
 2102              	.LBE423:
1066:PhysPlateReverb.cpp ****     bool controls_refreshed = false;
 2103              		.loc 10 1066 5 is_stmt 1 view .LVU651
 2104              		.loc 10 1067 5 view .LVU652
 2105              	.LBB497:
 2106              		.loc 10 1067 15 is_stmt 0 view .LVU653
 2107 001c 1368     		ldr	r3, [r2]
 2108 001e C31A     		subs	r3, r0, r3
 2109              		.loc 10 1067 5 view .LVU654
 2110 0020 C72B     		cmp	r3, #199
 2111 0022 00F23581 		bhi	.L177
 2112              	.LBE497:
1068:PhysPlateReverb.cpp ****     {
1069:PhysPlateReverb.cpp ****         last_control_update_ms = now_ms;
1070:PhysPlateReverb.cpp ****         controls_refreshed = true;
1071:PhysPlateReverb.cpp **** 
1072:PhysPlateReverb.cpp ****         float time_knob = euro.GetKnobValue(planter::KNOB_1);
1073:PhysPlateReverb.cpp ****         t60_low_target_hold = fmap(time_knob, 0.3f, 8.0f, Mapping::LOG);
1074:PhysPlateReverb.cpp **** 
1075:PhysPlateReverb.cpp ****         float damp_knob = euro.GetKnobValue(planter::KNOB_2);
1076:PhysPlateReverb.cpp ****         t60_high_target_hold = fmap(damp_knob, 0.05f, t60_low_target_hold);
1077:PhysPlateReverb.cpp **** 
1078:PhysPlateReverb.cpp ****         dry_target_hold = euro.GetKnobValue(planter::KNOB_3) * DRY_MAX;
1079:PhysPlateReverb.cpp **** 
1080:PhysPlateReverb.cpp ****         float wet_knob = euro.GetKnobValue(planter::KNOB_4);
1081:PhysPlateReverb.cpp ****         wet_send_target_hold = wet_knob * wet_knob * wet_knob * WET_SEND_MAX;
1082:PhysPlateReverb.cpp ****         wet_mix_target_hold  = wet_knob * wet_knob * WET_MIX_MAX;
1083:PhysPlateReverb.cpp **** 
1084:PhysPlateReverb.cpp ****         // KNOB_5 -> HPF cutoff for REVERB SEND ONLY (10 Hz .. 100 Hz).
1085:PhysPlateReverb.cpp ****         // Dry passthrough is intentionally unaffected.
1086:PhysPlateReverb.cpp ****         float hpf_knob = euro.GetKnobValue(planter::KNOB_5);
1087:PhysPlateReverb.cpp ****         send_hpf_target_hold = fmap(hpf_knob, SEND_HPF_MIN_HZ, SEND_HPF_MAX_HZ);
1088:PhysPlateReverb.cpp ****     }
1089:PhysPlateReverb.cpp **** 
1090:PhysPlateReverb.cpp ****     // Block-rate smoothing to reduce zippering artifacts from fast knob moves.
1091:PhysPlateReverb.cpp ****     // (One-pole low-pass at control rate.)
1092:PhysPlateReverb.cpp ****     constexpr float kControlSmooth = 0.08f;
1093:PhysPlateReverb.cpp ****     t60_low_sm  += kControlSmooth * (t60_low_target_hold  - t60_low_sm);
1094:PhysPlateReverb.cpp ****     t60_high_sm += kControlSmooth * (t60_high_target_hold - t60_high_sm);
1095:PhysPlateReverb.cpp ****     dry_sm      += kControlSmooth * (dry_target_hold      - dry_sm);
1096:PhysPlateReverb.cpp ****     wet_send_sm += kControlSmooth * (wet_send_target_hold - wet_send_sm);
1097:PhysPlateReverb.cpp ****     wet_mix_sm  += kControlSmooth * (wet_mix_target_hold  - wet_mix_sm);
1098:PhysPlateReverb.cpp ****     send_hpf_hz_sm += kControlSmooth * (send_hpf_target_hold - send_hpf_hz_sm);
ARM GAS  C:\Users\isaia\AppData\Local\Temp\ccT6fYmT.s 			page 76


 2113              		.loc 10 1098 62 view .LVU655
 2114 0026 D24B     		ldr	r3, .L206+8
1066:PhysPlateReverb.cpp ****     bool controls_refreshed = false;
 2115              		.loc 10 1066 10 view .LVU656
 2116 0028 0022     		movs	r2, #0
 2117 002a D24C     		ldr	r4, .L206+12
 2118              		.loc 10 1098 62 view .LVU657
 2119 002c D3ED006A 		vldr.32	s13, [r3]
 2120 0030 DFF8C093 		ldr	r9, .L206+140
 2121 0034 DFF8C083 		ldr	r8, .L206+144
 2122 0038 CF4F     		ldr	r7, .L206+16
 2123 003a D04E     		ldr	r6, .L206+20
 2124              	.LVL164:
 2125              	.L178:
1092:PhysPlateReverb.cpp ****     t60_low_sm  += kControlSmooth * (t60_low_target_hold  - t60_low_sm);
 2126              		.loc 10 1092 5 is_stmt 1 view .LVU658
1093:PhysPlateReverb.cpp ****     t60_high_sm += kControlSmooth * (t60_high_target_hold - t60_high_sm);
 2127              		.loc 10 1093 5 view .LVU659
 2128              		.loc 10 1098 62 is_stmt 0 view .LVU660
 2129 003c D04B     		ldr	r3, .L206+24
1099:PhysPlateReverb.cpp **** 
1100:PhysPlateReverb.cpp ****     // Recompute send HPF coefficient at control rate from smoothed cutoff.
1101:PhysPlateReverb.cpp ****     const float rc_send = 1.0f / (2.0f * PI_F * send_hpf_hz_sm);
 2130              		.loc 10 1101 17 view .LVU661
 2131 003e B7EE003A 		vmov.f32	s6, #1.0e+0
1093:PhysPlateReverb.cpp ****     t60_high_sm += kControlSmooth * (t60_high_target_hold - t60_high_sm);
 2132              		.loc 10 1093 17 view .LVU662
 2133 0042 9FEDD07A 		vldr.32	s14, .L206+28
1098:PhysPlateReverb.cpp **** 
 2134              		.loc 10 1098 62 view .LVU663
 2135 0046 D3ED007A 		vldr.32	s15, [r3]
 2136              		.loc 10 1101 47 view .LVU664
 2137 004a DFEDCF3A 		vldr.32	s7, .L206+32
1098:PhysPlateReverb.cpp **** 
 2138              		.loc 10 1098 62 view .LVU665
 2139 004e 76EEE76A 		vsub.f32	s13, s13, s15
1093:PhysPlateReverb.cpp ****     t60_high_sm += kControlSmooth * (t60_high_target_hold - t60_high_sm);
 2140              		.loc 10 1093 59 view .LVU666
 2141 0052 94ED004A 		vldr.32	s8, [r4]
1094:PhysPlateReverb.cpp ****     dry_sm      += kControlSmooth * (dry_target_hold      - dry_sm);
 2142              		.loc 10 1094 59 view .LVU667
 2143 0056 D9ED004A 		vldr.32	s9, [r9]
1095:PhysPlateReverb.cpp ****     wet_send_sm += kControlSmooth * (wet_send_target_hold - wet_send_sm);
 2144              		.loc 10 1095 59 view .LVU668
 2145 005a 98ED005A 		vldr.32	s10, [r8]
1098:PhysPlateReverb.cpp **** 
 2146              		.loc 10 1098 20 view .LVU669
 2147 005e E6EE877A 		vfma.f32	s15, s13, s14
1096:PhysPlateReverb.cpp ****     wet_mix_sm  += kControlSmooth * (wet_mix_target_hold  - wet_mix_sm);
 2148              		.loc 10 1096 59 view .LVU670
 2149 0062 D7ED005A 		vldr.32	s11, [r7]
1097:PhysPlateReverb.cpp ****     send_hpf_hz_sm += kControlSmooth * (send_hpf_target_hold - send_hpf_hz_sm);
 2150              		.loc 10 1097 59 view .LVU671
 2151 0066 96ED006A 		vldr.32	s12, [r6]
 2152              		.loc 10 1101 47 view .LVU672
 2153 006a 67EEA36A 		vmul.f32	s13, s15, s7
1098:PhysPlateReverb.cpp **** 
ARM GAS  C:\Users\isaia\AppData\Local\Temp\ccT6fYmT.s 			page 77


 2154              		.loc 10 1098 20 view .LVU673
 2155 006e C3ED007A 		vstr.32	s15, [r3]
1102:PhysPlateReverb.cpp ****     send_hpf_a = rc_send / (rc_send + sample_dt);
 2156              		.loc 10 1102 37 view .LVU674
 2157 0072 C64B     		ldr	r3, .L206+36
1101:PhysPlateReverb.cpp ****     send_hpf_a = rc_send / (rc_send + sample_dt);
 2158              		.loc 10 1101 17 view .LVU675
 2159 0074 C3EE263A 		vdiv.f32	s7, s6, s13
 2160              		.loc 10 1102 37 view .LVU676
 2161 0078 D3ED007A 		vldr.32	s15, [r3]
 2162              		.loc 10 1102 16 view .LVU677
 2163 007c C44B     		ldr	r3, .L206+40
 2164              		.loc 10 1102 37 view .LVU678
 2165 007e 73EEA77A 		vadd.f32	s15, s7, s15
 2166              		.loc 10 1102 26 view .LVU679
 2167 0082 C3EEA71A 		vdiv.f32	s3, s7, s15
 2168              		.loc 10 1102 16 view .LVU680
 2169 0086 C3ED001A 		vstr.32	s3, [r3]
1093:PhysPlateReverb.cpp ****     t60_high_sm += kControlSmooth * (t60_high_target_hold - t60_high_sm);
 2170              		.loc 10 1093 59 view .LVU681
 2171 008a C24B     		ldr	r3, .L206+44
 2172 008c D3ED008A 		vldr.32	s17, [r3]
 2173 0090 74EE687A 		vsub.f32	s15, s8, s17
1093:PhysPlateReverb.cpp ****     t60_high_sm += kControlSmooth * (t60_high_target_hold - t60_high_sm);
 2174              		.loc 10 1093 17 view .LVU682
 2175 0094 E7EE878A 		vfma.f32	s17, s15, s14
 2176 0098 C3ED008A 		vstr.32	s17, [r3]
1094:PhysPlateReverb.cpp ****     dry_sm      += kControlSmooth * (dry_target_hold      - dry_sm);
 2177              		.loc 10 1094 5 is_stmt 1 view .LVU683
1094:PhysPlateReverb.cpp ****     dry_sm      += kControlSmooth * (dry_target_hold      - dry_sm);
 2178              		.loc 10 1094 59 is_stmt 0 view .LVU684
 2179 009c BE4B     		ldr	r3, .L206+48
 2180 009e D3ED000A 		vldr.32	s1, [r3]
 2181 00a2 74EEE07A 		vsub.f32	s15, s9, s1
1094:PhysPlateReverb.cpp ****     dry_sm      += kControlSmooth * (dry_target_hold      - dry_sm);
 2182              		.loc 10 1094 17 view .LVU685
 2183 00a6 E7EE870A 		vfma.f32	s1, s15, s14
1095:PhysPlateReverb.cpp ****     wet_send_sm += kControlSmooth * (wet_send_target_hold - wet_send_sm);
 2184              		.loc 10 1095 5 is_stmt 1 view .LVU686
1103:PhysPlateReverb.cpp **** 
1104:PhysPlateReverb.cpp ****     if(t60_high_sm > t60_low_sm)
1105:PhysPlateReverb.cpp ****         t60_high_sm = t60_low_sm;
 2185              		.loc 10 1105 21 is_stmt 0 view .LVU687
 2186 00aa F4EE608A 		vcmp.f32	s17, s1
 2187 00ae F1EE10FA 		vmrs	APSR_nzcv, FPSCR
 2188 00b2 4CBF     		ite	mi
 2189 00b4 F0EE687A 		vmovmi.f32	s15, s17
 2190 00b8 F0EE607A 		vmovpl.f32	s15, s1
 2191 00bc C3ED007A 		vstr.32	s15, [r3]
1095:PhysPlateReverb.cpp ****     wet_send_sm += kControlSmooth * (wet_send_target_hold - wet_send_sm);
 2192              		.loc 10 1095 59 view .LVU688
 2193 00c0 B64B     		ldr	r3, .L206+52
 2194 00c2 93ED002A 		vldr.32	s4, [r3]
 2195 00c6 75EE426A 		vsub.f32	s13, s10, s4
1095:PhysPlateReverb.cpp ****     wet_send_sm += kControlSmooth * (wet_send_target_hold - wet_send_sm);
 2196              		.loc 10 1095 17 view .LVU689
 2197 00ca A6EE872A 		vfma.f32	s4, s13, s14
ARM GAS  C:\Users\isaia\AppData\Local\Temp\ccT6fYmT.s 			page 78


 2198 00ce 83ED002A 		vstr.32	s4, [r3]
1096:PhysPlateReverb.cpp ****     wet_mix_sm  += kControlSmooth * (wet_mix_target_hold  - wet_mix_sm);
 2199              		.loc 10 1096 5 is_stmt 1 view .LVU690
1096:PhysPlateReverb.cpp ****     wet_mix_sm  += kControlSmooth * (wet_mix_target_hold  - wet_mix_sm);
 2200              		.loc 10 1096 59 is_stmt 0 view .LVU691
 2201 00d2 B34B     		ldr	r3, .L206+56
 2202 00d4 93ED001A 		vldr.32	s2, [r3]
 2203 00d8 75EEC16A 		vsub.f32	s13, s11, s2
1096:PhysPlateReverb.cpp ****     wet_mix_sm  += kControlSmooth * (wet_mix_target_hold  - wet_mix_sm);
 2204              		.loc 10 1096 17 view .LVU692
 2205 00dc A6EE871A 		vfma.f32	s2, s13, s14
 2206 00e0 83ED001A 		vstr.32	s2, [r3]
1097:PhysPlateReverb.cpp ****     send_hpf_hz_sm += kControlSmooth * (send_hpf_target_hold - send_hpf_hz_sm);
 2207              		.loc 10 1097 5 is_stmt 1 view .LVU693
1097:PhysPlateReverb.cpp ****     send_hpf_hz_sm += kControlSmooth * (send_hpf_target_hold - send_hpf_hz_sm);
 2208              		.loc 10 1097 59 is_stmt 0 view .LVU694
 2209 00e4 AF4B     		ldr	r3, .L206+60
 2210 00e6 D3ED000A 		vldr.32	s1, [r3]
 2211 00ea 76EE606A 		vsub.f32	s13, s12, s1
1097:PhysPlateReverb.cpp ****     send_hpf_hz_sm += kControlSmooth * (send_hpf_target_hold - send_hpf_hz_sm);
 2212              		.loc 10 1097 17 view .LVU695
 2213 00ee E6EE870A 		vfma.f32	s1, s13, s14
 2214 00f2 B0EE609A 		vmov.f32	s18, s1
 2215 00f6 C3ED000A 		vstr.32	s1, [r3]
1098:PhysPlateReverb.cpp **** 
 2216              		.loc 10 1098 5 is_stmt 1 view .LVU696
1101:PhysPlateReverb.cpp ****     send_hpf_a = rc_send / (rc_send + sample_dt);
 2217              		.loc 10 1101 5 view .LVU697
 2218              	.LVL165:
1102:PhysPlateReverb.cpp **** 
 2219              		.loc 10 1102 5 view .LVU698
1104:PhysPlateReverb.cpp ****         t60_high_sm = t60_low_sm;
 2220              		.loc 10 1104 5 view .LVU699
1106:PhysPlateReverb.cpp **** 
1107:PhysPlateReverb.cpp ****     /* ---- Update decay coefficients if knobs changed ----
1108:PhysPlateReverb.cpp ****      *
1109:PhysPlateReverb.cpp ****      * UpdateDecay() recalculates B, C, D for ALL modes (a loop of
1110:PhysPlateReverb.cpp ****      * ~hundreds of iterations).  It's cheap enough to run every block,
1111:PhysPlateReverb.cpp ****      * but we only do it when the knobs actually moved to save a bit of CPU.
1112:PhysPlateReverb.cpp ****      */
1113:PhysPlateReverb.cpp ****     // Coefficient refresh at a reduced control rate to avoid audible artifacts
1114:PhysPlateReverb.cpp ****     // from frequent full-bank updates and to lower callback CPU spikes.
1115:PhysPlateReverb.cpp ****     if (controls_refreshed &&
 2221              		.loc 10 1115 5 view .LVU700
 2222 00fa EAB1     		cbz	r2, .L181
1116:PhysPlateReverb.cpp ****         (fabsf(t60_low_sm  - prev_t60_low)  > 0.01f ||
 2223              		.loc 10 1116 28 is_stmt 0 discriminator 1 view .LVU701
 2224 00fc AA4C     		ldr	r4, .L206+64
1115:PhysPlateReverb.cpp ****         (fabsf(t60_low_sm  - prev_t60_low)  > 0.01f ||
 2225              		.loc 10 1115 28 discriminator 1 view .LVU702
 2226 00fe DFEDAB6A 		vldr.32	s13, .L206+68
 2227              		.loc 10 1116 28 discriminator 1 view .LVU703
 2228 0102 94ED007A 		vldr.32	s14, [r4]
 2229 0106 38EEC77A 		vsub.f32	s14, s17, s14
 2230              		.loc 10 1116 15 discriminator 1 view .LVU704
 2231 010a B0EEC77A 		vabs.f32	s14, s14
1115:PhysPlateReverb.cpp ****         (fabsf(t60_low_sm  - prev_t60_low)  > 0.01f ||
ARM GAS  C:\Users\isaia\AppData\Local\Temp\ccT6fYmT.s 			page 79


 2232              		.loc 10 1115 28 discriminator 1 view .LVU705
 2233 010e B4EEE67A 		vcmpe.f32	s14, s13
 2234 0112 F1EE10FA 		vmrs	APSR_nzcv, FPSCR
 2235 0116 00F3AC80 		bgt	.L204
1117:PhysPlateReverb.cpp ****          fabsf(t60_high_sm - prev_t60_high) > 0.01f))
 2236              		.loc 10 1117 28 view .LVU706
 2237 011a A54E     		ldr	r6, .L206+72
 2238 011c B0EE678A 		vmov.f32	s16, s15
 2239 0120 D6ED007A 		vldr.32	s15, [r6]
 2240 0124 78EE677A 		vsub.f32	s15, s16, s15
 2241              		.loc 10 1117 15 view .LVU707
 2242 0128 F0EEE77A 		vabs.f32	s15, s15
1116:PhysPlateReverb.cpp ****         (fabsf(t60_low_sm  - prev_t60_low)  > 0.01f ||
 2243              		.loc 10 1116 53 view .LVU708
 2244 012c F4EEE67A 		vcmpe.f32	s15, s13
 2245 0130 F1EE10FA 		vmrs	APSR_nzcv, FPSCR
 2246 0134 00F3A080 		bgt	.L184
 2247              	.LVL166:
 2248              	.L181:
1118:PhysPlateReverb.cpp ****     {
1119:PhysPlateReverb.cpp ****         reverb.UpdateDecay(t60_low_sm, t60_high_sm);
1120:PhysPlateReverb.cpp ****         prev_t60_low  = t60_low_sm;
1121:PhysPlateReverb.cpp ****         prev_t60_high = t60_high_sm;
1122:PhysPlateReverb.cpp ****     }
1123:PhysPlateReverb.cpp **** 
1124:PhysPlateReverb.cpp ****     /* ---- Per-sample audio processing ----
1125:PhysPlateReverb.cpp ****      *
1126:PhysPlateReverb.cpp ****      * MATLAB: for n = 1:Nf ... end
1127:PhysPlateReverb.cpp ****      *
1128:PhysPlateReverb.cpp ****      * On the Daisy, the hardware calls AudioCallback with a block of
1129:PhysPlateReverb.cpp ****      * `size` samples (typically 48).  We process one sample per iteration,
1130:PhysPlateReverb.cpp ****      * which mirrors one step of MATLAB's "for n = 1:Nf" loop.
1131:PhysPlateReverb.cpp ****      */
1132:PhysPlateReverb.cpp ****     const float send_gain = 0.5f * wet_send_sm * WET_SEND_PRETRIM;
 2249              		.loc 10 1132 5 is_stmt 1 view .LVU709
 2250              		.loc 10 1132 34 is_stmt 0 view .LVU710
 2251 0138 B6EE007A 		vmov.f32	s14, #5.0e-1
1133:PhysPlateReverb.cpp ****     const float dry_gain  = dry_sm * MIX_HEADROOM;
 2252              		.loc 10 1133 17 view .LVU711
 2253 013c DFED9D0A 		vldr.32	s1, .L206+76
1132:PhysPlateReverb.cpp ****     const float dry_gain  = dry_sm * MIX_HEADROOM;
 2254              		.loc 10 1132 17 view .LVU712
 2255 0140 DFED9D7A 		vldr.32	s15, .L206+80
 2256              		.loc 10 1133 17 view .LVU713
 2257 0144 22EE202A 		vmul.f32	s4, s4, s1
1132:PhysPlateReverb.cpp ****     const float dry_gain  = dry_sm * MIX_HEADROOM;
 2258              		.loc 10 1132 34 view .LVU714
 2259 0148 21EE071A 		vmul.f32	s2, s2, s14
1134:PhysPlateReverb.cpp ****     const float wet_gain  = wet_mix_sm * MIX_HEADROOM;
 2260              		.loc 10 1134 17 view .LVU715
 2261 014c 69EE200A 		vmul.f32	s1, s18, s1
1132:PhysPlateReverb.cpp ****     const float dry_gain  = dry_sm * MIX_HEADROOM;
 2262              		.loc 10 1132 17 view .LVU716
 2263 0150 21EE271A 		vmul.f32	s2, s2, s15
 2264              	.LVL167:
1133:PhysPlateReverb.cpp ****     const float dry_gain  = dry_sm * MIX_HEADROOM;
 2265              		.loc 10 1133 5 is_stmt 1 view .LVU717
ARM GAS  C:\Users\isaia\AppData\Local\Temp\ccT6fYmT.s 			page 80


 2266              		.loc 10 1134 5 view .LVU718
1135:PhysPlateReverb.cpp **** 
1136:PhysPlateReverb.cpp ****     for (size_t i = 0; i < size; i++)
 2267              		.loc 10 1136 5 view .LVU719
 2268              	.LBB498:
 2269              		.loc 10 1136 26 view .LVU720
 2270 0154 002D     		cmp	r5, #0
 2271 0156 00F08480 		beq	.L176
 2272              	.LBB499:
1137:PhysPlateReverb.cpp ****     {
1138:PhysPlateReverb.cpp **** 
1139:PhysPlateReverb.cpp ****         // Sum stereo input to mono — a real plate has one driver (excitation
1140:PhysPlateReverb.cpp ****         // point).  Scale by 0.5 to maintain level, then apply wet level.
1141:PhysPlateReverb.cpp ****         const float in_l = IN_L[i] * INPUT_TRIM;
1142:PhysPlateReverb.cpp ****         const float in_r = IN_R[i] * INPUT_TRIM;
1143:PhysPlateReverb.cpp **** 
1144:PhysPlateReverb.cpp ****         // HPF the excitation send to prevent low-frequency energy pile-up.
1145:PhysPlateReverb.cpp ****         const float mono_in = (in_l + in_r) * send_gain;
1146:PhysPlateReverb.cpp ****         const float mono_send = send_hpf_a * (send_y1 + mono_in - send_x1);
 2273              		.loc 10 1146 65 is_stmt 0 view .LVU721
 2274 015a 984B     		ldr	r3, .L206+84
 2275              	.LBE499:
1136:PhysPlateReverb.cpp ****     {
 2276              		.loc 10 1136 17 view .LVU722
 2277 015c 0024     		movs	r4, #0
 2278              	.LBB524:
 2279              		.loc 10 1146 55 view .LVU723
 2280 015e DFF89C92 		ldr	r9, .L206+148
 2281              		.loc 10 1146 65 view .LVU724
 2282 0162 93ED004A 		vldr.32	s8, [r3]
1147:PhysPlateReverb.cpp ****         send_x1 = mono_in;
1148:PhysPlateReverb.cpp ****         send_y1 = mono_send;
1149:PhysPlateReverb.cpp **** 
1150:PhysPlateReverb.cpp ****         // Process one sample through the modal plate reverb.
1151:PhysPlateReverb.cpp ****         // Returns two outputs (two pickup positions = stereo).
1152:PhysPlateReverb.cpp ****         float wet_mono;
1153:PhysPlateReverb.cpp ****         reverb.ProcessMono(mono_send, &wet_mono);
1154:PhysPlateReverb.cpp **** 
1155:PhysPlateReverb.cpp ****         // Mix dry (original) + wet (reverb) for each channel.
1156:PhysPlateReverb.cpp ****         // This is identical to the original PlateReverb.cpp's mixing stage.
1157:PhysPlateReverb.cpp ****         // HPF wet returns to remove rumble/DC-like buildup that causes
1158:PhysPlateReverb.cpp ****         // early perceived clipping without useful audible reverb level.
1159:PhysPlateReverb.cpp ****         const float wet_hp = wet_hpf_a * (wet_y1 + wet_mono - wet_x1);
 2283              		.loc 10 1159 50 view .LVU725
 2284 0166 964F     		ldr	r7, .L206+88
 2285              		.loc 10 1159 61 view .LVU726
 2286 0168 964E     		ldr	r6, .L206+92
 2287              		.loc 10 1159 40 view .LVU727
 2288 016a 974B     		ldr	r3, .L206+96
1146:PhysPlateReverb.cpp ****         send_x1 = mono_in;
 2289              		.loc 10 1146 55 view .LVU728
 2290 016c 99ED000A 		vldr.32	s0, [r9]
 2291              		.loc 10 1159 50 view .LVU729
 2292 0170 D7ED004A 		vldr.32	s9, [r7]
 2293              		.loc 10 1159 61 view .LVU730
 2294 0174 D6ED002A 		vldr.32	s5, [r6]
 2295              		.loc 10 1159 40 view .LVU731
ARM GAS  C:\Users\isaia\AppData\Local\Temp\ccT6fYmT.s 			page 81


 2296 0178 93ED008A 		vldr.32	s16, [r3]
 2297 017c 0BE0     		b	.L192
 2298              	.LVL168:
 2299              	.L205:
 2300              	.LBB500:
 2301              	.LBB501:
 212:PhysPlateReverb.cpp ****     return x;
 2302              		.loc 10 212 35 view .LVU732
 2303 017e F4EE467A 		vcmp.f32	s15, s12
 2304              	.LBE501:
 2305              	.LBE500:
 2306              	.LBE524:
1136:PhysPlateReverb.cpp ****     {
 2307              		.loc 10 1136 5 view .LVU733
 2308 0182 0134     		adds	r4, r4, #1
 2309              	.LVL169:
 2310              	.LBB525:
 2311              	.LBB508:
 2312              	.LBB502:
 212:PhysPlateReverb.cpp ****     return x;
 2313              		.loc 10 212 35 view .LVU734
 2314 0184 F1EE10FA 		vmrs	APSR_nzcv, FPSCR
 2315 0188 48BF     		it	mi
 2316 018a F0EE467A 		vmovmi.f32	s15, s12
 2317              	.LVL170:
 212:PhysPlateReverb.cpp ****     return x;
 2318              		.loc 10 212 35 view .LVU735
 2319              	.LBE502:
 2320              	.LBE508:
 2321              	.LBE525:
1136:PhysPlateReverb.cpp ****     {
 2322              		.loc 10 1136 26 view .LVU736
 2323 018e A542     		cmp	r5, r4
 2324              	.LBB526:
1160:PhysPlateReverb.cpp ****         wet_x1 = wet_mono;
1161:PhysPlateReverb.cpp ****         wet_y1 = wet_hp;
1162:PhysPlateReverb.cpp **** 
1163:PhysPlateReverb.cpp ****         OUT_L[i] = ClampAudio(in_l * dry_gain + wet_hp * wet_gain);
1164:PhysPlateReverb.cpp ****         OUT_R[i] = ClampAudio(in_r * dry_gain + wet_hp * wet_gain);
 2325              		.loc 10 1164 18 view .LVU737
 2326 0190 C3ED007A 		vstr.32	s15, [r3]
 2327              	.LBE526:
1136:PhysPlateReverb.cpp ****     {
 2328              		.loc 10 1136 5 is_stmt 1 view .LVU738
 2329              	.LVL171:
1136:PhysPlateReverb.cpp ****     {
 2330              		.loc 10 1136 26 view .LVU739
 2331 0194 65D0     		beq	.L176
 2332              	.LVL172:
 2333              	.L192:
 2334              	.LBB527:
1141:PhysPlateReverb.cpp ****         const float in_r = IN_R[i] * INPUT_TRIM;
 2335              		.loc 10 1141 9 discriminator 2 view .LVU740
1141:PhysPlateReverb.cpp ****         const float in_r = IN_R[i] * INPUT_TRIM;
 2336              		.loc 10 1141 21 is_stmt 0 discriminator 2 view .LVU741
 2337 0196 DFED8D7A 		vldr.32	s15, .L206+100
 2338 019a B0EE447A 		vmov.f32	s14, s8
ARM GAS  C:\Users\isaia\AppData\Local\Temp\ccT6fYmT.s 			page 82


1153:PhysPlateReverb.cpp **** 
 2339              		.loc 10 1153 27 discriminator 2 view .LVU742
 2340 019e 01A9     		add	r1, sp, #4
 2341 01a0 8B48     		ldr	r0, .L206+104
 2342 01a2 4FEA8408 		lsl	r8, r4, #2
1142:PhysPlateReverb.cpp **** 
 2343              		.loc 10 1142 34 discriminator 2 view .LVU743
 2344 01a6 DAE90023 		ldrd	r2, r3, [r10]
1141:PhysPlateReverb.cpp ****         const float in_r = IN_R[i] * INPUT_TRIM;
 2345              		.loc 10 1141 34 discriminator 2 view .LVU744
 2346 01aa 02EB8402 		add	r2, r2, r4, lsl #2
1142:PhysPlateReverb.cpp **** 
 2347              		.loc 10 1142 34 discriminator 2 view .LVU745
 2348 01ae 03EB8403 		add	r3, r3, r4, lsl #2
1141:PhysPlateReverb.cpp ****         const float in_r = IN_R[i] * INPUT_TRIM;
 2349              		.loc 10 1141 21 discriminator 2 view .LVU746
 2350 01b2 92ED003A 		vldr.32	s6, [r2]
1142:PhysPlateReverb.cpp **** 
 2351              		.loc 10 1142 21 discriminator 2 view .LVU747
 2352 01b6 D3ED003A 		vldr.32	s7, [r3]
1141:PhysPlateReverb.cpp ****         const float in_r = IN_R[i] * INPUT_TRIM;
 2353              		.loc 10 1141 21 discriminator 2 view .LVU748
 2354 01ba 23EE273A 		vmul.f32	s6, s6, s15
 2355              	.LVL173:
1142:PhysPlateReverb.cpp **** 
 2356              		.loc 10 1142 9 is_stmt 1 discriminator 2 view .LVU749
1147:PhysPlateReverb.cpp ****         send_y1 = mono_send;
 2357              		.loc 10 1147 17 is_stmt 0 discriminator 2 view .LVU750
 2358 01be 7F4B     		ldr	r3, .L206+84
1142:PhysPlateReverb.cpp **** 
 2359              		.loc 10 1142 21 discriminator 2 view .LVU751
 2360 01c0 63EEA73A 		vmul.f32	s7, s7, s15
 2361              	.LVL174:
1145:PhysPlateReverb.cpp ****         const float mono_send = send_hpf_a * (send_y1 + mono_in - send_x1);
 2362              		.loc 10 1145 9 is_stmt 1 discriminator 2 view .LVU752
1145:PhysPlateReverb.cpp ****         const float mono_send = send_hpf_a * (send_y1 + mono_in - send_x1);
 2363              		.loc 10 1145 37 is_stmt 0 discriminator 2 view .LVU753
 2364 01c4 33EE234A 		vadd.f32	s8, s6, s7
1145:PhysPlateReverb.cpp ****         const float mono_send = send_hpf_a * (send_y1 + mono_in - send_x1);
 2365              		.loc 10 1145 21 discriminator 2 view .LVU754
 2366 01c8 24EE014A 		vmul.f32	s8, s8, s2
 2367              	.LVL175:
1146:PhysPlateReverb.cpp ****         send_x1 = mono_in;
 2368              		.loc 10 1146 9 is_stmt 1 discriminator 2 view .LVU755
1146:PhysPlateReverb.cpp ****         send_x1 = mono_in;
 2369              		.loc 10 1146 55 is_stmt 0 discriminator 2 view .LVU756
 2370 01cc 34EE000A 		vadd.f32	s0, s8, s0
1147:PhysPlateReverb.cpp ****         send_y1 = mono_send;
 2371              		.loc 10 1147 17 discriminator 2 view .LVU757
 2372 01d0 83ED004A 		vstr.32	s8, [r3]
1146:PhysPlateReverb.cpp ****         send_x1 = mono_in;
 2373              		.loc 10 1146 65 discriminator 2 view .LVU758
 2374 01d4 30EE470A 		vsub.f32	s0, s0, s14
1146:PhysPlateReverb.cpp ****         send_x1 = mono_in;
 2375              		.loc 10 1146 21 discriminator 2 view .LVU759
 2376 01d8 20EE210A 		vmul.f32	s0, s0, s3
 2377              	.LVL176:
ARM GAS  C:\Users\isaia\AppData\Local\Temp\ccT6fYmT.s 			page 83


1147:PhysPlateReverb.cpp ****         send_y1 = mono_send;
 2378              		.loc 10 1147 9 is_stmt 1 discriminator 2 view .LVU760
1148:PhysPlateReverb.cpp **** 
 2379              		.loc 10 1148 9 discriminator 2 view .LVU761
1148:PhysPlateReverb.cpp **** 
 2380              		.loc 10 1148 17 is_stmt 0 discriminator 2 view .LVU762
 2381 01dc 89ED000A 		vstr.32	s0, [r9]
1152:PhysPlateReverb.cpp ****         reverb.ProcessMono(mono_send, &wet_mono);
 2382              		.loc 10 1152 9 is_stmt 1 discriminator 2 view .LVU763
1153:PhysPlateReverb.cpp **** 
 2383              		.loc 10 1153 9 discriminator 2 view .LVU764
1153:PhysPlateReverb.cpp **** 
 2384              		.loc 10 1153 27 is_stmt 0 discriminator 2 view .LVU765
 2385 01e0 FFF7FEFF 		bl	_ZN16ModalPlateReverb11ProcessMonoEfPf
 2386              	.LVL177:
1159:PhysPlateReverb.cpp ****         wet_x1 = wet_mono;
 2387              		.loc 10 1159 9 is_stmt 1 discriminator 2 view .LVU766
 2388              	.LBB509:
 2389              	.LBB510:
 212:PhysPlateReverb.cpp ****     return x;
 2390              		.loc 10 212 5 discriminator 2 view .LVU767
 2391 01e4 F0EE627A 		vmov.f32	s15, s5
 2392              	.LBE510:
 2393              	.LBE509:
1159:PhysPlateReverb.cpp ****         wet_x1 = wet_mono;
 2394              		.loc 10 1159 50 is_stmt 0 discriminator 2 view .LVU768
 2395 01e8 DDED012A 		vldr.32	s5, [sp, #4]
 2396              	.LBB515:
 2397              	.LBB511:
 211:PhysPlateReverb.cpp ****     if(x < -OUTPUT_LIMIT) return -OUTPUT_LIMIT;
 2398              		.loc 10 211 5 discriminator 2 view .LVU769
 2399 01ec DFED796A 		vldr.32	s13, .L206+108
 2400              	.LBE511:
 2401              	.LBE515:
1159:PhysPlateReverb.cpp ****         wet_x1 = wet_mono;
 2402              		.loc 10 1159 50 discriminator 2 view .LVU770
 2403 01f0 72EEA44A 		vadd.f32	s9, s5, s9
1163:PhysPlateReverb.cpp ****         OUT_R[i] = ClampAudio(in_r * dry_gain + wet_hp * wet_gain);
 2404              		.loc 10 1163 16 discriminator 2 view .LVU771
 2405 01f4 DBF80030 		ldr	r3, [fp]
 2406              	.LBB516:
 2407              	.LBB512:
 212:PhysPlateReverb.cpp ****     return x;
 2408              		.loc 10 212 5 discriminator 2 view .LVU772
 2409 01f8 9FED776A 		vldr.32	s12, .L206+112
 2410              	.LBE512:
 2411              	.LBE516:
1163:PhysPlateReverb.cpp ****         OUT_R[i] = ClampAudio(in_r * dry_gain + wet_hp * wet_gain);
 2412              		.loc 10 1163 16 discriminator 2 view .LVU773
 2413 01fc 03EB0801 		add	r1, r3, r8
1160:PhysPlateReverb.cpp ****         wet_y1 = wet_hp;
 2414              		.loc 10 1160 16 discriminator 2 view .LVU774
 2415 0200 C6ED002A 		vstr.32	s5, [r6]
1159:PhysPlateReverb.cpp ****         wet_x1 = wet_mono;
 2416              		.loc 10 1159 61 discriminator 2 view .LVU775
 2417 0204 74EEE74A 		vsub.f32	s9, s9, s15
1159:PhysPlateReverb.cpp ****         wet_x1 = wet_mono;
ARM GAS  C:\Users\isaia\AppData\Local\Temp\ccT6fYmT.s 			page 84


 2418              		.loc 10 1159 21 discriminator 2 view .LVU776
 2419 0208 64EE884A 		vmul.f32	s9, s9, s16
 2420              	.LVL178:
1160:PhysPlateReverb.cpp ****         wet_y1 = wet_hp;
 2421              		.loc 10 1160 9 is_stmt 1 discriminator 2 view .LVU777
1161:PhysPlateReverb.cpp **** 
 2422              		.loc 10 1161 9 discriminator 2 view .LVU778
1163:PhysPlateReverb.cpp ****         OUT_R[i] = ClampAudio(in_r * dry_gain + wet_hp * wet_gain);
 2423              		.loc 10 1163 56 is_stmt 0 discriminator 2 view .LVU779
 2424 020c 60EEA47A 		vmul.f32	s15, s1, s9
1161:PhysPlateReverb.cpp **** 
 2425              		.loc 10 1161 16 discriminator 2 view .LVU780
 2426 0210 C7ED004A 		vstr.32	s9, [r7]
1163:PhysPlateReverb.cpp ****         OUT_R[i] = ClampAudio(in_r * dry_gain + wet_hp * wet_gain);
 2427              		.loc 10 1163 9 is_stmt 1 discriminator 2 view .LVU781
1163:PhysPlateReverb.cpp ****         OUT_R[i] = ClampAudio(in_r * dry_gain + wet_hp * wet_gain);
 2428              		.loc 10 1163 30 is_stmt 0 discriminator 2 view .LVU782
 2429 0214 B0EE677A 		vmov.f32	s14, s15
 2430 0218 A2EE037A 		vfma.f32	s14, s4, s6
 2431              	.LVL179:
 2432              	.LBB517:
 2433              	.LBI509:
 209:PhysPlateReverb.cpp **** {
 2434              		.loc 10 209 21 is_stmt 1 discriminator 2 view .LVU783
 2435              	.LBB513:
 211:PhysPlateReverb.cpp ****     if(x < -OUTPUT_LIMIT) return -OUTPUT_LIMIT;
 2436              		.loc 10 211 5 discriminator 2 view .LVU784
 2437 021c B4EEE67A 		vcmpe.f32	s14, s13
 2438 0220 F1EE10FA 		vmrs	APSR_nzcv, FPSCR
 2439 0224 22DC     		bgt	.L193
 212:PhysPlateReverb.cpp ****     return x;
 2440              		.loc 10 212 35 is_stmt 0 view .LVU785
 2441 0226 B4EE467A 		vcmp.f32	s14, s12
 2442 022a F1EE10FA 		vmrs	APSR_nzcv, FPSCR
 2443 022e 48BF     		it	mi
 2444 0230 B0EE467A 		vmovmi.f32	s14, s12
 2445              	.LVL180:
 2446              	.L187:
 212:PhysPlateReverb.cpp ****     return x;
 2447              		.loc 10 212 35 view .LVU786
 2448              	.LBE513:
 2449              	.LBE517:
 2450              	.LBB518:
 2451              	.LBB503:
 212:PhysPlateReverb.cpp ****     return x;
 2452              		.loc 10 212 5 is_stmt 1 view .LVU787
 2453              	.LBE503:
 2454              	.LBE518:
 2455              		.loc 10 1164 30 is_stmt 0 view .LVU788
 2456 0234 E2EE237A 		vfma.f32	s15, s4, s7
 2457              	.LBB519:
 2458              	.LBB504:
 211:PhysPlateReverb.cpp ****     if(x < -OUTPUT_LIMIT) return -OUTPUT_LIMIT;
 2459              		.loc 10 211 5 view .LVU789
 2460 0238 DFED666A 		vldr.32	s13, .L206+108
 2461              	.LBE504:
 2462              	.LBE519:
ARM GAS  C:\Users\isaia\AppData\Local\Temp\ccT6fYmT.s 			page 85


 2463              		.loc 10 1164 16 view .LVU790
 2464 023c DBF80430 		ldr	r3, [fp, #4]
 2465              	.LBB520:
 2466              	.LBB505:
 212:PhysPlateReverb.cpp ****     return x;
 2467              		.loc 10 212 5 view .LVU791
 2468 0240 9FED656A 		vldr.32	s12, .L206+112
 2469              	.LBE505:
 2470              	.LBE520:
 2471              		.loc 10 1164 16 view .LVU792
 2472 0244 4344     		add	r3, r3, r8
1163:PhysPlateReverb.cpp ****         OUT_R[i] = ClampAudio(in_r * dry_gain + wet_hp * wet_gain);
 2473              		.loc 10 1163 18 view .LVU793
 2474 0246 81ED007A 		vstr.32	s14, [r1]
 2475              		.loc 10 1164 9 is_stmt 1 view .LVU794
 2476              	.LVL181:
 2477              	.LBB521:
 2478              	.LBI500:
 209:PhysPlateReverb.cpp **** {
 2479              		.loc 10 209 21 view .LVU795
 2480              	.LBB506:
 211:PhysPlateReverb.cpp ****     if(x < -OUTPUT_LIMIT) return -OUTPUT_LIMIT;
 2481              		.loc 10 211 5 view .LVU796
 2482 024a F4EEE67A 		vcmpe.f32	s15, s13
 2483 024e F1EE10FA 		vmrs	APSR_nzcv, FPSCR
 2484 0252 94DD     		ble	.L205
 2485              	.LBE506:
 2486              	.LBE521:
 2487              	.LBE527:
1136:PhysPlateReverb.cpp ****     {
 2488              		.loc 10 1136 5 is_stmt 0 view .LVU797
 2489 0254 0134     		adds	r4, r4, #1
 2490              	.LVL182:
 2491              	.LBB528:
 2492              	.LBB522:
 2493              	.LBB507:
 211:PhysPlateReverb.cpp ****     if(x < -OUTPUT_LIMIT) return -OUTPUT_LIMIT;
 2494              		.loc 10 211 33 view .LVU798
 2495 0256 F0EE667A 		vmov.f32	s15, s13
 2496              	.LVL183:
 211:PhysPlateReverb.cpp ****     if(x < -OUTPUT_LIMIT) return -OUTPUT_LIMIT;
 2497              		.loc 10 211 33 view .LVU799
 2498              	.LBE507:
 2499              	.LBE522:
 2500              	.LBE528:
1136:PhysPlateReverb.cpp ****     {
 2501              		.loc 10 1136 26 view .LVU800
 2502 025a A542     		cmp	r5, r4
 2503              	.LBB529:
 2504              		.loc 10 1164 18 view .LVU801
 2505 025c C3ED007A 		vstr.32	s15, [r3]
 2506              	.LBE529:
1136:PhysPlateReverb.cpp ****     {
 2507              		.loc 10 1136 5 is_stmt 1 view .LVU802
 2508              	.LVL184:
1136:PhysPlateReverb.cpp ****     {
 2509              		.loc 10 1136 26 view .LVU803
ARM GAS  C:\Users\isaia\AppData\Local\Temp\ccT6fYmT.s 			page 86


 2510 0260 99D1     		bne	.L192
 2511              	.LVL185:
 2512              	.L176:
1136:PhysPlateReverb.cpp ****     {
 2513              		.loc 10 1136 26 is_stmt 0 view .LVU804
 2514              	.LBE498:
1165:PhysPlateReverb.cpp ****     }
1166:PhysPlateReverb.cpp **** }
 2515              		.loc 10 1166 1 view .LVU805
 2516 0262 03B0     		add	sp, sp, #12
 2517              		.cfi_remember_state
 2518              		.cfi_def_cfa_offset 52
 2519              		@ sp needed
 2520 0264 BDEC048B 		vldm	sp!, {d8-d9}
 2521              		.cfi_restore 82
 2522              		.cfi_restore 83
 2523              		.cfi_restore 80
 2524              		.cfi_restore 81
 2525              		.cfi_def_cfa_offset 36
 2526 0268 BDE8F08F 		pop	{r4, r5, r6, r7, r8, r9, r10, fp, pc}
 2527              	.LVL186:
 2528              	.L193:
 2529              		.cfi_restore_state
 2530              	.LBB531:
 2531              	.LBB530:
 2532              	.LBB523:
 2533              	.LBB514:
 211:PhysPlateReverb.cpp ****     if(x < -OUTPUT_LIMIT) return -OUTPUT_LIMIT;
 2534              		.loc 10 211 33 view .LVU806
 2535 026c B0EE667A 		vmov.f32	s14, s13
 2536              	.LVL187:
 211:PhysPlateReverb.cpp ****     if(x < -OUTPUT_LIMIT) return -OUTPUT_LIMIT;
 2537              		.loc 10 211 33 view .LVU807
 2538 0270 E0E7     		b	.L187
 2539              	.LVL188:
 2540              	.L204:
 211:PhysPlateReverb.cpp ****     if(x < -OUTPUT_LIMIT) return -OUTPUT_LIMIT;
 2541              		.loc 10 211 33 view .LVU808
 2542              	.LBE514:
 2543              	.LBE523:
 2544              	.LBE530:
 2545              	.LBE531:
1117:PhysPlateReverb.cpp ****     {
 2546              		.loc 10 1117 28 view .LVU809
 2547 0272 B0EE678A 		vmov.f32	s16, s15
 2548 0276 4E4E     		ldr	r6, .L206+72
 2549              	.L184:
1119:PhysPlateReverb.cpp ****         prev_t60_low  = t60_low_sm;
 2550              		.loc 10 1119 9 is_stmt 1 view .LVU810
1119:PhysPlateReverb.cpp ****         prev_t60_low  = t60_low_sm;
 2551              		.loc 10 1119 27 is_stmt 0 view .LVU811
 2552 0278 F0EE480A 		vmov.f32	s1, s16
 2553 027c 5448     		ldr	r0, .L206+104
 2554 027e B0EE680A 		vmov.f32	s0, s17
 2555 0282 FFF7FEFF 		bl	_ZN16ModalPlateReverb11UpdateDecayEff
 2556              	.LVL189:
1120:PhysPlateReverb.cpp ****         prev_t60_high = t60_high_sm;
ARM GAS  C:\Users\isaia\AppData\Local\Temp\ccT6fYmT.s 			page 87


 2557              		.loc 10 1120 9 is_stmt 1 view .LVU812
1120:PhysPlateReverb.cpp ****         prev_t60_high = t60_high_sm;
 2558              		.loc 10 1120 23 is_stmt 0 view .LVU813
 2559 0286 C4ED008A 		vstr.32	s17, [r4]
1121:PhysPlateReverb.cpp ****     }
 2560              		.loc 10 1121 9 is_stmt 1 view .LVU814
1121:PhysPlateReverb.cpp ****     }
 2561              		.loc 10 1121 23 is_stmt 0 view .LVU815
 2562 028a 86ED008A 		vstr.32	s16, [r6]
 2563 028e 53E7     		b	.L181
 2564              	.LVL190:
 2565              	.L177:
 2566              	.LBB532:
 2567              	.LBB424:
1069:PhysPlateReverb.cpp ****         controls_refreshed = true;
 2568              		.loc 10 1069 9 is_stmt 1 view .LVU816
1069:PhysPlateReverb.cpp ****         controls_refreshed = true;
 2569              		.loc 10 1069 32 is_stmt 0 view .LVU817
 2570 0290 1060     		str	r0, [r2]
1070:PhysPlateReverb.cpp **** 
 2571              		.loc 10 1070 9 is_stmt 1 view .LVU818
 2572              	.LVL191:
1072:PhysPlateReverb.cpp ****         t60_low_target_hold = fmap(time_knob, 0.3f, 8.0f, Mapping::LOG);
 2573              		.loc 10 1072 9 view .LVU819
1072:PhysPlateReverb.cpp ****         t60_low_target_hold = fmap(time_knob, 0.3f, 8.0f, Mapping::LOG);
 2574              		.loc 10 1072 44 is_stmt 0 view .LVU820
 2575 0292 0421     		movs	r1, #4
 2576 0294 5148     		ldr	r0, .L206+116
 2577              	.LVL192:
1072:PhysPlateReverb.cpp ****         t60_low_target_hold = fmap(time_knob, 0.3f, 8.0f, Mapping::LOG);
 2578              		.loc 10 1072 44 view .LVU821
 2579 0296 FFF7FEFF 		bl	_ZN9anachrome7planter12GetKnobValueEi
 2580              	.LVL193:
1072:PhysPlateReverb.cpp ****         t60_low_target_hold = fmap(time_knob, 0.3f, 8.0f, Mapping::LOG);
 2581              		.loc 10 1072 44 view .LVU822
 2582 029a F0EE400A 		vmov.f32	s1, s0
 2583              	.LVL194:
1073:PhysPlateReverb.cpp **** 
 2584              		.loc 10 1073 9 is_stmt 1 view .LVU823
 2585              	.LBB425:
 2586              	.LBI425:
 2587              		.file 11 "../../DaisySP//Source/Utility/dsp.h"
   1:../../DaisySP//Source/Utility/dsp.h **** /*
   2:../../DaisySP//Source/Utility/dsp.h **** Copyright (c) 2020 Electrosmith, Corp, Emilie Gillet
   3:../../DaisySP//Source/Utility/dsp.h **** 
   4:../../DaisySP//Source/Utility/dsp.h **** Use of this source code is governed by an MIT-style
   5:../../DaisySP//Source/Utility/dsp.h **** license that can be found in the LICENSE file or at
   6:../../DaisySP//Source/Utility/dsp.h **** https://opensource.org/licenses/MIT.
   7:../../DaisySP//Source/Utility/dsp.h **** */
   8:../../DaisySP//Source/Utility/dsp.h **** 
   9:../../DaisySP//Source/Utility/dsp.h **** /** Helpful defines, functions, and other utilities for use in/with daisysp modules.
  10:../../DaisySP//Source/Utility/dsp.h **** */
  11:../../DaisySP//Source/Utility/dsp.h **** #pragma once
  12:../../DaisySP//Source/Utility/dsp.h **** #ifndef DSY_CORE_DSP
  13:../../DaisySP//Source/Utility/dsp.h **** #define DSY_CORE_DSP
  14:../../DaisySP//Source/Utility/dsp.h **** #include <cassert>
  15:../../DaisySP//Source/Utility/dsp.h **** #include <cstdint>
ARM GAS  C:\Users\isaia\AppData\Local\Temp\ccT6fYmT.s 			page 88


  16:../../DaisySP//Source/Utility/dsp.h **** #include <random>
  17:../../DaisySP//Source/Utility/dsp.h **** #include <cmath>
  18:../../DaisySP//Source/Utility/dsp.h **** 
  19:../../DaisySP//Source/Utility/dsp.h **** /** PIs
  20:../../DaisySP//Source/Utility/dsp.h **** */
  21:../../DaisySP//Source/Utility/dsp.h **** #define PI_F 3.1415927410125732421875f
  22:../../DaisySP//Source/Utility/dsp.h **** #define TWOPI_F (2.0f * PI_F)
  23:../../DaisySP//Source/Utility/dsp.h **** #define HALFPI_F (PI_F * 0.5f)
  24:../../DaisySP//Source/Utility/dsp.h **** #define DSY_MIN(in, mn) (in < mn ? in : mn)
  25:../../DaisySP//Source/Utility/dsp.h **** #define DSY_MAX(in, mx) (in > mx ? in : mx)
  26:../../DaisySP//Source/Utility/dsp.h **** #define DSY_CLAMP(in, mn, mx) (DSY_MIN(DSY_MAX(in, mn), mx))
  27:../../DaisySP//Source/Utility/dsp.h **** #define DSY_COUNTOF(_arr) (sizeof(_arr) / sizeof(_arr[0]))
  28:../../DaisySP//Source/Utility/dsp.h **** 
  29:../../DaisySP//Source/Utility/dsp.h **** namespace daisysp
  30:../../DaisySP//Source/Utility/dsp.h **** {
  31:../../DaisySP//Source/Utility/dsp.h **** //Avoids division for random floats. e.g. rand() * kRandFrac
  32:../../DaisySP//Source/Utility/dsp.h **** static constexpr float kRandFrac = 1.f / (float)RAND_MAX;
  33:../../DaisySP//Source/Utility/dsp.h **** 
  34:../../DaisySP//Source/Utility/dsp.h **** //Convert from semitones to other units. e.g. 2 ^ (kOneTwelfth * x)
  35:../../DaisySP//Source/Utility/dsp.h **** static constexpr float kOneTwelfth = 1.f / 12.f;
  36:../../DaisySP//Source/Utility/dsp.h **** 
  37:../../DaisySP//Source/Utility/dsp.h **** /** efficient floating point min/max
  38:../../DaisySP//Source/Utility/dsp.h **** c/o stephen mccaul
  39:../../DaisySP//Source/Utility/dsp.h **** */
  40:../../DaisySP//Source/Utility/dsp.h **** inline float fmax(float a, float b)
  41:../../DaisySP//Source/Utility/dsp.h **** {
  42:../../DaisySP//Source/Utility/dsp.h ****     float r;
  43:../../DaisySP//Source/Utility/dsp.h **** #ifdef __arm__
  44:../../DaisySP//Source/Utility/dsp.h ****     asm("vmaxnm.f32 %[d], %[n], %[m]" : [d] "=t"(r) : [n] "t"(a), [m] "t"(b) :);
  45:../../DaisySP//Source/Utility/dsp.h **** #else
  46:../../DaisySP//Source/Utility/dsp.h ****     r = (a > b) ? a : b;
  47:../../DaisySP//Source/Utility/dsp.h **** #endif // __arm__
  48:../../DaisySP//Source/Utility/dsp.h ****     return r;
  49:../../DaisySP//Source/Utility/dsp.h **** }
  50:../../DaisySP//Source/Utility/dsp.h **** 
  51:../../DaisySP//Source/Utility/dsp.h **** inline float fmin(float a, float b)
  52:../../DaisySP//Source/Utility/dsp.h **** {
  53:../../DaisySP//Source/Utility/dsp.h ****     float r;
  54:../../DaisySP//Source/Utility/dsp.h **** #ifdef __arm__
  55:../../DaisySP//Source/Utility/dsp.h ****     asm("vminnm.f32 %[d], %[n], %[m]" : [d] "=t"(r) : [n] "t"(a), [m] "t"(b) :);
  56:../../DaisySP//Source/Utility/dsp.h **** #else
  57:../../DaisySP//Source/Utility/dsp.h ****     r = (a < b) ? a : b;
  58:../../DaisySP//Source/Utility/dsp.h **** #endif // __arm__
  59:../../DaisySP//Source/Utility/dsp.h ****     return r;
  60:../../DaisySP//Source/Utility/dsp.h **** }
  61:../../DaisySP//Source/Utility/dsp.h **** 
  62:../../DaisySP//Source/Utility/dsp.h **** /** quick fp clamp
  63:../../DaisySP//Source/Utility/dsp.h **** */
  64:../../DaisySP//Source/Utility/dsp.h **** inline float fclamp(float in, float min, float max)
  65:../../DaisySP//Source/Utility/dsp.h **** {
  66:../../DaisySP//Source/Utility/dsp.h ****     return fmin(fmax(in, min), max);
  67:../../DaisySP//Source/Utility/dsp.h **** }
  68:../../DaisySP//Source/Utility/dsp.h **** 
  69:../../DaisySP//Source/Utility/dsp.h **** /** From Musicdsp.org "Fast power and root estimates for 32bit floats)
  70:../../DaisySP//Source/Utility/dsp.h **** Original code by Stefan Stenzel
  71:../../DaisySP//Source/Utility/dsp.h **** These are approximations
  72:../../DaisySP//Source/Utility/dsp.h **** */
ARM GAS  C:\Users\isaia\AppData\Local\Temp\ccT6fYmT.s 			page 89


  73:../../DaisySP//Source/Utility/dsp.h **** inline float fastpower(float f, int n)
  74:../../DaisySP//Source/Utility/dsp.h **** {
  75:../../DaisySP//Source/Utility/dsp.h ****     long *lp, l;
  76:../../DaisySP//Source/Utility/dsp.h ****     lp = (long *)(&f);
  77:../../DaisySP//Source/Utility/dsp.h ****     l  = *lp;
  78:../../DaisySP//Source/Utility/dsp.h ****     l -= 0x3F800000;
  79:../../DaisySP//Source/Utility/dsp.h ****     l <<= (n - 1);
  80:../../DaisySP//Source/Utility/dsp.h ****     l += 0x3F800000;
  81:../../DaisySP//Source/Utility/dsp.h ****     *lp = l;
  82:../../DaisySP//Source/Utility/dsp.h ****     return f;
  83:../../DaisySP//Source/Utility/dsp.h **** }
  84:../../DaisySP//Source/Utility/dsp.h **** 
  85:../../DaisySP//Source/Utility/dsp.h **** inline float fastroot(float f, int n)
  86:../../DaisySP//Source/Utility/dsp.h **** {
  87:../../DaisySP//Source/Utility/dsp.h ****     long *lp, l;
  88:../../DaisySP//Source/Utility/dsp.h ****     lp = (long *)(&f);
  89:../../DaisySP//Source/Utility/dsp.h ****     l  = *lp;
  90:../../DaisySP//Source/Utility/dsp.h ****     l -= 0x3F800000;
  91:../../DaisySP//Source/Utility/dsp.h ****     l >>= (n - 1);
  92:../../DaisySP//Source/Utility/dsp.h ****     l += 0x3F800000;
  93:../../DaisySP//Source/Utility/dsp.h ****     *lp = l;
  94:../../DaisySP//Source/Utility/dsp.h ****     return f;
  95:../../DaisySP//Source/Utility/dsp.h **** }
  96:../../DaisySP//Source/Utility/dsp.h **** 
  97:../../DaisySP//Source/Utility/dsp.h **** /** Significantly more efficient than fmodf(x, 1.0f) for calculating
  98:../../DaisySP//Source/Utility/dsp.h ****  *  the decimal part of a floating point value.
  99:../../DaisySP//Source/Utility/dsp.h ****  */
 100:../../DaisySP//Source/Utility/dsp.h **** inline float fastmod1f(float x)
 101:../../DaisySP//Source/Utility/dsp.h **** {
 102:../../DaisySP//Source/Utility/dsp.h ****     return x - floorf(x);
 103:../../DaisySP//Source/Utility/dsp.h **** }
 104:../../DaisySP//Source/Utility/dsp.h **** 
 105:../../DaisySP//Source/Utility/dsp.h **** /** From http://openaudio.blogspot.com/2017/02/faster-log10-and-pow.html
 106:../../DaisySP//Source/Utility/dsp.h **** No approximation, pow10f(x) gives a 90% speed increase over powf(10.f, x)
 107:../../DaisySP//Source/Utility/dsp.h **** */
 108:../../DaisySP//Source/Utility/dsp.h **** inline float pow10f(float f)
 109:../../DaisySP//Source/Utility/dsp.h **** {
 110:../../DaisySP//Source/Utility/dsp.h ****     return expf(2.302585092994046f * f);
 111:../../DaisySP//Source/Utility/dsp.h **** }
 112:../../DaisySP//Source/Utility/dsp.h **** 
 113:../../DaisySP//Source/Utility/dsp.h **** /* Original code for fastlog2f by Dr. Paul Beckmann from the ARM community forum, adapted from the 
 114:../../DaisySP//Source/Utility/dsp.h **** About 25% performance increase over std::log10f
 115:../../DaisySP//Source/Utility/dsp.h **** */
 116:../../DaisySP//Source/Utility/dsp.h **** inline float fastlog2f(float f)
 117:../../DaisySP//Source/Utility/dsp.h **** {
 118:../../DaisySP//Source/Utility/dsp.h ****     float frac;
 119:../../DaisySP//Source/Utility/dsp.h ****     int   exp;
 120:../../DaisySP//Source/Utility/dsp.h ****     frac = frexpf(fabsf(f), &exp);
 121:../../DaisySP//Source/Utility/dsp.h ****     f    = 1.23149591368684f;
 122:../../DaisySP//Source/Utility/dsp.h ****     f *= frac;
 123:../../DaisySP//Source/Utility/dsp.h ****     f += -4.11852516267426f;
 124:../../DaisySP//Source/Utility/dsp.h ****     f *= frac;
 125:../../DaisySP//Source/Utility/dsp.h ****     f += 6.02197014179219f;
 126:../../DaisySP//Source/Utility/dsp.h ****     f *= frac;
 127:../../DaisySP//Source/Utility/dsp.h ****     f += -3.13396450166353f;
 128:../../DaisySP//Source/Utility/dsp.h ****     f += exp;
 129:../../DaisySP//Source/Utility/dsp.h ****     return (f);
ARM GAS  C:\Users\isaia\AppData\Local\Temp\ccT6fYmT.s 			page 90


 130:../../DaisySP//Source/Utility/dsp.h **** }
 131:../../DaisySP//Source/Utility/dsp.h **** 
 132:../../DaisySP//Source/Utility/dsp.h **** inline float fastlog10f(float f)
 133:../../DaisySP//Source/Utility/dsp.h **** {
 134:../../DaisySP//Source/Utility/dsp.h ****     return fastlog2f(f) * 0.3010299956639812f;
 135:../../DaisySP//Source/Utility/dsp.h **** }
 136:../../DaisySP//Source/Utility/dsp.h **** 
 137:../../DaisySP//Source/Utility/dsp.h **** /** Midi to frequency helper
 138:../../DaisySP//Source/Utility/dsp.h **** */
 139:../../DaisySP//Source/Utility/dsp.h **** inline float mtof(float m)
 140:../../DaisySP//Source/Utility/dsp.h **** {
 141:../../DaisySP//Source/Utility/dsp.h ****     return powf(2, (m - 69.0f) / 12.0f) * 440.0f;
 142:../../DaisySP//Source/Utility/dsp.h **** }
 143:../../DaisySP//Source/Utility/dsp.h **** 
 144:../../DaisySP//Source/Utility/dsp.h **** 
 145:../../DaisySP//Source/Utility/dsp.h **** /** one pole lpf
 146:../../DaisySP//Source/Utility/dsp.h **** out is passed by reference, and must be retained between
 147:../../DaisySP//Source/Utility/dsp.h **** calls to properly filter the signal
 148:../../DaisySP//Source/Utility/dsp.h **** coeff can be calculated:
 149:../../DaisySP//Source/Utility/dsp.h **** coeff = 1.0 / (time * sample_rate) ; where time is in seconds
 150:../../DaisySP//Source/Utility/dsp.h **** */
 151:../../DaisySP//Source/Utility/dsp.h **** inline void fonepole(float &out, float in, float coeff)
 152:../../DaisySP//Source/Utility/dsp.h **** {
 153:../../DaisySP//Source/Utility/dsp.h ****     out += coeff * (in - out);
 154:../../DaisySP//Source/Utility/dsp.h **** }
 155:../../DaisySP//Source/Utility/dsp.h **** 
 156:../../DaisySP//Source/Utility/dsp.h **** /** Curves to use with the fmap function */
 157:../../DaisySP//Source/Utility/dsp.h **** enum class Mapping
 158:../../DaisySP//Source/Utility/dsp.h **** {
 159:../../DaisySP//Source/Utility/dsp.h ****     LINEAR,
 160:../../DaisySP//Source/Utility/dsp.h ****     EXP,
 161:../../DaisySP//Source/Utility/dsp.h ****     LOG,
 162:../../DaisySP//Source/Utility/dsp.h **** };
 163:../../DaisySP//Source/Utility/dsp.h **** 
 164:../../DaisySP//Source/Utility/dsp.h **** /** Maps a float between a specified range, using a specified curve.
 165:../../DaisySP//Source/Utility/dsp.h ****  *
 166:../../DaisySP//Source/Utility/dsp.h ****  *  \param in a value between 0 to 1 that will be mapped to the new range.
 167:../../DaisySP//Source/Utility/dsp.h ****  *  \param min the new minimum value
 168:../../DaisySP//Source/Utility/dsp.h ****  *  \param max the new maxmimum value
 169:../../DaisySP//Source/Utility/dsp.h ****  *  \param curve a Mapping Value to adjust the response curve of the transformation
 170:../../DaisySP//Source/Utility/dsp.h ****  *               defaults to Linear. @see Mapping
 171:../../DaisySP//Source/Utility/dsp.h ****  *
 172:../../DaisySP//Source/Utility/dsp.h ****  *  When using the log curve min and max, must be greater than zero.
 173:../../DaisySP//Source/Utility/dsp.h ****  *
 174:../../DaisySP//Source/Utility/dsp.h ****  *  \retval returns the transformed float within the new range.
 175:../../DaisySP//Source/Utility/dsp.h **** */
 176:../../DaisySP//Source/Utility/dsp.h **** inline float
 177:../../DaisySP//Source/Utility/dsp.h **** fmap(float in, float min, float max, Mapping curve = Mapping::LINEAR)
 2588              		.loc 11 177 1 view .LVU824
 2589              	.LBE425:
 2590              	.LBE424:
 2591              	.LBE532:
 178:../../DaisySP//Source/Utility/dsp.h **** {
 179:../../DaisySP//Source/Utility/dsp.h ****     switch(curve)
 2592              		.loc 11 179 5 view .LVU825
 2593              	.LBB533:
 2594              	.LBB490:
ARM GAS  C:\Users\isaia\AppData\Local\Temp\ccT6fYmT.s 			page 91


 2595              	.LBB451:
 2596              	.LBB426:
 2597              	.LBI426:
 177:../../DaisySP//Source/Utility/dsp.h **** {
 2598              		.loc 11 177 1 view .LVU826
 177:../../DaisySP//Source/Utility/dsp.h **** {
 2599              		.loc 11 177 1 is_stmt 0 view .LVU827
 2600              	.LBE426:
 2601              	.LBE451:
 2602              	.LBE490:
 2603              	.LBE533:
 180:../../DaisySP//Source/Utility/dsp.h ****     {
 181:../../DaisySP//Source/Utility/dsp.h ****         case Mapping::EXP:
 182:../../DaisySP//Source/Utility/dsp.h ****             return fclamp(min + (in * in) * (max - min), min, max);
 183:../../DaisySP//Source/Utility/dsp.h ****         case Mapping::LOG:
 2604              		.loc 11 183 9 is_stmt 1 view .LVU828
 184:../../DaisySP//Source/Utility/dsp.h ****         {
 2605              		.loc 11 184 9 view .LVU829
 2606              	.LBB534:
 2607              	.LBB491:
 2608              	.LBB452:
 2609              	.LBB445:
 2610              	.LBB427:
 185:../../DaisySP//Source/Utility/dsp.h ****             const float a = 1.f / log10f(max / min);
 2611              		.loc 11 185 13 view .LVU830
 186:../../DaisySP//Source/Utility/dsp.h ****             return fclamp(min * powf(10, in / a), min, max);
 2612              		.loc 11 186 13 view .LVU831
 2613              		.loc 11 186 37 is_stmt 0 view .LVU832
 2614 029e DFED507A 		vldr.32	s15, .L206+120
 2615 02a2 B2EE040A 		vmov.f32	s0, #1.0e+1
 2616              	.LVL195:
 2617              		.loc 11 186 37 view .LVU833
 2618              	.LBE427:
 2619              	.LBE445:
 2620              	.LBE452:
1073:PhysPlateReverb.cpp **** 
 2621              		.loc 10 1073 29 view .LVU834
 2622 02a6 334C     		ldr	r4, .L206+12
 2623              	.LBB453:
 2624              	.LBB446:
 2625              	.LBB440:
 2626              		.loc 11 186 37 view .LVU835
 2627 02a8 C0EEA70A 		vdiv.f32	s1, s1, s15
 2628              	.LVL196:
 2629              		.loc 11 186 37 view .LVU836
 2630              	.LBE440:
 2631              	.LBE446:
 2632              	.LBE453:
1076:PhysPlateReverb.cpp **** 
 2633              		.loc 10 1076 30 view .LVU837
 2634 02ac DFF84491 		ldr	r9, .L206+140
 2635              	.LBB454:
 2636              	.LBB447:
 2637              	.LBB441:
 2638              		.loc 11 186 37 view .LVU838
 2639 02b0 FFF7FEFF 		bl	powf
 2640              	.LVL197:
ARM GAS  C:\Users\isaia\AppData\Local\Temp\ccT6fYmT.s 			page 92


 2641              	.LBB428:
 2642              	.LBI428:
  64:../../DaisySP//Source/Utility/dsp.h **** {
 2643              		.loc 11 64 14 is_stmt 1 view .LVU839
 2644              	.LBE428:
 2645              	.LBE441:
 2646              	.LBE447:
 2647              	.LBE454:
 2648              	.LBE491:
 2649              	.LBE534:
  66:../../DaisySP//Source/Utility/dsp.h **** }
 2650              		.loc 11 66 5 view .LVU840
 2651              	.LBB535:
 2652              	.LBB492:
 2653              	.LBB455:
 2654              	.LBB448:
 2655              	.LBB442:
 2656              	.LBB437:
 2657              	.LBB429:
 2658              	.LBI429:
  40:../../DaisySP//Source/Utility/dsp.h **** {
 2659              		.loc 11 40 14 view .LVU841
 2660              	.LBB430:
  42:../../DaisySP//Source/Utility/dsp.h **** #ifdef __arm__
 2661              		.loc 11 42 5 view .LVU842
  44:../../DaisySP//Source/Utility/dsp.h **** #else
 2662              		.loc 11 44 5 view .LVU843
 2663              	.LBE430:
 2664              	.LBE429:
 2665              	.LBE437:
 2666              		.loc 11 186 26 is_stmt 0 view .LVU844
 2667 02b4 DFED407A 		vldr.32	s15, .L206+80
 2668              	.LBE442:
 2669              	.LBE448:
 2670              	.LBE455:
1075:PhysPlateReverb.cpp ****         t60_high_target_hold = fmap(damp_knob, 0.05f, t60_low_target_hold);
 2671              		.loc 10 1075 44 view .LVU845
 2672 02b8 0521     		movs	r1, #5
 2673 02ba 4848     		ldr	r0, .L206+116
1078:PhysPlateReverb.cpp **** 
 2674              		.loc 10 1078 25 view .LVU846
 2675 02bc DFF83881 		ldr	r8, .L206+144
1081:PhysPlateReverb.cpp ****         wet_mix_target_hold  = wet_knob * wet_knob * WET_MIX_MAX;
 2676              		.loc 10 1081 30 view .LVU847
 2677 02c0 2D4F     		ldr	r7, .L206+16
 2678              	.LBB456:
 2679              	.LBB449:
 2680              	.LBB443:
 2681              	.LBB438:
 2682              	.LBB432:
 2683              	.LBB433:
  55:../../DaisySP//Source/Utility/dsp.h **** #else
 2684              		.loc 11 55 5 view .LVU848
 2685 02c2 B2EE007A 		vmov.f32	s14, #8.0e+0
 2686              	.LBE433:
 2687              	.LBE432:
 2688              	.LBE438:
ARM GAS  C:\Users\isaia\AppData\Local\Temp\ccT6fYmT.s 			page 93


 2689              	.LBE443:
 2690              	.LBE449:
 2691              	.LBE456:
1082:PhysPlateReverb.cpp **** 
 2692              		.loc 10 1082 30 view .LVU849
 2693 02c6 2D4E     		ldr	r6, .L206+20
 2694              	.LBB457:
 2695              	.LBB450:
 2696              	.LBB444:
 2697              		.loc 11 186 26 view .LVU850
 2698 02c8 20EE270A 		vmul.f32	s0, s0, s15
 2699              	.LVL198:
 2700              	.LBB439:
 2701              	.LBB435:
 2702              	.LBB431:
  44:../../DaisySP//Source/Utility/dsp.h **** #else
 2703              		.loc 11 44 5 view .LVU851
 2704              		.syntax unified
 2705              	@ 44 "../../DaisySP//Source/Utility/dsp.h" 1
 2706 02cc C0FE277A 		vmaxnm.f32 s15, s0, s15
 2707              	@ 0 "" 2
 2708              	.LVL199:
  48:../../DaisySP//Source/Utility/dsp.h **** }
 2709              		.loc 11 48 5 is_stmt 1 view .LVU852
  48:../../DaisySP//Source/Utility/dsp.h **** }
 2710              		.loc 11 48 5 is_stmt 0 view .LVU853
 2711              		.thumb
 2712              		.syntax unified
 2713              	.LBE431:
 2714              	.LBE435:
 2715              	.LBB436:
 2716              	.LBI432:
  51:../../DaisySP//Source/Utility/dsp.h **** {
 2717              		.loc 11 51 14 is_stmt 1 view .LVU854
 2718              	.LBB434:
  53:../../DaisySP//Source/Utility/dsp.h **** #ifdef __arm__
 2719              		.loc 11 53 5 view .LVU855
  55:../../DaisySP//Source/Utility/dsp.h **** #else
 2720              		.loc 11 55 5 view .LVU856
 2721              		.syntax unified
 2722              	@ 55 "../../DaisySP//Source/Utility/dsp.h" 1
 2723 02d0 C7FEC77A 		vminnm.f32 s15, s15, s14
 2724              	@ 0 "" 2
 2725              	.LVL200:
  59:../../DaisySP//Source/Utility/dsp.h **** }
 2726              		.loc 11 59 5 view .LVU857
  59:../../DaisySP//Source/Utility/dsp.h **** }
 2727              		.loc 11 59 5 is_stmt 0 view .LVU858
 2728              		.thumb
 2729              		.syntax unified
 2730              	.LBE434:
 2731              	.LBE436:
 2732              	.LBE439:
 2733              	.LBE444:
 2734              	.LBE450:
 2735              	.LBE457:
1073:PhysPlateReverb.cpp **** 
ARM GAS  C:\Users\isaia\AppData\Local\Temp\ccT6fYmT.s 			page 94


 2736              		.loc 10 1073 29 view .LVU859
 2737 02d4 C4ED007A 		vstr.32	s15, [r4]
1075:PhysPlateReverb.cpp ****         t60_high_target_hold = fmap(damp_knob, 0.05f, t60_low_target_hold);
 2738              		.loc 10 1075 9 is_stmt 1 view .LVU860
1075:PhysPlateReverb.cpp ****         t60_high_target_hold = fmap(damp_knob, 0.05f, t60_low_target_hold);
 2739              		.loc 10 1075 44 is_stmt 0 view .LVU861
 2740 02d8 FFF7FEFF 		bl	_ZN9anachrome7planter12GetKnobValueEi
 2741              	.LVL201:
1076:PhysPlateReverb.cpp **** 
 2742              		.loc 10 1076 9 is_stmt 1 view .LVU862
 2743              	.LBB458:
 2744              	.LBB459:
 187:../../DaisySP//Source/Utility/dsp.h ****         }
 188:../../DaisySP//Source/Utility/dsp.h ****         case Mapping::LINEAR:
 189:../../DaisySP//Source/Utility/dsp.h ****         default: return fclamp(min + in * (max - min), min, max);
 2745              		.loc 11 189 48 is_stmt 0 view .LVU863
 2746 02dc 9FED417A 		vldr.32	s14, .L206+124
 2747              	.LBE459:
 2748              	.LBE458:
1078:PhysPlateReverb.cpp **** 
 2749              		.loc 10 1078 44 view .LVU864
 2750 02e0 0621     		movs	r1, #6
1076:PhysPlateReverb.cpp **** 
 2751              		.loc 10 1076 36 view .LVU865
 2752 02e2 D4ED006A 		vldr.32	s13, [r4]
 2753              	.LVL202:
 2754              	.LBB469:
 2755              	.LBI458:
 177:../../DaisySP//Source/Utility/dsp.h **** {
 2756              		.loc 11 177 1 is_stmt 1 view .LVU866
 2757              	.LBE469:
 2758              	.LBE492:
 2759              	.LBE535:
 179:../../DaisySP//Source/Utility/dsp.h ****     {
 2760              		.loc 11 179 5 view .LVU867
 2761              	.LBB536:
 2762              	.LBB493:
 2763              	.LBB470:
 2764              	.LBB466:
 188:../../DaisySP//Source/Utility/dsp.h ****         default: return fclamp(min + in * (max - min), min, max);
 2765              		.loc 11 188 9 view .LVU868
 2766              		.loc 11 189 9 view .LVU869
 2767              		.loc 11 189 18 view .LVU870
 2768              		.loc 11 189 31 is_stmt 0 view .LVU871
 2769 02e6 F0EE477A 		vmov.f32	s15, s14
 2770              	.LBE466:
 2771              	.LBE470:
1078:PhysPlateReverb.cpp **** 
 2772              		.loc 10 1078 44 view .LVU872
 2773 02ea 3C48     		ldr	r0, .L206+116
 2774              	.LBB471:
 2775              	.LBB467:
 2776              		.loc 11 189 48 view .LVU873
 2777 02ec 36EEC76A 		vsub.f32	s12, s13, s14
 2778              		.loc 11 189 31 view .LVU874
 2779 02f0 E0EE067A 		vfma.f32	s15, s0, s12
 2780              	.LVL203:
ARM GAS  C:\Users\isaia\AppData\Local\Temp\ccT6fYmT.s 			page 95


 2781              	.LBB460:
 2782              	.LBI460:
  64:../../DaisySP//Source/Utility/dsp.h **** {
 2783              		.loc 11 64 14 is_stmt 1 view .LVU875
 2784              	.LBE460:
 2785              	.LBE467:
 2786              	.LBE471:
 2787              	.LBE493:
 2788              	.LBE536:
  66:../../DaisySP//Source/Utility/dsp.h **** }
 2789              		.loc 11 66 5 view .LVU876
 2790              	.LBB537:
 2791              	.LBB494:
 2792              	.LBB472:
 2793              	.LBB468:
 2794              	.LBB465:
 2795              	.LBB461:
 2796              	.LBI461:
  40:../../DaisySP//Source/Utility/dsp.h **** {
 2797              		.loc 11 40 14 view .LVU877
 2798              	.LBB462:
  42:../../DaisySP//Source/Utility/dsp.h **** #ifdef __arm__
 2799              		.loc 11 42 5 view .LVU878
  44:../../DaisySP//Source/Utility/dsp.h **** #else
 2800              		.loc 11 44 5 view .LVU879
 2801              		.syntax unified
 2802              	@ 44 "../../DaisySP//Source/Utility/dsp.h" 1
 2803 02f4 C7FE877A 		vmaxnm.f32 s15, s15, s14
 2804              	@ 0 "" 2
 2805              	.LVL204:
  48:../../DaisySP//Source/Utility/dsp.h **** }
 2806              		.loc 11 48 5 view .LVU880
  48:../../DaisySP//Source/Utility/dsp.h **** }
 2807              		.loc 11 48 5 is_stmt 0 view .LVU881
 2808              		.thumb
 2809              		.syntax unified
 2810              	.LBE462:
 2811              	.LBE461:
 2812              	.LBB463:
 2813              	.LBI463:
  51:../../DaisySP//Source/Utility/dsp.h **** {
 2814              		.loc 11 51 14 is_stmt 1 view .LVU882
 2815              	.LBB464:
  53:../../DaisySP//Source/Utility/dsp.h **** #ifdef __arm__
 2816              		.loc 11 53 5 view .LVU883
  55:../../DaisySP//Source/Utility/dsp.h **** #else
 2817              		.loc 11 55 5 view .LVU884
 2818              		.syntax unified
 2819              	@ 55 "../../DaisySP//Source/Utility/dsp.h" 1
 2820 02f8 C7FEE67A 		vminnm.f32 s15, s15, s13
 2821              	@ 0 "" 2
 2822              	.LVL205:
  59:../../DaisySP//Source/Utility/dsp.h **** }
 2823              		.loc 11 59 5 view .LVU885
  59:../../DaisySP//Source/Utility/dsp.h **** }
 2824              		.loc 11 59 5 is_stmt 0 view .LVU886
 2825              		.thumb
ARM GAS  C:\Users\isaia\AppData\Local\Temp\ccT6fYmT.s 			page 96


 2826              		.syntax unified
 2827              	.LBE464:
 2828              	.LBE463:
 2829              	.LBE465:
 2830              	.LBE468:
 2831              	.LBE472:
1076:PhysPlateReverb.cpp **** 
 2832              		.loc 10 1076 30 view .LVU887
 2833 02fc C9ED007A 		vstr.32	s15, [r9]
1078:PhysPlateReverb.cpp **** 
 2834              		.loc 10 1078 9 is_stmt 1 view .LVU888
1078:PhysPlateReverb.cpp **** 
 2835              		.loc 10 1078 44 is_stmt 0 view .LVU889
 2836 0300 FFF7FEFF 		bl	_ZN9anachrome7planter12GetKnobValueEi
 2837              	.LVL206:
1078:PhysPlateReverb.cpp **** 
 2838              		.loc 10 1078 62 view .LVU890
 2839 0304 F6EE087A 		vmov.f32	s15, #7.5e-1
1080:PhysPlateReverb.cpp ****         wet_send_target_hold = wet_knob * wet_knob * wet_knob * WET_SEND_MAX;
 2840              		.loc 10 1080 43 view .LVU891
 2841 0308 0721     		movs	r1, #7
 2842 030a 3448     		ldr	r0, .L206+116
1078:PhysPlateReverb.cpp **** 
 2843              		.loc 10 1078 62 view .LVU892
 2844 030c 20EE270A 		vmul.f32	s0, s0, s15
1078:PhysPlateReverb.cpp **** 
 2845              		.loc 10 1078 25 view .LVU893
 2846 0310 88ED000A 		vstr.32	s0, [r8]
1080:PhysPlateReverb.cpp ****         wet_send_target_hold = wet_knob * wet_knob * wet_knob * WET_SEND_MAX;
 2847              		.loc 10 1080 9 is_stmt 1 view .LVU894
1080:PhysPlateReverb.cpp ****         wet_send_target_hold = wet_knob * wet_knob * wet_knob * WET_SEND_MAX;
 2848              		.loc 10 1080 43 is_stmt 0 view .LVU895
 2849 0314 FFF7FEFF 		bl	_ZN9anachrome7planter12GetKnobValueEi
 2850              	.LVL207:
1081:PhysPlateReverb.cpp ****         wet_mix_target_hold  = wet_knob * wet_knob * WET_MIX_MAX;
 2851              		.loc 10 1081 9 is_stmt 1 view .LVU896
1081:PhysPlateReverb.cpp ****         wet_mix_target_hold  = wet_knob * wet_knob * WET_MIX_MAX;
 2852              		.loc 10 1081 41 is_stmt 0 view .LVU897
 2853 0318 60EE007A 		vmul.f32	s15, s0, s0
1081:PhysPlateReverb.cpp ****         wet_mix_target_hold  = wet_knob * wet_knob * WET_MIX_MAX;
 2854              		.loc 10 1081 63 view .LVU898
 2855 031c 9FED327A 		vldr.32	s14, .L206+128
1082:PhysPlateReverb.cpp **** 
 2856              		.loc 10 1082 52 view .LVU899
 2857 0320 DFED246A 		vldr.32	s13, .L206+76
1086:PhysPlateReverb.cpp ****         send_hpf_target_hold = fmap(hpf_knob, SEND_HPF_MIN_HZ, SEND_HPF_MAX_HZ);
 2858              		.loc 10 1086 43 view .LVU900
 2859 0324 0821     		movs	r1, #8
 2860 0326 2D48     		ldr	r0, .L206+116
1081:PhysPlateReverb.cpp ****         wet_mix_target_hold  = wet_knob * wet_knob * WET_MIX_MAX;
 2861              		.loc 10 1081 52 view .LVU901
 2862 0328 27EE800A 		vmul.f32	s0, s15, s0
 2863              	.LVL208:
1082:PhysPlateReverb.cpp **** 
 2864              		.loc 10 1082 52 view .LVU902
 2865 032c 67EEA67A 		vmul.f32	s15, s15, s13
1081:PhysPlateReverb.cpp ****         wet_mix_target_hold  = wet_knob * wet_knob * WET_MIX_MAX;
ARM GAS  C:\Users\isaia\AppData\Local\Temp\ccT6fYmT.s 			page 97


 2866              		.loc 10 1081 63 view .LVU903
 2867 0330 20EE070A 		vmul.f32	s0, s0, s14
1082:PhysPlateReverb.cpp **** 
 2868              		.loc 10 1082 30 view .LVU904
 2869 0334 C6ED007A 		vstr.32	s15, [r6]
1081:PhysPlateReverb.cpp ****         wet_mix_target_hold  = wet_knob * wet_knob * WET_MIX_MAX;
 2870              		.loc 10 1081 30 view .LVU905
 2871 0338 87ED000A 		vstr.32	s0, [r7]
1082:PhysPlateReverb.cpp **** 
 2872              		.loc 10 1082 9 is_stmt 1 view .LVU906
1086:PhysPlateReverb.cpp ****         send_hpf_target_hold = fmap(hpf_knob, SEND_HPF_MIN_HZ, SEND_HPF_MAX_HZ);
 2873              		.loc 10 1086 9 view .LVU907
1086:PhysPlateReverb.cpp ****         send_hpf_target_hold = fmap(hpf_knob, SEND_HPF_MIN_HZ, SEND_HPF_MAX_HZ);
 2874              		.loc 10 1086 43 is_stmt 0 view .LVU908
 2875 033c FFF7FEFF 		bl	_ZN9anachrome7planter12GetKnobValueEi
 2876              	.LVL209:
1087:PhysPlateReverb.cpp ****     }
 2877              		.loc 10 1087 9 is_stmt 1 view .LVU909
 2878              	.LBB473:
 2879              	.LBI473:
 177:../../DaisySP//Source/Utility/dsp.h **** {
 2880              		.loc 11 177 1 view .LVU910
 2881              	.LBE473:
 2882              	.LBE494:
 2883              	.LBE537:
 179:../../DaisySP//Source/Utility/dsp.h ****     {
 2884              		.loc 11 179 5 view .LVU911
 2885              	.LBB538:
 2886              	.LBB495:
 2887              	.LBB487:
 2888              	.LBB474:
 188:../../DaisySP//Source/Utility/dsp.h ****         default: return fclamp(min + in * (max - min), min, max);
 2889              		.loc 11 188 9 view .LVU912
 2890              		.loc 11 189 9 view .LVU913
 2891              		.loc 11 189 18 view .LVU914
 2892              		.loc 11 189 31 is_stmt 0 view .LVU915
 2893 0340 F2EE046A 		vmov.f32	s13, #1.0e+1
 2894 0344 9FED297A 		vldr.32	s14, .L206+132
 2895              	.LBE474:
 2896              	.LBE487:
1087:PhysPlateReverb.cpp ****     }
 2897              		.loc 10 1087 30 view .LVU916
 2898 0348 094B     		ldr	r3, .L206+8
1070:PhysPlateReverb.cpp **** 
 2899              		.loc 10 1070 28 view .LVU917
 2900 034a 0122     		movs	r2, #1
 2901              	.LBB488:
 2902              	.LBB485:
 2903              		.loc 11 189 31 view .LVU918
 2904 034c F0EE667A 		vmov.f32	s15, s13
 2905 0350 E0EE077A 		vfma.f32	s15, s0, s14
 2906              	.LVL210:
 2907              	.LBB475:
 2908              	.LBI475:
  64:../../DaisySP//Source/Utility/dsp.h **** {
 2909              		.loc 11 64 14 is_stmt 1 view .LVU919
 2910              	.LBE475:
ARM GAS  C:\Users\isaia\AppData\Local\Temp\ccT6fYmT.s 			page 98


 2911              	.LBE485:
 2912              	.LBE488:
 2913              	.LBE495:
 2914              	.LBE538:
  66:../../DaisySP//Source/Utility/dsp.h **** }
 2915              		.loc 11 66 5 view .LVU920
 2916              	.LBB539:
 2917              	.LBB496:
 2918              	.LBB489:
 2919              	.LBB486:
 2920              	.LBB484:
 2921              	.LBB476:
 2922              	.LBI476:
  40:../../DaisySP//Source/Utility/dsp.h **** {
 2923              		.loc 11 40 14 view .LVU921
 2924              	.LBB477:
  42:../../DaisySP//Source/Utility/dsp.h **** #ifdef __arm__
 2925              		.loc 11 42 5 view .LVU922
  44:../../DaisySP//Source/Utility/dsp.h **** #else
 2926              		.loc 11 44 5 view .LVU923
 2927              	.LBE477:
 2928              	.LBE476:
 2929              	.LBB479:
 2930              	.LBB480:
  55:../../DaisySP//Source/Utility/dsp.h **** #else
 2931              		.loc 11 55 5 is_stmt 0 view .LVU924
 2932 0354 9FED267A 		vldr.32	s14, .L206+136
 2933              	.LBE480:
 2934              	.LBE479:
 2935              	.LBB482:
 2936              	.LBB478:
  44:../../DaisySP//Source/Utility/dsp.h **** #else
 2937              		.loc 11 44 5 view .LVU925
 2938              		.syntax unified
 2939              	@ 44 "../../DaisySP//Source/Utility/dsp.h" 1
 2940 0358 C7FEA67A 		vmaxnm.f32 s15, s15, s13
 2941              	@ 0 "" 2
 2942              	.LVL211:
  48:../../DaisySP//Source/Utility/dsp.h **** }
 2943              		.loc 11 48 5 is_stmt 1 view .LVU926
  48:../../DaisySP//Source/Utility/dsp.h **** }
 2944              		.loc 11 48 5 is_stmt 0 view .LVU927
 2945              		.thumb
 2946              		.syntax unified
 2947              	.LBE478:
 2948              	.LBE482:
 2949              	.LBB483:
 2950              	.LBI479:
  51:../../DaisySP//Source/Utility/dsp.h **** {
 2951              		.loc 11 51 14 is_stmt 1 view .LVU928
 2952              	.LBB481:
  53:../../DaisySP//Source/Utility/dsp.h **** #ifdef __arm__
 2953              		.loc 11 53 5 view .LVU929
  55:../../DaisySP//Source/Utility/dsp.h **** #else
 2954              		.loc 11 55 5 view .LVU930
 2955              		.syntax unified
 2956              	@ 55 "../../DaisySP//Source/Utility/dsp.h" 1
ARM GAS  C:\Users\isaia\AppData\Local\Temp\ccT6fYmT.s 			page 99


 2957 035c C7FEC76A 		vminnm.f32 s13, s15, s14
 2958              	@ 0 "" 2
 2959              	.LVL212:
  59:../../DaisySP//Source/Utility/dsp.h **** }
 2960              		.loc 11 59 5 view .LVU931
  59:../../DaisySP//Source/Utility/dsp.h **** }
 2961              		.loc 11 59 5 is_stmt 0 view .LVU932
 2962              		.thumb
 2963              		.syntax unified
 2964              	.LBE481:
 2965              	.LBE483:
 2966              	.LBE484:
 2967              	.LBE486:
 2968              	.LBE489:
1087:PhysPlateReverb.cpp ****     }
 2969              		.loc 10 1087 30 view .LVU933
 2970 0360 C3ED006A 		vstr.32	s13, [r3]
 2971              	.LBE496:
 2972 0364 6AE6     		b	.L178
 2973              	.L207:
 2974 0366 00BF     		.align	2
 2975              	.L206:
 2976 0368 B8000000 		.word	.LANCHOR0+184
 2977 036c 00000000 		.word	.LANCHOR1
 2978 0370 00000000 		.word	.LANCHOR2
 2979 0374 00000000 		.word	.LANCHOR3
 2980 0378 00000000 		.word	.LANCHOR6
 2981 037c 00000000 		.word	.LANCHOR7
 2982 0380 00000000 		.word	.LANCHOR13
 2983 0384 0AD7A33D 		.word	1034147594
 2984 0388 DB0FC940 		.word	1086918619
 2985 038c 00000000 		.word	.LANCHOR14
 2986 0390 00000000 		.word	.LANCHOR15
 2987 0394 00000000 		.word	.LANCHOR8
 2988 0398 00000000 		.word	.LANCHOR9
 2989 039c 00000000 		.word	.LANCHOR10
 2990 03a0 00000000 		.word	.LANCHOR11
 2991 03a4 00000000 		.word	.LANCHOR12
 2992 03a8 00000000 		.word	.LANCHOR16
 2993 03ac 0AD7233C 		.word	1008981770
 2994 03b0 00000000 		.word	.LANCHOR17
 2995 03b4 9A99593F 		.word	1062836634
 2996 03b8 9A99993E 		.word	1050253722
 2997 03bc 00000000 		.word	.LANCHOR19
 2998 03c0 00000000 		.word	.LANCHOR20
 2999 03c4 00000000 		.word	.LANCHOR21
 3000 03c8 00000000 		.word	.LANCHOR22
 3001 03cc CDCC0C3F 		.word	1057803469
 3002 03d0 00000000 		.word	reverb
 3003 03d4 48E17A3F 		.word	1065017672
 3004 03d8 48E17ABF 		.word	-1082465976
 3005 03dc 00000000 		.word	.LANCHOR0
 3006 03e0 EE86333F 		.word	1060341486
 3007 03e4 CDCC4C3D 		.word	1028443341
 3008 03e8 8FC2753D 		.word	1031127695
 3009 03ec 0000B442 		.word	1119092736
 3010 03f0 0000C842 		.word	1120403456
ARM GAS  C:\Users\isaia\AppData\Local\Temp\ccT6fYmT.s 			page 100


 3011 03f4 00000000 		.word	.LANCHOR4
 3012 03f8 00000000 		.word	.LANCHOR5
 3013 03fc 00000000 		.word	.LANCHOR18
 3014              	.LBE539:
 3015              		.cfi_endproc
 3016              	.LFE4559:
 3018              		.section	.text.startup.main,"ax",%progbits
 3019              		.align	1
 3020              		.p2align 2,,3
 3021              		.global	main
 3022              		.syntax unified
 3023              		.thumb
 3024              		.thumb_func
 3025              		.fpu fpv5-d16
 3027              	main:
 3028              	.LFB4560:
1167:PhysPlateReverb.cpp ****   
1168:PhysPlateReverb.cpp **** 
1169:PhysPlateReverb.cpp **** int main(void)
1170:PhysPlateReverb.cpp **** {
 3029              		.loc 10 1170 1 is_stmt 1 view -0
 3030              		.cfi_startproc
 3031              		@ args = 0, pretend = 0, frame = 0
 3032              		@ frame_needed = 0, uses_anonymous_args = 0
1171:PhysPlateReverb.cpp ****     // Initialize full Planter hardware wrapper (includes button/toggle init,
1172:PhysPlateReverb.cpp ****     // LEDs, CV outputs, and internal patch setup).
1173:PhysPlateReverb.cpp ****     euro.Init();
 3033              		.loc 10 1173 5 view .LVU935
1170:PhysPlateReverb.cpp ****     // Initialize full Planter hardware wrapper (includes button/toggle init,
 3034              		.loc 10 1170 1 is_stmt 0 view .LVU936
 3035 0000 10B5     		push	{r4, lr}
 3036              		.cfi_def_cfa_offset 8
 3037              		.cfi_offset 4, -8
 3038              		.cfi_offset 14, -4
 3039              		.loc 10 1173 14 view .LVU937
 3040 0002 2048     		ldr	r0, .L211
 3041 0004 FFF7FEFF 		bl	_ZN9anachrome7planter4InitEv
 3042              	.LVL213:
1174:PhysPlateReverb.cpp **** 
1175:PhysPlateReverb.cpp ****     // Force 44.1kHz for predictable CPU budget and DSP tuning.
1176:PhysPlateReverb.cpp ****     euro.patch.SetAudioSampleRate(44100.f);
 3043              		.loc 10 1176 5 is_stmt 1 view .LVU938
 3044              		.loc 10 1176 34 is_stmt 0 view .LVU939
 3045 0008 9FED1F0A 		vldr.32	s0, .L211+4
 3046 000c 1F48     		ldr	r0, .L211+8
 3047 000e FFF7FEFF 		bl	_ZN5daisy8patch_sm12DaisyPatchSM18SetAudioSampleRateEf
 3048              	.LVL214:
1177:PhysPlateReverb.cpp **** 
1178:PhysPlateReverb.cpp ****     // Larger audio block reduces callback-rate overhead and gives the CPU
1179:PhysPlateReverb.cpp ****     // more time per callback for heavy DSP like modal reverb.
1180:PhysPlateReverb.cpp ****     euro.patch.SetAudioBlockSize(1024);
 3049              		.loc 10 1180 5 is_stmt 1 view .LVU940
 3050              		.loc 10 1180 33 is_stmt 0 view .LVU941
 3051 0012 4FF48061 		mov	r1, #1024
 3052 0016 1D48     		ldr	r0, .L211+8
 3053 0018 FFF7FEFF 		bl	_ZN5daisy8patch_sm12DaisyPatchSM17SetAudioBlockSizeEj
 3054              	.LVL215:
ARM GAS  C:\Users\isaia\AppData\Local\Temp\ccT6fYmT.s 			page 101


1181:PhysPlateReverb.cpp **** 
1182:PhysPlateReverb.cpp ****     // Initialize the modal plate reverb — this call computes all modes,
1183:PhysPlateReverb.cpp ****     // runs the pruning algorithm, and pre-computes coefficients.
1184:PhysPlateReverb.cpp ****     // It may take a fraction of a second (lots of math at startup).
1185:PhysPlateReverb.cpp ****     reverb.Init(euro.patch.AudioSampleRate());
 3055              		.loc 10 1185 5 is_stmt 1 view .LVU942
 3056              		.loc 10 1185 16 is_stmt 0 view .LVU943
 3057 001c 1B48     		ldr	r0, .L211+8
 3058 001e FFF7FEFF 		bl	_ZN5daisy8patch_sm12DaisyPatchSM15AudioSampleRateEv
 3059              	.LVL216:
 3060 0022 1B48     		ldr	r0, .L211+12
 3061 0024 FFF7FEFF 		bl	_ZN16ModalPlateReverb4InitEf
 3062              	.LVL217:
1186:PhysPlateReverb.cpp **** 
1187:PhysPlateReverb.cpp ****     // Configure HPF coefficients from current sample rate.
1188:PhysPlateReverb.cpp ****     const float sr = euro.patch.AudioSampleRate();
 3063              		.loc 10 1188 5 is_stmt 1 view .LVU944
 3064              		.loc 10 1188 48 is_stmt 0 view .LVU945
 3065 0028 1848     		ldr	r0, .L211+8
 3066 002a FFF7FEFF 		bl	_ZN5daisy8patch_sm12DaisyPatchSM15AudioSampleRateEv
 3067              	.LVL218:
1189:PhysPlateReverb.cpp ****     sample_dt = 1.0f / sr;
 3068              		.loc 10 1189 5 is_stmt 1 view .LVU946
1190:PhysPlateReverb.cpp ****     const float rc_send = 1.0f / (2.0f * PI_F * send_hpf_hz_sm);
 3069              		.loc 10 1190 47 is_stmt 0 view .LVU947
 3070 002e 194B     		ldr	r3, .L211+16
 3071 0030 DFED197A 		vldr.32	s15, .L211+20
1189:PhysPlateReverb.cpp ****     sample_dt = 1.0f / sr;
 3072              		.loc 10 1189 22 view .LVU948
 3073 0034 F7EE005A 		vmov.f32	s11, #1.0e+0
 3074              		.loc 10 1190 47 view .LVU949
 3075 0038 93ED007A 		vldr.32	s14, [r3]
1191:PhysPlateReverb.cpp ****     const float rc_wet  = 1.0f / (2.0f * PI_F * WET_HPF_HZ);
1192:PhysPlateReverb.cpp ****     send_hpf_a = rc_send / (rc_send + sample_dt);
1193:PhysPlateReverb.cpp ****     wet_hpf_a  = rc_wet  / (rc_wet  + sample_dt);
 3076              		.loc 10 1193 37 view .LVU950
 3077 003c 9FED176A 		vldr.32	s12, .L211+24
1190:PhysPlateReverb.cpp ****     const float rc_send = 1.0f / (2.0f * PI_F * send_hpf_hz_sm);
 3078              		.loc 10 1190 47 view .LVU951
 3079 0040 27EE277A 		vmul.f32	s14, s14, s15
1189:PhysPlateReverb.cpp ****     const float rc_send = 1.0f / (2.0f * PI_F * send_hpf_hz_sm);
 3080              		.loc 10 1189 15 view .LVU952
 3081 0044 164C     		ldr	r4, .L211+28
1189:PhysPlateReverb.cpp ****     const float rc_send = 1.0f / (2.0f * PI_F * send_hpf_hz_sm);
 3082              		.loc 10 1189 22 view .LVU953
 3083 0046 C5EE807A 		vdiv.f32	s15, s11, s0
1192:PhysPlateReverb.cpp ****     wet_hpf_a  = rc_wet  / (rc_wet  + sample_dt);
 3084              		.loc 10 1192 16 view .LVU954
 3085 004a 164B     		ldr	r3, .L211+32
 3086              		.loc 10 1193 16 view .LVU955
 3087 004c 164A     		ldr	r2, .L211+36
1194:PhysPlateReverb.cpp **** 
1195:PhysPlateReverb.cpp ****     // Start the audio engine — AudioCallback will now be called
1196:PhysPlateReverb.cpp ****     // continuously by the hardware every ~1 ms with blocks of samples.
1197:PhysPlateReverb.cpp ****     euro.patch.StartAudio(AudioCallback);
 3088              		.loc 10 1197 26 view .LVU956
 3089 004e 1749     		ldr	r1, .L211+40
ARM GAS  C:\Users\isaia\AppData\Local\Temp\ccT6fYmT.s 			page 102


 3090 0050 0E48     		ldr	r0, .L211+8
1190:PhysPlateReverb.cpp ****     const float rc_wet  = 1.0f / (2.0f * PI_F * WET_HPF_HZ);
 3091              		.loc 10 1190 17 view .LVU957
 3092 0052 C5EE876A 		vdiv.f32	s13, s11, s14
1189:PhysPlateReverb.cpp ****     const float rc_send = 1.0f / (2.0f * PI_F * send_hpf_hz_sm);
 3093              		.loc 10 1189 15 view .LVU958
 3094 0056 C4ED007A 		vstr.32	s15, [r4]
1190:PhysPlateReverb.cpp ****     const float rc_wet  = 1.0f / (2.0f * PI_F * WET_HPF_HZ);
 3095              		.loc 10 1190 5 is_stmt 1 view .LVU959
 3096              	.LVL219:
1191:PhysPlateReverb.cpp ****     send_hpf_a = rc_send / (rc_send + sample_dt);
 3097              		.loc 10 1191 5 view .LVU960
1192:PhysPlateReverb.cpp ****     wet_hpf_a  = rc_wet  / (rc_wet  + sample_dt);
 3098              		.loc 10 1192 5 view .LVU961
1193:PhysPlateReverb.cpp **** 
 3099              		.loc 10 1193 37 is_stmt 0 view .LVU962
 3100 005a 37EE867A 		vadd.f32	s14, s15, s12
1193:PhysPlateReverb.cpp **** 
 3101              		.loc 10 1193 26 view .LVU963
 3102 005e C6EE075A 		vdiv.f32	s11, s12, s14
1192:PhysPlateReverb.cpp ****     wet_hpf_a  = rc_wet  / (rc_wet  + sample_dt);
 3103              		.loc 10 1192 37 view .LVU964
 3104 0062 77EEA67A 		vadd.f32	s15, s15, s13
1192:PhysPlateReverb.cpp ****     wet_hpf_a  = rc_wet  / (rc_wet  + sample_dt);
 3105              		.loc 10 1192 26 view .LVU965
 3106 0066 86EEA77A 		vdiv.f32	s14, s13, s15
1193:PhysPlateReverb.cpp **** 
 3107              		.loc 10 1193 16 view .LVU966
 3108 006a C2ED005A 		vstr.32	s11, [r2]
1192:PhysPlateReverb.cpp ****     wet_hpf_a  = rc_wet  / (rc_wet  + sample_dt);
 3109              		.loc 10 1192 16 view .LVU967
 3110 006e 83ED007A 		vstr.32	s14, [r3]
1193:PhysPlateReverb.cpp **** 
 3111              		.loc 10 1193 5 is_stmt 1 view .LVU968
 3112              		.loc 10 1197 5 view .LVU969
 3113              		.loc 10 1197 26 is_stmt 0 view .LVU970
 3114 0072 FFF7FEFF 		bl	_ZN5daisy8patch_sm12DaisyPatchSM10StartAudioEPFvPKPKfPPfjE
 3115              	.LVL220:
 3116              	.L209:
1198:PhysPlateReverb.cpp **** 
1199:PhysPlateReverb.cpp ****     // Infinite loop — audio processing happens in the callback.
1200:PhysPlateReverb.cpp ****     // The main thread just idles.
1201:PhysPlateReverb.cpp ****     while (1) {
 3117              		.loc 10 1201 5 is_stmt 1 discriminator 1 view .LVU971
1202:PhysPlateReverb.cpp ****         // Match known-good example pattern for bootloader button handling.
1203:PhysPlateReverb.cpp ****         euro.button.Debounce();
 3118              		.loc 10 1203 9 discriminator 1 view .LVU972
 3119              		.loc 10 1203 29 is_stmt 0 discriminator 1 view .LVU973
 3120 0076 0E48     		ldr	r0, .L211+44
 3121 0078 FFF7FEFF 		bl	_ZN5daisy6Switch8DebounceEv
 3122              	.LVL221:
1204:PhysPlateReverb.cpp ****         euro.BootloaderResetCheck();
 3123              		.loc 10 1204 9 is_stmt 1 discriminator 1 view .LVU974
 3124              		.loc 10 1204 34 is_stmt 0 discriminator 1 view .LVU975
 3125 007c 0148     		ldr	r0, .L211
 3126 007e FFF7FEFF 		bl	_ZN9anachrome7planter20BootloaderResetCheckEv
 3127              	.LVL222:
ARM GAS  C:\Users\isaia\AppData\Local\Temp\ccT6fYmT.s 			page 103


1201:PhysPlateReverb.cpp ****         // Match known-good example pattern for bootloader button handling.
 3128              		.loc 10 1201 5 is_stmt 1 discriminator 1 view .LVU976
 3129 0082 F8E7     		b	.L209
 3130              	.L212:
 3131              		.align	2
 3132              	.L211:
 3133 0084 00000000 		.word	.LANCHOR0
 3134 0088 00442C47 		.word	1194083328
 3135 008c B8000000 		.word	.LANCHOR0+184
 3136 0090 00000000 		.word	reverb
 3137 0094 00000000 		.word	.LANCHOR13
 3138 0098 DB0FC940 		.word	1086918619
 3139 009c F3D6AD3A 		.word	984471283
 3140 00a0 00000000 		.word	.LANCHOR14
 3141 00a4 00000000 		.word	.LANCHOR15
 3142 00a8 00000000 		.word	.LANCHOR22
 3143 00ac 00000000 		.word	_Z13AudioCallbackPKPKfPPfj
 3144 00b0 28000000 		.word	.LANCHOR0+40
 3145              		.cfi_endproc
 3146              	.LFE4560:
 3148              		.section	.text.startup._GLOBAL__sub_I__ZN16ModalPlateReverb4InitEf,"ax",%progbits
 3149              		.align	1
 3150              		.p2align 2,,3
 3151              		.syntax unified
 3152              		.thumb
 3153              		.thumb_func
 3154              		.fpu fpv5-d16
 3156              	_GLOBAL__sub_I__ZN16ModalPlateReverb4InitEf:
 3157              	.LFB5086:
1205:PhysPlateReverb.cpp ****     }
1206:PhysPlateReverb.cpp **** }
 3158              		.loc 10 1206 1 view -0
 3159              		.cfi_startproc
 3160              		@ args = 0, pretend = 0, frame = 0
 3161              		@ frame_needed = 0, uses_anonymous_args = 0
 3162              		@ link register save eliminated.
 3163              	.LBB667:
 3164              	.LBI667:
 3165              		.loc 10 1206 1 view .LVU978
 3166              	.LVL223:
 3167              	.LBB668:
 3168              	.LBB669:
 3169              	.LBI669:
  53:../../Planter/planter.h ****         ~planter() = default;
 3170              		.loc 1 53 9 view .LVU979
 3171              	.LBB670:
 3172              	.LBI670:
 3173              		.file 12 "../../libDaisy//src/per/gpio.h"
   1:../../libDaisy//src/per/gpio.h **** #pragma once
   2:../../libDaisy//src/per/gpio.h **** #ifndef DSY_GPIO_H
   3:../../libDaisy//src/per/gpio.h **** #define DSY_GPIO_H
   4:../../libDaisy//src/per/gpio.h **** #include "daisy_core.h"
   5:../../libDaisy//src/per/gpio.h **** 
   6:../../libDaisy//src/per/gpio.h **** #ifdef __cplusplus
   7:../../libDaisy//src/per/gpio.h **** 
   8:../../libDaisy//src/per/gpio.h **** namespace daisy
   9:../../libDaisy//src/per/gpio.h **** {
ARM GAS  C:\Users\isaia\AppData\Local\Temp\ccT6fYmT.s 			page 104


  10:../../libDaisy//src/per/gpio.h **** /** @brief General Purpose I/O control 
  11:../../libDaisy//src/per/gpio.h ****  *  @details peripheral control over a single GPIO
  12:../../libDaisy//src/per/gpio.h ****  *  @ingroup peripheral
  13:../../libDaisy//src/per/gpio.h ****  *   
  14:../../libDaisy//src/per/gpio.h ****  *  Button Input (with internal Pullup resistor)
  15:../../libDaisy//src/per/gpio.h ****  *  @include GPIO_Input.cpp 
  16:../../libDaisy//src/per/gpio.h ****  * 
  17:../../libDaisy//src/per/gpio.h ****  *  Output Example (perfect for blinking an LED)
  18:../../libDaisy//src/per/gpio.h ****  *  @include GPIO_Output.cpp
  19:../../libDaisy//src/per/gpio.h ****  * 
  20:../../libDaisy//src/per/gpio.h **** */
  21:../../libDaisy//src/per/gpio.h **** class GPIO
  22:../../libDaisy//src/per/gpio.h **** {
  23:../../libDaisy//src/per/gpio.h ****   public:
  24:../../libDaisy//src/per/gpio.h ****     /** @brief Mode of operation for the specified GPIO */
  25:../../libDaisy//src/per/gpio.h ****     enum class Mode
  26:../../libDaisy//src/per/gpio.h ****     {
  27:../../libDaisy//src/per/gpio.h ****         INPUT,      /**< Input for reading state of pin */
  28:../../libDaisy//src/per/gpio.h ****         OUTPUT,     /**< Output w/ push-pull configuration */
  29:../../libDaisy//src/per/gpio.h ****         OPEN_DRAIN, /**< Output w/ open-drain configuration */
  30:../../libDaisy//src/per/gpio.h ****         ANALOG,     /**< Analog for connection to ADC or DAC peripheral */
  31:../../libDaisy//src/per/gpio.h ****     };
  32:../../libDaisy//src/per/gpio.h **** 
  33:../../libDaisy//src/per/gpio.h ****     /** @brief Configures whether an internal Pull up or Pull down resistor is used. 
  34:../../libDaisy//src/per/gpio.h ****      *  
  35:../../libDaisy//src/per/gpio.h ****      * Internal Pull up/down resistors are typically 40k ohms, and will be between
  36:../../libDaisy//src/per/gpio.h ****      * 30k and 50k
  37:../../libDaisy//src/per/gpio.h ****      * 
  38:../../libDaisy//src/per/gpio.h ****      * When the Pin is configured in Analog mode, the pull up/down resistors are
  39:../../libDaisy//src/per/gpio.h ****      * disabled by hardware. 
  40:../../libDaisy//src/per/gpio.h ****      */
  41:../../libDaisy//src/per/gpio.h ****     enum class Pull
  42:../../libDaisy//src/per/gpio.h ****     {
  43:../../libDaisy//src/per/gpio.h ****         NOPULL,   /**< No pull up resistor */
  44:../../libDaisy//src/per/gpio.h ****         PULLUP,   /**< Internal pull up enabled */
  45:../../libDaisy//src/per/gpio.h ****         PULLDOWN, /**< Internal pull down enabled*/
  46:../../libDaisy//src/per/gpio.h ****     };
  47:../../libDaisy//src/per/gpio.h **** 
  48:../../libDaisy//src/per/gpio.h ****     /** @brief Output speed controls the drive strength, and slew rate of the pin */
  49:../../libDaisy//src/per/gpio.h ****     enum class Speed
  50:../../libDaisy//src/per/gpio.h ****     {
  51:../../libDaisy//src/per/gpio.h ****         LOW,
  52:../../libDaisy//src/per/gpio.h ****         MEDIUM,
  53:../../libDaisy//src/per/gpio.h ****         HIGH,
  54:../../libDaisy//src/per/gpio.h ****         VERY_HIGH,
  55:../../libDaisy//src/per/gpio.h ****     };
  56:../../libDaisy//src/per/gpio.h **** 
  57:../../libDaisy//src/per/gpio.h ****     /** @brief Configuration for a given GPIO */
  58:../../libDaisy//src/per/gpio.h ****     struct Config
  59:../../libDaisy//src/per/gpio.h ****     {
  60:../../libDaisy//src/per/gpio.h ****         Pin   pin;
  61:../../libDaisy//src/per/gpio.h ****         Mode  mode;
  62:../../libDaisy//src/per/gpio.h ****         Pull  pull;
  63:../../libDaisy//src/per/gpio.h ****         Speed speed;
  64:../../libDaisy//src/per/gpio.h **** 
  65:../../libDaisy//src/per/gpio.h ****         /** Constructor with no arguments will prepare an invalid GPIO set as
  66:../../libDaisy//src/per/gpio.h ****          *  an input, with no pullup. 
ARM GAS  C:\Users\isaia\AppData\Local\Temp\ccT6fYmT.s 			page 105


  67:../../libDaisy//src/per/gpio.h ****          */
  68:../../libDaisy//src/per/gpio.h ****         Config()
  69:../../libDaisy//src/per/gpio.h ****         : pin(), mode(Mode::INPUT), pull(Pull::NOPULL), speed(Speed::LOW)
  70:../../libDaisy//src/per/gpio.h ****         {
  71:../../libDaisy//src/per/gpio.h ****         }
  72:../../libDaisy//src/per/gpio.h ****     };
  73:../../libDaisy//src/per/gpio.h **** 
  74:../../libDaisy//src/per/gpio.h ****     GPIO() {}
 3174              		.loc 12 74 5 view .LVU980
 3175              	.LBB671:
 3176              	.LBB672:
 3177              	.LBI672:
  68:../../libDaisy//src/per/gpio.h ****         : pin(), mode(Mode::INPUT), pull(Pull::NOPULL), speed(Speed::LOW)
 3178              		.loc 12 68 9 view .LVU981
 3179              	.LBB673:
 3180              	.LBB674:
 3181              	.LBB675:
 3182              	.LBI675:
 3183              		.file 13 "../../libDaisy//src/daisy_core.h"
   1:../../libDaisy//src/daisy_core.h **** #pragma once
   2:../../libDaisy//src/daisy_core.h **** #ifndef DSY_CORE_HW_H
   3:../../libDaisy//src/daisy_core.h **** #define DSY_CORE_HW_H /**< & */
   4:../../libDaisy//src/daisy_core.h **** #include <stdint.h>
   5:../../libDaisy//src/daisy_core.h **** #include <stdlib.h>
   6:../../libDaisy//src/daisy_core.h **** 
   7:../../libDaisy//src/daisy_core.h **** #if defined(_MSC_VER)
   8:../../libDaisy//src/daisy_core.h **** #define FORCE_INLINE __forceinline /**< & */
   9:../../libDaisy//src/daisy_core.h **** #elif defined(__clang__)
  10:../../libDaisy//src/daisy_core.h **** #define FORCE_INLINE inline __attribute__((always_inline)) /**< & */
  11:../../libDaisy//src/daisy_core.h **** #pragma clang diagnostic ignored "-Wduplicate-decl-specifier"
  12:../../libDaisy//src/daisy_core.h **** #elif defined(__GNUC__)
  13:../../libDaisy//src/daisy_core.h **** #define FORCE_INLINE inline __attribute__((always_inline)) /**< & */
  14:../../libDaisy//src/daisy_core.h **** #else
  15:../../libDaisy//src/daisy_core.h **** #error unknown compiler
  16:../../libDaisy//src/daisy_core.h **** #endif
  17:../../libDaisy//src/daisy_core.h **** 
  18:../../libDaisy//src/daisy_core.h **** /** @addtogroup utility
  19:../../libDaisy//src/daisy_core.h ****     @{
  20:../../libDaisy//src/daisy_core.h **** */
  21:../../libDaisy//src/daisy_core.h **** 
  22:../../libDaisy//src/daisy_core.h **** /** Macro for area of memory that is configured as cacheless
  23:../../libDaisy//src/daisy_core.h **** This should be used primarily for DMA buffers, and the like.
  24:../../libDaisy//src/daisy_core.h **** */
  25:../../libDaisy//src/daisy_core.h **** #define DMA_BUFFER_MEM_SECTION __attribute__((section(".sram1_bss")))
  26:../../libDaisy//src/daisy_core.h **** /** 
  27:../../libDaisy//src/daisy_core.h **** THE DTCM RAM section is also non-cached. However, is not suitable 
  28:../../libDaisy//src/daisy_core.h **** for DMA transfers. Performance is on par with internal SRAM w/ 
  29:../../libDaisy//src/daisy_core.h **** cache enabled.
  30:../../libDaisy//src/daisy_core.h **** */
  31:../../libDaisy//src/daisy_core.h **** #define DTCM_MEM_SECTION __attribute__((section(".dtcmram_bss")))
  32:../../libDaisy//src/daisy_core.h **** 
  33:../../libDaisy//src/daisy_core.h **** #define FBIPMAX 0.999985f             /**< close to 1.0f-LSB at 16 bit */
  34:../../libDaisy//src/daisy_core.h **** #define FBIPMIN (-FBIPMAX)            /**< - (1 - LSB) */
  35:../../libDaisy//src/daisy_core.h **** #define U82F_SCALE 0.0078740f         /**< 1 / 127 */
  36:../../libDaisy//src/daisy_core.h **** #define F2U8_SCALE 127.0f             /**< 128 - 1 */
  37:../../libDaisy//src/daisy_core.h **** #define S82F_SCALE 0.0078125f         /**< 1 / (2**7) */
  38:../../libDaisy//src/daisy_core.h **** #define F2S8_SCALE 127.0f             /**< (2 ** 7) - 1 */
ARM GAS  C:\Users\isaia\AppData\Local\Temp\ccT6fYmT.s 			page 106


  39:../../libDaisy//src/daisy_core.h **** #define S162F_SCALE 3.0517578125e-05f /**< 1 / (2** 15) */
  40:../../libDaisy//src/daisy_core.h **** #define F2S16_SCALE 32767.0f          /**< (2 ** 15) - 1 */
  41:../../libDaisy//src/daisy_core.h **** #define F2S24_SCALE 8388608.0f        /**< 2 ** 23 */
  42:../../libDaisy//src/daisy_core.h **** #define S242F_SCALE 1.192092896e-07f  /**< 1 / (2 ** 23) */
  43:../../libDaisy//src/daisy_core.h **** #define S24SIGN 0x800000              /**< 2 ** 23 */
  44:../../libDaisy//src/daisy_core.h **** #define S322F_SCALE 4.6566129e-10f    /**< 1 / (2** 31) */
  45:../../libDaisy//src/daisy_core.h **** #define F2S32_SCALE 2147483647.f      /**< (2 ** 31) - 1 */
  46:../../libDaisy//src/daisy_core.h **** 
  47:../../libDaisy//src/daisy_core.h **** 
  48:../../libDaisy//src/daisy_core.h **** /** shorthand macro for simplifying the reading of the left 
  49:../../libDaisy//src/daisy_core.h ****  *  channel of a non-interleaved output buffer named out */
  50:../../libDaisy//src/daisy_core.h **** #define OUT_L out[0]
  51:../../libDaisy//src/daisy_core.h **** 
  52:../../libDaisy//src/daisy_core.h **** /** shorthand macro for simplifying the reading of the right 
  53:../../libDaisy//src/daisy_core.h ****  *  channel of a non-interleaved output buffer named out */
  54:../../libDaisy//src/daisy_core.h **** #define OUT_R out[1]
  55:../../libDaisy//src/daisy_core.h **** 
  56:../../libDaisy//src/daisy_core.h **** /** shorthand macro for simplifying the reading of the left 
  57:../../libDaisy//src/daisy_core.h ****  *  channel of a non-interleaved input buffer named in */
  58:../../libDaisy//src/daisy_core.h **** #define IN_L in[0]
  59:../../libDaisy//src/daisy_core.h **** 
  60:../../libDaisy//src/daisy_core.h **** /** shorthand macro for simplifying the reading of the right 
  61:../../libDaisy//src/daisy_core.h ****  *  channel of a non-interleaved input buffer named in */
  62:../../libDaisy//src/daisy_core.h **** #define IN_R in[1]
  63:../../libDaisy//src/daisy_core.h **** 
  64:../../libDaisy//src/daisy_core.h **** /** 
  65:../../libDaisy//src/daisy_core.h ****     Computes cube.
  66:../../libDaisy//src/daisy_core.h ****     \param x Number to be cubed
  67:../../libDaisy//src/daisy_core.h ****     \return x ^ 3
  68:../../libDaisy//src/daisy_core.h **** */
  69:../../libDaisy//src/daisy_core.h **** FORCE_INLINE float cube(float x)
  70:../../libDaisy//src/daisy_core.h **** {
  71:../../libDaisy//src/daisy_core.h ****     return (x * x) * x;
  72:../../libDaisy//src/daisy_core.h **** }
  73:../../libDaisy//src/daisy_core.h **** 
  74:../../libDaisy//src/daisy_core.h **** /** 
  75:../../libDaisy//src/daisy_core.h ****     Converts unsigned 8-bit to float
  76:../../libDaisy//src/daisy_core.h ****     \param x Number to be scaled.
  77:../../libDaisy//src/daisy_core.h ****     \return Scaled number.
  78:../../libDaisy//src/daisy_core.h **** */
  79:../../libDaisy//src/daisy_core.h **** FORCE_INLINE float u82f(uint8_t x)
  80:../../libDaisy//src/daisy_core.h **** {
  81:../../libDaisy//src/daisy_core.h ****     return ((float)x - 127.f) * U82F_SCALE;
  82:../../libDaisy//src/daisy_core.h **** }
  83:../../libDaisy//src/daisy_core.h **** 
  84:../../libDaisy//src/daisy_core.h **** /**
  85:../../libDaisy//src/daisy_core.h ****     Converts float to unsigned 8-bit
  86:../../libDaisy//src/daisy_core.h **** */
  87:../../libDaisy//src/daisy_core.h **** FORCE_INLINE uint8_t f2u8(float x)
  88:../../libDaisy//src/daisy_core.h **** {
  89:../../libDaisy//src/daisy_core.h ****     x = x <= FBIPMIN ? FBIPMIN : x;
  90:../../libDaisy//src/daisy_core.h ****     x = x >= FBIPMAX ? FBIPMAX : x;
  91:../../libDaisy//src/daisy_core.h ****     return (uint8_t)((x * F2U8_SCALE) + F2U8_SCALE);
  92:../../libDaisy//src/daisy_core.h **** }
  93:../../libDaisy//src/daisy_core.h **** 
  94:../../libDaisy//src/daisy_core.h **** 
  95:../../libDaisy//src/daisy_core.h **** /** 
ARM GAS  C:\Users\isaia\AppData\Local\Temp\ccT6fYmT.s 			page 107


  96:../../libDaisy//src/daisy_core.h ****     Converts Signed 8-bit to float
  97:../../libDaisy//src/daisy_core.h ****     \param x Number to be scaled.
  98:../../libDaisy//src/daisy_core.h ****     \return Scaled number.
  99:../../libDaisy//src/daisy_core.h **** */
 100:../../libDaisy//src/daisy_core.h **** FORCE_INLINE float s82f(int8_t x)
 101:../../libDaisy//src/daisy_core.h **** {
 102:../../libDaisy//src/daisy_core.h ****     return (float)x * S82F_SCALE;
 103:../../libDaisy//src/daisy_core.h **** }
 104:../../libDaisy//src/daisy_core.h **** 
 105:../../libDaisy//src/daisy_core.h **** /**
 106:../../libDaisy//src/daisy_core.h ****     Converts float to Signed 8-bit
 107:../../libDaisy//src/daisy_core.h **** */
 108:../../libDaisy//src/daisy_core.h **** FORCE_INLINE int8_t f2s8(float x)
 109:../../libDaisy//src/daisy_core.h **** {
 110:../../libDaisy//src/daisy_core.h ****     x = x <= FBIPMIN ? FBIPMIN : x;
 111:../../libDaisy//src/daisy_core.h ****     x = x >= FBIPMAX ? FBIPMAX : x;
 112:../../libDaisy//src/daisy_core.h ****     return (int32_t)(x * F2S8_SCALE);
 113:../../libDaisy//src/daisy_core.h **** }
 114:../../libDaisy//src/daisy_core.h **** 
 115:../../libDaisy//src/daisy_core.h **** /** 
 116:../../libDaisy//src/daisy_core.h ****     Converts Signed 16-bit to float
 117:../../libDaisy//src/daisy_core.h ****     \param x Number to be scaled.
 118:../../libDaisy//src/daisy_core.h ****     \return Scaled number.
 119:../../libDaisy//src/daisy_core.h **** */
 120:../../libDaisy//src/daisy_core.h **** FORCE_INLINE float s162f(int16_t x)
 121:../../libDaisy//src/daisy_core.h **** {
 122:../../libDaisy//src/daisy_core.h ****     return (float)x * S162F_SCALE;
 123:../../libDaisy//src/daisy_core.h **** }
 124:../../libDaisy//src/daisy_core.h **** 
 125:../../libDaisy//src/daisy_core.h **** /**
 126:../../libDaisy//src/daisy_core.h ****     Converts float to Signed 16-bit
 127:../../libDaisy//src/daisy_core.h **** */
 128:../../libDaisy//src/daisy_core.h **** FORCE_INLINE int16_t f2s16(float x)
 129:../../libDaisy//src/daisy_core.h **** {
 130:../../libDaisy//src/daisy_core.h ****     x = x <= FBIPMIN ? FBIPMIN : x;
 131:../../libDaisy//src/daisy_core.h ****     x = x >= FBIPMAX ? FBIPMAX : x;
 132:../../libDaisy//src/daisy_core.h ****     return (int32_t)(x * F2S16_SCALE);
 133:../../libDaisy//src/daisy_core.h **** }
 134:../../libDaisy//src/daisy_core.h **** 
 135:../../libDaisy//src/daisy_core.h **** /**
 136:../../libDaisy//src/daisy_core.h ****     Converts Signed 24-bit to float
 137:../../libDaisy//src/daisy_core.h ****  */
 138:../../libDaisy//src/daisy_core.h **** FORCE_INLINE float s242f(int32_t x)
 139:../../libDaisy//src/daisy_core.h **** {
 140:../../libDaisy//src/daisy_core.h ****     x = (x ^ S24SIGN) - S24SIGN; //sign extend aka ((x<<8)>>8)
 141:../../libDaisy//src/daisy_core.h ****     return (float)x * S242F_SCALE;
 142:../../libDaisy//src/daisy_core.h **** }
 143:../../libDaisy//src/daisy_core.h **** /**
 144:../../libDaisy//src/daisy_core.h ****     Converts float to Signed 24-bit
 145:../../libDaisy//src/daisy_core.h ****  */
 146:../../libDaisy//src/daisy_core.h **** FORCE_INLINE int32_t f2s24(float x)
 147:../../libDaisy//src/daisy_core.h **** {
 148:../../libDaisy//src/daisy_core.h ****     x = x <= FBIPMIN ? FBIPMIN : x;
 149:../../libDaisy//src/daisy_core.h ****     x = x >= FBIPMAX ? FBIPMAX : x;
 150:../../libDaisy//src/daisy_core.h ****     return (int32_t)(x * F2S24_SCALE);
 151:../../libDaisy//src/daisy_core.h **** }
 152:../../libDaisy//src/daisy_core.h **** 
ARM GAS  C:\Users\isaia\AppData\Local\Temp\ccT6fYmT.s 			page 108


 153:../../libDaisy//src/daisy_core.h **** /**
 154:../../libDaisy//src/daisy_core.h ****     Converts Signed 32-bit to float
 155:../../libDaisy//src/daisy_core.h ****  */
 156:../../libDaisy//src/daisy_core.h **** FORCE_INLINE float s322f(int32_t x)
 157:../../libDaisy//src/daisy_core.h **** {
 158:../../libDaisy//src/daisy_core.h ****     return (float)x * S322F_SCALE;
 159:../../libDaisy//src/daisy_core.h **** }
 160:../../libDaisy//src/daisy_core.h **** /**
 161:../../libDaisy//src/daisy_core.h ****     Converts float to Signed 24-bit
 162:../../libDaisy//src/daisy_core.h ****  */
 163:../../libDaisy//src/daisy_core.h **** FORCE_INLINE int32_t f2s32(float x)
 164:../../libDaisy//src/daisy_core.h **** {
 165:../../libDaisy//src/daisy_core.h ****     x = x <= FBIPMIN ? FBIPMIN : x;
 166:../../libDaisy//src/daisy_core.h ****     x = x >= FBIPMAX ? FBIPMAX : x;
 167:../../libDaisy//src/daisy_core.h ****     return (int32_t)(x * F2S32_SCALE);
 168:../../libDaisy//src/daisy_core.h **** }
 169:../../libDaisy//src/daisy_core.h **** 
 170:../../libDaisy//src/daisy_core.h **** #ifdef __cplusplus
 171:../../libDaisy//src/daisy_core.h **** 
 172:../../libDaisy//src/daisy_core.h **** namespace daisy
 173:../../libDaisy//src/daisy_core.h **** {
 174:../../libDaisy//src/daisy_core.h **** /** @brief GPIO Port names */
 175:../../libDaisy//src/daisy_core.h **** enum GPIOPort
 176:../../libDaisy//src/daisy_core.h **** {
 177:../../libDaisy//src/daisy_core.h ****     PORTA, /**< Port A */
 178:../../libDaisy//src/daisy_core.h ****     PORTB, /**< Port B */
 179:../../libDaisy//src/daisy_core.h ****     PORTC, /**< Port C */
 180:../../libDaisy//src/daisy_core.h ****     PORTD, /**< Port D */
 181:../../libDaisy//src/daisy_core.h ****     PORTE, /**< Port E */
 182:../../libDaisy//src/daisy_core.h ****     PORTF, /**< Port F */
 183:../../libDaisy//src/daisy_core.h ****     PORTG, /**< Port G */
 184:../../libDaisy//src/daisy_core.h ****     PORTH, /**< Port H */
 185:../../libDaisy//src/daisy_core.h ****     PORTI, /**< Port I */
 186:../../libDaisy//src/daisy_core.h ****     PORTJ, /**< Port J */
 187:../../libDaisy//src/daisy_core.h ****     PORTK, /**< Port K */
 188:../../libDaisy//src/daisy_core.h ****     PORTX, /**< Used as a dummy port to signal an invalid pin. */
 189:../../libDaisy//src/daisy_core.h **** };
 190:../../libDaisy//src/daisy_core.h **** 
 191:../../libDaisy//src/daisy_core.h **** /** @brief representation of hardware port/pin combination */
 192:../../libDaisy//src/daisy_core.h **** struct Pin
 193:../../libDaisy//src/daisy_core.h **** {
 194:../../libDaisy//src/daisy_core.h ****     GPIOPort port;
 195:../../libDaisy//src/daisy_core.h ****     uint8_t  pin;
 196:../../libDaisy//src/daisy_core.h **** 
 197:../../libDaisy//src/daisy_core.h ****     /** @brief Constructor creates a valid pin. 
 198:../../libDaisy//src/daisy_core.h ****      *  @param pt GPIOPort between PA, and PK corresponding to STM32 Port.
 199:../../libDaisy//src/daisy_core.h ****      *  @param pn pin number in range of 0-15
 200:../../libDaisy//src/daisy_core.h ****     */
 201:../../libDaisy//src/daisy_core.h ****     constexpr Pin(const GPIOPort pt, const uint8_t pn) : port(pt), pin(pn) {}
 202:../../libDaisy//src/daisy_core.h **** 
 203:../../libDaisy//src/daisy_core.h ****     /** @brief Basic Constructor creates an invalid Pin object */
 204:../../libDaisy//src/daisy_core.h ****     constexpr Pin() : port(PORTX), pin(255) {}
 3184              		.loc 13 204 15 view .LVU982
 3185              		.loc 13 204 15 is_stmt 0 view .LVU983
 3186              	.LBE675:
 3187              	.LBE674:
 3188              	.LBE673:
ARM GAS  C:\Users\isaia\AppData\Local\Temp\ccT6fYmT.s 			page 109


 3189              	.LBE672:
 3190              	.LBE671:
 3191              	.LBE670:
 3192              	.LBB686:
 3193              	.LBI686:
 3194              		.loc 12 74 5 is_stmt 1 view .LVU984
 3195              	.LBB687:
 3196              	.LBB688:
 3197              	.LBI688:
  68:../../libDaisy//src/per/gpio.h ****         : pin(), mode(Mode::INPUT), pull(Pull::NOPULL), speed(Speed::LOW)
 3198              		.loc 12 68 9 view .LVU985
 3199              	.LBB689:
 3200              	.LBB690:
 3201              	.LBB691:
 3202              	.LBI691:
 3203              		.loc 13 204 15 view .LVU986
 3204              		.loc 13 204 15 is_stmt 0 view .LVU987
 3205              	.LBE691:
 3206              	.LBE690:
 3207              	.LBE689:
 3208              	.LBE688:
 3209              	.LBE687:
 3210              	.LBE686:
 3211              	.LBB700:
 3212              	.LBI700:
  33:../../libDaisy//src/hid/switch.h ****     ~Switch() {}
 3213              		.loc 9 33 5 is_stmt 1 view .LVU988
 3214              	.LBB701:
 3215              	.LBB702:
 3216              	.LBI702:
 3217              		.loc 12 74 5 view .LVU989
 3218              	.LBB703:
 3219              	.LBB704:
 3220              	.LBI704:
  68:../../libDaisy//src/per/gpio.h ****         : pin(), mode(Mode::INPUT), pull(Pull::NOPULL), speed(Speed::LOW)
 3221              		.loc 12 68 9 view .LVU990
 3222              	.LBB705:
 3223              	.LBB706:
 3224              	.LBB707:
 3225              	.LBI707:
 3226              		.loc 13 204 15 view .LVU991
 3227              		.loc 13 204 15 is_stmt 0 view .LVU992
 3228              	.LBE707:
 3229              	.LBE706:
 3230              	.LBE705:
 3231              	.LBE704:
 3232              	.LBE703:
 3233              	.LBE702:
 3234              	.LBE701:
 3235              	.LBE700:
 3236              	.LBB720:
 3237              	.LBI720:
  33:../../libDaisy//src/hid/switch.h ****     ~Switch() {}
 3238              		.loc 9 33 5 is_stmt 1 view .LVU993
 3239              	.LBB721:
 3240              	.LBB722:
 3241              	.LBI722:
ARM GAS  C:\Users\isaia\AppData\Local\Temp\ccT6fYmT.s 			page 110


 3242              		.loc 12 74 5 view .LVU994
 3243              	.LBB723:
 3244              	.LBB724:
 3245              	.LBI724:
  68:../../libDaisy//src/per/gpio.h ****         : pin(), mode(Mode::INPUT), pull(Pull::NOPULL), speed(Speed::LOW)
 3246              		.loc 12 68 9 view .LVU995
 3247              	.LBB725:
 3248              	.LBB726:
 3249              	.LBB727:
 3250              	.LBI727:
 3251              		.loc 13 204 15 view .LVU996
 3252              		.loc 13 204 15 is_stmt 0 view .LVU997
 3253              	.LBE727:
 3254              	.LBE726:
 3255              	.LBE725:
 3256              	.LBE724:
 3257              	.LBE723:
 3258              	.LBE722:
 3259              	.LBE721:
 3260              	.LBE720:
 3261              	.LBB740:
 3262              	.LBI740:
  33:../../libDaisy//src/hid/switch.h ****     ~Switch() {}
 3263              		.loc 9 33 5 is_stmt 1 view .LVU998
 3264              	.LBB741:
 3265              	.LBB742:
 3266              	.LBI742:
 3267              		.loc 12 74 5 view .LVU999
 3268              	.LBB743:
 3269              	.LBB744:
 3270              	.LBI744:
  68:../../libDaisy//src/per/gpio.h ****         : pin(), mode(Mode::INPUT), pull(Pull::NOPULL), speed(Speed::LOW)
 3271              		.loc 12 68 9 view .LVU1000
 3272              	.LBB745:
 3273              	.LBB746:
 3274              	.LBB747:
 3275              	.LBI747:
 3276              		.loc 13 204 15 view .LVU1001
 3277              		.loc 13 204 15 is_stmt 0 view .LVU1002
 3278              	.LBE747:
 3279              	.LBE746:
 3280              	.LBE745:
 3281              	.LBE744:
 3282              	.LBE743:
 3283              	.LBE742:
 3284              	.LBE741:
 3285              	.LBE740:
 3286              	.LBB760:
 3287              	.LBI760:
  33:../../libDaisy//src/hid/switch.h ****     ~Switch() {}
 3288              		.loc 9 33 5 is_stmt 1 view .LVU1003
 3289              	.LBB761:
 3290              	.LBB762:
 3291              	.LBI762:
 3292              		.loc 12 74 5 view .LVU1004
 3293              	.LBB763:
 3294              	.LBB764:
ARM GAS  C:\Users\isaia\AppData\Local\Temp\ccT6fYmT.s 			page 111


 3295              	.LBI764:
  68:../../libDaisy//src/per/gpio.h ****         : pin(), mode(Mode::INPUT), pull(Pull::NOPULL), speed(Speed::LOW)
 3296              		.loc 12 68 9 view .LVU1005
 3297              	.LBB765:
 3298              	.LBB766:
 3299              	.LBB767:
 3300              	.LBI767:
 3301              		.loc 13 204 15 view .LVU1006
 3302              		.loc 13 204 15 is_stmt 0 view .LVU1007
 3303              	.LBE767:
 3304              	.LBE766:
 3305              	.LBE765:
 3306              	.LBE764:
 3307              	.LBE763:
 3308              	.LBE762:
 3309              	.LBE761:
 3310              	.LBE760:
 3311              	.LBB780:
 3312              	.LBI780:
  64:../../libDaisy//src/daisy_patch_sm.h ****         ~DaisyPatchSM() {}
 3313              		.loc 2 64 9 is_stmt 1 view .LVU1008
 3314              	.LBB781:
 3315              	.LBB782:
 3316              	.LBI782:
  96:../../libDaisy//src/sys/system.h ****     ~System() {}
 3317              		.loc 8 96 5 view .LVU1009
  96:../../libDaisy//src/sys/system.h ****     ~System() {}
 3318              		.loc 8 96 5 is_stmt 0 view .LVU1010
 3319              	.LBE782:
 3320              	.LBB783:
 3321              	.LBI783:
 3322              		.file 14 "../../libDaisy//src/per/qspi.h"
   1:../../libDaisy//src/per/qspi.h **** #ifndef DSY_QSPI
   2:../../libDaisy//src/per/qspi.h **** #define DSY_QSPI /**< Macro */
   3:../../libDaisy//src/per/qspi.h **** 
   4:../../libDaisy//src/per/qspi.h **** #ifndef UNIT_TEST // for unit tests, a dummy implementation
   5:../../libDaisy//src/per/qspi.h **** 
   6:../../libDaisy//src/per/qspi.h **** #include <cstdint>
   7:../../libDaisy//src/per/qspi.h **** #include "daisy_core.h"
   8:../../libDaisy//src/per/qspi.h **** #include "util/hal_map.h"
   9:../../libDaisy//src/per/qspi.h **** 
  10:../../libDaisy//src/per/qspi.h **** #define DSY_QSPI_TEXT       \
  11:../../libDaisy//src/per/qspi.h ****     __attribute__((section( \
  12:../../libDaisy//src/per/qspi.h ****         ".qspiflash_text"))) /**< used for reading memory in memory_mapped mode. */
  13:../../libDaisy//src/per/qspi.h **** #define DSY_QSPI_DATA       \
  14:../../libDaisy//src/per/qspi.h ****     __attribute__((section( \
  15:../../libDaisy//src/per/qspi.h ****         ".qspiflash_data"))) /**< used for reading memory in memory_mapped mode. */
  16:../../libDaisy//src/per/qspi.h **** #define DSY_QSPI_BSS        \
  17:../../libDaisy//src/per/qspi.h ****     __attribute__((section( \
  18:../../libDaisy//src/per/qspi.h ****         ".qspiflash_bss"))) /**< used for reading memory in memory_mapped mode. */
  19:../../libDaisy//src/per/qspi.h **** 
  20:../../libDaisy//src/per/qspi.h **** namespace daisy
  21:../../libDaisy//src/per/qspi.h **** {
  22:../../libDaisy//src/per/qspi.h **** /** @addtogroup serial
  23:../../libDaisy//src/per/qspi.h **** @{
  24:../../libDaisy//src/per/qspi.h **** */
  25:../../libDaisy//src/per/qspi.h **** 
ARM GAS  C:\Users\isaia\AppData\Local\Temp\ccT6fYmT.s 			page 112


  26:../../libDaisy//src/per/qspi.h **** /**
  27:../../libDaisy//src/per/qspi.h ****  Driver for QSPI peripheral to interface with external flash memory. \n
  28:../../libDaisy//src/per/qspi.h ****     Currently supported QSPI Devices: \n
  29:../../libDaisy//src/per/qspi.h ****     * IS25LP080D
  30:../../libDaisy//src/per/qspi.h **** */
  31:../../libDaisy//src/per/qspi.h **** class QSPIHandle
  32:../../libDaisy//src/per/qspi.h **** {
  33:../../libDaisy//src/per/qspi.h ****   public:
  34:../../libDaisy//src/per/qspi.h ****     enum Result
  35:../../libDaisy//src/per/qspi.h ****     {
  36:../../libDaisy//src/per/qspi.h ****         OK = 0,
  37:../../libDaisy//src/per/qspi.h ****         ERR
  38:../../libDaisy//src/per/qspi.h ****     };
  39:../../libDaisy//src/per/qspi.h **** 
  40:../../libDaisy//src/per/qspi.h ****     /** Indicates the current status of the module.
  41:../../libDaisy//src/per/qspi.h ****          *  Warnings are indicated by a leading W.
  42:../../libDaisy//src/per/qspi.h ****          *  Errors are indicated by a leading E and cause an immediate exit.
  43:../../libDaisy//src/per/qspi.h ****          *
  44:../../libDaisy//src/per/qspi.h ****          *  \param GOOD - No errors have been reported.
  45:../../libDaisy//src/per/qspi.h ****          *  \param E_HAL_ERROR - HAL code did not return HAL_OK.
  46:../../libDaisy//src/per/qspi.h ****          *  \param E_SWITCHING_MODES - An error was encountered while switching QSPI peripheral mod
  47:../../libDaisy//src/per/qspi.h ****          *  \param E_INVALID_MODE - QSPI should not be written to while the program is executing fr
  48:../../libDaisy//src/per/qspi.h ****          */
  49:../../libDaisy//src/per/qspi.h ****     enum Status
  50:../../libDaisy//src/per/qspi.h ****     {
  51:../../libDaisy//src/per/qspi.h ****         GOOD = 0,
  52:../../libDaisy//src/per/qspi.h ****         E_HAL_ERROR,
  53:../../libDaisy//src/per/qspi.h ****         E_SWITCHING_MODES,
  54:../../libDaisy//src/per/qspi.h ****         E_INVALID_MODE,
  55:../../libDaisy//src/per/qspi.h ****     };
  56:../../libDaisy//src/per/qspi.h **** 
  57:../../libDaisy//src/per/qspi.h ****     /** Configuration structure for interfacing with QSPI Driver */
  58:../../libDaisy//src/per/qspi.h ****     struct Config
  59:../../libDaisy//src/per/qspi.h ****     {
  60:../../libDaisy//src/per/qspi.h ****         /** Flash Devices supported. (Both of these are more-or-less the same, just different sizes
  61:../../libDaisy//src/per/qspi.h ****         enum Device
  62:../../libDaisy//src/per/qspi.h ****         {
  63:../../libDaisy//src/per/qspi.h ****             IS25LP080D,  /**< & */
  64:../../libDaisy//src/per/qspi.h ****             IS25LP064A,  /**< & */
  65:../../libDaisy//src/per/qspi.h ****             DEVICE_LAST, /**< & */
  66:../../libDaisy//src/per/qspi.h ****         };
  67:../../libDaisy//src/per/qspi.h **** 
  68:../../libDaisy//src/per/qspi.h ****         /**
  69:../../libDaisy//src/per/qspi.h ****         Modes of operation.
  70:../../libDaisy//src/per/qspi.h ****         Memory Mapped mode: QSPI configured so that the QSPI can be
  71:../../libDaisy//src/per/qspi.h ****         read from starting address 0x90000000. Writing is not
  72:../../libDaisy//src/per/qspi.h ****         possible in this mode. \n
  73:../../libDaisy//src/per/qspi.h ****         Indirect Polling mode: Device driver enabled.
  74:../../libDaisy//src/per/qspi.h ****         */
  75:../../libDaisy//src/per/qspi.h ****         enum Mode
  76:../../libDaisy//src/per/qspi.h ****         {
  77:../../libDaisy//src/per/qspi.h ****             MEMORY_MAPPED,    /**< & */
  78:../../libDaisy//src/per/qspi.h ****             INDIRECT_POLLING, /**< & */
  79:../../libDaisy//src/per/qspi.h ****             MODE_LAST,
  80:../../libDaisy//src/per/qspi.h ****         };
  81:../../libDaisy//src/per/qspi.h **** 
  82:../../libDaisy//src/per/qspi.h ****         //SCK,  CE# (active low)
ARM GAS  C:\Users\isaia\AppData\Local\Temp\ccT6fYmT.s 			page 113


  83:../../libDaisy//src/per/qspi.h ****         struct
  84:../../libDaisy//src/per/qspi.h ****         {
  85:../../libDaisy//src/per/qspi.h ****             Pin io0; /**< & */
  86:../../libDaisy//src/per/qspi.h ****             Pin io1; /**< & */
  87:../../libDaisy//src/per/qspi.h ****             Pin io2; /**< & */
  88:../../libDaisy//src/per/qspi.h ****             Pin io3; /**< & */
  89:../../libDaisy//src/per/qspi.h ****             Pin clk; /**< & */
  90:../../libDaisy//src/per/qspi.h ****             Pin ncs; /**< & */
  91:../../libDaisy//src/per/qspi.h ****         } pin_config;
  92:../../libDaisy//src/per/qspi.h **** 
  93:../../libDaisy//src/per/qspi.h ****         Device device;
  94:../../libDaisy//src/per/qspi.h ****         Mode   mode;
  95:../../libDaisy//src/per/qspi.h ****     };
  96:../../libDaisy//src/per/qspi.h **** 
  97:../../libDaisy//src/per/qspi.h ****     /**
  98:../../libDaisy//src/per/qspi.h ****         Initializes QSPI peripheral, and Resets, and prepares memory for access.
  99:../../libDaisy//src/per/qspi.h ****         \param config should be populated with the mode, device and pin_config before calling this 
 100:../../libDaisy//src/per/qspi.h ****         \return Result::OK or Result::ERR
 101:../../libDaisy//src/per/qspi.h ****         */
 102:../../libDaisy//src/per/qspi.h ****     Result Init(const Config& config);
 103:../../libDaisy//src/per/qspi.h **** 
 104:../../libDaisy//src/per/qspi.h ****     /** Returns the current config. */
 105:../../libDaisy//src/per/qspi.h ****     const Config& GetConfig() const;
 106:../../libDaisy//src/per/qspi.h **** 
 107:../../libDaisy//src/per/qspi.h ****     // Couldn't this just be called before anything else in init? That
 108:../../libDaisy//src/per/qspi.h ****     // would make manually calling it unnecessary.
 109:../../libDaisy//src/per/qspi.h ****     /**
 110:../../libDaisy//src/per/qspi.h ****         Deinitializes the peripheral
 111:../../libDaisy//src/per/qspi.h ****         This should be called before reinitializing QSPI in a different mode.
 112:../../libDaisy//src/per/qspi.h ****         \return Result::OK or Result::ERR
 113:../../libDaisy//src/per/qspi.h ****         */
 114:../../libDaisy//src/per/qspi.h ****     Result DeInit();
 115:../../libDaisy//src/per/qspi.h **** 
 116:../../libDaisy//src/per/qspi.h ****     /**
 117:../../libDaisy//src/per/qspi.h ****         Writes a single page to to the specified address on the QSPI chip.
 118:../../libDaisy//src/per/qspi.h ****         For IS25LP*, page size is 256 bytes.
 119:../../libDaisy//src/per/qspi.h ****         \param address Address to write to
 120:../../libDaisy//src/per/qspi.h ****         \param size Buffer size
 121:../../libDaisy//src/per/qspi.h ****         \param buffer Buffer to write
 122:../../libDaisy//src/per/qspi.h ****         \return Result::OK or Result::ERR
 123:../../libDaisy//src/per/qspi.h ****         */
 124:../../libDaisy//src/per/qspi.h ****     Result WritePage(uint32_t address, uint32_t size, uint8_t* buffer);
 125:../../libDaisy//src/per/qspi.h **** 
 126:../../libDaisy//src/per/qspi.h ****     /**
 127:../../libDaisy//src/per/qspi.h ****         Writes data in buffer to to the QSPI. Starting at address to address+size
 128:../../libDaisy//src/per/qspi.h ****         \param address Address to write to
 129:../../libDaisy//src/per/qspi.h ****         \param size Buffer size
 130:../../libDaisy//src/per/qspi.h ****         \param buffer Buffer to write
 131:../../libDaisy//src/per/qspi.h ****         \return Result::OK or Result::ERR
 132:../../libDaisy//src/per/qspi.h ****         */
 133:../../libDaisy//src/per/qspi.h ****     Result Write(uint32_t address, uint32_t size, uint8_t* buffer);
 134:../../libDaisy//src/per/qspi.h **** 
 135:../../libDaisy//src/per/qspi.h ****     /**
 136:../../libDaisy//src/per/qspi.h ****         Erases the area specified on the chip.
 137:../../libDaisy//src/per/qspi.h ****         Erasures will happen by 4K, 32K or 64K increments.
 138:../../libDaisy//src/per/qspi.h ****         Smallest erase possible is 4kB at a time. (on IS25LP*)
 139:../../libDaisy//src/per/qspi.h ****         \param start_addr Address to begin erasing from
ARM GAS  C:\Users\isaia\AppData\Local\Temp\ccT6fYmT.s 			page 114


 140:../../libDaisy//src/per/qspi.h ****         \param end_addr  Address to stop erasing at
 141:../../libDaisy//src/per/qspi.h ****         \return Result::OK or Result::ERR
 142:../../libDaisy//src/per/qspi.h ****         */
 143:../../libDaisy//src/per/qspi.h ****     Result Erase(uint32_t start_addr, uint32_t end_addr);
 144:../../libDaisy//src/per/qspi.h **** 
 145:../../libDaisy//src/per/qspi.h ****     /**
 146:../../libDaisy//src/per/qspi.h ****          Erases a single sector of the chip.
 147:../../libDaisy//src/per/qspi.h ****         TODO: Document the size of this function.
 148:../../libDaisy//src/per/qspi.h ****         \param address Address of sector to erase
 149:../../libDaisy//src/per/qspi.h ****         \return Result::OK or Result::ERR
 150:../../libDaisy//src/per/qspi.h ****         */
 151:../../libDaisy//src/per/qspi.h ****     Result EraseSector(uint32_t address);
 152:../../libDaisy//src/per/qspi.h **** 
 153:../../libDaisy//src/per/qspi.h ****     /** Returns the current class status. Useful for debugging.
 154:../../libDaisy//src/per/qspi.h ****      *  \returns Status
 155:../../libDaisy//src/per/qspi.h ****      */
 156:../../libDaisy//src/per/qspi.h ****     Status GetStatus();
 157:../../libDaisy//src/per/qspi.h **** 
 158:../../libDaisy//src/per/qspi.h ****     /** Returns a pointer to the actual memory used
 159:../../libDaisy//src/per/qspi.h ****      *  The memory at this address is read-only
 160:../../libDaisy//src/per/qspi.h ****      *  to write to it use the Write function.
 161:../../libDaisy//src/per/qspi.h ****      *
 162:../../libDaisy//src/per/qspi.h ****      *  \param offset returns the pointer starting this
 163:../../libDaisy//src/per/qspi.h ****      *                many bytes into the memory
 164:../../libDaisy//src/per/qspi.h ****     */
 165:../../libDaisy//src/per/qspi.h ****     void* GetData(uint32_t offset = 0);
 166:../../libDaisy//src/per/qspi.h **** 
 167:../../libDaisy//src/per/qspi.h ****     QSPIHandle() : pimpl_(nullptr) {}
 3323              		.loc 14 167 5 is_stmt 1 view .LVU1011
 3324              		.loc 14 167 5 is_stmt 0 view .LVU1012
 3325              	.LBE783:
 3326              	.LBB784:
 3327              	.LBI784:
  87:../../libDaisy//src/hid/audio.h ****     ~AudioHandle() {}
 3328              		.loc 7 87 5 is_stmt 1 view .LVU1013
  87:../../libDaisy//src/hid/audio.h ****     ~AudioHandle() {}
 3329              		.loc 7 87 5 is_stmt 0 view .LVU1014
 3330              	.LBE784:
 3331              	.LBB787:
 3332              	.LBI787:
 109:../../libDaisy//src/per/adc.h ****     ~AdcHandle() {}
 3333              		.loc 6 109 5 is_stmt 1 view .LVU1015
 109:../../libDaisy//src/per/adc.h ****     ~AdcHandle() {}
 3334              		.loc 6 109 5 is_stmt 0 view .LVU1016
 3335              	.LBE787:
 3336              	.LBB788:
 3337              	.LBI788:
  40:../../libDaisy//src/hid/usb.h **** 
 3338              		.loc 5 40 5 is_stmt 1 view .LVU1017
  40:../../libDaisy//src/hid/usb.h **** 
 3339              		.loc 5 40 5 is_stmt 0 view .LVU1018
 3340              	.LBE788:
 3341              	.LBB789:
 3342              	.LBI789:
  28:../../libDaisy//src/dev/codec_pcm3060.h ****     ~Pcm3060() {}
 3343              		.loc 4 28 5 is_stmt 1 view .LVU1019
 3344              	.LBB790:
ARM GAS  C:\Users\isaia\AppData\Local\Temp\ccT6fYmT.s 			page 115


 3345              	.LBB791:
 3346              	.LBI791:
 3347              		.file 15 "../../libDaisy//src/per/i2c.h"
   1:../../libDaisy//src/per/i2c.h **** #pragma once
   2:../../libDaisy//src/per/i2c.h **** #include "util/hal_map.h"
   3:../../libDaisy//src/per/i2c.h **** #include "daisy_core.h"
   4:../../libDaisy//src/per/i2c.h **** 
   5:../../libDaisy//src/per/i2c.h **** namespace daisy
   6:../../libDaisy//src/per/i2c.h **** {
   7:../../libDaisy//src/per/i2c.h **** /** A handle for interacting with an I2C peripheral. This is a dumb
   8:../../libDaisy//src/per/i2c.h ****  *  gateway that internally points to one of the four I2C peripherals
   9:../../libDaisy//src/per/i2c.h ****  *  after it was initialised. It can then be copied and passed around.
  10:../../libDaisy//src/per/i2c.h ****  *  Use an I2CHandle like this:
  11:../../libDaisy//src/per/i2c.h ****  *  
  12:../../libDaisy//src/per/i2c.h ****  *      // setup the configuration
  13:../../libDaisy//src/per/i2c.h ****  *      I2CHandle::Config i2c_conf;
  14:../../libDaisy//src/per/i2c.h ****  *      i2c_conf.periph = I2CHandle::Config::Peripheral::I2C_1;
  15:../../libDaisy//src/per/i2c.h ****  *      i2c_conf.speed  = I2CHandle::Config::Speed::I2C_400KHZ;
  16:../../libDaisy//src/per/i2c.h ****  *      i2c_conf.mode   = I2CHandle::Config::Mode::Master;
  17:../../libDaisy//src/per/i2c.h ****  *      i2c_conf.pin_config.scl  = {DSY_GPIOB, 8};
  18:../../libDaisy//src/per/i2c.h ****  *      i2c_conf.pin_config.sda  = {DSY_GPIOB, 9};
  19:../../libDaisy//src/per/i2c.h ****  *      // initialise the peripheral
  20:../../libDaisy//src/per/i2c.h ****  *      I2CHandle i2c;
  21:../../libDaisy//src/per/i2c.h ****  *      i2c.Init(i2c_conf);
  22:../../libDaisy//src/per/i2c.h ****  *      // now i2c points to the corresponding peripheral and can be used.
  23:../../libDaisy//src/per/i2c.h ****  *      i2c.TransmitBlocking( ... );
  24:../../libDaisy//src/per/i2c.h ****  */
  25:../../libDaisy//src/per/i2c.h **** class I2CHandle
  26:../../libDaisy//src/per/i2c.h **** {
  27:../../libDaisy//src/per/i2c.h ****   public:
  28:../../libDaisy//src/per/i2c.h ****     /** Contains settings for initialising an I2C interface. */
  29:../../libDaisy//src/per/i2c.h ****     struct Config
  30:../../libDaisy//src/per/i2c.h ****     {
  31:../../libDaisy//src/per/i2c.h ****         /** Specifies whether the interface will operate in master or slave mode. */
  32:../../libDaisy//src/per/i2c.h ****         enum class Mode
  33:../../libDaisy//src/per/i2c.h ****         {
  34:../../libDaisy//src/per/i2c.h ****             I2C_MASTER,
  35:../../libDaisy//src/per/i2c.h ****             I2C_SLAVE,
  36:../../libDaisy//src/per/i2c.h ****         };
  37:../../libDaisy//src/per/i2c.h **** 
  38:../../libDaisy//src/per/i2c.h ****         /** Specifices the internal peripheral to use (these are mapped to different pins on the ha
  39:../../libDaisy//src/per/i2c.h ****         enum class Peripheral
  40:../../libDaisy//src/per/i2c.h ****         {
  41:../../libDaisy//src/per/i2c.h ****             I2C_1 = 0, /**< & */
  42:../../libDaisy//src/per/i2c.h ****             I2C_2,     /**< & */
  43:../../libDaisy//src/per/i2c.h ****             I2C_3,     /**< & */
  44:../../libDaisy//src/per/i2c.h ****             I2C_4,     /**< & */
  45:../../libDaisy//src/per/i2c.h ****         };
  46:../../libDaisy//src/per/i2c.h **** 
  47:../../libDaisy//src/per/i2c.h ****         /** Rate at which the clock/data will be sent/received. The device being used will have max
  48:../../libDaisy//src/per/i2c.h ****          *  1MHZ Mode is currently 886kHz
  49:../../libDaisy//src/per/i2c.h ****          */
  50:../../libDaisy//src/per/i2c.h ****         enum class Speed
  51:../../libDaisy//src/per/i2c.h ****         {
  52:../../libDaisy//src/per/i2c.h ****             I2C_100KHZ, /**< & */
  53:../../libDaisy//src/per/i2c.h ****             I2C_400KHZ, /**< & */
  54:../../libDaisy//src/per/i2c.h ****             I2C_1MHZ,   /**< & */
ARM GAS  C:\Users\isaia\AppData\Local\Temp\ccT6fYmT.s 			page 116


  55:../../libDaisy//src/per/i2c.h ****         };
  56:../../libDaisy//src/per/i2c.h **** 
  57:../../libDaisy//src/per/i2c.h ****         Peripheral periph; /**< & */
  58:../../libDaisy//src/per/i2c.h ****         struct
  59:../../libDaisy//src/per/i2c.h ****         {
  60:../../libDaisy//src/per/i2c.h ****             Pin scl;  /**< & */
  61:../../libDaisy//src/per/i2c.h ****             Pin sda;  /**< & */
  62:../../libDaisy//src/per/i2c.h ****         } pin_config; /**< & */
  63:../../libDaisy//src/per/i2c.h **** 
  64:../../libDaisy//src/per/i2c.h ****         Speed speed; /**< & */
  65:../../libDaisy//src/per/i2c.h ****         Mode  mode;  /**< & */
  66:../../libDaisy//src/per/i2c.h ****         // 0x10 is chosen as a default to avoid conflicts with reserved addresses
  67:../../libDaisy//src/per/i2c.h ****         uint8_t address = 0x10; /**< & */
  68:../../libDaisy//src/per/i2c.h ****     };
  69:../../libDaisy//src/per/i2c.h **** 
  70:../../libDaisy//src/per/i2c.h ****     /** Return values for I2C functions. */
  71:../../libDaisy//src/per/i2c.h ****     enum class Result
  72:../../libDaisy//src/per/i2c.h ****     {
  73:../../libDaisy//src/per/i2c.h ****         OK, /**< & */
  74:../../libDaisy//src/per/i2c.h ****         ERR /**< & */
  75:../../libDaisy//src/per/i2c.h ****     };
  76:../../libDaisy//src/per/i2c.h **** 
  77:../../libDaisy//src/per/i2c.h ****     enum class Direction
  78:../../libDaisy//src/per/i2c.h ****     {
  79:../../libDaisy//src/per/i2c.h ****         TRANSMIT, /**< & */
  80:../../libDaisy//src/per/i2c.h ****         RECEIVE,  /**< & */
  81:../../libDaisy//src/per/i2c.h ****     };
  82:../../libDaisy//src/per/i2c.h **** 
  83:../../libDaisy//src/per/i2c.h ****     I2CHandle() : pimpl_(nullptr) {}
 3348              		.loc 15 83 5 view .LVU1020
 3349              		.loc 15 83 5 is_stmt 0 view .LVU1021
 3350              	.LBE791:
 3351              	.LBE790:
 3352              	.LBE789:
 3353              	.LBB796:
 3354              	.LBI796:
 3355              		.file 16 "../../libDaisy//src/per/dac.h"
   1:../../libDaisy//src/per/dac.h **** #pragma once
   2:../../libDaisy//src/per/dac.h **** #ifndef DSY_DAC_H
   3:../../libDaisy//src/per/dac.h **** #define DSY_DAC_H
   4:../../libDaisy//src/per/dac.h **** #include "stm32h7xx_hal.h"
   5:../../libDaisy//src/per/dac.h **** #include "daisy_core.h"
   6:../../libDaisy//src/per/dac.h **** 
   7:../../libDaisy//src/per/dac.h **** namespace daisy
   8:../../libDaisy//src/per/dac.h **** {
   9:../../libDaisy//src/per/dac.h **** /** @brief DAC handle for Built-in DAC Peripheral 
  10:../../libDaisy//src/per/dac.h ****  *  @ingroup per_analog
  11:../../libDaisy//src/per/dac.h ****  ** 
  12:../../libDaisy//src/per/dac.h ****  ** For now only Normal Mode is supported,
  13:../../libDaisy//src/per/dac.h ****  ** Sample and hold mode provides reduced power consumption, but requires a bit more setup.
  14:../../libDaisy//src/per/dac.h ****  **
  15:../../libDaisy//src/per/dac.h ****  ** For now connecting the DAC through other internal peripherals is also not supported.
  16:../../libDaisy//src/per/dac.h ****  **
  17:../../libDaisy//src/per/dac.h ****  ** Since the DAC channels have dedicated pins we don't need to pass in a pin config like with
  18:../../libDaisy//src/per/dac.h ****  ** other modules. However, it is still important to not try to use the DAC pins for anything else.
  19:../../libDaisy//src/per/dac.h ****  ** DAC Channel 1 is on PA4, and DAC Channel 2 is on PA5
  20:../../libDaisy//src/per/dac.h ****  ***/
ARM GAS  C:\Users\isaia\AppData\Local\Temp\ccT6fYmT.s 			page 117


  21:../../libDaisy//src/per/dac.h **** class DacHandle
  22:../../libDaisy//src/per/dac.h **** {
  23:../../libDaisy//src/per/dac.h ****   public:
  24:../../libDaisy//src/per/dac.h ****     /** Return Values for the DacHandle class */
  25:../../libDaisy//src/per/dac.h ****     enum class Result
  26:../../libDaisy//src/per/dac.h ****     {
  27:../../libDaisy//src/per/dac.h ****         OK,
  28:../../libDaisy//src/per/dac.h ****         ERR,
  29:../../libDaisy//src/per/dac.h ****     };
  30:../../libDaisy//src/per/dac.h **** 
  31:../../libDaisy//src/per/dac.h ****     /** Selects which channel(s) will be configured for use. */
  32:../../libDaisy//src/per/dac.h ****     enum class Channel
  33:../../libDaisy//src/per/dac.h ****     {
  34:../../libDaisy//src/per/dac.h ****         ONE,
  35:../../libDaisy//src/per/dac.h ****         TWO,
  36:../../libDaisy//src/per/dac.h ****         BOTH,
  37:../../libDaisy//src/per/dac.h ****     };
  38:../../libDaisy//src/per/dac.h **** 
  39:../../libDaisy//src/per/dac.h ****     /** Sets the Mode for the DAC channels.
  40:../../libDaisy//src/per/dac.h ****      **
  41:../../libDaisy//src/per/dac.h ****      ** Polling mode uses the blocking mode to transmit a single value at a time.
  42:../../libDaisy//src/per/dac.h ****      **
  43:../../libDaisy//src/per/dac.h ****      ** DMA mode uses a buffer, and periodically transmits it triggering a 
  44:../../libDaisy//src/per/dac.h ****      ** callback to fill the buffer when it is ready for more samples.
  45:../../libDaisy//src/per/dac.h ****      ***/
  46:../../libDaisy//src/per/dac.h ****     enum class Mode
  47:../../libDaisy//src/per/dac.h ****     {
  48:../../libDaisy//src/per/dac.h ****         POLLING,
  49:../../libDaisy//src/per/dac.h ****         DMA,
  50:../../libDaisy//src/per/dac.h ****     };
  51:../../libDaisy//src/per/dac.h **** 
  52:../../libDaisy//src/per/dac.h ****     /** Sets the number of bits per sample transmitted out of the DAC.
  53:../../libDaisy//src/per/dac.h ****      ** The output range will be: 0V - VDDA
  54:../../libDaisy//src/per/dac.h ****      ** The resolution will be roughly: bitdepth / (VDDA - 0V) 
  55:../../libDaisy//src/per/dac.h ****      ***/
  56:../../libDaisy//src/per/dac.h ****     enum class BitDepth
  57:../../libDaisy//src/per/dac.h ****     {
  58:../../libDaisy//src/per/dac.h ****         BITS_8,
  59:../../libDaisy//src/per/dac.h ****         BITS_12
  60:../../libDaisy//src/per/dac.h ****     };
  61:../../libDaisy//src/per/dac.h **** 
  62:../../libDaisy//src/per/dac.h ****     /** Sets whether the DAC output is buffered for higher drive ability. */
  63:../../libDaisy//src/per/dac.h ****     enum class BufferState
  64:../../libDaisy//src/per/dac.h ****     {
  65:../../libDaisy//src/per/dac.h ****         ENABLED,
  66:../../libDaisy//src/per/dac.h ****         DISABLED,
  67:../../libDaisy//src/per/dac.h ****     };
  68:../../libDaisy//src/per/dac.h **** 
  69:../../libDaisy//src/per/dac.h ****     /** Configuration structure for initializing the DAC structure. */
  70:../../libDaisy//src/per/dac.h ****     struct Config
  71:../../libDaisy//src/per/dac.h ****     {
  72:../../libDaisy//src/per/dac.h ****         /** Target Samplerate in Hz used to configure the internal 
  73:../../libDaisy//src/per/dac.h ****          ** timebase for DMA mode. Does nothing in POLLING mode.
  74:../../libDaisy//src/per/dac.h ****          ** If the value is 0 at Init time this will default to 48000Hz 
  75:../../libDaisy//src/per/dac.h ****          ** otherwise the driver will attempt meet the target.*/
  76:../../libDaisy//src/per/dac.h ****         uint32_t target_samplerate;
  77:../../libDaisy//src/per/dac.h **** 
ARM GAS  C:\Users\isaia\AppData\Local\Temp\ccT6fYmT.s 			page 118


  78:../../libDaisy//src/per/dac.h ****         Channel     chn;
  79:../../libDaisy//src/per/dac.h ****         Mode        mode;
  80:../../libDaisy//src/per/dac.h ****         BitDepth    bitdepth;
  81:../../libDaisy//src/per/dac.h ****         BufferState buff_state;
  82:../../libDaisy//src/per/dac.h ****     };
  83:../../libDaisy//src/per/dac.h **** 
  84:../../libDaisy//src/per/dac.h ****     DacHandle() : pimpl_(nullptr) {}
 3356              		.loc 16 84 5 is_stmt 1 view .LVU1022
 3357              	.LBE796:
 3358              	.LBE781:
 3359              	.LBE780:
 3360              	.LBB893:
 3361              	.LBB682:
 3362              		.loc 12 74 12 is_stmt 0 view .LVU1023
 3363 0000 1F48     		ldr	r0, .L215
 3364              	.LBB680:
 3365              	.LBB678:
 3366              	.LBB676:
  69:../../libDaisy//src/per/gpio.h ****         {
 3367              		.loc 12 69 73 view .LVU1024
 3368 0002 0023     		movs	r3, #0
 3369              	.LBE676:
 3370              	.LBE678:
 3371              	.LBE680:
 3372              	.LBE682:
 3373              	.LBE893:
 3374              	.LBE669:
1016:PhysPlateReverb.cpp **** ModalPlateReverb reverb;     // our physical modeling reverb
 3375              		.loc 10 1016 18 view .LVU1025
 3376 0004 1F4A     		ldr	r2, .L215+4
 3377 0006 2049     		ldr	r1, .L215+8
 3378              	.LBE668:
 3379              	.LBE667:
 3380              		.loc 10 1206 1 view .LVU1026
 3381 0008 10B4     		push	{r4}
 3382              		.cfi_def_cfa_offset 4
 3383              		.cfi_offset 4, -4
 3384              	.LBB918:
 3385              	.LBB915:
 3386              	.LBB912:
 3387              	.LBB894:
 3388              	.LBB683:
 3389              		.loc 12 74 12 view .LVU1027
 3390 000a 4FF60B74 		movw	r4, #65291
 3391              	.LBE683:
 3392              	.LBE894:
 3393              	.LBB895:
 3394              	.LBB888:
 3395              	.LBB797:
 3396              	.LBB795:
 3397              	.LBB794:
 3398              	.LBB792:
 3399              	.LBB793:
 3400              		.loc 15 83 33 view .LVU1028
 3401 000e C0F8D830 		str	r3, [r0, #216]
 3402              	.LVL224:
 3403              		.loc 15 83 33 view .LVU1029
ARM GAS  C:\Users\isaia\AppData\Local\Temp\ccT6fYmT.s 			page 119


 3404              	.LBE793:
 3405              	.LBE792:
 3406              	.LBE794:
 3407              	.LBE795:
 3408              	.LBE797:
 3409              	.LBB798:
 3410              	.LBI798:
 3411              		.loc 12 74 5 is_stmt 1 view .LVU1030
 3412              	.LBB799:
 3413              	.LBB800:
 3414              	.LBI800:
  68:../../libDaisy//src/per/gpio.h ****         : pin(), mode(Mode::INPUT), pull(Pull::NOPULL), speed(Speed::LOW)
 3415              		.loc 12 68 9 view .LVU1031
 3416              	.LBB801:
 3417              	.LBB802:
 3418              	.LBB803:
 3419              	.LBI803:
 3420              		.loc 13 204 15 view .LVU1032
 3421              		.loc 13 204 15 is_stmt 0 view .LVU1033
 3422              	.LBE803:
 3423              	.LBE802:
 3424              	.LBE801:
 3425              	.LBE800:
 3426              	.LBE799:
 3427              	.LBE798:
 3428              	.LBE888:
 3429              	.LBE895:
 3430              	.LBB896:
 3431              	.LBB684:
 3432              		.loc 12 74 12 view .LVU1034
 3433 0012 C0E90043 		strd	r4, r3, [r0]
 3434              	.LBE684:
 3435              	.LBE896:
 3436              	.LBB897:
 3437              	.LBB698:
 3438              	.LBB696:
 3439              	.LBB694:
 3440              	.LBB692:
  69:../../libDaisy//src/per/gpio.h ****         {
 3441              		.loc 12 69 73 view .LVU1035
 3442 0016 C0E90543 		strd	r4, r3, [r0, #20]
 3443              	.LBE692:
 3444              	.LBE694:
 3445              	.LBE696:
 3446              	.LBE698:
 3447              	.LBE897:
 3448              	.LBB898:
 3449              	.LBB718:
 3450              	.LBB716:
 3451              	.LBB714:
 3452              	.LBB712:
 3453              	.LBB710:
 3454              	.LBB708:
 3455 001a C0E90C43 		strd	r4, r3, [r0, #48]
 3456              	.LBE708:
 3457              	.LBE710:
 3458              	.LBE712:
ARM GAS  C:\Users\isaia\AppData\Local\Temp\ccT6fYmT.s 			page 120


 3459              	.LBE714:
 3460              	.LBE716:
 3461              	.LBE718:
 3462              	.LBE898:
 3463              	.LBB899:
 3464              	.LBB738:
 3465              	.LBB736:
 3466              	.LBB734:
 3467              	.LBB732:
 3468              	.LBB730:
 3469              	.LBB728:
 3470 001e C0E91543 		strd	r4, r3, [r0, #84]
 3471              	.LBE728:
 3472              	.LBE730:
 3473              	.LBE732:
 3474              	.LBE734:
 3475              	.LBE736:
 3476              	.LBE738:
 3477              	.LBE899:
 3478              	.LBB900:
 3479              	.LBB758:
 3480              	.LBB756:
 3481              	.LBB754:
 3482              	.LBB752:
 3483              	.LBB750:
 3484              	.LBB748:
 3485 0022 C0E91E43 		strd	r4, r3, [r0, #120]
 3486              	.LBE748:
 3487              	.LBE750:
 3488              	.LBE752:
 3489              	.LBE754:
 3490              	.LBE756:
 3491              	.LBE758:
 3492              	.LBE900:
 3493              	.LBB901:
 3494              	.LBB778:
 3495              	.LBB776:
 3496              	.LBB774:
 3497              	.LBB772:
 3498              	.LBB770:
 3499              	.LBB768:
 3500 0026 C0E92743 		strd	r4, r3, [r0, #156]
 3501              	.LBE768:
 3502              	.LBE770:
 3503              	.LBE772:
 3504              	.LBE774:
 3505              	.LBE776:
 3506              	.LBE778:
 3507              	.LBE901:
 3508              	.LBB902:
 3509              	.LBB889:
 3510              	.LBB809:
 3511              	.LBB807:
 3512              		.loc 12 74 12 view .LVU1036
 3513 002a C0E93834 		strd	r3, r4, [r0, #224]
 3514              	.LBE807:
 3515              	.LBE809:
ARM GAS  C:\Users\isaia\AppData\Local\Temp\ccT6fYmT.s 			page 121


 3516              	.LBE889:
 3517              	.LBE902:
 3518              	.LBB903:
 3519              	.LBB685:
 3520              	.LBB681:
 3521              	.LBB679:
 3522              	.LBB677:
  69:../../libDaisy//src/per/gpio.h ****         {
 3523              		.loc 12 69 73 view .LVU1037
 3524 002e C0E90233 		strd	r3, r3, [r0, #8]
 3525              	.LBE677:
 3526              	.LBE679:
 3527              	.LBE681:
 3528              	.LBE685:
 3529              	.LBE903:
 3530              	.LBB904:
 3531              	.LBB699:
 3532              	.LBB697:
 3533              	.LBB695:
 3534              	.LBB693:
 3535 0032 C0E90733 		strd	r3, r3, [r0, #28]
 3536              	.LBE693:
 3537              	.LBE695:
 3538              	.LBE697:
 3539              	.LBE699:
 3540              	.LBE904:
 3541              	.LBB905:
 3542              	.LBB719:
 3543              	.LBB717:
 3544              	.LBB715:
 3545              	.LBB713:
 3546              	.LBB711:
 3547              	.LBB709:
 3548 0036 C0E90E33 		strd	r3, r3, [r0, #56]
 3549              	.LBE709:
 3550              	.LBE711:
 3551              	.LBE713:
 3552              	.LBE715:
 3553              	.LBE717:
 3554              	.LBE719:
 3555              	.LBE905:
 3556              	.LBB906:
 3557              	.LBB739:
 3558              	.LBB737:
 3559              	.LBB735:
 3560              	.LBB733:
 3561              	.LBB731:
 3562              	.LBB729:
 3563 003a C0E91733 		strd	r3, r3, [r0, #92]
 3564              	.LBE729:
 3565              	.LBE731:
 3566              	.LBE733:
 3567              	.LBE735:
 3568              	.LBE737:
 3569              	.LBE739:
 3570              	.LBE906:
 3571              	.LBB907:
ARM GAS  C:\Users\isaia\AppData\Local\Temp\ccT6fYmT.s 			page 122


 3572              	.LBB759:
 3573              	.LBB757:
 3574              	.LBB755:
 3575              	.LBB753:
 3576              	.LBB751:
 3577              	.LBB749:
 3578 003e C0E92033 		strd	r3, r3, [r0, #128]
 3579              	.LBE749:
 3580              	.LBE751:
 3581              	.LBE753:
 3582              	.LBE755:
 3583              	.LBE757:
 3584              	.LBE759:
 3585              	.LBE907:
 3586              	.LBB908:
 3587              	.LBB779:
 3588              	.LBB777:
 3589              	.LBB775:
 3590              	.LBB773:
 3591              	.LBB771:
 3592              	.LBB769:
 3593 0042 C0E92933 		strd	r3, r3, [r0, #164]
 3594              	.LBE769:
 3595              	.LBE771:
 3596              	.LBE773:
 3597              	.LBE775:
 3598              	.LBE777:
 3599              	.LBE779:
 3600              	.LBE908:
 3601              	.LBB909:
 3602              	.LBB890:
 3603              	.LBB810:
 3604              	.LBB785:
 3605              	.LBB786:
  87:../../libDaisy//src/hid/audio.h ****     ~AudioHandle() {}
 3606              		.loc 7 87 35 view .LVU1038
 3607 0046 C0E93133 		strd	r3, r3, [r0, #196]
 3608              	.LBE786:
 3609              	.LBE785:
 3610              	.LBE810:
 3611              	.LBB811:
 3612              	.LBB808:
 3613              	.LBB806:
 3614              	.LBB805:
 3615              	.LBB804:
  69:../../libDaisy//src/per/gpio.h ****         {
 3616              		.loc 12 69 73 view .LVU1039
 3617 004a C0E93A33 		strd	r3, r3, [r0, #232]
 3618 004e C0F8F030 		str	r3, [r0, #240]
 3619              	.LVL225:
  69:../../libDaisy//src/per/gpio.h ****         {
 3620              		.loc 12 69 73 view .LVU1040
 3621              	.LBE804:
 3622              	.LBE805:
 3623              	.LBE806:
 3624              	.LBE808:
 3625              	.LBE811:
ARM GAS  C:\Users\isaia\AppData\Local\Temp\ccT6fYmT.s 			page 123


 3626              	.LBE890:
 3627              	.LBE909:
 3628              	.LBE912:
 3629              	.LBE915:
 3630              	.LBE918:
  64:../../libDaisy//src/daisy_patch_sm.h ****         ~DaisyPatchSM() {}
 3631              		.loc 2 64 24 is_stmt 1 view .LVU1041
 3632              	.LBB919:
 3633              	.LBB916:
 3634              	.LBB913:
 3635              	.LBB910:
 3636              	.LBB891:
 3637              	.LBB812:
 3638              	.LBI812:
  18:../../libDaisy//src/hid/gatein.h **** 
 3639              		.loc 3 18 5 view .LVU1042
 3640              	.LBB813:
 3641              	.LBB814:
 3642              	.LBI814:
 3643              		.loc 12 74 5 view .LVU1043
 3644              	.LBB815:
 3645              	.LBB816:
 3646              	.LBI816:
  68:../../libDaisy//src/per/gpio.h ****         : pin(), mode(Mode::INPUT), pull(Pull::NOPULL), speed(Speed::LOW)
 3647              		.loc 12 68 9 view .LVU1044
 3648              	.LBB817:
 3649              	.LBB818:
 3650              	.LBB819:
 3651              	.LBI819:
 3652              		.loc 13 204 15 view .LVU1045
 3653              		.loc 13 204 15 is_stmt 0 view .LVU1046
 3654              	.LBE819:
 3655              	.LBE818:
 3656              	.LBE817:
 3657              	.LBE816:
 3658              	.LBE815:
 3659              	.LBE814:
 3660              	.LBE813:
 3661              	.LBE812:
 3662              	.LBB832:
 3663              	.LBB833:
 3664              	.LBB834:
 3665              	.LBB835:
 3666              	.LBB836:
 3667              	.LBB837:
 3668              	.LBB838:
 3669              		.loc 13 204 21 view .LVU1047
 3670 0052 A0F8BC42 		strh	r4, [r0, #700]	@ movhi
 3671              	.LBE838:
 3672              	.LBE837:
  69:../../libDaisy//src/per/gpio.h ****         {
 3673              		.loc 12 69 73 view .LVU1048
 3674 0056 C0F8C832 		str	r3, [r0, #712]
 3675              	.LBE836:
 3676              	.LBE835:
 3677              	.LBE834:
 3678              	.LBE833:
ARM GAS  C:\Users\isaia\AppData\Local\Temp\ccT6fYmT.s 			page 124


 3679              	.LBE832:
 3680              	.LBB846:
 3681              	.LBB830:
 3682              	.LBB828:
 3683              	.LBB826:
 3684              	.LBB824:
 3685              	.LBB822:
 3686              	.LBB820:
 3687 005a C0E99E43 		strd	r4, r3, [r0, #632]
 3688              	.LBE820:
 3689              	.LBE822:
 3690              	.LBE824:
 3691              	.LBE826:
 3692              	.LBE828:
 3693              	.LBE830:
 3694              	.LBE846:
 3695              	.LBB847:
 3696              	.LBB848:
 3697              	.LBB849:
 3698              	.LBB850:
 3699              	.LBB851:
 3700              	.LBB852:
 3701              	.LBB853:
 3702 005e C0E9A443 		strd	r4, r3, [r0, #656]
 3703              	.LBE853:
 3704              	.LBE852:
 3705              	.LBE851:
 3706              	.LBE850:
 3707              	.LBE849:
 3708              	.LBE848:
 3709              	.LBE847:
 3710              	.LBB867:
 3711              	.LBB868:
 3712              	.LBB869:
 3713              	.LBB870:
 3714              	.LBB871:
 3715 0062 C0E9AA43 		strd	r4, r3, [r0, #680]
 3716              	.LBE871:
 3717              	.LBE870:
 3718              	.LBE869:
 3719              	.LBE868:
 3720              	.LBE867:
 3721              	.LBB881:
 3722              	.LBB831:
 3723              	.LBB829:
 3724              	.LBB827:
 3725              	.LBB825:
 3726              	.LBB823:
 3727              	.LBB821:
 3728 0066 C0E9A033 		strd	r3, r3, [r0, #640]
 3729              	.LVL226:
  69:../../libDaisy//src/per/gpio.h ****         {
 3730              		.loc 12 69 73 view .LVU1049
 3731              	.LBE821:
 3732              	.LBE823:
 3733              	.LBE825:
 3734              	.LBE827:
ARM GAS  C:\Users\isaia\AppData\Local\Temp\ccT6fYmT.s 			page 125


 3735              	.LBE829:
 3736              	.LBE831:
 3737              	.LBE881:
 3738              	.LBB882:
 3739              	.LBI847:
  18:../../libDaisy//src/hid/gatein.h **** 
 3740              		.loc 3 18 5 is_stmt 1 view .LVU1050
 3741              	.LBB865:
 3742              	.LBB863:
 3743              	.LBI849:
 3744              		.loc 12 74 5 view .LVU1051
 3745              	.LBB861:
 3746              	.LBB859:
 3747              	.LBI851:
  68:../../libDaisy//src/per/gpio.h ****         : pin(), mode(Mode::INPUT), pull(Pull::NOPULL), speed(Speed::LOW)
 3748              		.loc 12 68 9 view .LVU1052
 3749              	.LBB857:
 3750              	.LBB855:
 3751              	.LBB854:
 3752              	.LBI854:
 3753              		.loc 13 204 15 view .LVU1053
 3754              		.loc 13 204 15 is_stmt 0 view .LVU1054
 3755              	.LBE854:
 3756              	.LBE855:
 3757              	.LBE857:
 3758              	.LBE859:
 3759              	.LBE861:
 3760              	.LBE863:
 3761              	.LBE865:
 3762              	.LBE882:
 3763              	.LBE891:
 3764              	.LBE910:
 3765              	.LBE913:
 3766              	.LBE916:
 3767              	.LBE919:
 3768              		.loc 10 1206 1 view .LVU1055
 3769 006a 5DF8044B 		ldr	r4, [sp], #4
 3770              		.cfi_restore 4
 3771              		.cfi_def_cfa_offset 0
 3772              	.LBB920:
 3773              	.LBB917:
 3774              	.LBB914:
 3775              	.LBB911:
 3776              	.LBB892:
 3777              	.LBB883:
 3778              	.LBB866:
 3779              	.LBB864:
 3780              	.LBB862:
 3781              	.LBB860:
 3782              	.LBB858:
 3783              	.LBB856:
  69:../../libDaisy//src/per/gpio.h ****         {
 3784              		.loc 12 69 73 view .LVU1056
 3785 006e C0E9A633 		strd	r3, r3, [r0, #664]
 3786              	.LVL227:
  69:../../libDaisy//src/per/gpio.h ****         {
 3787              		.loc 12 69 73 view .LVU1057
ARM GAS  C:\Users\isaia\AppData\Local\Temp\ccT6fYmT.s 			page 126


 3788              	.LBE856:
 3789              	.LBE858:
 3790              	.LBE860:
 3791              	.LBE862:
 3792              	.LBE864:
 3793              	.LBE866:
 3794              	.LBE883:
 3795              	.LBB884:
 3796              	.LBI867:
 3797              		.loc 12 74 5 is_stmt 1 view .LVU1058
 3798              	.LBB879:
 3799              	.LBB877:
 3800              	.LBI869:
  68:../../libDaisy//src/per/gpio.h ****         : pin(), mode(Mode::INPUT), pull(Pull::NOPULL), speed(Speed::LOW)
 3801              		.loc 12 68 9 view .LVU1059
 3802              	.LBB875:
 3803              	.LBB873:
 3804              	.LBB872:
 3805              	.LBI872:
 3806              		.loc 13 204 15 view .LVU1060
 3807              		.loc 13 204 15 is_stmt 0 view .LVU1061
 3808              	.LBE872:
 3809              	.LBE873:
 3810              	.LBE875:
 3811              	.LBE877:
 3812              	.LBE879:
 3813              	.LBE884:
 3814              	.LBB885:
 3815              	.LBI832:
 3816              		.loc 12 74 5 is_stmt 1 view .LVU1062
 3817              	.LBB844:
 3818              	.LBB842:
 3819              	.LBI834:
  68:../../libDaisy//src/per/gpio.h ****         : pin(), mode(Mode::INPUT), pull(Pull::NOPULL), speed(Speed::LOW)
 3820              		.loc 12 68 9 view .LVU1063
 3821              	.LBE842:
 3822              	.LBE844:
 3823              	.LBE885:
 3824              	.LBB886:
 3825              	.LBB880:
 3826              	.LBB878:
 3827              	.LBB876:
 3828              	.LBB874:
  69:../../libDaisy//src/per/gpio.h ****         {
 3829              		.loc 12 69 73 is_stmt 0 view .LVU1064
 3830 0072 C0E9AC33 		strd	r3, r3, [r0, #688]
 3831              	.LVL228:
  69:../../libDaisy//src/per/gpio.h ****         {
 3832              		.loc 12 69 73 view .LVU1065
 3833              	.LBE874:
 3834              	.LBE876:
 3835              	.LBE878:
 3836              	.LBE880:
 3837              	.LBE886:
 3838              	.LBB887:
 3839              	.LBB845:
 3840              	.LBB843:
ARM GAS  C:\Users\isaia\AppData\Local\Temp\ccT6fYmT.s 			page 127


 3841              	.LBB841:
 3842              	.LBB840:
 3843              	.LBB839:
 3844              	.LBI837:
 3845              		.loc 13 204 15 is_stmt 1 view .LVU1066
 3846              		.loc 13 204 15 is_stmt 0 view .LVU1067
 3847              	.LBE839:
  69:../../libDaisy//src/per/gpio.h ****         {
 3848              		.loc 12 69 73 view .LVU1068
 3849 0076 C0E9B033 		strd	r3, r3, [r0, #704]
 3850              	.LBE840:
 3851              	.LBE841:
 3852              	.LBE843:
 3853              	.LBE845:
 3854              	.LBE887:
 3855              	.LBE892:
 3856              	.LBE911:
 3857              	.LBE914:
1016:PhysPlateReverb.cpp **** ModalPlateReverb reverb;     // our physical modeling reverb
 3858              		.loc 10 1016 18 view .LVU1069
 3859 007a FFF7FEBF 		b	__aeabi_atexit
 3860              	.LVL229:
 3861              	.L216:
 3862 007e 00BF     		.align	2
 3863              	.L215:
 3864 0080 00000000 		.word	.LANCHOR0
 3865 0084 00000000 		.word	__dso_handle
 3866 0088 00000000 		.word	_ZN9anachrome7planterD1Ev
 3867              	.LBE917:
 3868              	.LBE920:
 3869              		.cfi_endproc
 3870              	.LFE5086:
 3872              		.section	.init_array,"aw",%init_array
 3873              		.align	2
 3874 0000 00000000 		.word	_GLOBAL__sub_I__ZN16ModalPlateReverb4InitEf(target1)
 3875              		.global	reverb
 3876              		.global	euro
 3877              		.section	.bss._ZL10send_hpf_a,"aw",%nobits
 3878              		.align	2
 3879              		.set	.LANCHOR15,. + 0
 3882              	_ZL10send_hpf_a:
 3883 0000 00000000 		.space	4
 3884              		.section	.bss._ZL22last_control_update_ms,"aw",%nobits
 3885              		.align	2
 3886              		.set	.LANCHOR1,. + 0
 3889              	_ZL22last_control_update_ms:
 3890 0000 00000000 		.space	4
 3891              		.section	.bss._ZL6wet_x1,"aw",%nobits
 3892              		.align	2
 3893              		.set	.LANCHOR21,. + 0
 3896              	_ZL6wet_x1:
 3897 0000 00000000 		.space	4
 3898              		.section	.bss._ZL6wet_y1,"aw",%nobits
 3899              		.align	2
 3900              		.set	.LANCHOR20,. + 0
 3903              	_ZL6wet_y1:
 3904 0000 00000000 		.space	4
ARM GAS  C:\Users\isaia\AppData\Local\Temp\ccT6fYmT.s 			page 128


 3905              		.section	.bss._ZL7send_x1,"aw",%nobits
 3906              		.align	2
 3907              		.set	.LANCHOR19,. + 0
 3910              	_ZL7send_x1:
 3911 0000 00000000 		.space	4
 3912              		.section	.bss._ZL7send_y1,"aw",%nobits
 3913              		.align	2
 3914              		.set	.LANCHOR18,. + 0
 3917              	_ZL7send_y1:
 3918 0000 00000000 		.space	4
 3919              		.section	.bss._ZL9wet_hpf_a,"aw",%nobits
 3920              		.align	2
 3921              		.set	.LANCHOR22,. + 0
 3924              	_ZL9wet_hpf_a:
 3925 0000 00000000 		.space	4
 3926              		.section	.bss.euro,"aw",%nobits
 3927              		.align	2
 3928              		.set	.LANCHOR0,. + 0
 3931              	euro:
 3932 0000 00000000 		.space	728
 3932      00000000 
 3932      00000000 
 3932      00000000 
 3932      00000000 
 3933              		.section	.bss.reverb,"aw",%nobits
 3934              		.align	2
 3937              	reverb:
 3938 0000 00000000 		.space	17632
 3938      00000000 
 3938      00000000 
 3938      00000000 
 3938      00000000 
 3939              		.section	.data._ZL10t60_low_sm,"aw"
 3940              		.align	2
 3941              		.set	.LANCHOR8,. + 0
 3944              	_ZL10t60_low_sm:
 3945 0000 00000040 		.word	1073741824
 3946              		.section	.data._ZL10wet_mix_sm,"aw"
 3947              		.align	2
 3948              		.set	.LANCHOR12,. + 0
 3951              	_ZL10wet_mix_sm:
 3952 0000 CDCCCC3D 		.word	1036831949
 3953              		.section	.data._ZL11t60_high_sm,"aw"
 3954              		.align	2
 3955              		.set	.LANCHOR9,. + 0
 3958              	_ZL11t60_high_sm:
 3959 0000 0000003F 		.word	1056964608
 3960              		.section	.data._ZL11wet_send_sm,"aw"
 3961              		.align	2
 3962              		.set	.LANCHOR11,. + 0
 3965              	_ZL11wet_send_sm:
 3966 0000 0AD7A33C 		.word	1017370378
 3967              		.section	.data._ZL12prev_t60_low,"aw"
 3968              		.align	2
 3969              		.set	.LANCHOR16,. + 0
 3972              	_ZL12prev_t60_low:
 3973 0000 000080BF 		.word	-1082130432
ARM GAS  C:\Users\isaia\AppData\Local\Temp\ccT6fYmT.s 			page 129


 3974              		.section	.data._ZL13prev_t60_high,"aw"
 3975              		.align	2
 3976              		.set	.LANCHOR17,. + 0
 3979              	_ZL13prev_t60_high:
 3980 0000 000080BF 		.word	-1082130432
 3981              		.section	.data._ZL14send_hpf_hz_sm,"aw"
 3982              		.align	2
 3983              		.set	.LANCHOR13,. + 0
 3986              	_ZL14send_hpf_hz_sm:
 3987 0000 00002042 		.word	1109393408
 3988              		.section	.data._ZL15dry_target_hold,"aw"
 3989              		.align	2
 3990              		.set	.LANCHOR5,. + 0
 3993              	_ZL15dry_target_hold:
 3994 0000 0000003F 		.word	1056964608
 3995              		.section	.data._ZL19t60_low_target_hold,"aw"
 3996              		.align	2
 3997              		.set	.LANCHOR3,. + 0
 4000              	_ZL19t60_low_target_hold:
 4001 0000 00000040 		.word	1073741824
 4002              		.section	.data._ZL19wet_mix_target_hold,"aw"
 4003              		.align	2
 4004              		.set	.LANCHOR7,. + 0
 4007              	_ZL19wet_mix_target_hold:
 4008 0000 CDCCCC3D 		.word	1036831949
 4009              		.section	.data._ZL20send_hpf_target_hold,"aw"
 4010              		.align	2
 4011              		.set	.LANCHOR2,. + 0
 4014              	_ZL20send_hpf_target_hold:
 4015 0000 00002042 		.word	1109393408
 4016              		.section	.data._ZL20t60_high_target_hold,"aw"
 4017              		.align	2
 4018              		.set	.LANCHOR4,. + 0
 4021              	_ZL20t60_high_target_hold:
 4022 0000 0000003F 		.word	1056964608
 4023              		.section	.data._ZL20wet_send_target_hold,"aw"
 4024              		.align	2
 4025              		.set	.LANCHOR6,. + 0
 4028              	_ZL20wet_send_target_hold:
 4029 0000 0AD7A33C 		.word	1017370378
 4030              		.section	.data._ZL6dry_sm,"aw"
 4031              		.align	2
 4032              		.set	.LANCHOR10,. + 0
 4035              	_ZL6dry_sm:
 4036 0000 0000003F 		.word	1056964608
 4037              		.section	.data._ZL9sample_dt,"aw"
 4038              		.align	2
 4039              		.set	.LANCHOR14,. + 0
 4042              	_ZL9sample_dt:
 4043 0000 3EC3AE37 		.word	934200126
 4044              		.section	.sdram_bss,"aw"
 4045              		.align	2
 4048              	_ZL10raw_active:
 4049 0000 00000000 		.space	48000
 4049      00000000 
 4049      00000000 
 4049      00000000 
ARM GAS  C:\Users\isaia\AppData\Local\Temp\ccT6fYmT.s 			page 130


 4049      00000000 
 4052              	_ZL11raw_phi_o_r:
 4053 bb80 00000000 		.space	48000
 4053      00000000 
 4053      00000000 
 4053      00000000 
 4053      00000000 
 4056              	_ZL11raw_phi_o_l:
 4057 17700 00000000 		.space	48000
 4057      00000000 
 4057      00000000 
 4057      00000000 
 4057      00000000 
 4060              	_ZL9raw_phi_i:
 4061 23280 00000000 		.space	48000
 4061      00000000 
 4061      00000000 
 4061      00000000 
 4061      00000000 
 4064              	_ZL9raw_sigma:
 4065 2ee00 00000000 		.space	48000
 4065      00000000 
 4065      00000000 
 4065      00000000 
 4065      00000000 
 4068              	_ZL11raw_beta_sq:
 4069 3a980 00000000 		.space	48000
 4069      00000000 
 4069      00000000 
 4069      00000000 
 4069      00000000 
 4072              	_ZL9raw_omega:
 4073 46500 00000000 		.space	48000
 4073      00000000 
 4073      00000000 
 4073      00000000 
 4073      00000000 
 4074              		.text
 4075              	.Letext0:
 4076              		.file 17 "c:\\program files\\daisytoolchain\\arm-none-eabi\\include\\machine\\_default_types.h"
 4077              		.file 18 "c:\\program files\\daisytoolchain\\arm-none-eabi\\include\\sys\\_stdint.h"
 4078              		.file 19 "c:\\program files\\daisytoolchain\\arm-none-eabi\\include\\stdint.h"
 4079              		.file 20 "c:\\program files\\daisytoolchain\\lib\\gcc\\arm-none-eabi\\10.2.1\\include\\stddef.h"
 4080              		.file 21 "c:\\program files\\daisytoolchain\\arm-none-eabi\\include\\c++\\10.2.1\\cmath"
 4081              		.file 22 "c:\\program files\\daisytoolchain\\arm-none-eabi\\include\\c++\\10.2.1\\bits\\std_abs.h"
 4082              		.file 23 "c:\\program files\\daisytoolchain\\arm-none-eabi\\include\\c++\\10.2.1\\cstdlib"
 4083              		.file 24 "c:\\program files\\daisytoolchain\\arm-none-eabi\\include\\c++\\10.2.1\\cstdint"
 4084              		.file 25 "c:\\program files\\daisytoolchain\\arm-none-eabi\\include\\c++\\10.2.1\\type_traits"
 4085              		.file 26 "c:\\program files\\daisytoolchain\\arm-none-eabi\\include\\c++\\10.2.1\\debug\\debug.h"
 4086              		.file 27 "c:\\program files\\daisytoolchain\\arm-none-eabi\\include\\c++\\10.2.1\\arm-none-eabi\\t
 4087              		.file 28 "c:\\program files\\daisytoolchain\\arm-none-eabi\\include\\c++\\10.2.1\\bits\\algorithmf
 4088              		.file 29 "c:\\program files\\daisytoolchain\\arm-none-eabi\\include\\c++\\10.2.1\\bits\\stl_pair.h
 4089              		.file 30 "c:\\program files\\daisytoolchain\\arm-none-eabi\\include\\c++\\10.2.1\\bits\\exception_
 4090              		.file 31 "c:\\program files\\daisytoolchain\\arm-none-eabi\\include\\c++\\10.2.1\\cstdarg"
 4091              		.file 32 "c:\\program files\\daisytoolchain\\arm-none-eabi\\include\\c++\\10.2.1\\cstdio"
 4092              		.file 33 "c:\\program files\\daisytoolchain\\arm-none-eabi\\include\\c++\\10.2.1\\cstring"
 4093              		.file 34 "c:\\program files\\daisytoolchain\\arm-none-eabi\\include\\c++\\10.2.1\\cstddef"
ARM GAS  C:\Users\isaia\AppData\Local\Temp\ccT6fYmT.s 			page 131


 4094              		.file 35 "c:\\program files\\daisytoolchain\\arm-none-eabi\\include\\c++\\10.2.1\\cwchar"
 4095              		.file 36 "c:\\program files\\daisytoolchain\\arm-none-eabi\\include\\c++\\10.2.1\\clocale"
 4096              		.file 37 "c:\\program files\\daisytoolchain\\arm-none-eabi\\include\\c++\\10.2.1\\bits\\basic_stri
 4097              		.file 38 "c:\\program files\\daisytoolchain\\arm-none-eabi\\include\\c++\\10.2.1\\bits\\stl_tempbu
 4098              		.file 39 "c:\\program files\\daisytoolchain\\arm-none-eabi\\include\\c++\\10.2.1\\bits\\predefined
 4099              		.file 40 "c:\\program files\\daisytoolchain\\arm-none-eabi\\include\\sys\\_types.h"
 4100              		.file 41 "c:\\program files\\daisytoolchain\\arm-none-eabi\\include\\sys\\reent.h"
 4101              		.file 42 "c:\\program files\\daisytoolchain\\arm-none-eabi\\include\\sys\\lock.h"
 4102              		.file 43 "c:\\program files\\daisytoolchain\\arm-none-eabi\\include\\math.h"
 4103              		.file 44 "c:\\program files\\daisytoolchain\\arm-none-eabi\\include\\stdlib.h"
 4104              		.file 45 "c:\\program files\\daisytoolchain\\arm-none-eabi\\include\\c++\\10.2.1\\math.h"
 4105              		.file 46 "c:\\program files\\daisytoolchain\\arm-none-eabi\\include\\c++\\10.2.1\\stdlib.h"
 4106              		.file 47 "../../libDaisy//src/per/tim.h"
 4107              		.file 48 "../../libDaisy//src/per/sai.h"
 4108              		.file 49 "../../libDaisy//src/hid/ctrl.h"
 4109              		.file 50 "../../libDaisy//src/dev/max11300.h"
 4110              		.file 51 "../../libDaisy//src/dev/sr_595.h"
 4111              		.file 52 "../../libDaisy//src/util/wav_format.h"
 4112              		.file 53 "../../libDaisy//src/dev/sdram.h"
 4113              		.file 54 "c:\\program files\\daisytoolchain\\lib\\gcc\\arm-none-eabi\\10.2.1\\include\\stdarg.h"
 4114              		.file 55 "c:\\program files\\daisytoolchain\\arm-none-eabi\\include\\stdio.h"
 4115              		.file 56 "c:\\program files\\daisytoolchain\\arm-none-eabi\\include\\string.h"
 4116              		.file 57 "../../libDaisy//Middlewares/Third_Party/FatFs/src/integer.h"
 4117              		.file 58 "../../libDaisy//Middlewares/Third_Party/FatFs/src/ff.h"
 4118              		.file 59 "../../DaisySP/DaisySP-LGPL//Source/Control/line.h"
 4119              		.file 60 "c:\\program files\\daisytoolchain\\arm-none-eabi\\include\\wchar.h"
 4120              		.file 61 "c:\\program files\\daisytoolchain\\arm-none-eabi\\include\\locale.h"
 4121              		.file 62 "../../Planter/planter_cal.h"
 4122              		.file 63 "<built-in>"
ARM GAS  C:\Users\isaia\AppData\Local\Temp\ccT6fYmT.s 			page 132


DEFINED SYMBOLS
                            *ABS*:00000000 PhysPlateReverb.cpp
C:\Users\isaia\AppData\Local\Temp\ccT6fYmT.s:17     .text._ZN9anachrome7planterD2Ev:00000000 $t
C:\Users\isaia\AppData\Local\Temp\ccT6fYmT.s:26     .text._ZN9anachrome7planterD2Ev:00000000 _ZN9anachrome7planterD2Ev
C:\Users\isaia\AppData\Local\Temp\ccT6fYmT.s:26     .text._ZN9anachrome7planterD2Ev:00000000 _ZN9anachrome7planterD1Ev
C:\Users\isaia\AppData\Local\Temp\ccT6fYmT.s:110    .text._ZN9anachrome7planter4InitEv:00000000 $t
C:\Users\isaia\AppData\Local\Temp\ccT6fYmT.s:118    .text._ZN9anachrome7planter4InitEv:00000000 _ZN9anachrome7planter4InitEv
C:\Users\isaia\AppData\Local\Temp\ccT6fYmT.s:240    .text._ZN9anachrome7planter4InitEv:000000b4 $d
C:\Users\isaia\AppData\Local\Temp\ccT6fYmT.s:250    .text._ZN16ModalPlateReverb11UpdateDecayEff:00000000 $t
C:\Users\isaia\AppData\Local\Temp\ccT6fYmT.s:258    .text._ZN16ModalPlateReverb11UpdateDecayEff:00000000 _ZN16ModalPlateReverb11UpdateDecayEff
C:\Users\isaia\AppData\Local\Temp\ccT6fYmT.s:460    .text._ZN16ModalPlateReverb11UpdateDecayEff:00000134 $d
C:\Users\isaia\AppData\Local\Temp\ccT6fYmT.s:470    .text._ZN16ModalPlateReverb4InitEf:00000000 $t
C:\Users\isaia\AppData\Local\Temp\ccT6fYmT.s:478    .text._ZN16ModalPlateReverb4InitEf:00000000 _ZN16ModalPlateReverb4InitEf
C:\Users\isaia\AppData\Local\Temp\ccT6fYmT.s:1059   .text._ZN16ModalPlateReverb4InitEf:00000324 $d
C:\Users\isaia\AppData\Local\Temp\ccT6fYmT.s:4072   .sdram_bss:00046500 _ZL9raw_omega
C:\Users\isaia\AppData\Local\Temp\ccT6fYmT.s:4068   .sdram_bss:0003a980 _ZL11raw_beta_sq
C:\Users\isaia\AppData\Local\Temp\ccT6fYmT.s:4060   .sdram_bss:00023280 _ZL9raw_phi_i
C:\Users\isaia\AppData\Local\Temp\ccT6fYmT.s:4056   .sdram_bss:00017700 _ZL11raw_phi_o_l
C:\Users\isaia\AppData\Local\Temp\ccT6fYmT.s:4052   .sdram_bss:0000bb80 _ZL11raw_phi_o_r
C:\Users\isaia\AppData\Local\Temp\ccT6fYmT.s:4064   .sdram_bss:0002ee00 _ZL9raw_sigma
C:\Users\isaia\AppData\Local\Temp\ccT6fYmT.s:4048   .sdram_bss:00000000 _ZL10raw_active
C:\Users\isaia\AppData\Local\Temp\ccT6fYmT.s:1088   .text._ZN16ModalPlateReverb4InitEf:00000384 $t
C:\Users\isaia\AppData\Local\Temp\ccT6fYmT.s:1730   .text._ZN16ModalPlateReverb4InitEf:000006ec $d
C:\Users\isaia\AppData\Local\Temp\ccT6fYmT.s:1741   .text._ZN16ModalPlateReverb13ProcessStereoEfPfS0_:00000000 $t
C:\Users\isaia\AppData\Local\Temp\ccT6fYmT.s:1749   .text._ZN16ModalPlateReverb13ProcessStereoEfPfS0_:00000000 _ZN16ModalPlateReverb13ProcessStereoEfPfS0_
C:\Users\isaia\AppData\Local\Temp\ccT6fYmT.s:1902   .text._ZN16ModalPlateReverb13ProcessStereoEfPfS0_:000000d0 $d
C:\Users\isaia\AppData\Local\Temp\ccT6fYmT.s:1910   .text._ZN16ModalPlateReverb11ProcessMonoEfPf:00000000 $t
C:\Users\isaia\AppData\Local\Temp\ccT6fYmT.s:1918   .text._ZN16ModalPlateReverb11ProcessMonoEfPf:00000000 _ZN16ModalPlateReverb11ProcessMonoEfPf
C:\Users\isaia\AppData\Local\Temp\ccT6fYmT.s:2039   .text._ZN16ModalPlateReverb11ProcessMonoEfPf:00000098 $d
C:\Users\isaia\AppData\Local\Temp\ccT6fYmT.s:2047   .text._Z13AudioCallbackPKPKfPPfj:00000000 $t
C:\Users\isaia\AppData\Local\Temp\ccT6fYmT.s:2055   .text._Z13AudioCallbackPKPKfPPfj:00000000 _Z13AudioCallbackPKPKfPPfj
C:\Users\isaia\AppData\Local\Temp\ccT6fYmT.s:2976   .text._Z13AudioCallbackPKPKfPPfj:00000368 $d
C:\Users\isaia\AppData\Local\Temp\ccT6fYmT.s:3937   .bss.reverb:00000000 reverb
C:\Users\isaia\AppData\Local\Temp\ccT6fYmT.s:3019   .text.startup.main:00000000 $t
C:\Users\isaia\AppData\Local\Temp\ccT6fYmT.s:3027   .text.startup.main:00000000 main
C:\Users\isaia\AppData\Local\Temp\ccT6fYmT.s:3133   .text.startup.main:00000084 $d
C:\Users\isaia\AppData\Local\Temp\ccT6fYmT.s:3149   .text.startup._GLOBAL__sub_I__ZN16ModalPlateReverb4InitEf:00000000 $t
C:\Users\isaia\AppData\Local\Temp\ccT6fYmT.s:3156   .text.startup._GLOBAL__sub_I__ZN16ModalPlateReverb4InitEf:00000000 _GLOBAL__sub_I__ZN16ModalPlateReverb4InitEf
C:\Users\isaia\AppData\Local\Temp\ccT6fYmT.s:3864   .text.startup._GLOBAL__sub_I__ZN16ModalPlateReverb4InitEf:00000080 $d
C:\Users\isaia\AppData\Local\Temp\ccT6fYmT.s:3873   .init_array:00000000 $d
C:\Users\isaia\AppData\Local\Temp\ccT6fYmT.s:3931   .bss.euro:00000000 euro
C:\Users\isaia\AppData\Local\Temp\ccT6fYmT.s:3878   .bss._ZL10send_hpf_a:00000000 $d
C:\Users\isaia\AppData\Local\Temp\ccT6fYmT.s:3882   .bss._ZL10send_hpf_a:00000000 _ZL10send_hpf_a
C:\Users\isaia\AppData\Local\Temp\ccT6fYmT.s:3885   .bss._ZL22last_control_update_ms:00000000 $d
C:\Users\isaia\AppData\Local\Temp\ccT6fYmT.s:3889   .bss._ZL22last_control_update_ms:00000000 _ZL22last_control_update_ms
C:\Users\isaia\AppData\Local\Temp\ccT6fYmT.s:3892   .bss._ZL6wet_x1:00000000 $d
C:\Users\isaia\AppData\Local\Temp\ccT6fYmT.s:3896   .bss._ZL6wet_x1:00000000 _ZL6wet_x1
C:\Users\isaia\AppData\Local\Temp\ccT6fYmT.s:3899   .bss._ZL6wet_y1:00000000 $d
C:\Users\isaia\AppData\Local\Temp\ccT6fYmT.s:3903   .bss._ZL6wet_y1:00000000 _ZL6wet_y1
C:\Users\isaia\AppData\Local\Temp\ccT6fYmT.s:3906   .bss._ZL7send_x1:00000000 $d
C:\Users\isaia\AppData\Local\Temp\ccT6fYmT.s:3910   .bss._ZL7send_x1:00000000 _ZL7send_x1
C:\Users\isaia\AppData\Local\Temp\ccT6fYmT.s:3913   .bss._ZL7send_y1:00000000 $d
C:\Users\isaia\AppData\Local\Temp\ccT6fYmT.s:3917   .bss._ZL7send_y1:00000000 _ZL7send_y1
C:\Users\isaia\AppData\Local\Temp\ccT6fYmT.s:3920   .bss._ZL9wet_hpf_a:00000000 $d
C:\Users\isaia\AppData\Local\Temp\ccT6fYmT.s:3924   .bss._ZL9wet_hpf_a:00000000 _ZL9wet_hpf_a
C:\Users\isaia\AppData\Local\Temp\ccT6fYmT.s:3927   .bss.euro:00000000 $d
C:\Users\isaia\AppData\Local\Temp\ccT6fYmT.s:3934   .bss.reverb:00000000 $d
ARM GAS  C:\Users\isaia\AppData\Local\Temp\ccT6fYmT.s 			page 133


C:\Users\isaia\AppData\Local\Temp\ccT6fYmT.s:3940   .data._ZL10t60_low_sm:00000000 $d
C:\Users\isaia\AppData\Local\Temp\ccT6fYmT.s:3944   .data._ZL10t60_low_sm:00000000 _ZL10t60_low_sm
C:\Users\isaia\AppData\Local\Temp\ccT6fYmT.s:3947   .data._ZL10wet_mix_sm:00000000 $d
C:\Users\isaia\AppData\Local\Temp\ccT6fYmT.s:3951   .data._ZL10wet_mix_sm:00000000 _ZL10wet_mix_sm
C:\Users\isaia\AppData\Local\Temp\ccT6fYmT.s:3954   .data._ZL11t60_high_sm:00000000 $d
C:\Users\isaia\AppData\Local\Temp\ccT6fYmT.s:3958   .data._ZL11t60_high_sm:00000000 _ZL11t60_high_sm
C:\Users\isaia\AppData\Local\Temp\ccT6fYmT.s:3961   .data._ZL11wet_send_sm:00000000 $d
C:\Users\isaia\AppData\Local\Temp\ccT6fYmT.s:3965   .data._ZL11wet_send_sm:00000000 _ZL11wet_send_sm
C:\Users\isaia\AppData\Local\Temp\ccT6fYmT.s:3968   .data._ZL12prev_t60_low:00000000 $d
C:\Users\isaia\AppData\Local\Temp\ccT6fYmT.s:3972   .data._ZL12prev_t60_low:00000000 _ZL12prev_t60_low
C:\Users\isaia\AppData\Local\Temp\ccT6fYmT.s:3975   .data._ZL13prev_t60_high:00000000 $d
C:\Users\isaia\AppData\Local\Temp\ccT6fYmT.s:3979   .data._ZL13prev_t60_high:00000000 _ZL13prev_t60_high
C:\Users\isaia\AppData\Local\Temp\ccT6fYmT.s:3982   .data._ZL14send_hpf_hz_sm:00000000 $d
C:\Users\isaia\AppData\Local\Temp\ccT6fYmT.s:3986   .data._ZL14send_hpf_hz_sm:00000000 _ZL14send_hpf_hz_sm
C:\Users\isaia\AppData\Local\Temp\ccT6fYmT.s:3989   .data._ZL15dry_target_hold:00000000 $d
C:\Users\isaia\AppData\Local\Temp\ccT6fYmT.s:3993   .data._ZL15dry_target_hold:00000000 _ZL15dry_target_hold
C:\Users\isaia\AppData\Local\Temp\ccT6fYmT.s:3996   .data._ZL19t60_low_target_hold:00000000 $d
C:\Users\isaia\AppData\Local\Temp\ccT6fYmT.s:4000   .data._ZL19t60_low_target_hold:00000000 _ZL19t60_low_target_hold
C:\Users\isaia\AppData\Local\Temp\ccT6fYmT.s:4003   .data._ZL19wet_mix_target_hold:00000000 $d
C:\Users\isaia\AppData\Local\Temp\ccT6fYmT.s:4007   .data._ZL19wet_mix_target_hold:00000000 _ZL19wet_mix_target_hold
C:\Users\isaia\AppData\Local\Temp\ccT6fYmT.s:4010   .data._ZL20send_hpf_target_hold:00000000 $d
C:\Users\isaia\AppData\Local\Temp\ccT6fYmT.s:4014   .data._ZL20send_hpf_target_hold:00000000 _ZL20send_hpf_target_hold
C:\Users\isaia\AppData\Local\Temp\ccT6fYmT.s:4017   .data._ZL20t60_high_target_hold:00000000 $d
C:\Users\isaia\AppData\Local\Temp\ccT6fYmT.s:4021   .data._ZL20t60_high_target_hold:00000000 _ZL20t60_high_target_hold
C:\Users\isaia\AppData\Local\Temp\ccT6fYmT.s:4024   .data._ZL20wet_send_target_hold:00000000 $d
C:\Users\isaia\AppData\Local\Temp\ccT6fYmT.s:4028   .data._ZL20wet_send_target_hold:00000000 _ZL20wet_send_target_hold
C:\Users\isaia\AppData\Local\Temp\ccT6fYmT.s:4031   .data._ZL6dry_sm:00000000 $d
C:\Users\isaia\AppData\Local\Temp\ccT6fYmT.s:4035   .data._ZL6dry_sm:00000000 _ZL6dry_sm
C:\Users\isaia\AppData\Local\Temp\ccT6fYmT.s:4038   .data._ZL9sample_dt:00000000 $d
C:\Users\isaia\AppData\Local\Temp\ccT6fYmT.s:4042   .data._ZL9sample_dt:00000000 _ZL9sample_dt
C:\Users\isaia\AppData\Local\Temp\ccT6fYmT.s:4045   .sdram_bss:00000000 $d
                           .group:00000000 _ZN9anachrome7planterD5Ev

UNDEFINED SYMBOLS
_ZN5daisy8patch_sm12DaisyPatchSM4InitEv
_ZN9anachrome7planter8InitLedsEv
_ZN5daisy8patch_sm12DaisyPatchSM17AudioCallbackRateEv
_ZN5daisy6Switch4InitENS_3PinEf
_ZN5daisy8patch_sm12DaisyPatchSM17SetAudioBlockSizeEj
_ZN5daisy4GPIO4InitENS_3PinENS0_4ModeENS0_4PullENS0_5SpeedE
_ZN5daisy8patch_sm12DaisyPatchSM2B7E
_ZN5daisy8patch_sm12DaisyPatchSM2B8E
_ZN5daisy8patch_sm12DaisyPatchSM2D1E
_ZN5daisy8patch_sm12DaisyPatchSM3D10E
_ZN5daisy8patch_sm12DaisyPatchSM2B5E
_ZN5daisy8patch_sm12DaisyPatchSM2B6E
sinf
memset
sqrtf
_ZN5daisy8patch_sm12DaisyPatchSM21ProcessAnalogControlsEv
_ZN5daisy6System6GetNowEv
_ZN9anachrome7planter12GetKnobValueEi
powf
_ZN5daisy8patch_sm12DaisyPatchSM18SetAudioSampleRateEf
_ZN5daisy8patch_sm12DaisyPatchSM15AudioSampleRateEv
_ZN5daisy8patch_sm12DaisyPatchSM10StartAudioEPFvPKPKfPPfjE
_ZN5daisy6Switch8DebounceEv
ARM GAS  C:\Users\isaia\AppData\Local\Temp\ccT6fYmT.s 			page 134


_ZN9anachrome7planter20BootloaderResetCheckEv
__aeabi_atexit
__dso_handle
