:020000042400D6
:100000000000022061090024550900246D5A0024D3
:10001000550900245509002455090024000000005A
:10002000000000000000000000000000550900244E
:10003000550900240000000055090024F15900244E
:1000400055090024550900245509002455090024A8
:100050005509002455090024550900245509002498
:10006000550900245509002455090024C1550024D0
:10007000CD5500241D3A0024D9550024E55500240F
:10008000D52401249D460024550900245509002447
:100090005509002455090024550900245509002458
:1000A0005509002455090024550900245509002448
:1000B00055160124611601246D160124D146002431
:1000C00055090024DD460024550900249D0E012415
:1000D000A90E0124092301243523012469230124C5
:1000E000550900245509002400000000550900248A
:1000F00055090024550900245509002455090024F8
:10010000550900245509002479160124B50E01244F
:100110009D230124D12301243D3D002455090024C1
:10012000253D0024313D0024D90E01240D0F01246A
:1001300009250124550900245509002455090024E6
:1001400000000000000000000000000000000000AF
:1001500055090024550900245509002405240124CB
:10016000E946002455090024015A0024255A002498
:1001700055090024495A0024550900245509002432
:100180005509002455090024392401246D24012433
:10019000C10E0124CD0E0124550900245509002467
:1001A0005509002455090024550900245509002447
:1001B000B55200245509002455090024550900248E
:1001C0005509002455090024550900245509002427
:1001D0005509002455090024550900245509002417
:1001E0005509002455090024550900245509002407
:1001F00055090024550900245509002455090024F7
:1002000055090024550900245509002455090024E6
:1002100055090024550900245509002455090024D6
:100220005509002455090024550900240000000048
:100230005509002455090024000000005509002438
:1002400055090024550900245509002455090024A6
:100250005509002455090024550900245509002496
:100260005509002455090024550900245509002486
:100270005509002455090024A12401240000000090
:1002800055090024550900245509002400000000E8
:080290000000000055090024E4
:1002980010B5054C237833B9044B13B10448AFF3B8
:1002A80000800123237010BD2004002000000000FE
:1002B800D851012408B5034B1BB103490348AFF3D8
:1002C800008008BD0000000024040020D85101244B
:1002D80081F0004102E000BF83F0004330B54FEAEF
:1002E80041044FEA430594EA050F08BF90EA020F5C
:1002F8001FBF54EA000C55EA020C7FEA645C7FEAEF
:10030800655C00F0E2804FEA5454D4EB5555B8BF11
:100318006D420CDD2C4480EA020281EA030382EA82
:10032800000083EA010180EA020281EA0303362D14
:1003380088BF30BD11F0004F4FEA01314FF4801CE7
:100348004CEA113102D0404261EB410113F0004FF9
:100358004FEA03334CEA133302D0524263EB4303B0
:1003680094EA050F00F0A780A4F10104D5F1200E4E
:100378000DDB02FA0EFC22FA05F2801841F10001A9
:1003880003FA0EF2801843FA05F359410EE0A5F17D
:1003980020050EF1200E012A03FA0EFC28BF4CF0AE
:1003A800020C43FA05F3C01851EBE37101F0004564
:1003B80007D54FF0000EDCF1000C7EEB00006EEB71
:1003C8000101B1F5801F1BD3B1F5001F0CD34908FB
:1003D8005FEA30004FEA3C0C04F101044FEA445252
:1003E80012F5800F80F09A80BCF1004F08BF5FEAD9
:1003F800500C50F1000041EB045141EA050130BDB9
:100408005FEA4C0C404141EB0101013C28BFB1F5CA
:10041800801FE9D291F0000F04BF01460020B1FA15
:1004280081F308BF2033A3F10B03B3F120020CDAE8
:100438000C3208DD02F1140CC2F10C0201FA0CF0C6
:1004480021FA02F10CE002F11402D8BFC2F1200C2B
:1004580001FA02F120FA0CFCDCBF41EA0C019040E1
:10046800E41AA2BF01EB0451294330BD6FEA04042A
:100478001F3C1CDA0C340EDC04F11404C4F1200215
:1004880020FA04F001FA02F340EA030021FA04F327
:1004980045EA030130BDC4F10C04C4F1200220FA7E
:1004A80002F001FA04F340EA0300294630BD21FABC
:1004B80004F0294630BD94F0000F83F4801306BF82
:1004C80081F480110134013D4EE77FEA645C18BF76
:1004D8007FEA655C29D094EA050F08BF90EA020F0D
:1004E80005D054EA000C04BF1946104630BD91EA05
:1004F800030F1EBF0021002030BD5FEA545C05D108
:100508004000494128BF41F0004130BD14F5800446
:100518003CBF01F5801130BD01F0004545F0FE41BA
:1005280041F470014FF0000030BD7FEA645C1ABFEF
:10053800194610467FEA655C1CBF0B46024650EA26
:10054800013406BF52EA033591EA030F41F4002152
:1005580030BD00BF90F0000F04BF0021704730B5D8
:100568004FF4806404F132044FF000054FF00001AD
:1005780050E700BF90F0000F04BF0021704730B56E
:100588004FF4806404F1320410F0004548BF404243
:100598004FF000013EE700BF42004FEAE2014FEA98
:1005A80031014FEA02701FBF12F07F4393F07F4F73
:1005B80081F06051704732F07F4208BF704793F076
:1005C8007F4F04BF41F40021704730B54FF4607489
:1005D80001F0004521F000411CE700BF50EA01028C
:1005E80008BF704730B54FF000050AE050EA010235
:1005F80008BF704730B511F0004502D5404261EBA5
:1006080041014FF4806404F132045FEA915C3FF4E5
:10061800D8AE4FF003025FEADC0C18BF03325FEA82
:10062800DC0C18BF033202EBDC02C2F1200300FA33
:1006380003FC20FA02F001FA03FE40EA0E0021FA58
:1006480002F11444BDE600BF53B94AB9002908BFF6
:1006580000281CBF4FF0FF314FF0FF3000F074B995
:10066800ADF1080C6DE904CE00F006F8DDF804E001
:10067800DDE9022304B070472DE9F047089D0446E0
:100688008E46002B4DD18A42944669D9B2FA82F23D
:1006980052B101FA02F3C2F1200120FA01F10CFA79
:1006A80002FC41EA030E94404FEA1C48210CBEFBB1
:1006B800F8F61FFA8CF708FB16E341EA034306FB3A
:1006C80007F199420AD91CEB030306F1FF3080F0C9
:1006D8001F81994240F21C81023E63445B1AA4B216
:1006E800B3FBF8F008FB103344EA034400FB07F7B8
:1006F800A7420AD91CEB040400F1FF3380F00A81F9
:10070800A74240F207816444023840EA0640E41BED
:1007180000261DB1D4400023C5E900433146BDE899
:10072800F0878B4209D9002D00F0EF800026C5E93B
:10073800000130463146BDE8F087B3FA83F6002E53
:100748004AD18B4202D3824200F2F980841A61EBCB
:10075800030301209E46002DE0D0C5E9004EDDE7E9
:1007680002B9FFDEB2FA82F2002A40F09280A1EBD1
:100778000C014FEA1C471FFA8CFE0126200CB1FB26
:10078800F7F307FB131140EA01410EFB03F088421F
:1007980008D91CEB010103F1FF3802D2884200F2AC
:1007A800CB804346091AA4B2B1FBF7F007FB10113E
:1007B80044EA01440EFB00FEA64508D91CEB0404DC
:1007C80000F1FF3102D2A64500F2BB800846A4EB37
:1007D8000E0440EA03409CE7C6F12007B34022FA22
:1007E80007FC4CEA030C20FA07F401FA06F31C4351
:1007F800F9404FEA1C4900FA06F3B1FBF9F8200C5E
:100808001FFA8CFE09FB181140EA014108FB0EF0A3
:10081800884202FA06F20BD91CEB010108F1FF3AF3
:1008280080F08880884240F28580A8F102086144FF
:10083800091AA4B2B1FBF9F009FB101144EA01410D
:1008480000FB0EFE8E4508D91CEB010100F1FF34B8
:100858006CD28E456AD90238614440EA0840A0FB50
:100868000294A1EB0E01A142C846A64656D353D026
:100878005DB1B3EB080261EB0E0101FA07F722FA4A
:1008880006F3F1401F43C5E9007100263146BDE873
:10089800F087C2F12003D8400CFA02FC21FA03F3D6
:1008A800914001434FEA1C471FFA8CFEB3FBF7F057
:1008B80007FB10360B0C43EA064300FB0EF69E427C
:1008C80004FA02F408D91CEB030300F1FF382FD215
:1008D8009E422DD9023863449B1B89B2B3FBF7F6BD
:1008E80007FB163341EA034106FB0EF38B4208D996
:1008F8001CEB010106F1FF3816D28B4214D9023ED7
:100908006144C91A46EA004638E72E46284605E7F4
:100918000646E3E61846F8E64B45A9D2B9EB0208C5
:1009280064EB0C0E0138A3E74646EAE7204694E755
:100938004046D1E7D0467BE7023B614432E7304688
:1009480009E76444023842E7704700BF684620F070
:1009580007018D46FEE700BF0A480B4A904208B5DA
:1009680003D0121A094914F01DF90948094A90429E
:1009780003D0121A002114F023F914F0EFF800F054
:10098800F1FEFEE700000020200400201852012498
:100998002004002014810020704700BF30B500F10A
:1009A800B805044683B0284601F0AEF8204600F0AA
:1009B80079FF284601F08CFB254B04F128001A78B2
:1009C800597842EA012102F053FD284601F080FBE4
:1009D800204B04F14C001A78597842EA012102F0C0
:1009E80047FD284601F074FB1B4B04F170001A7890
:1009F800597842EA012102F03BFD284601F068FBE4
:100A0800164B04F194001A78597842EA012102F051
:100A18002FFD28463021002501F0E6FA104B0095FD
:100A280004F52A701A7859782B4642EA01210122E6
:100A380003F0E6FB0B4B009504F52F701A785978F4
:100A48002B4642EA0121012203F0DAFB03B030BD54
:100A5800544C0124584C0124604C0124704C01244E
:100A68004C4C0124504C012430B50568002D40F34E
:100A78008180DFED4A7AB4EEE70AF1EE10FA7AD413
:100A8800F7EE007AC7EE805ADFED457AF4EEE70A12
:100A9800F1EE10FA7AD4F7EE007A87EEA03A00F574
:100AA8008043DFED407A03F59A6203F2CC43D2ED3E
:100AB800006A93ED007A36EEC76AB4EEE76AF1EEA3
:100AC80010FA68D49FED385AC5EE067A00F10C0387
:100AD80042F28C5C42F6CC3143F20C22D0ED014A52
:100AE80000F24C64D0ED022A00F68C4EC6EE803A35
:100AF80003EB8505844401440244C7EE206A33EEC3
:100B0800653A23EE273A73EEE63A63EEA73AF0EE3B
:100B1800636AF4EC017ADFED255AB7EE006AB3ECAC
:100B2800015AB0EE007AE7EE836AFFEE007A22EE11
:100B3800854AA5EE447AF4EE656AF1EE10FA48BFEC
:100B4800F0EE656AAB42F0EE465AE4EEA67AE4EEC1
:100B5800A65AC6EE256A67EEA67A27EE267AACEC88
:100B6800017AE1EC017AFEEC017A67EEA67AE2EC12
:100B7800017ACCD130BDB0EE670ADFED097AF2EE2A
:100B8800045AF4EEE70AF1EE10FA84D5B3EE043A0B
:100B9800F0EE670A83E7DFED067A97E7CDCCCC3D28
:100BA800CDCC4C3DFFE6DB2E550C5D416F12833AF0
:100BB800BEAA0052F7EE006A00F580420023F0EE6C
:100BC800005A02F2D441F1EE007A86EE807A9FED67
:100BD800C26A9FEDC20A2DE9F04F2DED0E8B03601E
:100BE80087B01346C1ED006A019202F59B6203F2D9
:100BF800DC430546C2ED006AC3ED006AC5EE876AAC
:100C080080ED017A67EE075AC0ED025A66EEA77AC0
:100C180067EEA67AA7EE860AB5EE400AF1EE10FA5C
:100C280000F11F83F1EEC07ADFEDAD6A9FEDAD7A7A
:100C380077EEE67A87EE870AB5EE400AF1EE10FA0B
:100C480000F10A83B1EEC0AADFEDA77A9FEDA77A7B
:100C58003AEE0A8A28EE088A78EE677A87EE870ADB
:100C6800B5EE400AF1EE10FA00F11483F1EEC07A05
:100C7800DFED9E6A9FED9C7A38EE668AFDEEE77A94
:100C880088EE070A17EE909AB5EE400AF1EE10FAD0
:100C980000F1EC82F1EEC07AB9F1000FFDEEE77ACF
:100CA80017EE907A40F384824FF001080024AA4698
:100CB800002F40F3AD8007EE908ADFED8D9A012674
:100CC800B8EEE79A69EE299A69EEA99A07EE906A52
:100CD800B6EE007AB0EE690AB8EEE78ADFED847AFC
:100CE80068EE277A67EE877AA7EEA70AB5EE400A7C
:100CF800F1EE10FA00F1A482B1EEC07ADFED767A57
:100D080042F6DF63DFED766AB4EEC7AAF1EE10FAB9
:100D18007AD99C4200F3878167EE07CA6CEEA77AFE
:100D280067EEAC7AECEEA67AF5EE407AF1EE10FAC0
:100D380000F18B82B1EEE7EA9FED6DCA6D4DF6EEDC
:100D480000BA29EE2B0A20EE0C0A13F071FD68EEAA
:100D58002B7AB0EE40BA27EE8C0A20EE2B0A13F05D
:100D680067FDDFED657AF0EE40DA29EE270A20EE1E
:100D78000C0A13F05DFDDFED617AF0EE40AA68EE33
:100D8800277A67EE8C7A27EEAB0A13F051FDDFED78
:100D98005C7AB0EE40DA29EE270A20EE0C0A13F04E
:100DA80047FDDFED587AF0EE408A28EE278A28EED4
:100DB8000C8A28EE2B0A13F03BFDDFED536A5348EB
:100DC80005EB840C2BEE267A51496AEEA67A514A35
:100DD80068EEA68A504B27EE2DBA00EB840067EE2A
:100DE8008DAA01EB840168EE808A02EB840203EB92
:100DF800840301348CED00EAC0ED00CA81ED00BA2D
:100E0800C2ED00AAC3ED008A0136B742BFF65EAF55
:100E180042F6DF639C4200F3068108F10108C145F0
:100E2800BFF646AF5546002C00F0C281374A012C68
:100E380092ED006A40F0FB80F0EE466AB0EE467A2A
:100E480076EEC75ADFED357AF4EEE75AF1EE10FA8E
:100E580000F10681DFED324AB7EE085AC4EEA57AF2
:100E680027EE855A77EE075A2E49F6EE004A2E4AA3
:100E78000023D6EEA45A65EEA75A01E0B1EC016A48
:100E8800F0EE657A0133A342E5EE067AE2EC017AE8
:100E9800F4DBDFF898A00023524601210B4442F806
:100EA800041BA342F9DBDFF868904FF0000C1A4FDF
:100EB800DFF86080CB460F4E1B4B40461B4A00971D
:100EC80002979646574605959A46CDE90389DFF875
:100ED8004880B14641E000BF686ABD3F7C25414675
:100EE800085DDE42686A3D40E7E91D41E7E91D42C9
:100EF800DB0F4940006504C09A99993E3333333F6C
:100F0800CDCC4C3FCDCCCC3EF304B53F80A903C03B
:100F1800803202C0007701C080BB00C0FFE6DB2E34
:100F2800550C5D4184A903C000EE02C0000000C05A
:100F3800ACC527370078173B00234EF8043C0CF16A
:100F4800010C0BF1040B08F104080430A44509F165
:100F580004090AF1040A80F288805EF8043B002B39
:100F6800EDD0DBED007A1FED0E6AF0EEE77AF4EED5
:100F7800C67AF1EE10FADFD4D0ED007AF0EEE77A17
:100F8800F4EEC67AF1EE10FA08D5D8ED007AF0EE54
:100F9800E77AF4EEC67AF1EE10FACDD4D9ED007AFC
:100FA800F5EE004A1FED1D4A3146B0EE675ADAEDFC
:100FB800005ABB4D3A4600230090A7EEC45AE7EE0C
:100FC800847AB0EE654AA5EEE44AE5EEA45AB0EE9E
:100FD800676A9C4503F101031BD01068C8B1D1EDC5
:100FE800007AF4EEC57AF1EE10FA12DDF4EEC67A64
:100FF800F1EE10FA0DD5D5ED007AF4EEC47AF1EEE3
:1010080010FA06DDF4EEE57AF1EE10FA01D50020CB
:101018001060A34202F1040205F1040501F1040184
:10102800D7DB00988BE79F4A554692ED006AF0EEB1
:10103800466A9D4BB0EE467A02EB8402F3EC017AE5
:10104800B4EE677AF1EE10FAF4EE676A37FE877A43
:10105800F1EE10FA48BFF0EE676A9342EED1EFE680
:101068009FED925ADFED927AFCE60022BA468D484F
:101078001146DDE90495DDE902782A6005EB820373
:101088005AF804BBF6EE005A013103F24C6E03F62F
:101098008C4CBBF1000F24D0B2F5C87F2FDAD6F8FC
:1010A80000B00132C3F80CB003F58053D0F800B09B
:1010B800CEF800B0D9F800E0CCF800E003F60C1E3A
:1010C800D8ED007A03F64C7CC3EDB37A97ED006A4D
:1010D80077EE867A8EED006A67EEA57ACCED007A17
:1010E8002A60A14206F1040600F1040009F104098E
:1010F80008F1040807F10407C0DB002A58D0019C56
:1011080041F2CC239FED6B8A41F60C1004F2CC41DE
:101118002B44F0EE488A04F59A6481ED007A41F692
:101128004C71B0EE480A284403EB82022944C4ED0E
:10113800006AF3EC016AB0EC017AF1EC017A9A42A8
:10114800A6EEA60AE7EE078AA7EEA78AF1D1DFED99
:101158005A7AB4EEE70AF1EE10FA60DCDFED567A5F
:10116800F4EEE78AF1EE10FA48DCDFED537AB4EEDC
:10117800E78AF1EE10FA30DC43F64C004FF4C8620F
:101188000021284413F01CFD43F68C604FF4C8621C
:101198000021284413F014FDF6EE000AB0EE000A10
:1011A800284607B0BDEC0E8BBDE8F04FFFF75CBCDE
:1011B80043F64C004FF4C8620021284413F000FDA8
:1011C80043F68C604FF4C8620021284407B0BDEC98
:1011D8000E8BBDE8F04F13F0F3BCB5EE408AF1EE8C
:1011E80010FA48D4B1EEC80A019B03F2DC43B7EE0B
:1011F800007AC7EE007AC3ED007ABDE7F5EE408AC3
:10120800F1EE10FA3CD4B1EEE80A019B03F59B63BA
:10121800B7EE007AC7EE007AC3ED007AA5E7B5EE1F
:10122800400AF1EE10FA30D4F1EEC07A019B03F2D5
:10123800D443F7EE006A86EEA77A83ED007A8DE74D
:1012480013F0FCFBB0EE407A58E5B0EE670A13F0F5
:10125800F5FBB0EE40EA6FE513F0F0FBB0EE40AA04
:10126800F2E413F0EBFBF0EE407ADDE413F0E6FB7A
:10127800F0EE407A10E5B0EE480A13F0DFFBB3E772
:10128800B0EE680A13F0DAFBBFE713F0D7FBF0EE15
:10129800407ACBE713F0D2FBF0EE407AE8E400BFE7
:1012A80000EE02C080A903C084A903C01D004152FA
:1012B800BEAA005200000000CCBC8C2B70B506689A
:1012C800002E43DD41F64C7342F28C5542F6CC3485
:1012D80043F20C2E034443F64C0C43F68C62DFEDCC
:1012E8001D6A054403EB860604448644844402448C
:1012F80092ED006AF4EC017AB5EC015A67EE867A51
:101308009CED007AFEEC015AB3EC016AE5EE077A2F
:10131800A2EC017AB342E5EE807AE6EE276AECECBD
:10132800017AE5D144F2DC439FED0B6ADFED0B7ADD
:1013380003449FED0B7AD3ED005AE5EE867A67EE0B
:10134800A66A66EE876AC1ED006A70BDDFED016AC4
:10135800E8E700BF00000000CDCC4C3ECDCC4C3FB0
:10136800AE47613E2DE9F04F8246D84815468B4678
:101378002DED048B83B000F0B3FE04F0E3FBD44AF8
:101388001368C31AC72B00F23581D24B0022D24C06
:10139800D3ED006ADFF8C093DFF8C083CF4FD04E9B
:1013A800D04BB7EE003A9FEDD07AD3ED007ADFED5F
:1013B800CF3A76EEE76A94ED004AD9ED004A98ED07
:1013C800005AE6EE877AD7ED005A96ED006A67EE86
:1013D800A36AC3ED007AC64BC3EE263AD3ED007A72
:1013E800C44B73EEA77AC3EEA71AC3ED001AC24B1B
:1013F800D3ED008A74EE687AE7EE878AC3ED008A37
:10140800BE4BD3ED000A74EEE07AE7EE870AF4EEFD
:10141800608AF1EE10FA4CBFF0EE687AF0EE607A6E
:10142800C3ED007AB64B93ED002A75EE426AA6EE3C
:10143800872A83ED002AB34B93ED001A75EEC16A33
:10144800A6EE871A83ED001AAF4BD3ED000A76EEAD
:10145800606AE6EE870AB0EE609AC3ED000AEAB168
:10146800AA4CDFEDAB6A94ED007A38EEC77AB0EE9D
:10147800C77AB4EEE67AF1EE10FA00F3AC80A54E26
:10148800B0EE678AD6ED007A78EE677AF0EEE77A02
:10149800F4EEE67AF1EE10FA00F3A080B6EE007AE8
:1014A800DFED9D0ADFED9D7A22EE202A21EE071A54
:1014B80069EE200A21EE271A002D00F08480984B4F
:1014C8000024DFF89C9293ED004A964F964E974B76
:1014D80099ED000AD7ED004AD6ED002A93ED008A6F
:1014E8000BE0F4EE467A0134F1EE10FA48BFF0EE64
:1014F800467AA542C3ED007A65D0DFED8D7AB0EE6D
:10150800447A01A98B484FEA8408DAE9002302EB00
:10151800840203EB840392ED003AD3ED003A23EE04
:10152800273A7F4B63EEA73A33EE234A24EE014A6B
:1015380034EE000A83ED004A30EE470A20EE210A15
:1015480089ED000AFFF7BAFEF0EE627ADDED012AB6
:10155800DFED796A72EEA44ADBF800309FED776A16
:1015680003EB0801C6ED002A74EEE74A64EE884AE8
:1015780060EEA47AC7ED004AB0EE677AA2EE037A6D
:10158800B4EEE67AF1EE10FA22DCB4EE467AF1EE29
:1015980010FA48BFB0EE467AE2EE237ADFED666ACB
:1015A800DBF804309FED656A434481ED007AF4EE80
:1015B800E67AF1EE10FA94DD0134F0EE667AA5428F
:1015C800C3ED007A99D103B0BDEC048BBDE8F08F70
:1015D800B0EE667AE0E7B0EE678A4E4EF0EE480A63
:1015E8005448B0EE680AFFF73FFAC4ED008A86ED6A
:1015F800008A53E710600421514800F073F9F0EEB7
:10160800400ADFED507AB2EE040A334CC0EEA70A66
:10161800DFF8449112F078FFDFED407A0521484861
:10162800DFF838812D4FB2EE007A2D4E20EE270AD2
:10163800C0FE277AC7FEC77AC4ED007A00F052F9D7
:101648009FED417A0621D4ED006AF0EE477A3C48D6
:1016580036EEC76AE0EE067AC7FE877AC7FEE67AF4
:10166800C9ED007A00F03EF9F6EE087A0721344811
:1016780020EE270A88ED000A00F034F960EE007ABF
:101688009FED327ADFED246A08212D4827EE800A83
:1016980067EEA67A20EE070AC6ED007A87ED000A03
:1016A80000F020F9F2EE046A9FED297A094B012235
:1016B800F0EE667AE0EE077A9FED267AC7FEA67A04
:1016C800C7FEC76AC3ED006A6AE600BF10050020BE
:1016D800400400202C0000202400002034000020BA
:1016E800280000201C0000200AD7A33DDB0FC940BA
:1016F8003C0000203C040020040000200C000020D6
:1017080038000020100000200800002014000020ED
:101718000AD7233C180000209A99593F9A99993E74
:101728004C040020480400204404002054040020F5
:10173800CDCC0C3F3007002048E17A3F48E17ABF22
:1017480058040020EE86333FCDCC4C3D8FC2753D0A
:101758000000B4420000C8423000002020000020F1
:101768005004002010B52048FFF718F99FED1F0A14
:101778001F4800F063FC4FF480611D4800F034FC02
:101788001B4800F0A1FC1B48FFF714FA184800F0AA
:101798009BFC194BDFED197AF7EE005A93ED007AAE
:1017A8009FED176A27EE277A164CC5EE807A164BFE
:1017B800164A17490E48C5EE876AC4ED007A37EE17
:1017C800867AC6EE075A77EEA67A86EEA77AC2ED33
:1017D800005A83ED007A00F0FFFB0E4801F060FE2E
:1017E800014800F0A3F8F8E75804002000442C470B
:1017F80010050020300700201C000020DB0FC94026
:10180800F3D6AD3A3C0000203C04002054040020EC
:101818006D130024800400201F4800231F4A20491C
:1018280010B44FF60B74C0F8D830C0E90043C0E9D3
:101838000543C0E90C43C0E91543C0E91E43C0E9AC
:101848002743C0E93834C0E90233C0E90733C0E9A7
:101858000E33C0E91733C0E92033C0E92933C0E9A2
:101868003133C0E93A33C0F8F030A0F8BC42C0F8D0
:10187800C832C0E99E43C0E9A443C0E9AA43C0E90D
:10188800A0335DF8044BC0E9A633C0E9AC33C0E926
:10189800B03312F033BE00BF58040020000000200F
:1018A800A10900240D4B30B51A7883B0002459786B
:1018B800054642EA012123460122009402F0A0FCD9
:1018C800074B009405F114001A785978234642EA28
:1018D8000121012202F094FC03B030BD644C0124C4
:1018E800684C012410B50C46B83000F005FC211FE7
:1018F800052913D80B4B03EB8101D1ED007A80EE5B
:10190800270AB5EEC00AF1EE10FA08D4F7EE007A0D
:10191800B4EE670AF1EE10FA37FE800A10BD9FEDAB
:10192800020A10BD344C012400000000F0B5044642
:1019380085B0283001F0B4FD04F1300002F046FD16
:1019480094F8453013B180F00100C0B23F4D002833
:1019580051D02B78002B57D03D4E04F0F3F8336864
:10196800C01A40F6B733984248D994F84430FF2B50
:1019780069D0002704F1B8002F7004250390376060
:1019880000F0AAFB039804F1140600F029FB314B80
:10199800009720461A7859783B4642EA01210122ED
:1019A80002F02EFC2C4A00973B46117830465278BC
:1019B80041EA0221012202F023FC0121204602F023
:1019C80011FD0021304602F00DFD642004F0BCF842
:1019D8000021204602F006FD3046012102F002FDFA
:1019E800642004F0B1F8013DE7D1032005B0BDE85B
:1019F800F04004F0ABB8164E2870306094F84430CC
:101A0800FF2B0ED005B0F0BD0123114E2B7004F052
:101A180099F82B783060002B9FD194F84430FF2B35
:101A2800F0D104F08FF807EE900AD4ED126AF8EEC0
:101A3800677A9FED0A7A77EEE67AF4EEC77AF1EEE6
:101A480010FA96DADEE704F07DF892E7144C0020ED
:101A5800104C0020644C0124684C0124000096437B
:101A680000294ED0274BF0B5D0E90024481E03F1D9
:101A78000C0E951C03F1100C4E00AC4218BF052843
:101A880002EB41058CBF01200020624538BFAE45FE
:101A98002CBF01270027384227D02644644538BF89
:101AA800B64522D39D890026D8894FEA510E65F3A1
:101AB8000F06A44602EB8E0E65F31F46002560F361
:101AC8000F0560F31F45104640F8046B70454CF84D
:101AD800045BF9D121F00100C90705D5998922F8DD
:101AE8001010DB8924F81030F0BD023A023C023DA8
:101AF800998922F8021FAA42D98924F8021FF7D12E
:101B0800F0BD7047184C00202DE9F04F40F201134A
:101B18000E4A012680462DED028BADF2844DC0F8A9
:101B28001C22ADF81430002304968DF8163004F00A
:101B380007FA044604F058F804A9054640B93CB130
:101B480040468DF8166004F07BF90BE0184C002035
:101B5800404604F075F9002D00F02A8208F10800CB
:101B680000F0E6FB072C24AC0CD0D24908F10C009D
:101B7800D14BD24AC4E9001301232146A260A381B4
:101B880003F0B2F90322012300251AA902A8DFF8FD
:101B98003CA3029508F1100B0DF1500927462E467B
:101BA800CDE91E2300220123CDE9202301220023B1
:101BB800CDE92223C24BCDE91A5303F1007303F593
:101BC80040731C934FF44173ADF8743003F080FDFB
:101BD80001230AA903A80D950A930C9310230395D2
:101BE8008DF83830B74B0B9302F080FD039908F15C
:101BF800200000F09BFA0DF1180C9AE80F008CE811
:101C08000F006146029A584601F082FA584601F0E0
:101C1800C9FA5846B0EE408A01F0B2FAD0ED007A1F
:101C28004FF60B7300200021F8EE677A0DF58362FA
:101C380023800AF1100CA382CE4688EE277AE5604D
:101C4800C4E90155CDE92A012385A3872562656387
:101C5800C4E90B55CDE93401A4F85430A56488EDE6
:101C6800867ACDE93A01A4F86830A4F87C30256674
:101C78006567C4E91B55CDE94401A4F89030A4F880
:101C8800A830C4F88850C4F89C50C4E92555C4E964
:101C98002B55A4F8BC30C4F8B450CDE95401A4F8CD
:101CA800D030A4F8E430C4F8C850C4F8DC50C4E913
:101CB8003555CDE95E01A4F8FC30C4F8F050CDE903
:101CC8006401A4F81031A4F82431C4F80851C4F808
:101CD8001C51C4E94555CDE96E01A4F83831A4F882
:101CE8005031A4F86431C4F83051C4F84451C4F8F0
:101CF8005C51C4E94F55C4E95555CDE97E01C4F896
:101D08007051A4F87831A4F88C31C4F88451C4E92E
:101D18005F55CDE98801A4F8A431C4F89851CDE9FC
:101D28008E01A4F8B831A4F8CC31C4F8B051C4F885
:101D3800C451C4E96F55CDE99801A4F8E031A4F87D
:101D4800F831A4F80C32C4F8D851C4F8EC51C4F8EE
:101D58000452C4E97955C4E97F55CDE9A801A4F82E
:101D68002032A4F83432C4F81852C4F82C52C4E90A
:101D78008955CDE9B201A4F84C32C4F84052CDE9F6
:101D8800B801A4F86032A4F87432C4F85852C4F800
:101D98006C52C4E99955CDE9C201A4F88832A4F877
:101DA800A032A4F8B432C4F88052C4F89452C4F8EB
:101DB800AC52C4E9A355C4E9A955CDE9D201A4F8A8
:101DC800C832A4F8DC32C4F8C052C4F8D452C4E90A
:101DD800B355CDE9DC01A4F8F432C4F8E852CDE9F2
:101DE800E201C4F80053A4F80833A4F81C33C4F87B
:101DF8001453C4E9C355CDE9EC01A4F83033A4F871
:101E08004833A4F85C33C4F82853C4F83C53C4F8E6
:101E18005453C4E9CD55C4E9D355CDE9FC01A4F820
:101E28007033A4F88433C4F86853C4F87C53C4E905
:101E3800DD55C2E900010DF58662A4F89C33C4F8AB
:101E48009053C2E900010DF58B62A4F8B033A4F8F1
:101E5800C433C4F8A853C4F8BC53C4E9ED55C2E967
:101E68000001A4F8D833C4F8D053C4F8E453BCE84C
:101E78000F00AEE80F009CE80300C4E9F7558EE8B0
:101E8800030039F8161001363846022201F032FBF9
:101E98000C2E07F15407F4D108F114072146042346
:101EA8003246384608F1400500249FED078A01F0C4
:101EB80031FB17E00508050905070506050A0606AA
:101EC80004020404010A010B6F12033BD84B0124DE
:101ED80001F044FD98ED860A01462846013401F0D8
:101EE8002FFA2035072CE1B23846F1D9E1B2013496
:101EF80001F034FD00230146F0EE480A28461A4650
:101F080098ED860A01F0EAF90C2CEAD100242C4A53
:101F180008F12C00234611680094012202F070F9A0
:101F2800284B012208F5E070196801F08FFA264B5A
:101F3800012208F5EC70196801F088FA234A234653
:101F480008F5F87011680122009402F059F9204A46
:101F5800234608F5017011680122009402F050F937
:101F68000123D8F81C024BF680320FA913941030C5
:101F78000F92CDE911330223109301F073FF384615
:101F880001F0D0FCD8F81C42237D04F110059BB960
:101F98002846104D2368D4E90112009501F0E0FFAE
:101FA800012323750DF2844DBDEC028BBDE8F08F43
:101FB800002C3FF4D3ADD5E5284602F007F8E7E753
:101FC800744C01246C4C01245C4C01244C4C0124BD
:101FD800504C0124691A0024103001F03BB900BFAD
:101FE800103001F059B900BFF8B500F110070546E7
:101FF80000F1400400F5E07638462DED028B01F043
:10200800C3F8384601F0CEF83846B0EE408A01F001
:10201800B7F8D0ED007AF8EE677A88EE270A85EDF2
:10202800860A01E095ED860A2046203401F0E2F99F
:10203800B442F7D1BDEC028BF8BD00BFFDEEC07A0B
:10204800F8B517EE901A0546B1F5FA4F2DED028B4B
:1020580035D02CDCB1F5FA5F2FD0B1F57A5F14BF1B
:102068000321012105F1100705F1400405F5E0768B
:10207800384601F09BF8384601F094F83846B0EE3F
:10208800408A01F07DF8D0ED007AF8EE677A88EEA4
:10209800270A85ED860A01E095ED860A2046203458
:1020A80001F0A8F9B442F7D1BDEC028BF8BD054B9D
:1020B800994214BF03210421D4E70021D2E7022169
:1020C800D0E700BF00770100103001F06BB800BF07
:1020D80090ED860A704700BF143001F039BC00BF8C
:1020E80038B500F1400400F5E0752046203401F0D1
:1020F8005DF9AC42F9D138BD00EB411191ED130AFD
:10210800704700BF07490022074B01F1600010B477
:10211800302459601A611C601A755DF8044BC3E9D4
:102128000202704700000030184C0020F0B546232A
:1021380087B00160002203710124FA26194605AB15
:102148008DF81420029640220093234601940546F8
:1021580002F064FB002840F09B809DF814300DF1DC
:1021680017074022284603F07F030097CDE9014670
:102178008DF814308DF817302346297902F076FB54
:10218800002840F08580042003F0DEFC05AB4022E7
:10219800284600932346CDE90146297902F03EFB03
:1021A800002875D19DF8143040220097284603F086
:1021B800BF03CDE901468DF814308DF8173023465A
:1021C800297902F053FB002862D1042003F0BCFCFB
:1021D8000DF115034322284600932346CDE9014615
:1021E800297902F01BFB002852D10DF11603482271
:1021F800284600932346CDE90146297902F00EFBD3
:10220800002845D19DF8153043220097284643F011
:1022180001038DF815308DF817309DF8163043F00E
:102228000103CDE901468DF816302346297902F0DD
:102238001DFB68BB9DF816304822009728468DF88C
:1022480017302346CDE90146297902F00FFBF8B98A
:1022580005AB4022284600932346CDE9014629795B
:1022680002F0DCFAA0B99DF8142023460194284610
:1022780002F0CF0402960097402229798DF8144085
:102288008DF8174002F0F2FA003818BF012000E07C
:10229800012007B0F0BD00BFF0B5102387B0234C74
:1022A800012200250126002702A920460195CDE933
:1022B80002234FF48052CDE904670CF00FF9642033
:1022C80003F0DEFF02A94FF480522046CDE90467EF
:1022D80002261027CDE902670CF000F9032210232B
:1022E80002A92046CDE9022300230422CDE90423D4
:1022F8004FF480520CF0F2F840F23223042202A983
:10230800019310232046CDE90223019A0123059267
:102318004FF4805204930CF0E1F840F60601204691
:102328000CF0FCF8284607B0F0BD00BF384C002080
:102338001C4B00221C494FF0400C30B5054689B0B3
:102348000220596007219A601A620124DA620A227F
:102358004FF4006EDC6006922022CDE900010420D3
:102368000821CDE9020103201021CDE9040108204C
:102378006946C3E904024FF4C072181DC3E906C2D6
:102388004FF48052C3E909E20CF07EF838B92846C8
:10239800FFF782FF003818BF012009B030BD204682
:1023A80009B030BD344C002040410052614A002140
:1023B800D0B513688EB00A91002B40F0B9805E4BFF
:1023C80001214FF683700C2411600221D3F8D42028
:1023D8000026032742F48052C3F8D420D3F8D4202F
:1023E80002F480520092009AD3F8E02042F01002E2
:1023F800C3F8E020D3F8E02002F010020192019A1D
:10240800D3F8E02042F04002C3F8E020D3F8E020FF
:1024180002F040020292029AD3F8E02042F0080249
:10242800C3F8E020D3F8E02002F008020392039AF0
:10243800D3F8E02042F48072C3F8E020D3F8E0201B
:1024480002F480720492049AD3F8E02042F08002E9
:10245800C3F8E020D3F8E02002F080020592059A44
:10246800D3F8E02042F02002C3F8E020D3F8E020BF
:1024780002F020020692069AD3F8E02042F0040205
:10248800C3F8E020D3F8E0300C9403F0040307937A
:102498000323079A0B93CDE9080108A9274806F0FA
:1024A80047FB48F23712022308A925480C94CDE9C6
:1024B8000823CDE90A6706F03BFB4CF203720223BE
:1024C80008A920480C94CDE90823CDE90A6706F04D
:1024D8002FFB40F2FF62022308A91B480C94CDE9A8
:1024E8000823CDE90A6706F023FB4FF60C72022396
:1024F80008A916480C94CDE90823CDE90A6706F027
:1025080017FB4FF63F02022308A911480C94CDE9A6
:102518000823CDE90A6706F00BFB2022022308A94D
:102528000A480C94CDE90A67CDE9082306F000FBB8
:102538000EB0D0BD304C00200044025800100258A4
:1025480000180258000C025800200258001C0258BB
:10255800001402582DE9F04FDFF8108406460D46A6
:10256800144608F118002DED028B89B000AF03F076
:10257800A7F9D8F8183073B3D8F81C30D8F80490F5
:10258800002B43690BBF4FF0080A4FF0100A4FF0B9
:10259800020B4FF0040BB9F1000F2AD0A200EA4653
:1025A800012B02F1070222F00702ADEB020D68468B
:1025B800ADEB020D694600F03F81022B00F0D6809A
:1025C800002B6FD02246C847D5462437BD46BDEC00
:1025D800028BBDE8F08FD8F81C30002BF5D0D8F866
:1025E80004904FF0080A4FF0020B4369B9F1000F4D
:1025F800D4D1FB61D8F80030BB61002BE5D0D548B9
:1026080003F0DCF96B46BBF1020F786108EE103A73
:10261800FB6900F083816A465146A2EBC4029546E5
:102628006200EA46B2FBFBF2AAEBC40085460AEB5D
:102638008200EE46F861ADEB010DF8690EEB820CF5
:10264800C7F810C0EC46ADEB010D00EB8201CCF8E9
:102658000400CCF8081001EB82013869E946CCF88F
:102668000C1000EB8201CCF800A001EB8202C9E952
:1026780000E0C9E90212012B00F06483022B00F08C
:102688006C82002B00F08081620849466046BB6975
:10269800984718EE103A24379D46BD46BDEC028B8C
:1026A800BDE8F08F002C8DD01A46D8ED0C6A9FED4E
:1026B800B27A8446331D36F922E00CF1080C07EE95
:1026C80090EA33F922E00232F8EEE77A944267EEB4
:1026D800877A67EEA67A4CED027A07EE90EAF8EE72
:1026E800E77A67EE877A67EEA67A4CED017AE2D848
:1026F800F9612246C847984ED8ED0D6A0020F9695D
:102708002B1D9FED9E7A9FED9E6ADFED9E5A22E07B
:10271800F4EEC67AF1EE10FAC0F2C88447F6FE72FB
:10272800D1ED017A45F8202066EEA77AF4EEC77A53
:10273800F1EE10FA40F2F080F4EEC67AF1EE10FAFB
:10274800C0F2D58447F6FE7243F8202002300831E3
:1027580084427FF639AFD1ED007A66EEA77AF4EEBF
:10276800C77AF1EE10FAD3D83246D9E7002C3FF4F5
:1027780029AFD8ED0C6A84469FED787A0022331D84
:102788008E4656F822100CF1080C07EE901A53F8F2
:1027980022100232F8EEE77A944267EE877A67EE03
:1027A800A67A4CED027A07EE901AF8EEE77A67EE11
:1027B800877A67EEA67A4CED017AE2D8714622460E
:1027C800C7F81CE0C847664ED8ED0D6A0020F969C5
:1027D8002B1D9FED6A7A9FED6A6ADFF894C120E0AD
:1027E800F4EEC67AF1EE10FAC0F279843246D1EDF1
:1027F800017A45F8202066EEA77AF4EEC77AF1EE62
:1028080010FA40F28780F4EEC67AF1EE10FAC0F2C0
:102818005E84324643F820200230083184427FF635
:10282800D3AED1ED007A66EEA77AF4EEC77AF1EE70
:1028380010FAD5D86246DAE7002C3FF4C3AED8EDDB
:102848000C6A86469FED477A4FF0000C331D56F808
:102858002C200EF1080E82F40002A2F5000207EE09
:10286800902A53F82C200CF1020CF8EEE77A82F447
:1028780000026445A2F5000267EE877A67EEA67A41
:102888004EED027A07EE902AF8EEE77A67EE877A3D
:1028980067EEA67A4EED017AD9D8F9612246C84783
:1028A800314ED8ED0D6A0020F9692B1D9FED337A62
:1028B8009FED336ADFF8BCC01FE0F4EEC67AF1EE94
:1028C80010FAC0F2FC833246D1ED017A45F8202097
:1028D80066EEA77AF4EEC77AF1EE10FA18D9F4EE9C
:1028E800C67AF1EE10FAC0F2DA83324643F82020B5
:1028F8000230083184427FF667AED1ED007A66EE89
:10290800A77AF4EEC77AF1EE10FAD6D86246DBE77A
:102918006246EBE762467DE7324615E7A100D646F8
:102928006208073121F00701ADEB010DEA46ADEB76
:10293800010D6946ADEB0E0D0AEB8200EC46ADEBDE
:102948000E0D01EB8202F861E946CCE900A0C9E965
:10295800001290E6884C00200280FFFF0000003043
:102968000082FF7F0000003482FF7F006C4C002053
:10297800007E00807E0080FF0000003804FF7FBFDB
:1029880004FF7F3F00FEFF46002C00F0C982BBF128
:10299800020FD8F8242000F0FA827969C7F8049069
:1029A80002EB810E5FED0C5A8A00DCF808100EF17C
:1029B80004007A611A46DCF80C303B61331DD7F805
:1029C80010903D61FD69C7E902CB8C46834636F914
:1029D8002210D8ED0C7A06EE101A33F9221006EE02
:1029E800901A3EF92210B8EEC66A07EE101AF8EEF1
:1029F800E66A3BF92210B8EEC77A26EE256A66EE3B
:102A0800A56A27EE257A26EE276A66EEA76A27EEDC
:102A1800277A07EE901A51080232F8EEE77A0AEBA5
:102A28008100944280ED006A05EB810067EEA57A8B
:102A3800C0ED006A0CEB810009EB810180ED007AA2
:102A480098ED0C7A67EE877AC1ED007ABFD8D7F88F
:102A580004903D69D7E902CB60466208BB694946E4
:102A68009847D8F82C307A69D8ED0D6A1A441FEDCA
:102A78003D7A1FED3D6A2B1D904602F1040A5FED79
:102A88003F5A0022A84ED9E900EC51E0F4EEC67A8C
:102A9800F1EE10FAC0F2C78247F6FE7045F8220040
:102AA8000CEB0100D0ED007A66EEA77AF4EEC77A57
:102AB800F1EE10FA4BD9F4EEC67AF1EE10FAC0F244
:102AC800BA8247F6FE70BBF1020F43F822002BD002
:102AD800D9F808000844D0ED007A66EEA77AF4EE3B
:102AE800C77AF1EE10FA36D9F4EEC67AF1EE10FA9A
:102AF800C0F2CD8247F6FE7048F82200D9F80C00E3
:102B08000144D1ED007A66EEA77AF4EEC77AF1EEC9
:102B180010FA1ED9F4EEC67AF1EE10FAC0F2AF82BE
:102B280047F6FE714AF82210023294427FF6B1ADA0
:102B380051080EEB81008900D0ED007A66EEA77A85
:102B4800F4EEC77AF1EE10FAA0D83046A6E7304680
:102B5800B9E73146E6E73046CEE7002C00F0E081E1
:102B6800BBF1020FD8F8243000F0E1817A69DCF873
:102B7800081003EB820EC7F804909300DFED6B5A40
:102B88000EF1040000227B61DCF80C303B61331D40
:102B9800D7F810903D61FD69C7E902CB8C468346A2
:102BA80056F82210D8ED0C7A07EE101A53F82210B6
:102BB800B8EEC76A07EE101A5EF82210F8EEC76A78
:102BC80007EE101A26EE256A5BF82210B8EEC77ACF
:102BD80066EEA56A26EE276A27EE257A66EEA76ACC
:102BE80027EE277A07EE901A51080232F8EEE77AB4
:102BF8000AEB8100944280ED006A05EB810067EEE4
:102C0800A57AC0ED006A0CEB810009EB810180ED2B
:102C1800007A98ED0C7A67EE877AC1ED007ABFD812
:102C2800D7F804903D69D7E902CB60466208BB69D2
:102C380049469847D8F82C307A69D8ED0D6A1A4475
:102C48009FED3E7A9FED3E6A131D9246DFF8E4C081
:102C58000022FB612B1D364ED9E9008E4EE0F4EEC2
:102C6800C67AF1EE10FAC0F2FC81304645F822002F
:102C78000EEB0100D0ED007A66EEA77AF4EEC77A83
:102C8800F1EE10FA49D9F4EEC67AF1EE10FAC0F274
:102C9800EF813046BBF1020F43F822002AD0D9F861
:102CA80008000844D0ED007A66EEA77AF4EEC77AF9
:102CB800F1EE10FA35D9F4EEC67AF1EE10FAC0F258
:102CC800C98130464AF82200D9F80C000144D1EDF8
:102CD800007A66EEA77AF4EEC77AF1EE10FA1ED9FA
:102CE800F4EEC67AF1EE10FAC0F2AD813146F86919
:102CF80040F82210023294427FF6CBAC510808EB20
:102D080081008900D0ED007A66EEA77AF4EEC77AE2
:102D1800F1EE10FAA3D86046A8E76046BAE7614624
:102D2800E5E76046CEE700BF0280FFFF0000003005
:102D38000082FF7F007E00800000003404FF7FBF18
:102D480004FF7F3F002C00F0EB807A690021D8F85F
:102D58002430C7F8109003EB820ED7F81C9093002C
:102D6800FD610EF104021FED0C6A7B61331D1546EF
:102D780056F821204808D8ED0C6ABBF1020F82F4FE
:102D88000002A2F5000207EE902A53F8212082F4EF
:102D98000002B8EEE77AA2F5000227EE067A07EEFF
:102DA800902A0AEB8002F8EEE77A27EE267A67EE99
:102DB800867A82ED007A09EB80024FEA800067EE9E
:102DC800A67AC2ED007A27D05EF8212082F40002AC
:102DD800A2F5000207EE902A55F8212082F400029D
:102DE800B8EEE77AA2F5000227EE067A07EE902AF7
:102DF800DCF80820F8EEE77A024427EE267A67EE38
:102E0800867A82ED007A98ED0C7ADCF80C2067EE71
:102E1800877A0244C2ED007A02318C42A8D8D7F8EA
:102E2800109060466208BB694946FD699847D8F822
:102E38002C307A69D8ED0D6A1A441FED407A1FEDDF
:102E4800406A131D9246DFF8C4C20022FB612B1DA5
:102E5800AB4ED9E9008E4EE0F4EEC67AF1EE10FAE8
:102E6800C0F2C580304645F822000EEB0100D0EDD7
:102E7800007A66EEA77AF4EEC77AF1EE10FA49D92D
:102E8800F4EEC67AF1EE10FAC0F2BF803046BBF11C
:102E9800020F43F822002AD0D9F808000844D0EDE0
:102EA800007A66EEA77AF4EEC77AF1EE10FA35D911
:102EB800F4EEC67AF1EE10FAC0F2AE8030464AF867
:102EC8002200D9F80C000144D1ED007A66EEA77A09
:102ED800F4EEC77AF1EE10FA1ED9F4EEC67AF1EEE6
:102EE80010FAC0F28B803146F86940F8221002329D
:102EF80094427FF6CEAB510808EB81008900D0EDF3
:102F0800007A66EEA77AF4EEC77AF1EE10FAA3D843
:102F18006046A8E76046BAE76146E5E76046CEE75F
:102F2800224649466046BB699847FFF7B2BBC7F8D7
:102F380010B0002298ED0C6A331DDFED726AD7F8E5
:102F48001CB0786956F8221007EE901A53F8221030
:102F5800B8EEE77A07EE901A51080232F8EEE77AEF
:102F680027EE267A0AEB810E94420BEB810167EE7D
:102F7800A67A27EE067A67EE867A8EED007AC1ED9C
:102F8800007ADFD88300D7F810B07B614DE61A4687
:102F9800C7F810B098ED0C6A331DDFED5B6AD7F8FF
:102FA8001CB0786936F9221007EE101A33F922108E
:102FB80007EE901AB8EEC77A51080232F8EEE77AAF
:102FC80027EE267A0AEB810E94420BEB810167EE1D
:102FD800A67A27EE067A67EE867A8EED007AC1ED3C
:102FE800007ADFD88300D7F810B07B6134E5F0EEC3
:102FF800675AFEEEE45A15EE900A34E7F0EE675A87
:10300800FEEEE45A15EE901A6EE7F0EE675AFEEE01
:10301800E45A15EE900A3AE7F0EE675AFEEEE45AE3
:1030280015EE900A4BE767EEA57AFDEEE77A17EE04
:10303800900A00B232E567EEA57AFDEEE77A17EE60
:10304800900A00B23FE5F0EE675AFEEEE05A15EE40
:10305800901A4CE6F0EE675AFEEEE05A15EE900A2A
:1030680030E6F0EE675AFEEEE05A15EE900AFDE5FE
:10307800F0EE675AFEEEE05A15EE900A0AE667EEA1
:10308800A57AFDEEE77A17EE901A09B24AE567EEDF
:10309800A57AFDEEE77A17EE900A00B22CE5F0EE7D
:1030A800675AFEEEE45A15EE902A1FE467EEA57AF9
:1030B800FDEEE77A17EE902A12B2FFF731BBF0EE79
:1030C800675AFEEEE45A15EE902AFFF7FDBBF0EEC4
:1030D800675AFEEEE05A15EE902AFFF79BBBF0EE1A
:1030E800675AFEEEE05A15EE902AFFF780BB67EEAE
:1030F800A57AFDEEE77A17EE902A12B2FFF724BB05
:1031080082FF7F0000000030000000387E0080FF52
:1031180030B5184C154685B0046004F1080EEC462D
:103128000FC98EE80F00D4ED047AF5EEC07A8CE86A
:103138000F00F1EE10FA1ADDB7EE006A94ED057A89
:1031480027EE277AC6EE276A84ED0D7AC4ED0C6A5D
:103158006DB1204640F8185F02F0B2FB06490369DA
:103168000020064A2162A262E36005B030BD01205A
:1031780005B030BD6C4C0020C0200030C0000030CD
:1031880000680830704700BFB1F5807F03680A46C1
:1031980028BF4FF48072B1F5807F9A6094BF0020F9
:1031A800012070470068183002F0F6BB70B504685B
:1031B8008AB0A369E1600BB304F118056FF0F4134A
:1031C8004FF60B722846ADF80C20CDE9013302F01A
:1031D80077FB8446EE46E668BCE80F00AEE80F00D1
:1031E800BCE80F00AEE80F009CE803008EE803007F
:1031F80069462846049602F06BFA38BBE06918B3B2
:1032080004F11C056FF0F4134FF60B722846ADF865
:103218000C20CDE9013302F053FB8446EE46E46806
:10322800BCE80F00AEE80F00BCE80F00AEE80F00E6
:103238009CE803008EE8030069462846049402F0DF
:1032480047FA003818BF01200AB070BD01200AB043
:1032580070BD00BF30B5046883B00D46E3694BB15B
:10326800A3680020E26A616A9B00009004F11C00D8
:1032780002F028FBA3680748A26A9B00216A009015
:1032880004F1180002F01EFB0020C4E9005003B04E
:1032980030BD00BF5D25002410B50468A3691BB1CB
:1032A80004F1180002F06CFBE3691BB104F11C0087
:1032B80002F066FB002010BD10B4074B4FF07E51A2
:1032C80030240022032019619C60D8605DF8044B0B
:1032D8005961C3E9062270476C4C0020F6EE007A6B
:1032E8009FED166A20EE207A0160F7EE006A80ED05
:1032F800036A80ED020A27EE277AC6EE877AF4EE93
:10330800E67AF1EE10FA11DDF0EE667A4FF07E51B2
:103318004FF0000C02760022C0ED017AC0F814C00C
:10332800016143768276C0ED070A7047F4EEC67AEB
:10333800F1EE10FAEAD5F0EE467AE7E70000000071
:10334800DFED187AB6EE007AF7EE006A9FED166A9E
:1033580060EE277A016080ED036A80ED020A67EE6D
:10336800877A86EEA77AB4EEE67AF1EE10FA10DDE7
:10337800B0EE667A4FF0804C4FF07C514FF480727B
:10338800012380ED017AC0F810C041610283837681
:103398007047B4EEC67AF1EE10FAEBD5B0EE467A85
:1033A800E8E700BF6F12033B000000000268037EDD
:1033B800128807EE902AFBEEC87A1BB1B7EE007AA6
:1033C80077EE677AD0ED056A90ED047A77EEE67AC3
:1033D800437E67EE877A0BB1F1EE677A90ED030AC8
:1033E80090ED017A77EEC07AA7EE270A80ED030AFE
:1033F800704700BF837E80ED020AABB9D0ED077A33
:1034080027EE800AF6EE007AB7EE007A20EE270A59
:10341800C7EE007AF4EEC77AF1EE10FA07DDF0EEA7
:10342800477AC0ED017A7047DFED067AE8E7F5EEF6
:10343800C07AF1EE10FAF4D5DFED037AC0ED017A27
:10344800704700BF6F12033B0000000070B584B0E6
:10345800002504461646ADF80C102B462A4603995B
:10346800009500F0CDFEA582A67504B070BD00BF22
:1034780010B586B00446ADF80C10ADF8141002F083
:1034880061FB4FF48071002220600123A18004F1C8
:103498000800A1830599009200F0B2FE06B010BDA5
:1034A80010B5044602F04EFB0021226821718242C9
:1034B80000D110BD0346012204F1080023602271E7
:1034C80000F084FF227F617F53005BB281B180F0FE
:1034D800010252B21343DBB27F2B2377E9D102F00A
:1034E80031FB07EE900AF8EE677AC4ED087A10BD52
:1034F80042B2EFE710B4002383B00324018080F8C0
:10350800503080F85120C0E9014303B05DF8044B06
:10351800704700BF2DE9F04FBE4F0024BE4D8DB05F
:10352800037007F140034260804616468946202210
:1035380021463846C5F88835C5F88475CDE9024472
:10354800CDE90444CDE90644CDE90844CDE90A446F
:1035580011F036FB2022214605F26250C5F851458C
:10356800C5F85545C5F85945C5F85D4511F028FB1E
:1035780085F85065D8F8043085F86846002B62D085
:1035880005F5AA6A09F1500B264609EB040128192A
:103598005222013611F006FB4FF0000327F8023BD8
:1035A8001BF804300AF8013F002B70D0D8F804301B
:1035B8004FF0010254349E4285F86826E5D3974AB5
:1035C800082195F850350026C5F88C254FF480223F
:1035D80093480027C5F8A4350023C5F89025012293
:1035E800C5F89C1595F86816C5F8943585F8A03582
:1035F800C5F89825C0E9006700293ED0C5F8B82568
:1036080085F8A13585F8A835002298F80030C5F866
:10361800BC25C5F8C025002B40D00122002001217F
:10362800013B85F8C4257F4AC2E90001082B37D839
:10363800DFE813F0BD00C200C700CC00D100D600FF
:10364800DB00E100E800C5F89435F6B285F8A0354E
:103658000020724B0021C5F8A465C5F88C354FF4DD
:103668008023C5F890350123C5F898350823C5F897
:103678009C3505F5B663C3E90001012385F8A1353A
:10368800002385F8A8350323C5F8B835BCE7D8F872
:1036980004305434B3423FF678AF90E785F8C43528
:1036A800614803F015FB034608B1FFBEFEE702A917
:1036B8005D48029303F06CFC0446002875D104238E
:1036C80040F2FF720A90CDE9082395F85035002B97
:1036D80000F0F58006234FF05409019309FB0453C9
:1036E80093F85130072B07D8DFE803F0595C56539D
:1036F800504D4A040723079326B206EB4606C6EB4D
:10370800C60605EB8608B700404600F09BFC09FB9F
:10371800045393F85030042B00F3AD80022B00F3D0
:10372800C08000F0BC802B19002283F8402515F8D2
:10373800262098F80130002A7CD0022A00F08D80DB
:10374800012A40F0B480012B00F0B380002B374BE6
:1037580018BF0023059305A9019B3348069302F07F
:10376800F3FD002840F0AE80013495F85035E4B2FE
:10377800A34240F2A4802E4B53F824300193ADE7C6
:1037880006230793B8E705230793B5E704230793B0
:10379800B2E703230793AFE702230793ACE70023BD
:1037A8000793A9E701230793A6E7FFBEFEE70320D7
:1037B800402142E9020173E70720602142E9020142
:1037C8006EE70F20802142E9020169E71F20A0214E
:1037D80042E9020164E73F20C02142E902015FE7B4
:1037E8007F20E02142E902015AE7FF204FF480716F
:1037F80042E9020154E740F2FF104FF4907142E9A8
:1038080002014DE740F2FF304FF4A07142E9020196
:1038180046E700BFC0400030A84C0020002002400E
:103828005852002078520020345200200002B0255F
:10383800784C0124062B36D0072B3CD0022B49D0DC
:10384800032B49D0002B4BD0012B47D0042B49D058
:10385800052B254B18BF00237CE7042B25D0052B0F
:103868002BD08BB3012B31D0022B31D0032B1F4B24
:1038780018BF00236EE70323143705EB040B4FF042
:10388800000A2F448BF8403538460AF1010A00F047
:10389800D9FB9BF8403514375345F5DC47E701233E
:1038A800EAE70223E8E7124B54E7124B52E70023FA
:1038B80050E7114B4EE7114B4CE7114B4AE70DB05F
:1038C800BDE8F08FFFBEFEE70E4B43E70E4B41E726
:1038D8000E4B3FE70E4B3DE70E4B3BE70E4B39E7F0
:1038E8000E4B37E70E4B35E70000B84F00209036F7
:1038F8000800900C1000C0102000F0148000501D2B
:10390800000180210004002A0008302E00106032D7
:103918000040C03A0080F03E0000524700002143BA
:103928000000844B38B5094C40F2FF724FF001118A
:1039380004F28C55284603F0D9FA94F85025D4F8A7
:1039480084152846BDE8384002F0F0BFA84C002096
:10395800014803F0B7B800BF34520020034B0F29C9
:10396800D3F8840598BF00EB41007047A84C0020AD
:10397800244B02689A4200D07047234A0023234808
:10398800D2F8D81030B5224C41F0200183B0C4F8E9
:10399800F0050920C4F8F83504F5BE65C4F8F40547
:1039A8004FF48060C2F8D8104FF40061D2F8D820E4
:1039B800C4F8000694F8680602F02002C4F8FC3542
:1039C80098420192C4F804164FF40051C4F8103616
:1039D8002846C4F81436019B14BF00234FF48073A3
:1039E800C4F80816C4F80C3603F0FEFE08B1FFBE92
:1039F800FEE704F28C53C4F8D855C4F8283603B04F
:103A080030BD00BF00200240004402584000024080
:103A1800A84C0020014804F039BD00BF985200208E
:103A280002682DE9F84F504B9A4201D0BDE8F88F53
:103A38004E4D95F86836002BF8D095F85035002B88
:103A48007BD0002405F13C0905F2625605F5AA670A
:103A5800A04613E003F0010117F811BCA9F12800F2
:103A680000F0C0FCBBF1010F25D895F850350134A2
:103A780009F154090236A2B293422BD917F8012F43
:103A8800002AF4D0D5F884350021327833F81400B0
:103A9800D5F8883503EB041323F812003388013373
:103AA8009BB233805FFA83FA3A789A42D2D88A4630
:103AB800A6F80080D0E7CAF34001A9F1140000F08D
:103AC80091FCBBF1020FCAF38001CED0484600F04A
:103AD80089FCCAE7002395F8680625490922984217
:103AE800C5F8F8354FF48060C5F8F015C5F8F42529
:103AF8004FF400614FF40052C5F8FC3508BF4FF48D
:103B08008073C5F80006C5F80416C5F80826002213
:103B18001848C5F80C36C5F81026C5F8142603F061
:103B280063FE08B1FFBEFEE795F85025D5F8841569
:103B38001148BDE8F84F02F0F9BE0D4909224FF4CB
:103B48008060C5F8F835C5F8F0154FF40061C5F880
:103B5800F4254FF40052C5F8FC35C5F80006C5F841
:103B68000416C5F80826D2E700200240A84C002019
:103B7800400002409852002034520020704700BF95
:103B88000C4B4FF60B71002203F5A8601980DA6020
:103B980099821A6219855A6399879A64C3E901223E
:103BA800C3E90622C3E90B22C3E910225433984221
:103BB800ECD17047A84C0020504B02689A4200D0C4
:103BC80070474F4BD3F8E81030B541F000514D4CD9
:103BD80087B0D4F85421C3F8E810D3F8E81001F0FE
:103BE800005104910499D3F8E01041F00101C3F8A1
:103BF800E010D3F8E03003F001030593059B32F0A1
:103C080002033DD0013A012A6CD9D4F85831012B6E
:103C18000AD000223620114603F034FA362007B0C5
:103C2800BDE8304003F06CBAD4F8543133F00202E6
:103C380035D0013B012BECD8442240233249334D87
:103C4800C4F88C1000212846C4F8B010C4E9242315
:103C580000224FF48063C4E926234FF400624FF436
:103C68000053C4E928234FF480724FF48033C4E929
:103C78002A2303F0B9FD88B9E560C4F8C440C8E751
:103C88004FF48061032204F5BA700093ADF80C106C
:103C9800039900F0B5FAD4F85421B3E7FEE71C4BBA
:103CA800A2634322636140231A4DC4E9062300221C
:103CB8004FF480632846C4E908234FF400624FF4A8
:103CC8000053C4E90A234FF480724FF48033C4E9E7
:103CD8000C2303F089FD20B9D4F85431A560E464BD
:103CE800A7E7FEE74FF4A061002303220A48ADF8D6
:103CF8000C100399009300F083FA86E700740040E3
:103D0800004402581853002028040240A4530020FD
:103D1800100402402C530020A0540020014804F055
:103D2800B5BB00BF2C530020014804F0AFBB00BF57
:103D3800A453002010B5054C204603F06FFB04F592
:103D48008270BDE810400AF03FBE00BF1853002043
:103D5800164BD3F85421D3F86411022A4FEA5101C3
:103D680030B583B00CD088B2D3F86821D3F870414D
:103D780002EB400300930CB16846A04703B030BD86
:103D8800D3F86C21002AF9D088B2D3F86841D3F867
:103D9800705104EB400402EB4002CDE90042002DD3
:103DA800ECD06846A84703B030BD00BF18530020C8
:103DB800134BD3F85421022A10B582B00CD0D3F893
:103DC8006811D3F87021009122B1D3F864116846C4
:103DD8004908904702B010BDD3F86C21002AF9D0E9
:103DE800D3F86811D3F87041CDE90012002CF1D056
:103DF800D3F8641168464908A04702B010BD00BF57
:103E080018530020094BD3F85421022A0DD000B5CD
:103E1800D3E95B1283B0019122B1D3F8641101A8F0
:103E28004908904703B05DF804FB70471853002019
:103E38000B4BD3F85421022A10D0D3F8641110B5D3
:103E4800D3E95B24C1F34F0382B0490802EB430373
:103E580001930CB101A8A04702B010BD704700BF84
:103E68001853002030B58C463A4C3B4D8DB0046059
:103E780004F5A87EBCE80F00AEE80F00DCF80030BF
:103E880020462560CEF8003003F0DAF90023D4F894
:103E980058510393CDB11622012D049218D0002257
:103EA800D4F860110125D4F854319142CDE9065275
:103EB80018BF0222059233F0020235D0013B012BD4
:103EC8003DD9002528460DB030BD02230493E6E70E
:103ED800224A0093C4F80C31C4F81431C4F8042100
:103EE800C4F81C31CDE9013302F028F8D4F8503178
:103EF8004BF68032C4F80851002B08BF1346B0FBBC
:103F0800F3F304F58270C4F810310AF01FFB00289F
:103F1800D8D120230290694604F5827000930AF0F4
:103F2800FDFD0028BBD0CDE703A90A4803F0AAFA93
:103F38000028C7D1D4F85431013B012BC1D8102235
:103F480003A9044803F09EFA051E18BF0125284658
:103F58000DB030BD18530020007400400010004020
:103F680070B504681D4682B01046D4F85831012B4C
:103F780003D0D4F85431022B24D1D4F85C31069AFA
:103F8800002BC4F86811C4F870212B460CBF082612
:103F98000026C4F86C010A46C4F864510021204682
:103FA800009603F063F9D4F86C212B4610212046C3
:103FB800009603F05BF904F582700AF07DFB00209F
:103FC80002B070BD012002B070BD00BF10B504681A
:103FD800D4F85831012B09D1D4F8543133F0020107
:103FE80006D0013B012B0BD9002010BD012010BDCC
:103FF800204603F0C7F9D4F85431013B012BF3D81C
:104008001021204603F0BEF9002010BD000000007A
:104018009FED097B0A4B00224FF60B71C3F88021F4
:10402800C3F88C21A3F87411A3F8881183ED5E7B83
:10403800C3E96422704700BF0000000000000000D0
:104048001853002003780B2B2DD042780F2A2AD83A
:104058004168022910B590B03ED0032902D0012949
:1040680000D000210C918168012902D0022918BFD3
:1040780000210D91C168022904D0032902D0012929
:1040880018BF00210A2B0E910ED85B4C04EB832439
:1040980004610A2B17D8DFE803F009A09284766838
:1040A8005A4C3E30220070470024F1E7534BD3F8B6
:1040B800E01041F00101C3F8E010D3F8E03003F05C
:1040C80001030093009B01230BA9204693400B9307
:1040D80004F02EFD10B010BD11210C91C3E7474B21
:1040E800D3F8E01041F48061C3F8E010D3F8E03071
:1040F80003F480630A930A9BE5E7404BD3F8E0108A
:1041080041F40071C3F8E010D3F8E03003F4007311
:104118000993099BD7E7394BD3F8E01041F4807134
:10412800C3F8E010D3F8E03003F480730893089BD9
:10413800C9E7324BD3F8E01041F08001C3F8E01032
:10414800D3F8E03003F080030793079BBBE72B4BC2
:10415800D3F8E01041F04001C3F8E010D3F8E030A4
:1041680003F040030693069BADE7244BD3F8E01019
:1041780041F02001C3F8E010D3F8E03003F0200349
:104188000593059B9FE71D4BD3F8E01041F0100104
:10419800C3F8E010D3F8E03003F010030493049B55
:1041A80091E7164BD3F8E01041F00801C3F8E0108E
:1041B800D3F8E03003F008030393039B83E70F4B26
:1041C800D3F8E01041F00401C3F8E010D3F8E03070
:1041D80003F004030293029B75E7084BD3F8E01041
:1041E80041F00201C3F8E010D3F8E03003F0020315
:1041F8000193019B67E700BF000002580044025882
:1042080010B592B0ADF804100180C9B2149C0B2906
:10421800C460C0E901233FD090F801C0BCF10F0F82
:104228003AD8022A3FD0032A02D0012A00D000221D
:104238000E92012B02D0022B18BF0023022C0F93E1
:104248002CD0032C2AD0012C28D000230A29109323
:1042580027D85C4A02EB812202610A2914D8DFE8D8
:1042680001F0A39587796B5D4F4133250600564BC6
:10427800D3F8E01041F48061C3F8E010D3F8E030DF
:1042880003F480630C930C9B01230DA9104603FAD9
:104298000CF30D9304F04CFC12B010BD0A291094D5
:1042A800D7D90022D8E711220E92C2E7464BD3F89D
:1042B800E01041F40071C3F8E010D3F8E03003F4E3
:1042C80000730B930B9BDFE73F4BD3F8E01041F4EF
:1042D8008071C3F8E010D3F8E03003F480730A93D8
:1042E8000A9BD1E7384BD3F8E01041F08001C3F8BE
:1042F800E010D3F8E03003F080030993099BC3E78B
:10430800314BD3F8E01041F04001C3F8E010D3F886
:10431800E03003F040030893089BB5E72A4BD3F835
:10432800E01041F02001C3F8E010D3F8E03003F0CA
:1043380020030793079BA7E7234BD3F8E01041F02E
:104348001001C3F8E010D3F8E03003F0100306932F
:10435800069B99E71C4BD3F8E01041F00801C3F81D
:10436800E010D3F8E03003F008030593059B8BE7D2
:10437800154BD3F8E01041F00401C3F8E010D3F86E
:10438800E03003F004030493049B7DE70E4BD3F85D
:10439800E01041F00201C3F8E010D3F8E03003F078
:1043A80002030393039B6FE7074BD3F8E01041F038
:1043B8000101C3F8E010D3F8E03003F001030293E1
:1043C800029B61E7000002580044025808B5012129
:1043D80043780069994089B204F0ACFD003818BFF1
:1043E800012008BD01230A464178006903FA01F15A
:1043F80089B204F0A5BD00BF10B5002386B0122213
:1044080004460493CDE902230368022B1FDC002B2A
:1044180001DB0423059323790A2B1FD8114800EBED
:1044280083206279012301A99340019304F080FB62
:10443800A3790A2B14D80B4800EB8320E2790123D7
:1044480001A99340019304F073FB06B010BD032B40
:10445800E1D10623059323790A2BDFD90020E0E771
:104468000020EBE700000258634A0368934210B546
:104478008CB028D0614A934258D0614A934200F0E8
:104488009480604A934201D00CB010BD5E4C5F48E6
:10449800D4F8E03043F00203C4F8E030D4F8E03058
:1044A80003F002030A930A9BFFF7A6FFD4F8F4303F
:1044B80043F08003C4F8F430D4F8F43003F08003F8
:1044C8000B930B9BE0E7504C5148D4F8E03043F095
:1044D8000203C4F8E030D4F8E03003F0020301939B
:1044E800019BFFF789FFD4F8E83000221F2043F42E
:1044F80000131146C4F8E830D4F8E83003F4001388
:104508000293029BD4F8D83043F00103C4F8D830A2
:10451800D4F8D83003F001030393039B02F0B2FDF3
:104528001F200CB0BDE8104002F0EABD364C3948F7
:10453800D4F8E03043F08003C4F8E030D4F8E03039
:1045480003F080030493049BD4F8E03043F00203A3
:10455800C4F8E030D4F8E03003F002030593059B7B
:10456800FFF74AFFD4F8E8300022212043F4800303
:104578001146C4F8E830D4F8E83003F48003069311
:10458800069BD4F8D83043F00103C4F8D830D4F8E7
:10459800D83003F001030793079B02F073FD212035
:1045A8000CB0BDE8104002F0ABBD1B48FFF724FF7C
:1045B800154B00224820D3F8E840114644F4000483
:1045C800C3F8E840D3F8E84004F400040894089CD1
:1045D800D3F8D84044F00104C3F8D840D3F8D83011
:1045E80003F001030993099B02F04CFD48200CB02D
:1045F800BDE8104002F084BD00540040005800405F
:10460800005C0040001C0058004402585857002025
:10461800B854002098550020785600202DE9F04322
:104628001A4B87B000254FF010099E46EC46184BF0
:10463800FF22E04667461A700EF118060EF13004A4
:10464800CDE90055CDE90255ADF80090BCE80F0062
:10465800CDE90455AEE80F009CE803000095ADF8DD
:1046680000908EE80300B8E80F000FC69CE803002E
:104678000095ADF8009086E803000FCF0FC49CE8C2
:10468800030084E8030007B0BDE8F0834000002081
:10469800B454002010B5EFF3108472B6084B1A78A2
:1046A800120602D504B962B610BD1878054B40B29F
:1046B800C0EBC00003EB4010143003F0E7FEF1E755
:1046C800B4540020B8540020014805F025BD00BFAF
:1046D80044550020014805F01FBD00BF24560020A6
:1046E800014805F019BD00BF045700202DE9F0432B
:1046F8000D6885B0404EC5EBC503032D4FEA43173F
:1047080006EB4313036041DCCA680C46012A3DD816
:104718004FEAC5084CD020689C466168A8EB05099B
:10472800A2680DF1100EE36806EB4919ACE80F001A
:10473800324B227C8CF80020D9F808C00FCB0EE948
:104748000F000EEB8503BCF1010F53F8103CC9F8BC
:104758008C3032D0BCF1020F43D0BCF1000F36D000
:10476800227C8C37A8EB050500233744520006EB62
:10477800451601213846C6F8AC30C6E92521C6E9F8
:104788002733C6E9293305F0D7F918B1012005B058
:10479800BDE8F0830146384605F0CAFC0028F5D18B
:1047A8000146384605F0EEFC003818BF0120EEE758
:1047B8000A7C103A672AAED9E8E701F0BDFB104B36
:1047C80098420CBF0F4B104BC9F89030C8E701F066
:1047D800B3FB0B4B98420CBF0C4B0D4BC9F89030F8
:1047E800BEE701F0A9FB064B98420CBF094B0A4BE8
:1047F800C9F89030B4E700BFB8540020004C012439
:10480800000E27072D0FB0303211D0205F43906083
:104818008A62E030200BA0101A0980102DE9F041BF
:10482800046884B09846E368BDF82C70CBB90D468F
:1048380016468C34204605F077FC2028FAD120460D
:104848000C9C69004346324689B2CDE901740A9C42
:10485800009405F0FBFA003818BF012004B0BDE849
:10486800F081012004B0BDE8F08100BF2DE9F041DE
:10487800046884B09846E368BDF82C70CBB90D463F
:1048880016468C34204605F04FFC2028FAD12046E5
:104898000C9C69004346324689B2CDE901740A9CF2
:1048A800009405F09FF9003818BF012004B0BDE856
:1048B800F081012004B0BDE8F08100BF094B6FF022
:1048C800F41110225960C3F8E4101A7483F8F02028
:1048D800C3F8C41183F8D021C3F8A41283F8B02216
:1048E800704700BFB854002030B5002395B04FF48E
:1048F8008071062204460B9306921393CDE90C139C
:10490800CDE90E33CDE9113301F01AFB07282BD07E
:1049180004F1100541F2883206A9284606F070FC19
:1049280028B10123184684F85C3015B030BD022246
:10493800022306A92846CDE9002310220123CDE948
:10494800022300224FF48003CDE9042305224FF00F
:10495800807306926A460F9341F2883306F0BCFDD5
:104968000028DED115B030BD0323012084F85C3067
:1049780015B030BD0000000070B50023A4B04FF0A2
:1049880080724FF480750446ADF806300D93CDE97A
:1049980010320122CDE90E53CDE91223CDE91433AB
:1049A800002943D0F02300F1100508AEADF8063019
:1049B800C02341F2883231462846089306F020FC8D
:1049C80028B10123184684F85C3024B070BD41F248
:1049D80088320DF10601284606F07CFC03460028C3
:1049E800EFD105224FF480711E93284616924FF09E
:1049F80080721B9321931F9202AA9FED1F7BCDE922
:104A08001C13CDE922338DED027B9FED1D7B41F216
:104A1800883316A98DED047B9FED1B7B8DED067BFE
:104A280006F05AFD0028CCD124B070BD00F1100565
:104A380008AE612341F2883231462846089306F0D1
:104A4800DFFB0028BDD141F288320DF1060128466E
:104A580006F0BEFC0028B4D1BDF80630204623F08D
:104A6800780343F04003ADF80630FFF73DFF002818
:104A78009ED0A6E7AFF30080000000000100000010
:104A880010000000010000000000000000004000CD
:104A98002DE9F04F00234FF4807501264FF0807800
:104AA80004462DED028BABB08DF80730139321939C
:104AB800299314950E96CDF85C80CDE91533CDE990
:104AC8001863CDE91A33CDE92253CDE92433CDE972
:104AD800273306231C9301F033FA072808D004F182
:104AE800100741F288321CA9384606F089FB40B10C
:104AF8000123184684F85C302BB0BDEC028BBDE86E
:104B0800F08F4FF0020A4FF0020B4FF0050941F207
:104B1800883308AA1CA93846CDF89480CDF870903F
:104B28009FED2F8BCDE908AB4FF0000A4FF4800BB7
:104B38008DED0A8BCDE90CAB06F0CEFC0028D7D161
:104B480041F2883238460EA906F05AFB0028CFD128
:104B5800402341F288320DF1070138468DF80730BD
:104B680006F0B8FB0028C3D141F288330EA902AA87
:104B78003846CDF83890CDF85C809FED1B7BCDE9A9
:104B880006AB8DED027B9FED1A7B8DED047B06F065
:104B9800A3FC03460028ABD1CDF870904FF0010973
:104BA800CDF894804FF00008219308AA29931CA9F6
:104BB80038462295CDE92333CDE9273341F28833AE
:104BC8008DED0A8BCDE90CABCDE9088906F084FCA4
:104BD800002891D0304684F85C608DE7AFF3008000
:104BE8001000000001000000400000004300000029
:104BF80000800000010000002DE9F04F00234FF471
:104C0800807601254FF0807804462DED028BABB0FD
:104C1800CDE9153313932193299314960E95CDF866
:104C28005C80CDE91853CDE91A33CDE92263CDE98B
:104C38002433CDE9273306231C9301F081F9072893
:104C480008D004F1100741F288321CA9384606F052
:104C5800D7FA40B10123184684F85C302BB0BDEC7C
:104C6800028BBDE8F08F4FF0020A4FF0020B4FF0B5
:104C7800050941F2883308AA1CA93846CDF8948062
:104C8800CDF870909FED308BCDE908AB4FF0000A5E
:104C98004FF4800B8DED0A8BCDE90CAB06F01CFCB4
:104CA8000028D7D141F2883238460EA906F0A8FA72
:104CB8000028CFD1402341F288320DF10701384650
:104CC8008DF8073006F006FB0028C3D19DF80730A1
:104CD80008AA0C90FF2008934FF400430EA90B95E7
:104CE800CDF83890CDF85C80CDE909034FF4800306
:104CF80038460D9341F2883306F0EEFB0346002850
:104D0800A8D10022219329931CA938462296CDF8D0
:104D18007090CDF89480CDE92333CDE92733012372
:104D2800CDE9022341F2883302AA8DED048BCDE947
:104D380006AB06F0D1FB002890D0284684F85C50DA
:104D48008CE700BFAFF300801000000001000000F6
:104D580070B50122AAB004460D465F48C02104F090
:104D6800EFF800265D4B06965B4895FAA5F5CDE968
:104D78000466D3F8E02042F02002C3F8E020C02205
:104D8800D3F8E03003F0200301930123019902A92D
:104D9800CDE9022303F0CCFE142001F071FA32466B
:104DA800C0214D4804F0CCF8142001F069FA012222
:104DB800C021494804F0C4F8142001F061FA012325
:104DC800474AE6612261C4E90533002D77D0B5FA78
:104DD80085F1013900234FF4807604F11005C4E908
:104DE80008162846C4E90B3306F09CF930B10123B4
:104DF8001D4684F85C3028462AB070BD662316909C
:104E0800179041F2883213900EA91B900E93CDE9AA
:104E18001460CDE91900284606F0F2F90028E6D119
:104E280099230EA941F2883228460E9306F0E8F934
:104E38000028DCD105230121249008AA219027907D
:104E48001C934FF08073CDE92260CDE92800102033
:104E5800259341F28833CDE90A019FED1D7B00209F
:104E68004FF48001CDE90C011CA928468DED087B83
:104E780006F032FB0028BAD12046FFF7BDFE002815
:104E8800B5D1284606F0AAF905460028AFD12379FE
:104E98000A2B18D963790121994003F083FFA3797C
:104EA8000A2B0ED80F4800EB83200126E17906FA79
:104EB80001F103F077FF266684F864609BE71F2101
:104EC80088E70020F1E7074800EB8320E2E700BF0E
:104ED80000000000010000000014025800440258BD
:104EE80000500052000002582DE9F041684CA2B071
:104EF8000D46046001F024F807284BD028682346A3
:104F0800AA68696807C3AA89184620F8042B267B73
:104F1800677B06F063F9002834D1012E94F86430D9
:104F280014BF4FF480154FF400052366002B39D0C9
:104F3800584B95FAA5F523610123C4E905330023ED
:104F4800E361002D6ED0B5FA85F1013900234FF4E5
:104F580080785148C4E90818C4E90B3306F0E2F830
:104F680080B966230B90139041F2883206A9069304
:104F7800CDE90C80CDE90E00CDE91100464806F0D8
:104F88003FF9A0B101231D4684F85C30284622B0C1
:104F9800BDE8F08101250323284684F85C3022B05F
:104FA800BDE8F08129462046FFF7D2FEC0E79923E5
:104FB80041F2883206A93848069306F021F90028FC
:104FC800E0D105231C9019906A4614934FF0807322
:104FD800219014A91D9341F288339FED277BCDE9D9
:104FE8001A80CDE91F008DED007B9FED257B2A48B7
:104FF8008DED027B9FED247B8DED047B06F06CFA32
:105008000028BFD131462248FFF7B6FC0028B9D1A5
:105018001F48FFF73DFD05460028B3D127B10223FD
:105028002366B3E71F2191E7EB230026002718909A
:1050380014934FF440631F9006AA1B934FF4005338
:10504800209014A917934FF4404313481C93A023AE
:10505800CDF868801693062319934FF08053219357
:105068004FF04073CDE906671D9306F0ADFA0028AE
:10507800D5D087E7AFF300800000000001000000F2
:1050880010000000010000000000000000004000C7
:105098003858002000500052485800205E4B0268E3
:1050A8002DE9F0419A428CB04FF00004CDE9074455
:1050B800CDE909440B9402D00CB0BDE8F081574B00
:1050C800574DD3F8D420574F42F48042564EDFF85C
:1050D8005C81C3F8D420D3F8D42002F48042009233
:1050E800009ADA6F42F48042DA67DA6F22F480427B
:1050F800DA67D3F8E02042F04002C3F8E020D3F8A2
:10510800E02002F040020192019AD3F8E02042F038
:105118002002C3F8E020D3F8E02002F02002029237
:10512800029AD3F8E02042F01002C3F8E020D3F846
:10513800E02002F010020392039AD3F8E02042F034
:105148000202C3F8E020D3F8E03003F0020304932E
:10515800049B22E014F0FC0252D103F1200155F81F
:10516800211008780A2839D891F801C0012109923C
:1051780007EB802201FA0CF107910221CDF8148087
:10518800089103210A910CA90B4413F81C3C07A9A8
:10519800104601340B9303F0CBFC2A6EE3B2002ACD
:1051A800D8D0052B2CD803F11A0255F822100A780A
:1051B8000A2A18D9497801228A4002210792002236
:1051C800CDE9081203210A910CA90B4496E80300C3
:1051D8000590ADF8181013F81C3CD8E74878012161
:1051E80009928140C8E74878012107EB8222814073
:1051F800022007910021CDE9080103210A91E3E784
:1052080000225C20114601F03DFF5C2001F078FF90
:105218000CB0BDE8F08100BF0050005200440258B5
:105228003858002000000258B84C01240A0A090A1C
:105238000268F8B5194B9A4200D0F8BD184A002404
:10524800184F0125D2F8D430174E23F48043C2F802
:10525800D43011E014F0FC0F1BD157F821301A7824
:105268000020597801340A2A05FA01F198BF06EBA3
:10527800822089B203F096FDE3B23A6E03F1200171
:10528800002AE7D0052B03F11A0202D857F822307A
:10529800E5E75C20BDE8F84001F040BF005000524F
:1052A800004402583858002000000258014806F00F
:1052B80017BA00BF485800200E4B6FF0F4120021B7
:1052C800981C30B41C1D9D1D9A605D671C67C3E95E
:1052D8000022C3E9181103F10A0203F1080130BCE6
:1052E800C3E91A30C3E91E12C3E92030C3E9221208
:1052F800704700BF3858002038B5036871B9026A92
:1053080000F1280500F5AC74012A0CBF00214021EA
:105318008BBB1D4B5722C0F858310DE0426A00F193
:10532800C00500F5E874012A0CBF00214021EBB14B
:10533800164B5A22C0F8D03100232046C4E9012177
:105348004FF480524FF48061636262614FF480428F
:10535800C4E903314FF48073C4E906234FF40033E2
:10536800236202F041FA58B1FFBEFEE7084B58220B
:10537800C0F8D031E0E7074B5922C0F85831DBE7D5
:10538800C5E92044A56338BD100002407000024002
:1053980028000240580002402DE9F043C28889B035
:1053A80081468388ADF800200089B9F80A10B9F859
:1053B8000C20ADF80230D9F81830ADF80400ADF87B
:1053C8000610ADF80820002B3FD0D9F81C70B7FAAA
:1053D80087F77F09012502236C460DF10A06DFF8DD
:1053E80070800695CDE9043599F80420207882422A
:1053F800627818D0D9F80010F9B1012902D1F8B1B2
:105408000A2107910A2805FA02F203A994BF08EBBA
:1054180080200020039203F08BFB0234A642E3D1E4
:1054280009B0BDE8F08399F805109142E2D1002F48
:10543800F3D0D9F800100029DFD106210791E1E760
:10544800022A0CBF08210A21DBE70127C2E700BFB7
:1054580000000258534A0368934230B505468BB0A2
:1054680055D02032934252D04F4A934204D0203232
:10547800934201D00BB030BD4C4C4D48D4F8E030CD
:1054880043F00103C4F8E030D4F8E03003F001033E
:105498000593059BD4F8E03043F00803C4F8E030E6
:1054A800D4F8E03003F008030693069BD4F8E03004
:1054B80043F04003C4F8E030D4F8E03003F0400390
:1054C8000793079BD4F8F03043F40003C4F8F03096
:1054D800D4F8F03003F400030893089BFFF75CFF4F
:1054E800D4F8D830296843F001032F4A3048C4F86B
:1054F800D830891AD4F8D83018BF012103F0010335
:105508000993099B0BB0BDE83040FFF7F5BE274C67
:105518002848D4F8E03043F00103C4F8E030D4F868
:10552800E03003F001030093009BD4F8E03043F02F
:105538001003C4F8E030D4F8E03003F0100301930E
:10554800019BD4F8E03043F04003C4F8E030D4F8CD
:10555800E03003F040030293029BD4F8F03043F4A8
:105568008003C4F8F030D4F8F03003F480030393D8
:10557800039BFFF711FFD4F8D830296843F00103E3
:10558800084A0C48C4F8D830891AD4F8D83018BF5B
:10559800012103F001030493049B0BB0BDE83040E4
:1055A800FFF7AABE04580140045C014000440258B9
:1055B800245B0020C8580020014802F067BF00BFE4
:1055C800205A0020014802F061BF00BF985A00200D
:1055D800014802F05BBF00BF7C5C0020014802F07C
:1055E80055BF00BFF45C00201A4A0368934210B408
:1055F8000BD02032934208D0174A934216D020325B
:10560800934213D05DF8044B7047144B0022D3F833
:105618005442C3F85822002CF4D0D3F84802D3E9F6
:10562800931223465DF8044B520818470B4B00228F
:10563800D3F8B044C3F8B424002CE3D0D3F8AC2496
:10564800D3F8A814D3F8A404520823465DF8044BF1
:10565800184700BF04580140045C0140C8580020A6
:10566800184A0368934210B40BD02032934208D0F2
:10567800154A934217D02032934214D05DF8044B58
:105688007047124BD3E994245208C3F85822002CCF
:10569800F4D0D3E99201234601EB820100EB8200AA
:1056A8005DF8044B1847094BD3F8AC24D3F8B04441
:1056B8005208C3F8B424002CE0D0D3F8A814D3F8C7
:1056C800A404E8E704580140045C0140C8580020DD
:1056D8002DE9F0470C684FF41776774F86B004FB36
:1056E80006F6012C07EB0608C0F8008000F39F803F
:1056F80000230D468E46C446C8F85032C8E9923396
:1057080069A3D3E900236AA1D1E90001CDE9022305
:1057180006AB03EB8403CDE9040153F810AC53F84E
:10572800089CBEE80F00ACE80F00BEE80F00ACE82C
:105738000F009EE80300C8F828A0C8F8C0908CE8BD
:1057480003002B69042B0CD8DFE803F078828C96D1
:1057580003004FF41773594A03FB04739A64C3F8A0
:10576800E020AA692B6A002A42D0002B4FF4177355
:1057780008BF022203FB047318BF0322DA62012266
:105788001A63EA696B6A002A3FD1191E4FF417732E
:1057980018BF012103FB0473C3E9311269690129A8
:1057A80043D0022947D1032500214FF4177306F18E
:1057B80028002A46019103FB0473002438445C64E2
:1057C8005C63DC65C3F8DC40C3F8CC40C3F8F44044
:1057D800C3E90F44C3E91544C3E93544C3E93B446D
:1057E800022308F083FB019900284FD0FFBEFEE793
:1057F800191E4FF4177318BF012103FB0473C3E983
:105808000B12EA696B6A002ABFD0002B4FF417739A
:105818000CBF0222032203FB0473C3F8C420012235
:10582800C3F8C82069690129BBD10225BDE7012059
:1058380006B0BDE8F08700252946B6E74FF4177390
:105848004FF4FA5203FB04739A64C3F8E02088E724
:105858004FF417734FF47A5203FB04739A64C3F836
:10586800E0207EE74FF417734FF4FA4203FB04730A
:105878009A64C3F8E02074E74FF417734BF680324C
:1058880003FB04739A64C3F8E0206AE706F1C000DA
:1058980002232A46384408F029FB0028C8D0FFBE56
:1058A800FEE700BFAFF3008004580140045C0140EC
:1058B80024580140245C0140C858002000770100AA
:1058C8000068704770B5046882B015460E46C4F883
:1058D8005032C4E99212069AC4F85422A269012AE5
:1058E80026D0626A012A9AB211D0294604F1C00072
:1058F800019208F023FC236A019A012B10D0294653
:1059080004F1280008F01AFC002002B070BD04F170
:10591800C000019208F0A4FC236A019A012BEED181
:10592800314604F1280008F09BFC002002B070BD4D
:10593800226A012A9AB211D0294604F1280001925C
:1059480008F0FCFB636A019A012B10D0294604F188
:10595800C00008F0F3FB002002B070BD04F128007D
:10596800019208F07DFC636A019A012BEED1314661
:1059780004F1C00008F074FC002002B070BD00BF44
:1059880010B5046804F1280008F06AFB04F1C000AF
:1059980008F066FB002010BD03681B69042B05D8BE
:1059A800044A02EB830393ED000A70479FED020A55
:1059B800704700BFC04C012400803B470368D3F800
:1059C80058027047064B6FF0F4124FF60B71C3E99B
:1059D80001229981A3F86812C3E99822704700BF91
:1059E800C8580020704700BF08B500F037FCBDE874
:1059F800084001F021BC00BF064808B503680BB198
:105A080003F0A2FA044803681BB1BDE8084004F09B
:105A1800E5BB08BD98620020885D0020064808B5EF
:105A280003680BB103F090FA044803681BB1BDE8A2
:105A3800084004F0D3BB08BD98620020885D0020B0
:105A4800064808B503680BB103F07EFA04480368FA
:105A58001BB1BDE8084004F0C1BB08BD9862002036
:105A6800885D0020364BDA6A520062D59A6A9A6AD3
:105A78009A6A9B6A180600D500BE314B9B6A990644
:105A880000D500BE2E4B9B6ADA0600D500BE2C4B13
:105A98009B6A1B0700D500BE294B9B6A980700D557
:105AA80000BE274B9B6AD90700D500BE244B9B6AD2
:105AB8001A0400D500BE224B9B6A9B0400D500BE89
:105AC8001F4B9B6AD80400D500BE1D4B9B6A190565
:105AD80000D500BE1A4B9B6A5A0500D500BE184B6C
:105AE8009B6A9B0500D500BE154B9B6AD80500D55F
:105AF80000BE134B9B6A990100D500BE104B9B6AF0
:105B0800DA0100D500BE0E4B9B6A1B0300D500BE10
:105B18000B4B9B6A580300D500BE094B9B6A99033F
:105B280000D500BE064B9B6ADA0306D400BE00BE51
:105B3800FEE7DB6A9B07FAD5F8E700BEF6E700BF89
:105B480000ED00E000F096BB00F09ABBB0B1431E38
:105B5800022B12D81F4B9B6803F17843B3F5003F23
:105B68000BD3022831D003282BD11B4B1B4A1A60B8
:105B78001B4B00221A6601F0E5BA704700B540F2E7
:105B8800063189B04FF60B720346ADF8081002993A
:105B98000090ADF80C2001220690CDE9040003A87E
:105BA800FEF72EFB03A80121FEF71CFC0A2000F0DB
:105BB80067FB0B4B00221A6609B05DF804EB01F095
:105BC800C1BA054B00221A60D2E7034B054A1A6096
:105BD800CEE700BF00ED00E000008038FA4E07B0C5
:105BE8000044025807B0FE5A0A4B9B6803F17843F9
:105BF800B3F5003F0BD3084B986848B19868012863
:105C080006D09868022803D09B68032070470120BB
:105C1800704700BF00ED00E0000080380000000081
:105C28002DE9F041CEB004464C2200210AA80EF01E
:105C3800C7FF2022002102A80EF0C2FFC0220021C7
:105C48001EA80EF0BDFF022005F086F92368012B7F
:105C58004FF0000354D0584A02250193C820D16A56
:105C6800564B21F00101D162D26A02F00102019281
:105C78009A6942F440429A619B6903F44043019354
:105C8800019B4E4A93699B04FCD54D49022400228E
:105C980001268B6A04274FF0080823F003032343E7
:105CA8008B62052316900AA818934FF48033109638
:105CB800179419941597CDF86880CDE91B222122F5
:105CC800CDE91344CDE90A2305F0AAFE00B1FEE7A9
:105CD8003F220323294602A8CDE9022300220823F4
:105CE800CDE9042340224023CDE9062340234FF485
:105CF8008062CDE9082306F02DFA0346B8B1FEE725
:105D08002E4A04250093F02091692B4B41F4404121
:105D18009161926902F440420092DA6A42F001020B
:105D2800DA62DB6A03F001030093009BA9E72022F3
:105D380026932E9380212C924FF48052319306257E
:105D48003F931EA8279236924FF4803225914FF444
:105D580040113292479200222895802540911021C7
:105D6800CDF888802B9720962A91CDE92F3440F2E0
:105D7800271329934FF480632D930023CDE92346FD
:105D8800CDE93C234FF480740C23449402242193DE
:105D980007A3D3E90023CDE93445CDE91E2306F056
:105DA800C5FC00B1FEE705F0FBF84EB0BDE8F08198
:105DB8000F130F03000000000004005800480258A9
:105DC8000044025870B584B0012401F0E3F94FF49F
:105DD80080764FF04052194B68460025ADF80040D8
:105DE8000396CDE9012301F0F3F919224FF040435E
:105DF80068468DF8082001938DF80F40ADF80D60C6
:105E08008DF801408DF80A5001F0E2F902230B22C7
:105E180068468DF80F508DF801304FF062538DF8B9
:105E280008200193ADF80D408DF80A4001F0D0F933
:105E3800042001F0BDF904B070BD00BF0E000103DD
:105E480030B50D46044685B0D1E9000184E8030069
:105E580000F0D4F9AB79002B63D00CF025FDFEF7E8
:105E6800DDFB0AF0D7FF0CF0C3F92B795BB3304C9C
:105E7800636913F4803326D1C4F88430BFF34F8F9D
:105E8800D4F8801043F6E07EC1F34E3CC1F3C9015B
:105E98004FEA4C1C0CEA0E000B4640EA8372013BA9
:105EA800C4F860225A1CF8D1ACF1200C1CF1200F68
:105EB800F0D1BFF34F8F636943F480336361BFF35D
:105EC8004F8FBFF36F8F6B79B3B1194A536913F4CE
:105ED800003311D1BFF34F8FBFF36F8FC2F8503229
:105EE800BFF34F8FBFF36F8F536943F40033536190
:105EF800BFF34F8FBFF36F8F4FF0FF3200230024A3
:105F0800002569460B4802928DF80C30CDE9004512
:105F18000BF0B4FB07480BF019FC0AF017F905B0B1
:105F280030BD2046FFF77CFE2046FFF74BFF94E785
:105F380000ED00E0805D002006F074BA06F0BABA01
:105F48001C4B9B6803F17842B2F5003F25D3B3F5AB
:105F5800803F20D303F16042B2F5003F1FD303F125
:105F68005C42B2F5002F1CD303F17042B2F5902FBA
:105F780019D303F14842B2F5803F16D303F18042AA
:105F8800B2F1806F13D303F1E043B3F5000F2CBFD8
:105F98000820072070470120704700207047022022
:105FA800704703207047042070470520704706207B
:105FB800704700BF00ED00E003480023034A04498E
:105FC80003600EF09BBA00BF805D00200000002037
:105FD800ED59002400F2C441D0F8080509F01CBCB2
:105FE80001EBC10300EB8303D0F80805D3F888223E
:105FF80009F042BC01EBC10300EB8303D0F80805AC
:106008009A6C09F073BC00BFD0F8080509F01CBDF4
:10601800016910B5044619B1022900D0FEE7012133
:10602800D4F8080509F0F0FCD4F80805BDE81040DC
:1060380009F0BCBC10B50446D0F8080509F0E8FC26
:106048002268D2F8003E43F00103C2F8003E236AFA
:1060580023B1034A136943F00603136110BD00BF5F
:1060680000ED00E0D0F8080509F0E2BCD0F808051A
:1060780009F010BDD0F8080509F0F6BCD0F80805FD
:1060880009F01EBDD0F8080509F01CBD9446D0F8EB
:10609800C8021A4608B5634604F05AFE032802D817
:1060A800024B185C08BD032008BD00BFD44C012476
:1060B800D0F8C80208B504F0CDFE032802D8024B78
:1060C800185C08BD032008BDD44C0124D0F8C802D0
:1060D80008B504F003FF032802D8024B185C08BD7A
:1060E800032008BDD44C01240A06D0F8C83206D4CF
:1060F80001EBC10103EB810191F87E02704701F0C9
:106108007F0101EBC10103EB810191F83E0070476B
:10611800D0F8C80208B504F005FE032802D8024BDF
:10612800185C08BD032008BDD44C0124D0F8C8026F
:1061380008B504F06DFE032802D8024B185C08BDB0
:10614800032008BDD44C0124D0F8C80208B504F0D7
:106158003DFE032802D8024B185C08BD032008BD89
:10616800D44C0124D0F8000309F0AABFD0F80003EA
:1061780009F0BEBFD0F8000309F0C6BF704700BFE2
:10618800D0F8000309F0ACBFD0F8000309F0ACBFA9
:10619800D0F8D40308B503F051FB032802D8024B0A
:1061A800185C08BD022008BDD84C0124704700BF08
:1061B8000F4B1B780BB90120704710B504464FF4FC
:1061C8007A700C4AB0FBF3F31068B0FBF3F000F000
:1061D800CBFF0F2C00D808B1012010BD00222146AA
:1061E8004FF0FF3000F04EFF034B00201C6010BD45
:1061F80088000020B00300208C00002010B5032088
:10620800124C00F02DFF05F005FF114B11499A695A
:106218009B69C2F3032203F00F038A5CCB5C02F094
:106228001F020D4903F01F03D04020FA03F3086052
:106238000E202360FFF7BCFF10B10124204610BDDB
:106248000446FFF7B3FF204610BD00BFB40300208B
:1062580000440258484D0124B0030020034A044B6F
:1062680011681B780B441360704700BF9C650020C1
:1062780088000020014B1868704700BF9C6500200B
:1062880038B50446FFF7F6FF0546631C02D0044BF9
:106298001B781C44FFF7EEFF431BA342FAD338BD1B
:1062A80088000020014B1868000C70470010005C43
:1062B800704700BF806B08B5FFF7FAFF08BD00BF45
:1062C800836B5A6D12F0500F5A6D10B51DD11968B5
:1062D80042F400725A650A6812F0080FCA681BD0A7
:1062E80012F4406F0DD1CA6894040AD45A6D22F48E
:1062F80080725A655A6DD10403D45A6D42F0010276
:106308005A651846FDF78CFB10BDD2060AD4DB6C23
:10631800BDE81040DB6C18479007E7D01846FDF73A
:106328007FFBF1E71846FDF729FC10BD806B08B527
:10633800436D43F040034365836D43F00403836575
:10634800FDF71CFC08BD00BFF0B5002283B0019228
:1063580090F85020012A00F0B880034601201A68FE
:1063680083F850009468640708D55A6D42F02002FB
:106378005A65002283F8502003B0F0BD0C68002C49
:10638800C0F2A180C4F31305002D00F0978094FAA1
:10639800A4F515B1B5FA85F5A840A40ED56928432A
:1063A800D0614D681F2002F1300E04F01F04AE09C1
:1063B80005EA000C06F00C0600FA0CF704FA0CF4D7
:1063C80056F80E0020EA0700044346F80E4090688D
:1063D800400776D4956815F0080555D10C6802F188
:1063E800140607208F684FEAD45CC4F304540CF0F9
:1063F800040C00FA04FE07FA04F4B64F5CF8060031
:1064080020EA0E0020434CF80600386800F070407F
:10641800B0F1805F00F0E880D068D668C70600F168
:10642800EB80C6F382064869760000FA06F60F6923
:10643800042F7BD002F16004086854F827C000F0EC
:10644800F8400CF0004C40EA0C00304344F82700B8
:10645800487E0E69012854F826000CBF4FF000470B
:10646800002720F00040384344F826000C7E0869D5
:10647800012C04D100F01F004FF40065854010691D
:1064880020F4F040054315619068C40714D4CE6821
:106498000C6806F018079048D2F8C050F840C4F3CA
:1064A8001307204025EA07052843C2F8C0008B4897
:1064B800864257D0002C0BDB00205AE7A40EA040E0
:1064C8006CE79068E0E7A40E6BE7022003B0F0BD2C
:1064D80083498A4200F0B68001F580718A4200F053
:1064E800B180804D8048A968806801F0E076C0439B
:1064F80000F00100002800F0B4807C48844200F0DD
:10650800FD807B48844200F01C817A488442D3D1C4
:106518004902D1D474498A42CED1AA68002022F017
:10652800E072324342F48002AA6022E7106E0C68DF
:1065380000F0F840A506B0EB846F79D0506E00F0FB
:10654800F84085426FD0906E00F0F840854274D0D4
:10655800D06E00F0F840854296D1D06E20F0004011
:10656800D06691E7002F4ED094FAA4F5002D00F0E4
:106578008C80B5FA85F0013000F01F06092E40F234
:106588008480B5FA85F580060126013500F0F840CB
:1065980094FAA4F405F01F0506FA05F50543002C46
:1065A80000F0DF80B4FA84F4A0196FF01D0600F043
:1065B8001F04032010FB0460000540F0007028430E
:1065C800072402F11405C60DC0F3045006F00406B2
:1065D80004FA00F7745924EA07048F6807FA00F0F0
:1065E800204370510C6865E7D6684869C6F382068F
:1065F800760000FA06F61AE77608486906F00806F3
:1066080000FA06F613E7A40E013404F01F06092E5B
:106618002DD8A506012005F0F845B040054306EB46
:1066280046000005CBE7506E20F0004050668AE730
:10663800106E20F00040106680E7906E20F0004059
:10664800906685E726482C4D00F58070A96850F8BB
:10665800F86C8068304301F0E076C04300F0010038
:1066680048E75A6D012042F020025A6581E606EBA0
:106678004600A50601241E3805F0F84504FA06F67A
:106688000005354340F0007099E794FAA4F000281B
:106698006ED0B0FA80F00130800600F0F84094FA2D
:1066A800A4F5002D62D0B5FA85F50126013505F06F
:1066B8001F0506FA05F5054394FAA4F4002C52D0F8
:1066C800B4FA84F4013404F01F0404EB44042005F4
:1066D80075E700BF0010005CFFFF0F000000FF47D8
:1066E800002002400063025800600258000084CB7A
:1066F800000052C70000B8CF0023024008023FF54F
:10670800DBAE1D498A427FF4D7AE1C4A1C4812688A
:10671800A968920921F0E071A0FB020231439209B5
:1067280041F400010132A96052000192019A002A45
:106738003FF4C2AE019A013A0192019A002AF9D1B6
:10674800BAE611F080707FF4B7AE0B498A427FF445
:10675800B3AEAA6822F0E072324342F08072AA60B7
:1067680007E608482BE74FF4401028E70225A2E780
:106778004FF0806093E700BF00600258B00300202C
:10678800632D3E05000050FE03689A6812F0040F5E
:106798009A6870B5044603D1120701D4002070BD71
:1067A800DA68960104D5A08A40F2011290421AD004
:1067B80002299A6840D0560708D59A68900705D4E8
:1067C80098682D4A024042F010029A60012919D0B7
:1067D8009A68120702D59A68900734D5032914BF1E
:1067E80004250C250FE01A68500606D4234A01E058
:1067F800013A18D019684906FAD540221A609A68F1
:10680800520727D40425FFF735FD236806469B6801
:106818001D42C3D0FFF72EFD831B052B2368F6D935
:106828009A682A42F3D0636D012043F01003636530
:10683800A36D0343A36570BD150702D59A68920737
:1068480013D50825DFE798680B4A024042F020027A
:106858009A60C3E79A689607D4D499680425064ACB
:106868000A4042F010029A60CDE79968024A0A404D
:1068780042F020029A60E4E7C0FFFF7F00DC0C00D2
:1068880003689A68D10701D5002070479968214AA2
:10689800114270B504462CD199681F4A0A4042F04B
:1068A80001029A60FFF7E6FC23681C4A05469342FA
:1068B80028D002F58072934224D0194A92681A6847
:1068C800D60714D4144E9A68D00704D49A68324074
:1068D80042F001029A60FFF7CDFC431B022B2368AC
:1068E80002D91A68D10704D51A68D207EBD5002057
:1068F80070BD636D012043F010036365A36D03430E
:10690800A36570BD074A9268D206D8D0064A93425A
:10691800D5D1ECE73F000080C0FFFF7F0020024098
:106928000063025800230240002102402DE9F04193
:106938003E4D044600680F461646A84219D03C4B07
:10694800984216D03B4DAB688068420716D494F83D
:106958005020012A12D003F01F080122B8F1090FB4
:1069680084F850200DD90023012084F85030BDE868
:10697800F081314DAB6880684207E8D50220BDE858
:10698800F08140F2212323FA08F3DB4313EA0205DE
:10699800E9D12046FFF774FF002841D1626D274BEB
:1069A8002168134043F480736365B8F1000F02D087
:1069B8001F4B994203D0636D23F480136365636DA5
:1069C80013F4805330D0A36D23F00603A365E06C65
:1069D80033461B4D3A46E66A4031C563194D056496
:1069E800194DC5641C2541F8405C002584F85050B9
:1069F80051F83C5C45F0100541F83C5C51F8345CBA
:106A080025F00305354341F8345C01F05BF9226851
:106A18000E4B91680B4043F004039360BDE8F0818E
:106A280084F85050BDE8F081A365D0E7002002400B
:106A3800002102400063025800230240FEF0FFFFDD
:106A4800C9620024BD62002435630024C0FFFF7FB3
:106A580038B503689A68950702D59B68002038BD49
:106A68009A68D40729D59A68044602F00D02012ACB
:106A780008D0636D012043F010036365A36D0343E1
:106A8800A36538BD986803210D4A024042F002020E
:106A98009A601960FFF7EEFB236805469B68D907E3
:106AA8000BD5FFF7E7FB401B2368022802D99A6839
:106AB800D207DED49B68DB07F3D4002038BD00BFC3
:106AC800C0FFFF7F38B590F85030012B26D0012346
:106AD8000321044680F85030FFF756FE0546C0B93A
:106AE8002368E06CDA6822F00302DA6090F8352057
:106AF800022A16D05A6822F010025A602046FFF780
:106B0800A7FF054628B9626D114B134043F00103F6
:106B180063650023284684F8503038BD022528468E
:106B280038BD01F071FA054660B1636D20462268F0
:106B380043F040036365536823F010035360FFF785
:106B480087FFE6E72268536823F010035360D5E710
:106B5800FEEEFFFF38B5574A04460368934226D035
:106B680002F58072934222D0534B9B6813F4403F46
:106B780022D005F017FC63680546B3F5003F00F026
:106B88008880B3F5403F6CD0B3F5803F00F081803A
:106B9800FFF788FB41F2030398424BD8474B9D42CD
:106BA8002AD92268936843F48073936038BD444BB4
:106BB8009B6813F4403FDCD14FF40020002106F01D
:106BC80005FE63680546B3F5101F6CD008D8B3F509
:106BD800E01F50D016D9B3F5001FD9D14509D7E722
:106BE800B3F5201F45D0B3F5301FD1D1FFF75AFBBD
:106BF80041F20303984240D82268936823F48073D3
:106C0800936038BDB3F5801F06D00AD9B3F5A01F2D
:106C180002D0B3F5C01FBBD19B0C5B00B5FBF3F5ED
:106C2800B6E7B3F5002FF7D023F40022B2F5802F92
:106C3800F2D0ADE7234B9D4205D82268936823F430
:106C48004073936038BD204B9D421AD91F4B226870
:106C58009D42936829D823F4407343F400739360EA
:106C680038BD8508FFF71EFB41F203039842E1D8BF
:106C780094E7C5098CE705098AE7124BB3EB152F92
:106C8800DBD22268936823F4407343F480739360E3
:106C980038BD1B0CB5FBF3F5FFF704FB41F203030A
:106CA8009842C7D87AE7850972E743F4407393603E
:106CB80038BD00BF0020024000630258002D31019A
:106CC8000023024021BCBE0041787D0181F0FA0218
:106CD80070B5002382B00193002800F0D180456D83
:106CE8000446002D00F0BB80226893689D0003D500
:106CF8009168724B0B4093609368D80016D4704B20
:106D080070491B6890689B09A1FB03136E499B0996
:106D18000140013341F0805191600193019B2BB1F7
:106D2800019B013B0193019B002BF9D19368D9008A
:106D380024D4636D012543F010036365A36D2B43D1
:106D4800A365936813F0040F636D1DD1DB061BD494
:106D5800636D23F4817343F0020363659368DE0770
:106D680028D45A4B9A4217D003F580739A4213D00D
:106D7800574B9B68D9071DD4564A15E093680025E0
:106D880013F0040F636DE1D0636D012543F0100328
:106D98002846636502B070BD4C4A4F4B92689B68A9
:106DA8001343D80706D44D4A9368616823F47C13CB
:106DB8000B439360FFF776FA41F20303A168984208
:106DC800237F52D894F815C01A04206B42EA4C323B
:106DD80002430A43012B03D1236A013B42EA43429F
:106DE800636A23B103F47873A16A0B431A432368D7
:106DF8003B49D86801400A43DA609A6812F0040FE8
:106E08009A681CD112071AD4D868364A217D0240E4
:106E180042EA8132E16A0A43DA6094F83820012AAA
:106E28003AD01A6922F001021A611A692046616B88
:106E380022F070420A431A61FFF78CFE2368E26869
:106E4800012A21D01A6B22F00F021A63636D2846BB
:106E580023F0030343F00103636502B070BDFCF740
:106E680087FDA56584F850503EE71029AAD1617DB9
:106E78001A0442EA4132216B0A4342F01C02A9E794
:106E88000125284602B070BD196BA26921F00F01D7
:106E9800013A0A431A63D9E7D4E90F12666C01393B
:106EA8001869324342EA0142A16C0A430E49014083
:106EB8000A4342F001021A61B7E700BFC0FFFF5F53
:106EC800B0030020632D3E05C0FFFF6F0020024085
:106ED800006002580063025800210240002302406B
:106EE80003C0F0FFFCBFFFFF1EF800FCF0B5002355
:106EF80083B0019390F85030012B40D00123044611
:106F08000E46154680F85030FFF7A2FDE8B9676DC8
:106F180005F080421B4B06F480311B4D3B401B4F54
:106F280043F00203636523689E68354015430D43AB
:106F380045F000459D609A68002A0FDB636D23F0D9
:106F4800030343F00103636503E0636D43F010033B
:106F58006365002384F8503003B0F0BD019A013214
:106F68000192019ABA42E6D3636D0022012023F010
:106F7800120384F8502043F010036365ECE7022005
:106F880003B0F0BDFDEEFFFFC0FFFE3F00F8C325D4
:106F9800F0B490F850209AB00E68012A4DD00346FC
:106FA8002B4C002201201D681692A54283F8500040
:106FB800179208D0596D83F8502041F02001596587
:106FC8001AB0F0BC7047234CA26852070BD5AA68C8
:106FD8005A6D012042F020025A65002283F85020A1
:106FE8001AB0F0BC7047A86810F00400F0D1C6B120
:106FF800DFF868C04F68DCF8082022F440423A43C2
:10700800CCF80820AD68A2682A43D40713D48A684C
:10701800DCF808101643104A0A401643CCF80860FA
:10702800DBE70E498A6822F440428A60A868A268B1
:107038000243D00705D50020CFE702201AB0F0BCE4
:1070480070478C683046044A22408A60C5E700BF12
:107058000020024000210240E0F0FFFF0023024030
:1070680006494FF6FF0C0002054BCA6800F4E060C1
:1070780002EA0C0210430343CB60704700ED00E0C6
:107088000000FA051B4BDB68C3F3022300B5C3F10C
:10709800070E03F1040CBEF1040F28BF4FF0040ED5
:1070A800BCF1060F1AD9033B4FF0FF3C0CFA03FC66
:1070B80022EA0C024FF0FF3C00280CFA0EFC21EAF1
:1070C8000C0101FA03F141EA02010ADB09010A4B4A
:1070D800C9B2034483F800135DF804FB0022134689
:1070E800E8E700F00F000901044BC9B20344197620
:1070F8005DF804FB00ED00E000E100E0FCEC00E0DE
:10710800002807DB012300F01F01034A40098B40D8
:1071180042F82030704700BF00E100E000280DDB96
:107128004309012200F01F000549203302FA00F04C
:1071380041F82300BFF34F8FBFF36F8F704700BF35
:1071480000E100E0BFF34F8F0549064BCA6802F41F
:10715800E0621343CB60BFF34F8F00BFFDE700BF72
:1071680000ED00E00400FA05431EB3F1807F0CD265
:107178004FF0E022002006494FF0F00C536107233E
:1071880081F823C09061136170470120704700BFE8
:1071980000ED00E0BFF35F8F044B00215A6A22F430
:1071A80080325A62C3F89410704700BF00ED00E0C7
:1071B800064B40F00100C3F894005A6A42F480324A
:1071C8005A62BFF34F8FBFF36F8F704700ED00E037
:1071D800174A4378C2F89830017821B3436800B55C
:1071E800C2F89C30C37A90F80CC01B0690F80FE0E8
:1071F80043EA0C7390F80AC00B43817B43EACC4303
:1072080090F80DC043EA8C4390F809C043EA414323
:10721800017A43EA0E4343EA0C2343EA4103C2F8E6
:10722800A0305DF804FBC2F89C10C2F8A0107047AB
:1072380000ED00E0704700BF08B5FFF7FBFF08BD91
:1072480088B110B50379044603F0FF023BB100236F
:1072580002210122217118462361227110BD427159
:10726800FCF7AAFCF3E70120704700BFF8B5044615
:107278004079069F012853D00D4611460122266801
:107288006271022222713DBBA068042F374ADFF8E1
:10729800E4C0C2633268C0F840C042F48052DFF8EC
:1072A800D8C0C0F84CC0326042D0082F3DD0002F63
:1072B80038D02A46376847F40057376000F002FD97
:1072C8000023637138BB236805F0100101251A6893
:1072D8008D4015431D60F8BDE068042F244ADFF88F
:1072E8009CC0C2633268C0F840C042F08052DFF8E8
:1072F80090C0C0F84CC032602FD0082F24D0D7B12E
:107308003768002247F00057376000F0DBFC0023A5
:1073180063710028D7D0236943F004032361F8BDC3
:107328000220F8BD06F10802C4E706F11002C1E721
:1073380006F10C02BEE7376806F1140247F0005761
:10734800376000F0BFFCE2E7376806F11C0247F03F
:107358000057376000F0B6FCD9E7376806F1180225
:1073680047F00057376000F0ADFCD0E7E973002420
:10737800E9750024F973002409740024F9750024C0
:107388000976002438B54FF4805C036801F0100ECC
:1073980004461D6801200CFA0EFC00FA0EF025EADE
:1073A8000C051D601A6822EA00021A6059B9A06823
:1073B80000F02AFE22680020136823F400531360AB
:1073C8000123237138BDE06800F01EFE226800200A
:1073D800136823F0005313600123237138BD00BFE5
:1073E80010B5846B2046FCF7B3FC0123237110BD54
:1073F800806B08B5FCF7DCFC08BD00BF704700BF18
:1074080010B5846B2369204643F004032361FFF71A
:10741800F5FF0123237110BD704700BF03681A6888
:10742800910410B5044602D55A6B920418D41A6810
:10743800910002D55A6B920000D410BD04224FF07F
:10744800005120462271226942F0020222615963EA
:107458001A6822F08052BDE810401A6000F0DCB8CB
:1074680004224FF400510271026942F001020261E4
:1074780059631A6822F480521A60FFF7CDFF236817
:10748800D5E700BF2DE9F04143790E460968012B85
:1074980000F09880012304290546144643714FF0F3
:1074A8000203037145D002F0100200683369012B12
:1074B80008D11F24836B944023EA04047369934022
:1074C80023438363072404FA02F3C46B24EA030406
:1074D800D6E90273012B28D0022B28D0B7FA87F3FC
:1074E8005B093B430B4371689340914023434FF43E
:1074F8008044C3639440036823EA040340F6FE749F
:1075080003609440036823EA040301240B43C02169
:10751800036001FA02F30268002122EA0302026012
:1075280008462C716971BDE8F0810023D9E7012371
:10753800D7E7FEF79FFE2B6807465B6B1CBBDFF89F
:107548009C8013EA080F0DD0FEF794FEC31B012B95
:107558002B6803D95A6B12EA080F36D15B6B13EA12
:10756800080FF1D10120FEF78BFE2868B369036488
:1075780011E0FEF77FFEC31B012B2B6802D95A6B63
:10758800002A22DB5B6B002BF3DB0120FEF778FE81
:107598002868B369436404F0100240F2FF31836C39
:1075A800914023EA0103F16991400B43FF21836471
:1075B8009140C36C23EA0103316A91400B4331685F
:1075C800C36473E70220BDE8F0812B69032243F00E
:1075D800080310462B612A71A5E700BF0080002030
:1075E80010B5846B2046FCF723FC0123237110BDE2
:1075F800806B08B5FCF706FC08BD00BF704700BFEC
:1076080010B5846B2369204643F004032361FFF718
:10761800F5FF0123237110BD704700BF0268344B8A
:10762800344930B4344D354CAA4218BF9A420CBF85
:10763800012300238A4208BF43F001033031A242EC
:1076480008BF43F0010330348A4208BF43F0010306
:107658003031A24208BF43F0010330348A4208BFE8
:1076680043F0010301F55C71A24208BF43F0010336
:1076780004F55C748A4208BF43F001033031A2422A
:1076880008BF43F0010330348A4208BF43F00103C6
:107698003031A24208BF43F0010330348A4208BFA8
:1076A80043F001033031A24208BF43F001038A428C
:1076B80008BF43F0010313B9114B9A4213D1D3B257
:1076C8001049114C103BA1FB03515F2B0F4BC1F329
:1076D800021103EA0203615C88BF0433C165836554
:1076E800184630BC704722F0FF038365F8E700BFF7
:1076F80010000240400002402800024058000240AA
:10770800B8040240ABAAAAAADC4C012400FCFFFF83
:107718000368294A294930B4294D2A4CAB4218BF7D
:1077280093420CBF012200228B4208BF42F00102A3
:107738002831A34208BF42F0010228348B4208BF17
:1077480042F001022831A34208BF42F001028B42F5
:1077580008BF42F0010212B91B4A934213D1DBB2AF
:107768001A4C1B4A0121083B1A4DA4FB03434566EA
:1077780002EB1312C3F30413920001FA03F3026637
:10778800836630BC7047DAB21349144C1944103A76
:10779800A829A4FB02234FEA131300D80833104A80
:1077A80003F01F0501210F4C1A44A94044669200BA
:1077B80081660266E5E700BF085402583054025853
:1077C8001C5402584454025894540258CDCCCCCC82
:1077D8000096001680580258F0FBFDBFABAAAAAA73
:1077E8000082001080080240F8B50446FEF742FD0A
:1077F800002C00F0778123680546924A934248D0CE
:107808001832934245D030328F498B4218BF934289
:1078180001F130010CBF012200228B4208BF42F067
:10782800010218318B4208BF42F0010218318B4225
:1078380008BF42F0010218318B4208BF42F0010232
:1078480001F556718B4208BF42F0010218318B4294
:1078580008BF42F0010218318B4208BF42F0010212
:1078680018318B4208BF42F0010218318B4208BF21
:1078780042F0010218318B4208BF42F00102183170
:107888008B4208BF42F001021AB9704A934240F095
:1078980098810022022184F8342084F835101A686F
:1078A80022F001021A6006E0FEF7E4FC431B052BF8
:1078B80000F2FF8023681A68D607F5D4D4E90225B8
:1078C80020692A43A1691D68024360690243E0698F
:1078D8000A4302435E482840256A2A435D4D024315
:1078E800606A042800F000812E685B4D3540B5F1D0
:1078F800005F80F0BB801A605A6922F007020243D9
:107908005A612046FFF78AFEE26D3F2302F01F020C
:107918009340836022684B4B50484B49824218BFC2
:107928009A4200F130000CBF012300238A4208BFAD
:1079380043F001033031824208BF43F00103303085
:107948008A4208BF43F001033031824208BF43F046
:10795800010330308A4208BF43F0010301F55C712E
:10796800824208BF43F0010300F55C708A4208BFF9
:1079780043F001033031824208BF43F00103303045
:107988008A4208BF43F001033031824208BF43F006
:10799800010330308A4208BF43F00103303182428C
:1079A80008BF43F0010330308A4208BF43F00103A7
:1079B8002B49824208BF43F001032A488A4208BF84
:1079C80043F001032831824208BF43F00103283005
:1079D8008A4208BF43F001032831824208BF43F0BE
:1079E800010328308A4208BF43F00103283182424C
:1079F80008BF43F001038A4208BF43F0010313B9EB
:107A0800194B9A4218D12046FFF782FEA368802BB3
:107A18005CD06368A06EDAB2013BD4E91851072B39
:107A28002A60486059D8501E07286ED9626FD4E979
:107A38001B31002018604A6000200123606584F82B
:107A48003530F8BD1000024040000240B804024042
:107A58003F8010FE0010005C0000FFFF280002407D
:107A6800085402581C540258945402586568A5F1E9
:107A780029061F2E24D94F3D032D01D842F4801228
:107A88001A6004285A6922F0070242EA00027FF4C9
:107A980037AFE56AA06A0243002D3FF431AF0029F1
:107AA80069D1012800F0888030F002017FF428AF06
:107AB80069E0202203230120626584F83530F8BD8F
:107AC800734D25FA06F6F507DAD5D7E70023A16E38
:107AD800D4E918026360036051600023C4E91B33D2
:107AE8006367A9E70120F8BD2F68D4E90B562E4338
:107AF8003243684E3E40B6F1005FB7D21A605A6909
:107B080022F0070242F00402C4E72168624B634D89
:107B1800A94218BF994205F114050CBF012300239F
:107B2800A94208BF43F001031435A94208BF43F036
:107B380001031435A94208BF43F001031435A942D3
:107B480008BF43F001031435A94208BF43F00103FD
:107B58003BB9534B994204D0524B534913449B00B1
:107B680003E0524B524913449B0001228240C4E96E
:107B78001B3162675DE7B1F5005F0ED0022805D9B9
:107B880003287FF4BDAEE9017FF5BAAE0123402298
:107B98001846626584F83530F8BD03283FF6B0AE64
:107BA80001A151F820F000BF957B00248F7B0024B1
:107BB800957B0024C17B0024B5F1C07F7FF4A0AE83
:107BC800E4E7354A35483B49834218BF934200F100
:107BD80028000CBF012200228B4208BF42F001029C
:107BE8002831834208BF42F0010228308B4208BF87
:107BF80042F001022831834208BF42F001028B4261
:107C080008BF42F0010212B9254A934238D1002236
:107C18000221294D84F8351084F834201A6815405B
:107C2800A268402A2AD0802A0CBF4FF48040002046
:107C3800266AD4E90312D20842EAD102616942EA0B
:107C4800D102A16942EAD102E16942EAD1021B49A3
:107C580042EA161219442A4302431948A0FB0101BB
:107C680020461A600B099B00E365FFF7D7FCE26D1D
:107C7800012302F01F02934043604BE61020D7E730
:107C8800402203230120626584F83530F8BD00BF27
:107C98003F00C0C30000FFFF085402581C5402589C
:107CA800945402583F820010400902403F96001643
:107CB80040590258305402580F00FEFFF8ABFDA798
:107CC800CDCCCCCC002800F08281844690F83400DA
:107CD800012800F07E8101202DE9F0439CF8354011
:107CE8008CF83400844208D04FF400620023CCF8AA
:107CF80054208CF83430BDE8F0830220DCF80040D2
:107D0800554D8CF835000020544ECCF8540054489A
:107D1800AC4218BF844205F118050CBF01200020B1
:107D2800AC4208BF40F001001835AC4208BF40F033
:107D380001001835AC4208BF40F001001835AC42CC
:107D480008BF40F0010005F55675AC4208BF40F089
:107D580001001835AC4208BF40F001001835AC42AC
:107D680008BF40F001001835AC4208BF40F00100E0
:107D78001835AC4208BF40F001001835AC4208BFC6
:107D880040F001001835AC4208BF40F0010018353A
:107D9800AC4208BF40F00100A5F59265AC4218BF9F
:107DA800B4420CBF0125002501D000285AD026680E
:107DB800DCF8589026F001062660002D7ED0DCF80D
:107DC80064603746DCF868607E60DCF86C7037B158
:107DD800DCF87060B646DCF87460CEF80460DCF855
:107DE8005C604FF03F0E06F01F080EFA08FEC9F857
:107DF80008E0266826F4802626606360DCF80830F0
:107E0800402B00F0E880A160E26015B9002800F07E
:107E1800E880236823F01E0343F016032360DCF890
:107E280040301BB1236843F008032360DCF860305E
:107E38001A68D20303D51A6842F480721A601FB117
:107E48003B6843F480733B602368002043F00103E0
:107E58002360BDE8F08300BF5800024010000240D4
:107E680040000240644F654EDCF85890B44218BF99
:107E7800BC4206F128060CBF01270027B44208BF00
:107E880047F001071436B44208BF47F0010714361B
:107E9800B44208BF47F001071436B44208BF47F0A0
:107EA8000107266826F001062660554EB44208BF31
:107EB80047F0010717B9534FBC4212D1DCF8646090
:107EC8003746DCF868607E60DCF86C7037B1DCF847
:107ED8007060B646DCF87460CEF8046000287FF461
:107EE8007EAF464FDFF810E1744518BFBC420EF173
:107EF800140E0CBF01270027744508BF47F001077F
:107F08000EF1140E744508BF47F001070EF1140E68
:107F1800744508BF47F001070EF1140E744508BFF9
:107F280047F001070EF1140E744508BF47F001072A
:107F380017B9344FBC4254D1DCF85C60012706F015
:107F48001F0E07FA0EF7C9F804706360DCF80830F2
:107F5800402B43D0A160E260236823F00E0343F076
:107F68000A032360DCF84030002B2DD0236843F04F
:107F780004032360204B214A944218BF9C4202F11B
:107F880028020CBF01230023944208BF43F00103D9
:107F98001432944208BF43F001031432944208BFDC
:107FA80043F001031432944208BF43F00103143232
:107FB800944208BF43F001031432944208BF43F0CF
:107FC8000103002B3FF440AFDCF86C702EE7012072
:107FD800704702207047A260E16016E7A260E16086
:107FE800BAE7236823F00E0343F00A032360DCF8A2
:107FF8004030002BBAD1BDE71C540258085402582F
:10800800805402589454025870B50546FEF732F968
:10801800002D00F0248195F83530022B40F0DD80EA
:108028002C6806468F4B9048904A844218BF9C4261
:1080380000F130008E490CBF01230023844208BFA1
:1080480043F001031830844208BF43F0010318309D
:10805800844208BF43F001031830844208BF43F04C
:10806800010300F55670844208BF43F0010318303D
:10807800844208BF43F001031830844208BF43F02C
:1080880001031830844208BF43F0010318308442CA
:1080980008BF43F001031830844208BF43F00103CE
:1080A8001830844208BF43F001031830844208BFE7
:1080B80043F001038C4218BF94420CBF01220022F6
:1080C80002D0002B00F09080216821F01E01216071
:1080D800616921F080016161002A00F0B0802A6E98
:1080E800136823F480731360236823F0010323606B
:1080F80005E0FEF7BFF8831B052B00F2A680236876
:10810800DB07F6D42A68574B57485A49824218BFAA
:108118009A4200F148000CBF012300238A4208BF9D
:1081280043F001033031824208BF43F0010330308D
:108138008A4208BF43F0010301F55C71824208BF1F
:1081480043F0010300F55C708A4208BF43F0010365
:108158003031824208BF43F0010330308A4208BF01
:1081680043F001033031824208BF43F0010330304D
:108178008A4208BF43F001033031824208BF43F00E
:1081880001038A4208BF43F0010318318A4208BF3D
:1081980043F0010333B9A1F59561354B9A4218BFF5
:1081A8008A426FD1EA6D3F23A96D02F01F02934006
:1081B8008B60EB6ED5E91921516033B11A68D5E9A6
:1081C8001C1022F480721A604860002301221846AD
:1081D80085F8352085F8343070BD802200230120D1
:1081E8006A6585F8343070BD2268234922F00E0292
:1081F8002260224A8C4218BF944201F128010CBF28
:10820800012200228C4208BF42F0010214318C4244
:1082180008BF42F0010214318C4208BF42F001024B
:1082280014318C4208BF42F0010214318C4208BF5D
:1082380042F001021AB9124A94427FF455AF296EEE
:108248000A6822F480720A604EE720210322002384
:108258000120696585F8343085F8352070BD012026
:1082680070BD00BF580002404000024010000240AC
:108278002800024070000240085402581C5402585A
:1082880094540258E86D0121164B00F01F00164C5B
:108298008140A24218BF9A42A86D0CBF0123002357
:1082A800416012481249824208BF43F00103283056
:1082B8008A4208BF43F001032831824208BF43F0D5
:1082C80001038A4208BF43F0010314318A4208BF00
:1082D80043F00103002B7FF46CAF064B9A423FF446
:1082E80068AF72E71C5402580854025830540258B8
:1082F800445402589454025800285FD038B590F876
:1083080035200346022A55D10168574A914248D080
:108318001832914245D03032544C5548A14218BFCA
:10832800914204F148040CBF01220022814208BF97
:1083380042F001023030A14208BF42F0010230345D
:10834800814208BF42F0010200F55C70A14208BFFB
:1083580042F0010204F55C74814208BF42F0010258
:108368003030A14208BF42F001023034814208BFD8
:1083780042F001023030A14208BF42F0010230341D
:10838800814208BF42F001023030A14208BF42F0EA
:108398000102814208BF42F0010212B9354A9142F6
:1083A8000ED10422002083F835200B6823F0010346
:1083B8000B6038BD802201205A6538BD0120704706
:1083C8002D4A2E4D0868A94218BF91422C4C20F026
:1083D8000E0005F13C050CBF012200220860A142F5
:1083E80008BF42F0010208682834A94208BF42F0D9
:1083F800010220F00100A14208BF42F0010214343A
:108408000860A14208BF42F001021E48814208BF2D
:1084180042F0010212B91C4A914217D101229D6D06
:10842800D3E91704216800F01F0021F4807182400D
:1084380021606A60DA6ED3E91910486032B11168B8
:10844800D3E91C0421F480711160446001210024E7
:108458001A6D83F8351083F834401AB118469047DE
:10846800204638BD104638BD10000240400002408A
:1084780070000240B80402401C54025808540258C4
:108488003054025880540258945402582DE9F0434D
:1084980000229C4B83B09C4E1D6881460192036864
:1084A8009A4A846D934218BFB342276808BF0126D1
:1084B800216818BF002645D018329548834218BF56
:1084C800934200F118000CBF01220022834208BF2A
:1084D80042F001021830834208BF42F0010218300E
:1084E800834208BF42F001021830834208BF42F0BD
:1084F800010200F55670834208BF42F001021830AD
:10850800834208BF42F001021830834208BF42F09C
:1085180001021830834208BF42F00102183083423A
:1085280008BF42F001021830834208BF42F001023E
:108538001830834208BF42F001021AB9754A9342C3
:1085480040F05082D9F85C10082201F01F0C02FAA2
:108558000CF2174240F0888127FA0CF2D2070CD5AA
:108568005A69100609D5012202FA0CF2A260D9F85C
:10857800542042F00202C9F854204FF0040E0EFABB
:108588000CF038425BD0002E4FD1614ADFF8888169
:10859800434518BF934208F130080CBF012200225E
:1085A800434508BF42F0010208F11808434508BFD7
:1085B80042F0010208F11808434508BF42F00102E1
:1085C80008F11808434508BF42F0010208F556783B
:1085D800434508BF42F0010208F11808434508BFA7
:1085E80042F0010208F11808434508BF42F00102B1
:1085F80008F11808434508BF42F0010208F11808BD
:10860800434508BF42F0010208F11808434508BF76
:1086180042F0010208F11808434508BF42F0010280
:108628001AB93C4A934240F019821A68920706D553
:10863800A060D9F8542042F00402C9F8542010224E
:1086480002FA0CFC1CEA070F6CD0002E45D1304A08
:10865800314EB34218BF934206F130060CBF0122D7
:108668000022B34208BF42F001021836B34208BFE5
:1086780042F001021836B34208BF42F00102183630
:10868800B34208BF42F0010206F55676B34208BF6E
:1086980042F001021836B34208BF42F00102183610
:1086A800B34208BF42F001021836B34208BF42F095
:1086B80001021836B34208BF42F001021836B3422D
:1086C80008BF42F001021836B34208BF42F0010267
:1086D8001AB9104A934240F0C9811A68100721D587
:1086E800C4F808C01A68560300F14C811A68D2050C
:1086F80003D41A6822F008021A60D9F840308BB106
:108708000CE000BFB0030020100002402800024027
:1087180058000240B80402404000024048469847CA
:10872800D9F85C1001F01F0120268E403E4268D027
:10873800D9F80020A54BA64FBA4218BF9A4207F1B4
:1087480018070CBF01230023BA4208BF43F00103F6
:108758001837BA4208BF43F001031837BA4208BFB6
:1087680043F001031837BA4208BF43F00103183732
:10877800BA4208BF43F001031837BA4208BF43F0B2
:10878800010307F55677BA4208BF43F001031837CB
:10879800BA4208BF43F001031837BA4208BF43F092
:1087A80001031837BA4208BF43F001031837BA4229
:1087B80008BF43F001031837BA4208BF43F001036A
:1087C8001837BA4208BF43F001031BB9814B9A42DC
:1087D80040F062811368DB0613D5A66099F835303E
:1087E800042B136800F0AE8013F4802F136800F098
:1087F800D3801C0340F1DE80D9F83C300BB14846E9
:108808009847D9F85430002B00F0B980D9F8543083
:10881800D8071FD5D9F80020042189F83510136826
:1088280023F0010313606C4BA3FB0535AD0A02E08E
:108838001368D90704D5019B0133AB420193F7D9DB
:108848001368DB074CBF0323012389F83530002365
:1088580089F83430D9F84C30002B00F09080484625
:1088680003B0BDE8F0431847186840070AD51868F0
:1088780020F004001860A260D9F8542042F00102E8
:10888800C9F8542027FA0CF2D2077FF576AE534A7E
:108898005348834218BF934200F130000CBF0122B5
:1088A8000022834208BF42F001021830834208BF09
:1088B80042F001021830834208BF42F0010218302A
:1088C800834208BF42F0010200F55670834208BF98
:1088D80042F001021830834208BF42F0010218300A
:1088E800834208BF42F001021830834208BF42F0B9
:1088F80001021830834208BF42F001021830834257
:1089080008BF42F001021830834208BF42F001025A
:108918001830834208BF42F00102002A7FF420AEDB
:10892800002E7FF41DAE1A68042202FA0CF23A42B5
:1089380040F09480102202FA0CFC17EA0C0F3FF466
:10894800F1AE84E623F016031360536923F0800325
:108958005361D9F840309BB3136823F008031360C0
:108968003F230125002203FA01F1D9F85030A16014
:1089780089F8355089F83420002B7FF470AF03B0A4
:10898800BDE8F0831B6818037FF5B7AED9F8483007
:10899800002B7FF4C3AEC5E613F480737FF42CAFCD
:1089A800116821F010011160012289F8343089F82A
:1089B800352021E7D9F84430002B7FF420AF20E799
:1089C800D9F84830002BC7D1CAE700BF10000240D1
:1089D80028000240B8040240B5814E1B58000240EE
:1089E800400002404E4A4F4DAB4218BF934205F13A
:1089F80014050CBF01220022AB4208BF42F001025D
:108A08001435AB4208BF42F001021435AB4208BF2F
:108A180042F001021435AB4208BF42F0010214359E
:108A2800AB4208BF42F0010212B93F4A9342A6D1B5
:108A3800D9F85C5004261A6805F01F05AE400E42AE
:108A480019D0570717D5100466604BD5D1034FD4FA
:108A5800D9F84830002B7FF402AF90E71A6810224B
:108A680002FA0CFC17EA0C0F3FF45CAE1A685207C6
:108A78007FF558AE34E60226AE400E4211D0970775
:108A88000FD56660140439D5D00343D4D9F84430DF
:108A9800002B7FF4E4AE72E713689F077FF5B1AE51
:108AA8009BE60826AE400E423FF469AF11077FF5FA
:108AB80066AF1A68002122F00E021A600123D9F865
:108AC8004C2003FA05F56560C9F8543089F834106C
:108AD80089F83530002A3FF452AF484603B0BDE864
:108AE800F0431047920603D41A6822F004021A6071
:108AF800D9F84030002B7FF4B2AE40E712F02002E4
:108B080008D11968012421F00A01196089F8354053
:108B180089F83420D9F83C30002B7FF4A0AE2EE73A
:108B2800085402581C54025894540258406D704717
:108B38002DE9F04F0C6883B0002C00F0A6804FF0B0
:108B4800000C8E4F634601229A4012EA040E00F090
:108B580095804D6805F0030909F1FF36012E40F2B2
:108B68009780B9F1030F40F0D18009FA0CF26FEA4F
:108B78000208066815F4403F06EA080842EA0802B7
:108B880002607BD0D7F8F42023F0030803F0030930
:108B980042F0020208F1B0484FEA8909C7F8F42008
:108BA80008F58068D7F8F42002F002020192019AD1
:108BB8000F22D8F8086002FA09F226EA0202704E7B
:108BC800B04229D006F58066B04200F0AC806D4E08
:108BD800B04200F0AE806C4EB04200F09E806B4E0A
:108BE800B04200F0B2806A4EB04200F0B480694EE4
:108BF800B04200F0A480684EB04200F0B280674EE8
:108C0800B04200F0B480664EB0420CBF09260A2676
:108C180006FA09F942EA0902C8F808204FF0B042FA
:108C2800EE026FEA0E0812684FF0B04654BF08EA29
:108C380002024EEA02023260AA0276684FF0B0429F
:108C480054BF08EA06064EEA06065660D2F8846063
:108C5800AA034FF0B04254BF08EA06064EEA0606D9
:108C6800ED034FF0B045C2F88460D2F8802054BFBD
:108C780008EA02024EEA0202C5F8802001330CF12C
:108C8800020C34FA03F27FF45EAF03B0BDE8F08F54
:108C98004FF00308866808FA0CF826EA080ACE6836
:108CA8006FEA080806FA0CF646EA0A068660C5F373
:108CB8000016D0F804A09E402AEA0202324342601D
:108CC800C268B9F1020F8E6802EA080206FA0CF6C9
:108CD80046EA020609FA0CF2C6607FF44AAF03F0CE
:108CE80007064FEAD3094FEA860B0F2600EB8909DE
:108CF80006FA0BF6D9F820A02AEA060A0E6906FA3F
:108D08000BF646EA0A06C9F8206032E74FF0030876
:108D180008FA0CF86FEA0808D2E7032606FA09F9F8
:108D280042EA090278E7012606FA09F942EA090245
:108D380072E7022606FA09F942EA09026CE70626F2
:108D480006FA09F942EA090266E7042606FA09F969
:108D580042EA090260E7052606FA09F942EA090229
:108D68005AE7072606FA09F942EA090254E70826EB
:108D780006FA09F942EA09024EE700BF0044025820
:108D88000000025800080258000C0258001002584F
:108D98000014025800180258001C025800200258FB
:108DA80000240258002900F0A88000232DE9F04F84
:108DB800DFF8689183B0DFF86881DFF868A1DFF831
:108DC80068B14FF0010E0EFA03F212EA010C6FD0EF
:108DD80023F0030503F003040F2640454D444FEAF2
:108DE8008404AF6806FA04F607EA0607019721D05B
:108DF800504566D0584567D0434FB8426ED0434F70
:108E0800B84270D0424FB84263D0424FB84256D0B1
:108E1800414FB84272D0DFF814E1704568D0DFF8EE
:108E280010E1704514BF4FF00A0E4FF0090E0EFA0C
:108E380004F400E00024019FA74219D14FF0B04488
:108E4800D4F8807027EA0C07C4F88070D4F88470CE
:108E580027EA0C07C4F88470676827EA0C0767607C
:108E6800276827EA0C072760AC6824EA0606AE6084
:108E780003255C0003F007070F2605FA04F40568CC
:108E8800BF00254306FA07F70560DD0800EB8505F6
:108E98002E6A26EA07062E62C56825EA0405C5601B
:108EA800456825EA02024260826822EA0404846076
:108EB800013331FA03F284D103B0BDE8F08F4FF0EB
:108EC800060E0EFA04F4B6E74FF0020E0EFA04F49A
:108ED800B1E74FF0050E0EFA04F4ACE74FF0030EBD
:108EE8000EFA04F4A7E74FF0040E0EFA04F4A2E712
:108EF8004FF0080E0EFA04F49DE770474FF0070E86
:108F08000EFA04F497E700BF000C0258001002584C
:108F18000014025800180258001C02580004005897
:108F280000000258000402580008025800200258A5
:108F3800002402580369194214BF01200020704719
:108F480002B90904816170472DE9F04F056885B0C1
:108F58000446284606F07EFA012802D005B0BDE88E
:108F6800F08F206806F040FA0028F7D0206806F055
:108F78003BFA10F4001F206802D04FF4001343613D
:108F880006F032FA10F4801F206802D04FF48013E4
:108F9800436106F029FA10F0806F206802D04FF084
:108FA8008063436106F020FA10F0020F206801D0B8
:108FB8000223436106F018FA10F0005F206875D1AB
:108FC80006F012FAC20100F11081206806F00CFACE
:108FD800030700F10381206806F006FAC706266831
:108FE80000F1E980304606F0FFF98001B6D5206827
:108FF80006F098FAA2688146002A00F0D780002679
:1090080005F5A0654FF02C0A2BE006F0F1F94107B1
:1090180063D508F5A063042203EB47139A6007227F
:109028000AFB0743394683F86120206806F07EFA78
:109038003946206806F0DCF910F4007F39462068CC
:109048007BD008F5A06806F071FA4FF4007308EBBE
:109058004718C8F80830A26801362035964280F0D3
:10906800A58006F00F0329FA03F3D907F4D52B6876
:10907800F7B2D4F800801B0439464046C5D406F040
:10908800B7F910F0040B40D008F5A06804230722B4
:10909800394608EB4718C8F808300AFB074383F835
:1090A8006120206806F042FAA268D5E74FF0005325
:1090B8004361D5F84034D90782D41021284605F0F9
:1090C800B7FE284605F0DEFEA369022B00F0E0811A
:1090D8002046FDF74FF8206872E73946206806F009
:1090E80087F9C20540F1BB8008F5A0634FF4807290
:1090F800394603EB47139A6008220AFB074383F8B3
:109108006120206806F012FA92E73946206806F0D6
:109118006FF9810640F1B98008F5A06820220AFBA2
:1091280007F308EB4718C8F80820E21892F83D1032
:10913800012900F05181A2688EE706F059F9C207AB
:1091480040F1B78008F5A0682023E168780108EBB2
:10915800471BCBF8083051B1DBF810200AFB074C4D
:10916800C2F31202DCF848309B1ACCF850300AFBE4
:1091780007430022DA65012283F86120CBF8082032
:1091880093F83F2012F0FD0200F0C680012A00F09B
:10919800158101290AFB074700F0B38097F854307E
:1091A80083F0010387F85430A26855E723684FF02D
:1091B80000725A61D2E6B36923F01003B361376ACB
:1091C800C7F34341C7F30A12022902D1002A40F02B
:1091D800AC80B36943F01003B36103E72046FCF7A2
:1091E800C1FF206808234361F6E62668D6F84034B4
:1091F8000293D6F840340393039B23F02E03039382
:10920800029B9B0707D5029BDF0700F1A580039B04
:1092180043F002030393029B180715D5039B43F001
:1092280008030393029B590740F19A80A169022918
:1092380000F0EB802369012B03D14EF66022C6F8BB
:1092480004242046FCF79CFF029B9A0603D5039B47
:1092580043F020030393039BC6F84034B5E6394630
:10926800206806F0C5F8030733D508F5A06308227F
:10927800394603EB47139A6006220AFB074383F833
:109288006120206806F052F9D2E63946206806F0D7
:10929800AFF810F4007B67D008F5A0634FF40072B4
:1092A8003946206803EB47139A6006F03FF9A26835
:1092B800D2E63946206806F09BF8800640F1B08077
:1092C80008F5A068202308EB4718C8F80830A268FA
:1092D800C2E63946206806F08BF8400540F18880E0
:1092E80008F5A0634FF48062394603EB47139A6090
:1092F80009220AFB074383F86120206806F016F963
:1093080096E63B6DB7F84020013B1344B3FBF2F3FC
:10931800DB073FF543AF0EE73946206806F006F94C
:109328001023E168CBF8083033E707F00F074FF058
:109338002C0808FB0748D8F8441000293FF449AF27
:10934800D8F85030D8F84C001344834240F2DB8000
:10935800042388F860303CE72046FCF707FF56E70F
:109368002046FCF711FF6FE73946206806F040F801
:1093780010F0010300F091800AFB0742394620688B
:10938800C2F85CB0019206F033F808F5A06310F05B
:10939800400F019A03EB471304D0012182F83D10D6
:1093A80040229A60012239469A600AFB074383F8F3
:1093B8006120206806F0BAF8A2684DE658F8001057
:1093C80041F0005148F800103946204683F86020E3
:1093D800FCF7D4FEE168DCE682F83DB0603340F289
:1093E80002323946E252206806F0A0F8A26833E655
:1093F8003946206805F0FCFF01067FF519AE08F52F
:10940800A063802203EB471308E6029B206803F45D
:10941800C023B3F5802F18BF012106F061F810E7CB
:109428003946206805F0E4FF10F0020B00F08A804E
:1094380008F5A06802200AFB07F2790108EB471338
:109448009860A01890F86130012B00F09580062BE9
:1094580000F0E980072B00F0D580092B00F0D280BE
:10946800052B00F01C81032B00F01E81042B00F05B
:109478002D81082B00F01F81022B3FF45CAE0AFB04
:1094880007433946204693F86020FCF777FE52E6FA
:109498000121206806F024F81AE63946206801936D
:1094A80005F0A6FF420616D50AFB0742019B08F500
:1094B800A0683946D365052308EB471882F8613060
:1094C800012382F83D30206806F030F84023C8F8C0
:1094D8000830A268C0E53946206805F089FF10F019
:1094E800080B4ED008F5A0630822394603EB471352
:1094F8009A6006220AFB074383F86120206806F079
:1095080015F8A268A8E5304606F5A066019205F0B0
:10951800D3FE06EB4711D8F84430019A0969D8F808
:1095280050001344C1F3C9411044C8F844307B01CA
:10953800C8F8500021B1B8F84010914200F0A2805C
:10954800266846E63946206805F052FF10F04002CA
:109558003CD008F5A06340200AFB0742394603EBDC
:10956800471398600523C2F85CB082F86130206820
:1095780005F0DCFFA2686FE5603240F20123A352D8
:109588007DE73946206805F033FFC3065DD50AFB41
:1095980007430422C3F85CB083F8612093F83D3098
:1095A8003BB90AFB074393F83C2012B9012283F820
:1095B8003D203946206805F0B9FF08F5A06810235A
:1095C80008EB4718C8F80830A26845E5394620680E
:1095D800019205F00DFF10F0100F019A3FF4ABADAA
:1095E8000AFB074393F83F10032900F0868011F027
:1095F800FD01E2D1E268D965002ADED1042283F8B0
:109608006120D6E70AFB07424FF0020382F8613077
:10961800D36D0133022BD3650AD90023D365042304
:1096280082F860302BE7603240F20523A35226E728
:109638004FF0020382F8603058F8013023F080437D
:1096480043F0004348F8013019E73946206805F02F
:10965800CFFE000653D5E368002B73D00AFB0743FF
:10966800DA6D0132022ADA6562D84FF0020283F815
:10967800602008F5A068802308EB4718C8F8083070
:10968800A268E9E49A5922F0804242F000429A51D5
:1096980098F8543083F0010388F8543050E74FF0BD
:1096A800020380F86130EAE60AFB07434FF0020242
:1096B80083F86120E3E60AFB07F34FF40170E11831
:1096C8006033CA6D0132CA65E052D8E60AFB07F377
:1096D80040F2022003F160022344A05293F83F3085
:1096E80013F0FD0F7FF4CBAE58F8013023F0804320
:1096F80043F0004348F80130C1E6DA657EE73946B1
:10970800206805F075FE410526D50AFB07430922A6
:1097180008F5A068394683F86120206808EB4718E7
:1097280005F004FF4FF48063C8F80830A26893E49A
:10973800002239462046DA65042283F86020FCF7C7
:109748001DFD96E70AFB07430722394683F8612087
:10975800206805F0EBFE8CE73946206805F048FEE6
:1097680082077FF5E8AC08F5A06802210AFB07F339
:10977800780108EB47129160E21892F8611001290C
:1097880027D0032920D0042946D0052944D006290A
:1097980015D0072902D009297FF4CDAC0AFB07436D
:1097A8004FF0020283F86120DA6D0132022ADA658D
:1097B80037D90022DA65042283F860205FE6603337
:1097C80040F20522E2525AE64FF0020382F8613075
:1097D80055E6603340F20121E15292F83F30023BF6
:1097E800012B3FF64CAEE3687BB1012B7FF447AE0B
:1097F800D36C002B3FF443AEB2F84010013B0B444E
:10980800B3FBF1F3DB077FF53AAE92F8553083F0FE
:10981800010382F8553032E6603340F20222E25208
:109828002DE64FF0020283F8602058F8003023F04C
:10983800804343F0004348F8003020E690F8F832BF
:10984800012B0CD0012310B50446006884F8F832C7
:1098580005F0DEFE0023184684F8F83210BD022019
:10986800704700BF2DE9F04703684FF02008054610
:109878000E461746986910F0020940F09E809C69D0
:1098880014F0100468D010223C46CA46DA61711CF4
:109898009A6963D1900600F19380BAF1000F04D160
:1098A8009C69A106FCD5C3F81C8049F00404012179
:1098B8009A69D00530D54FF48071560544F00104FB
:1098C800D96104D54FF4806144F00804D961910549
:1098D80004D54FF4007244F00204DA619A699007E3
:1098E80001D500229A629A69D10703D49A6942F095
:1098F80001029A615A68002134482026024001205A
:109908005A606B6C85F840101C436C6485F84160A4
:1099180085F84210BDE8F0875005D3D49205D8D415
:109928000029DBD1721CA5D0FCF7A4FCC01B2B6856
:10993800B04201D8002E9DD19A6912F0020299D145
:109948006B6C2021012085F840200B436B6485F85F
:10995800411085F84220DDE72146A9E792062FD479
:10996800BAF1000FA1D1FCF785FC001B2B688642D9
:1099780001D3002E8BD1586895F842209969D2B24C
:1099880009040BD5410409D4202A07D05A6842F4A7
:1099980080425A60FCF76EFC2B6804469A69900670
:1099A8003FF575AFFCF766FC001B2B681928F5D945
:1099B8004FF020094FF0010A69E70020BDE8F08761
:1099C800BAF1000F3FF46FAF6FE700BF00E800FE89
:1099D80003682DE9F04790469A69940665D40646CF
:1099E8000F464FF010099C6914F0100460D0002550
:1099F8004446C3F81C90AA46791C9A695AD1900625
:109A08007DD4BAF1000F04D19C69A106FCD52022AF
:109A1800DA6145F0040401219A69D00530D54FF484
:109A28008071550544F00104D96104D54FF4806173
:109A380044F00804D961970504D54FF4007244F046
:109A48000204DA619A69900701D500229A629A693C
:109A5800D10703D49A6942F001029A615A68002139
:109A680034482025024001205A60736C86F8401063
:109A78001C43746486F8415086F84210BDE8F087AC
:109A88005005D3D49505D8D40029DBD1FCF7F2FBD7
:109A9800A0EB08003368B84200D81FB99A6912F0E1
:109AA800200230D09A6992069DD50020BDE8F08743
:109AB8002146B1E7920622D4BAF1000FA9D1FCF7EA
:109AC800D9FB001B3368874201D3002F94D1586813
:109AD80096F842209969D2B2090403D5410401D409
:109AE800202A1DD19A69900686D4FCF7C3FB001B77
:109AF80033681928F6D920254FF0010A7CE7BAF116
:109B0800000F84D085E7736C2021012086F840205F
:109B18000B43736486F8411086F84220BDE8F0874D
:109B28005A6842F480425A60FCF7A4FB3368044642
:109B3800D8E700BF00E800FE00284ED010B590F826
:109B48004130044603F0FF02002B41D02368242152
:109B5800626884F84110196822F07062E06821F0A8
:109B68000101012819601A619A6822F400429A607A
:109B7800A26829D042F4044202289A6002D14FF424
:109B880000625A6058684FF0200C15492269014359
:109B98005960D96821F40041D960D4E9050102432C
:109BA80042EA0122D4E90710DA6000220143104694
:109BB8001960196841F001011960626484F841C0B4
:109BC800226384F8422010BD42F400429A60D9E72B
:109BD80080F84020FAF748FCB8E70120704700BF3A
:109BE800008000022DE9F047984690F84130BDF812
:109BF80024A0202B0A9F32D1089B04464BB3BAF10C
:109C0800000F26D090F84030012B28D001230E46B3
:109C1800914680F84030FCF72DFB236805469A6989
:109C280011041FD5FCF726FB401B23681928F6D919
:109C38009A691204F3D5636C2021002201200B439A
:109C480084F84020636484F8411084F84220BDE819
:109C5800F0874FF4007301206364BDE8F0870220A9
:109C6800BDE8F087089A2121C6F30906204684F842
:109C7800411040216262002284F8421062636264EB
:109C88006D49A4F82AA05A680A405FFA88F142EAA6
:109C980001426A49324311432A4659603946FFF75F
:109CA800E1FD002875D1B8F1010F0AD04FEA192259
:109CB8002368394620469A622A46FFF7D3FD0028D2
:109CC80067D15FFA89F322689362781C4AD1936955
:109CD8001906FCD5638D9BB2FF2B40F28A8053682E
:109CE80057490B40574933431943FF232385516094
:109CF800DFF84C814FF0FF0ADFF8489104E0638DEC
:109D08009BB2002B00F083802A4639462046FFF795
:109D1800A9FD00286BD1626A216812F8010B238D16
:109D280088626262013B628D9BB2013A238592B2DE
:109D38006285628D92B2002AE1D0002BDFD1781CB7
:109D48002CD18B691A06FCD5638D9BB2FF2B40D9A9
:109D58004B68A4F828A003EA0803334343EA09033D
:109D68004B60CCE793691B06B4D4FCF783FA401B1D
:109D78002268874201D3002FA7D1936913F080038B
:109D8800A3D1626C20210A43626484F8411084F8EC
:109D980042300023012084F840305EE78B691B06BF
:109DA800D2D4FCF767FA401B2168874201D3002F01
:109DB800C5D18B6913F08003C1D1626C20210120C9
:109DC80084F840300A43626484F8411084F84230D1
:109DD80043E7638D9BB2DAB223854B6803EA080335
:109DE800334343EA024343F000734B6087E70120A3
:109DF80033E7638D12489BB2D9B223855368034079
:109E0800334343EA014343F00073536070E72A4643
:109E180039462046FFF7DCFD0028E8D123682021D9
:109E2800094DD9615A682A405A6084F8411084F86B
:109E3800400084F8420010E7009800FC0020000170
:109E4800009C00FC0000FF0100E800FE2DE9F0473F
:109E58001F4690F84130BDF82490202B0A9C37D13A
:109E6800089B82466BB3B9F1000F2AD090F84030B6
:109E7800012B2DD001230E46904680F84030FCF788
:109E8800F9F9DAF8003005469A69120423D5FCF787
:109E9800F1F9401BDAF800301928F5D99A6910044D
:109EA800F2D5DAF844302021002201200B438AF849
:109EB8004020CAF844308AF841108AF84220BDE8A8
:109EC800F0874FF400730120CAF84430BDE8F087EA
:109ED8000220BDE8F087089A2221C6F309065046F9
:109EE8008AF841104021CAF8242000228AF842103A
:109EF800CAF83420CAF844208149AAF82A905A6836
:109F08000A40F9B242EA01422146324342F4005281
:109F18005A602A46FFF7A6FC002840F09080012FDF
:109F28000CD04FEA1822DAF80030214650469A62DF
:109F38002A46FFF797FC002840F081805FFA88F3F3
:109F4800DAF800209362611C5FD193695B06FCD547
:109F5800BAF82A309BB2FF2B40F2AB8053686849AD
:109F68000B40684933431943FF23AAF8283051604E
:109F7800654F4FF0FF09DFF89C81601C27D193697A
:109F88005907FCD5526ADAF824301A70BAF82A2030
:109F9800DAF82430013A013392B2CAF82430BAF818
:109FA8002830AAF82A20013BBAF82A209BB292B29C
:109FB800AAF828300AB1002B46D0BAF82A309BB24A
:109FC800002B00F08680601CDAF80020D7D0936957
:109FD8005B07D7D4FCF74EF9401BDAF8002084421F
:109FE80001D3002CC9D1936913F00403C5D1DAF861
:109FF8004420202101208AF840300A43CAF844202E
:10A008008AF841108AF8423060E793695F069FD466
:10A01800FCF730F9401BDAF80020844201D3002C09
:10A0280091D1936913F040038DD1DAF844202021AF
:10A038000A43CAF844208AF841108AF842300023BB
:10A0480001208AF8403041E7DAF80020601C10D17E
:10A0580093691906FCD5BAF82A309BB2FF2B19D997
:10A068005368AAF828903B40334343EA08035360F7
:10A07800A3E793691B06EED4FCF7FCF8401BDAF85B
:10A088000020844201D3002CE0D1936913F08003AF
:10A09800DCD1ACE7BAF82A309BB2D9B2AAF828309A
:10A0A80053683B40334343EA014343F00073536032
:10A0B80083E7BAF82A3012489BB2D9B2AAF82830F6
:10A0C80053680340334343EA01431049194351603D
:10A0D8004EE72A4621465046FFF77AFC70B9DAF86F
:10A0E800003020210A4CD9615A6822405A608AF807
:10A0F80041108AF840008AF84200E7E60120E5E6C8
:10A10800009800FC0024FF01009C00FC00240002D1
:10A1180000E800FE0000FF010268436B91691268C5
:10A1280003B11847704700BF90F84100704700BF5F
:10A1380090F84120202A23D15FFA82FC90F8402031
:10A148000346012A1CD00268242000B583F8410088
:10A158004FF0000E106820F001001060106820F425
:10A16800805010601068014370461160116841F01A
:10A178000101116083F841C083F840E05DF804FBF9
:10A188000220704790F84120202A22D1034600B5CA
:10A198005FFA82FE90F84020012A1CD00268242031
:10A1A8004FF0000C83F84100106820F001001060A7
:10A1B800106820F4706040EA01216046116011685F
:10A1C80041F00101116083F841E083F840C05DF877
:10A1D80004FB0220704702205DF804FB2DE9F04FD4
:10A1E800056889B00446284605F034F910B109B06D
:10A1F800BDE8F08F8346206805F0F6F80028F6D011
:10A20800D5F8083805F500622068C3F30D230292DB
:10A21800C4F8FC3405F0E8F810F0020F206803D009
:10A22800436903F00203436105F0DEF810F0100FF4
:10A23800206812D0836923F0100383612E6AC6F365
:10A24800434306F00F07022B00F0E383062B00F0D0
:10A258002283836943F01003836105F0C5F807037F
:10A2680000F18082206805F0BFF8460300F12882DB
:10A27800206805F0B9F80028C0F29A81206805F036
:10A28800B3F8030500F15781206805F0ADF8060121
:10A2980014D52268536903F00063536194F8F434C9
:10A2A800002B40F0AB820121204684F8F414536D52
:10A2B800C3F38303C4F8F83400F04CFE206805F0BB
:10A2C80093F8C00400F19E81206805F08DF810F421
:10A2D800005F206840F07F8105F086F8010700F1F3
:10A2E800E681206805F080F8020671D5AA696368DE
:10A2F80022F08002012BAA616AD994F8A322012ACC
:10A3080000F0E883022B63D994F8C722012A00F0F1
:10A31800FC83032B5CD994F8EB22012A00F0B48269
:10A32800042B55D994F80F23012A00F0C782052B76
:10A338004ED994F83323012A00F02484062B47D9F8
:10A3480094F85723012A00F03184072B40D994F858
:10A358007B23012A00F04884082B39D994F89F23DD
:10A36800012A00F05584092B32D994F8C323012A15
:10A3780000F062840A2B2BD994F8E723012A00F015
:10A388006F840B2B24D994F80B24012A00F07C84C9
:10A398000C2B1DD994F82F24012A00F07D840D2B55
:10A3A80016D994F85324012A00F09D840E2B0FD956
:10A3B80094F87724012A00F0A4840F2B08D994F884
:10A3C8009B34012B04D104F59361206804F01AFF33
:10A3D800206805F009F8C30240F1AB806368012BDF
:10A3E80040F2898094F86420D5F82019012A00F0F9
:10A3F8001482022B7FD994F88820D5F84019012AB5
:10A4080000F01E82032B76D994F8AC20D5F8601999
:10A41800012A00F02182042B6DD994F8D020D5F8B8
:10A428008019012A00F02482052B64D994F8F420BD
:10A43800D5F8A019012A00F04183062B5BD994F8BE
:10A448001821D5F8C019012A00F05383072B52D9D7
:10A4580094F83C21D5F8E019012A00F05E83082B16
:10A4680049D994F86021D5F8001A012A00F06183CF
:10A47800092B40D994F88421D5F8201A012A00F034
:10A488006C830A2B37D994F8A821D5F8401A012AE9
:10A4980000F080830B2B2ED994F8CC21D5F8601AC4
:10A4A800012A00F095830C2B25D994F8F021D5F8D2
:10A4B800801A012A00F0A0830D2B1CD994F81422CD
:10A4C800D5F8A01A012A00F0AB830E2B13D994F803
:10A4D8003822D5F8C01A012A00F0B6830F2B0AD902
:10A4E80094F85C22D5F8E01A012A00F0C183102BF9
:10A4F80001D9D5F8003B2068436903F48013436110
:10A5080004F072FF870221D4206804F06DFF400038
:10A5180000F1C480206804F067FF41077FF567AE4B
:10A5280023685D686A0700F195825A682A435A6071
:10A538005DE62068E4E7029B9B68DF0700F18682FE
:10A548002068436903F4006343619EE6D4F804C0BD
:10A55800BCF1010F26D905F532622346012104E03A
:10A5680001312032243361451CD093F8A4021668C7
:10A578000128F5D1002EF3DAD4F8FC7406F48036FD
:10A5880007F00107BE42EBD183F8A302A86940F0A7
:10A598008000A86168690606E2D4029A536843F409
:10A5A800007353602068436903F400134361ACE708
:10A5B800029A536823F00103536094F8F434012B92
:10A5C80000F037812046FBF74DFD2068436903F012
:10A5D8000043436153E604F041FF206804F07AFC2D
:10A5E8002668206101F0DEFE227C0146304604F038
:10A5F800A5FB2046FBF70CFD2068436903F40053D4
:10A60800436169E6029A10212068536823F0010328
:10A61800536004F00DFC6068E0B105F510634FF677
:10A628007F3199600BF1010B1A682033834522F4BE
:10A63800001243F8202CC3F8E811D3F8E02122F4E3
:10A648000012C3F8E021D3F8E02142F00062C3F819
:10A65800E021E6D10299226BCB6943F00113CB616B
:10A66800002A40F0CF804A6942F22B0313434B6122
:10A678000B6943F00B030B61D5F8003804F2C442B0
:10A68800217B23F4FE632068C5F8003804F0FCFE43
:10A698002068436903F48053436116E62046FBF7BC
:10A6A800EDFC2068436903F08043436133E72046AB
:10A6B800FBF7AAFC2068436903F00803436111E62D
:10A6C800206804F0A5FE804600283FF4D1AD4FF085
:10A6D800000A2068274605F5106956460395CDF807
:10A6E80010B009E05FEA580806F1010607F12407EF
:10A6F80009F1200900F0EC8018F0010FF2D05FFAA0
:10A7080086FA514604F096FEC107054613D502990C
:10A7180006F00F0301229A404B6B23EA02034B63B6
:10A728000123E168C9F80830994200F09881514640
:10A738002046FBF75FFC2A0702D50823C9F8083032
:10A74800EB0602D51023C9F80830680602D5402365
:10A75800C9F80830A90700F14F812A0600F1F980ED
:10A768002068BFE7206804F04BFE064600283FF447
:10A7780079AD05F53067A2464FF00009CDF80CB069
:10A7880008E0760809F1010907F120070AF1240A0F
:10A7980000F09B80F007F4D55FFA89FB20685946E2
:10A7A80004F03EFE10F0010F804640F0B38018F030
:10A7B800080F40F0908018F0100F01D01022BA60F6
:10A7C80018F0020F0ED06A69100604D5029B5A6869
:10A7D80042F480625A609AF87F22012A00F081814F
:10A7E8000223BB6018F0200F01D02023BB6018F4AF
:10A7F800005FC6D04FF40053BB60C2E72046FBF7AA
:10A8080019FC5BE5D1F8843043F00B03C1F88430C0
:10A818004B6C43F00B034B642EE70029BFF6E9AD00
:10A82800214684F8632051F8600B04F0EBFC636860
:10A83800DFE50021204684F8F41400F08BFBC4E621
:10A848000029BFF6DFAD214684F8872051F8840B34
:10A8580004F0D8FC6368D5E50029BFF6DCAD2146D5
:10A8680084F8AB2051F8A80B04F0CCFC6368D2E55F
:10A878000029BFF6D9AD214684F8CF2051F8CC0B7A
:10A8880004F0C0FC6368CFE504F53A71206804F071
:10A89800B9FC636844E507EBC707082204F2C44122
:10A8A800284604F009FDC6F30A1304EB8702206862
:10A8B800D2F890120B44C2F89032CAE404F54371FE
:10A8C800206804F09FFC636831E5DDF80CB0C9E44A
:10A8D800DDE9035BCDE421680822BB4BBA6001F5D2
:10A8E8003062096C02EB49129942906840F2C880C4
:10A8F800030402D54FF4004191602046FBF76AFB40
:10A90800E16801297FF457AF04F2C442206804F0DB
:10A91800BBFD50E720680122E168BA6000F53062AB
:10A928000129D0F840C002EB4912936800F0AC80CE
:10A93800A6498C4500F00981B9F1000F04D1D4F87B
:10A948008C22002A00F0D78159462046FBF748FBA5
:10A958002DE7D7E91353D4F800B0AB4258463FF679
:10A96800C1AE0BF51062796CCDF81CB002EB461243
:10A978000592EA1A8A4228BF0A460599896903326C
:10A9880089B2B1EB920FC0F0958052460696CA463E
:10A998002646C146059C904619E0ED1A7B6CB96CB9
:10A9A80042469D42584628BF1D46337B0093ABB2B2
:10A9B80004F06CFCBB6CA1692B4489B2BB643B6D91
:10A9C8002B440335B1EB950F3B656BD3FD6C9D4272
:10A9D800E3D83446C846069ED146D4F800B0079B53
:10A9E8000122584603F5006106F00F039A404B6BAD
:10A9F80023EA02034B6375E63146039804F018FA1C
:10AA080097F83F30012B00F0B4800223C9F80830D2
:10AA1800A3E647F6F0731E423FF41BAC07EBC707EB
:10AA2800C6F30A12284604EB87071646D7F8881299
:10AA380004F042FCD7F8883220683344C7F88832DB
:10AA4800D7F890323344C7F8903202E42046FBF737
:10AA5800F1FA75E52046FBF715FB236865E5D7E9AC
:10AA680011231344BB64002E7FF461AEE36C002B0A
:10AA78007FF45DAE04F2C442206804F005FD56E69A
:10AA88002046FBF7A7FA96E6190740F197804E494A
:10AA98008C457FF68CAE18047FF589AE4FF40041E3
:10AAA800916084E63446C846069ED146D4F800B084
:10AAB800FD6C58469D423FF615AE90E70029BFF65B
:10AAC800BCAC214684F8F32051F8F00B04F09AFB53
:10AAD8006368B2E404F52871206804F093FB6368A6
:10AAE80010E40023594620468AF87F32FBF7BEFA65
:10AAF80076E60029BFF6AAAC04F58A71206884F8C6
:10AB0800172104F07FFB6368A0E404F53171206825
:10AB180004F078FB6368FFF7FCBB0029BFF69FAC25
:10AB280004F59C71206884F83B2104F06BFB636892
:10AB380095E40029BFF69CAC04F5AE71206884F852
:10AB48005F2104F05FFB636892E41804A6D49906B9
:10AB58007FF5FAAE20219160F6E60029BFF691ACA8
:10AB680004F5C071206884F8832104F04BFB636806
:10AB780087E44FF000035146204687F83F30FBF743
:10AB880079FA42E704F54C71206804F03BFB6368EE
:10AB9800FFF7D4BB0029BFF67DAC04F5D27120685D
:10ABA80084F8A72104F02EFB636873E404F555715B
:10ABB800206804F027FB6368FFF7C7BB990673D5C5
:10ABC80020219160F3E500BF0A30544F0A31544FF9
:10ABD8000029BFF668AC04F5E471206884F8CB213D
:10ABE80004F010FB63685EE404F55E71206804F00D
:10ABF80009FB6368FFF7B0BB0029BFF65DAC04F53D
:10AC0800F671206884F8EF2104F0FCFA636853E4D5
:10AC180004F56771206804F0F5FA6368FFF7A3BBD1
:10AC28000029BFF652AC04F50471206884F8132299
:10AC380004F0E8FA636848E404F57071206804F0E9
:10AC4800E1FA6368FFF796BB0029BFF647AC04F545
:10AC58000D71206884F8372204F0D4FA63683DE463
:10AC680004F57971206804F0CDFA6368FFF789BBB1
:10AC78000029BFF63CAC04F51671206884F85B2205
:10AC880004F0C0FA636832E404F58161206804F0D6
:10AC9800B9FA6368FFF77CBB04F22C41206804F022
:10ACA800B1FA6368FFF77BBB13F0280F7FF47FAD21
:10ACB8001B498C4502D91B043FF5F0AE1169DAF83F
:10ACC8009C22C1F31201521ACAF89022B9F1000F5E
:10ACD8007FF43AAED4F88C12D9B1D4F888120A4469
:10ACE800C4F8882230E604F58A61206804F08AFAFC
:10ACF8006368FFF75BBB04F2C442494604F0C4FB37
:10AD080022E604F27441206804F07CFA6368FFF7D5
:10AD180054BB04F2C442012104F0B6FB14E600BFA0
:10AD28000A30544F90F8BC24012A0ED0012210B5E5
:10AD38000446006884F8381084F8BC2404F042FB08
:10AD48000023184684F8BC3410BD0220704700BFA9
:10AD580010B501F00F0E0906044627D44FF0240C55
:10AD68000CFB0E0C0CF51F710EEBCE0C00EB8C0CD3
:10AD780000208CF87D028A604A7881F800E00B7127
:10AD88000AB1A1F81AE0022B01D100234B7194F803
:10AD9800BC34012B18D00123206884F8BC3404F09B
:10ADA800A5F80023184684F8BC3410BD24204FF0C1
:10ADB800010C00FB0E4000F13C010EEBCE0004EB51
:10ADC800800080F83DC0D6E7022010BD08B501F02C
:10ADD8000F0E24210EEBCE0C01FB0E0100EB8C0CA8
:10ADE80001F51F71CCF88C320023CCF888228CF83E
:10ADF8007CE2CCF890328CF87D32C3680068012B75
:10AE080008BFCCF89822DAB204F0B8F8002008BDE0
:10AE180008B501F00F0E24210EEBCE0C01FB0E013C
:10AE280000EB8C0C3C31CCF84C300023CCF848209B
:10AE3800CCF8503001238CF83CE08CF83D30C368E6
:10AE48000068012B08BFCCF85820DAB204F096F855
:10AE5800002008BD38B5436801F00F059D4234D87D
:10AE68000B0604461DD4242201EBC10302FB010199
:10AE780000EB8303002201F51F7183F87D22012373
:10AE88000D708B7094F8BC249A421CD0206884F80A
:10AE9800BC3404F037FAD5B10023184684F8BC3422
:10AEA80038BD242105EBC503012201FB050100EB98
:10AEB80083033C3183F83D2001230D708B7094F897
:10AEC800BC249A42E2D1022038BD012038BD04F2E8
:10AED800C442217B206804F0D7FADDE7426838B520
:10AEE80001F00F03934232D811F0800F04464FF05F
:10AEF800240103EBC30219D101FB0341002004EB39
:10AF08008202002501F51F7182F87D020B708D7099
:10AF180094F8BC34012B18D00123206884F8BC3481
:10AF280004F024FA284684F8BC5438BD01FB0341D8
:10AF3800012004EB820200253C3182F83D000B70B1
:10AF48008D7094F8BC34012BE6D1022038BD012065
:10AF580038BD00BF704700BF38B5104CE36813F028
:10AF6800040FE36805D103F00703181A18BF01207E
:10AF780038BD23F007031843E060FBF77BF905466B
:10AF880005E0FBF777F9401BB0F57A7F04D86368D2
:10AF98009B04F6D5002038BD012038BD0048025872
:10AFA800024AD36843F08073D36070470048025860
:10AFB80070B44D6A15B1B2F1406F3AD18B691BB3C9
:10AFC8000C6A002C4CD08E680068C661CE69002ED1
:10AFD80069D02B4313432343CC6A334323430C6B7D
:10AFE80023434C6B23430C692343CC6823430C68ED
:10AFF80023434C69B2F1406F43EA8443436165D00F
:10B008004B6870BC836170470B6ABBB100682B4307
:10B018008C68CE69C461002E6BD01343CC6A33436D
:10B0280023430C6B23434C6B23430C692343CC68A9
:10B03800DEE78B6A0468013B2361BFE7CB69002B1D
:10B0480066D1002D42D0CB6A0C6B2B4300681343AA
:10B058004A6923434C6B234343EA8243436135E007
:10B06800CC6945EA030C002C32D003684CEA020094
:10B07800B2F1406F40EA0400CC6A40EA04000C6B6D
:10B0880040EA04004C6B40EA0400CC6840EA040043
:10B098000C6840EA04004C6940EA8440586115D0C5
:10B0A8004A689A6112E045EA030C0D694CEA02030A
:10B0B800CA6A23431343D1E90C4223430C68134360
:10B0C8004A692B43234343EA8243436170BC704778
:10B0D800CC6A4CEA020300682343D1E90C422343BB
:10B0E8000C6813434A69234343EA824370BC4361B3
:10B0F8007047CC6A13432343D1E90C4223431343DB
:10B10800D1E90442234343EA824370BC4361704758
:10B118002B43CD6A0C6B134300682B4323434C6BC2
:10B1280084E700BF70B50546FBF7A4F8002D46D0AC
:10B1380095F841300646002B39D0AC6C2A68A968CE
:10B148001368013923F4F85343EA0123136001E03B
:10B15800631C24D1936813F02003F9D1E869E968E6
:10B1680014680143286A0143686841EA0061194884
:10B178002040014368691160A9695468014328693E
:10B1880041EA004114482040012401431846516017
:10B198001168214311606B6485F8414070BDFBF76D
:10B1A80069F8801BA0420CD85CB12A68D2E728460F
:10B1B800F9F774FF41F288331C46AB64BEE70120FF
:10B1C80070BD0423012085F841306B6C03436B6428
:10B1D80070BD00BF2FFFFF00FEF8E0FF70B10268EE
:10B1E800136823F0010310B513600446FAF720F83A
:10B1F80000236364184684F8413010BD012070476D
:10B208002DE9F04104460E461546FBF733F894F84D
:10B218004030012B3AD0012384F8403094F8413073
:10B22800012BDFB206D002270023384684F84030CD
:10B23800BDE8F081002380466364022384F841302E
:10B24800681C23680ED19A6812F02002FBD131469F
:10B258002046FFF7ADFE736AE3B10123002784F8A7
:10B268004130E1E79A6812F020021ED0FBF702F89D
:10B27800A0EB0800854201D3002DE1D1042384F816
:10B288004130636C43F001036364CDE7022738461D
:10B29800BDE8F081226893689B07FCD50221012351
:10B2A8000027D16084F84130BEE731462046FFF7D9
:10B2B8007FFE736A43B1D0E7FAF7DCFFA0EB080022
:10B2C8008542DBD3002DD9D0226893689907F3D53E
:10B2D800E4E700BF2DE9F843044689461546FAF726
:10B2E800C9FF94F840302768012B67D0012384F800
:10B2F800403094F84130012B5FFA83F807D04FF0C3
:10B3080002080023404684F84030BDE8F883002353
:10B318006364B9F1000F56D01223064684F8413011
:10B328003B690133E3623B69C4F824900133A362AB
:10B338007B6923F040637B61E36A002B31D06A1C90
:10B34800394611D18B685B07FCD5636A1B7887F88F
:10B358002030E26A636A013A0133E262E26A6362B8
:10B36800F2B16A1C2168EDD08B685807EDD4FAF762
:10B3780081FF801B854201D3002DF2D1042384F87C
:10B388004130636C43F00103636413E0BB689B07BF
:10B398000CD4FAF76FFF801B8542EFD3002DEDD058
:10B3A8002768691CF2D1BB689A07FCD502234FF0C5
:10B3B8000008FB60012384F84130A2E74FF002083F
:10B3C8004046BDE8F883636C43F00803636498E77C
:10B3D8002DE9F843044615468946FAF74BFF2768D6
:10B3E800BA6994F84030012B6CD0012384F84030BE
:10B3F80094F84130012B5FFA83F807D04FF0020828
:10B408000023404684F84030BDE8F8830023636495
:10B41800B9F1000F5BD02223064684F841303B691E
:10B428000133A3633B69C4F83090013363637B69DC
:10B4380023F0406343F080637B61BA61A36B002B08
:10B4480033D0681C394612D18B6813F0060FFBD035
:10B4580097F82020236B1A70A26B236B013A0133F3
:10B46800A263A26B2363FAB1681C2168ECD08B68D5
:10B4780013F0060FECD1FAF7FDFE801B854201D3CD
:10B48800002DF1D1042384F84130636C43F00103AB
:10B49800636413E0BB689B070CD4FAF7EBFE801BD0
:10B4A8008542EFD3002DEDD02768691CF2D1BB6827
:10B4B8009A07FCD502234FF00008FB60012384F8AB
:10B4C80041309DE74FF002084046BDE8F883636CC1
:10B4D80043F00803636493E72DE9F84F04461F46D9
:10B4E80089469046FAF7C6FE94F84030012B52D0B0
:10B4F800012384F8403094F84130012B5FFA83FB34
:10B5080007D04FF0020B0023584684F84030BDE8BE
:10B51800F88F002382466364422384F841307A1C02
:10B5280026682CD1B568AB06FCD4D8F8003049465B
:10B538002046B362D8F804307362D8F80830F36252
:10B548003268D8F8103022F440021343D8F80C209F
:10B5580043F480033360C9F828204FF00062FFF7F6
:10B5680027FD781C22681BD193681907FCD5082190
:10B5780001234FF0000BD16084F84130C3E7B36872
:10B588009D06D2D5FAF776FEA0EB0A00874212D3C1
:10B59800002FC4D10FE04FF0020B5846BDE8F88FDA
:10B5A80093681B07E3D4FAF765FEA0EB0A0087420D
:10B5B80001D3002FD5D1042384F84130636C43F0C4
:10B5C800010363649FE700BF2DE9F04704460F4677
:10B5D8001646FAF74FFE94F84030012B45D0012368
:10B5E80084F8403094F84130012B5FFA83F907D092
:10B5F8004FF002090023484684F84030BDE8F08740
:10B6080000238046D4F848A06364822384F841303C
:10B61800BAF1FF3F256814D1AB689A06FCD42B68B1
:10B62800726823F00803082A43EA02032B6021D03A
:10B638004FF04062394620464FF00009FFF7B8FC4A
:10B64800D8E7AB689B06EAD5FAF714FEA0EB08002A
:10B65800824502D3BAF1000FDAD1042384F84130CD
:10B66800636C43F001036364C4E74FF00209484682
:10B67800BDE8F087326810232A63EB602B6843F437
:10B6880080132B60D4E700BF704700BF08B5006C7B
:10B6980000238363C36290F84130082B0BD1036801
:10B6A8000222DA601A6842F400321A601A6842F01C
:10B6B80002021A6008BD012380F84130FFF7E4FF59
:10B6C80008BD00BF704700BF704700BF704700BF8C
:10B6D800704700BF704700BF704700BF704700BF8A
:10B6E80038B5036804469A68196855070ED54803A3
:10B6F8000CD594F84120122A75D094F84120222ABA
:10B7080000F0A1802046FFF7E5FF38BD950726D554
:10B71800880324D50222DA601A6822F4E0221A602B
:10B7280094F84120122A7AD094F84120222A00F075
:10B73800A98094F84120022A00F0D08094F8412092
:10B74800082AE2D15A690121204622F040625A6152
:10B7580084F84110636C3BBBFFF7B4FF38BD150795
:10B7680025D4D50735D5C80333D50125DD601A683A
:10B7780022F470221A60626C42F0020262641A6853
:10B78800520779D51A68E06B22F004021A60574B09
:10B79800836507F01FF90028B7D0636C204643F093
:10B7A8000403636484F84150FFF76EFF38BD080353
:10B7B800D7D50822DA601A68520206D51A6801211C
:10B7C80022F410221A6084F841102046FFF784FF03
:10B7D80038BDD00699D5CA0297D510222046DA601E
:10B7E800FFF77CFF38BD9A6850078BD518460EE0E6
:10B7F800626A127883F82020E16A20680139626A57
:10B80800E1620132816862624D077FF57BAFE26ACF
:10B81800002AEDD1036823F48023036072E71A68D5
:10B82800510709D51A68E16B22F0040209681A6009
:10B83800CB6823F00103CB600123204684F8413014
:10B84800FFF746FF38BD9A6852077FF55BAF184689
:10B858000EE093F82010226B1170A16B206801395B
:10B86800226BA16301328168226349077FF54AAFE1
:10B87800A26B002AEDD1CDE7204684F84150FFF7AE
:10B8880003FF38BD1A6852071DD49A6812F47C5F0A
:10B898000FD111E093F82010226B1170A16B206872
:10B8A8000139226BA16301328168226311F47C5F44
:10B8B80002D0A26B002AEDD10123204684F8413042
:10B8C800FFF704FF38BD1A68E16B22F0040209682B
:10B8D8001A60CB6823F00103CB60EDE70123204613
:10B8E80084F84130FFF7F0FE38BD00BF95B600245C
:10B8F800454B30B49A6A9C6ADD6A14F47C7F596BB4
:10B90800C4F3051038D0C1F3CC0105F0010502F0ED
:10B91800030205FB01F1012A07EE901AB8EEE77A57
:10B9280002D0022A4ED04AB307EE900ADFED376AFA
:10B93800F8EEE77A1B6B86EEA76A9FED355AC3F3DC
:10B94800080306EE903AF7EE005AF8EEE66AE7EEDC
:10B95800056A76EEA56A66EE266A2B4B1B6BC3F367
:10B968004623013307EE903AB8EEE77AC6EE877AB7
:10B97800FCEEE77A17EE900A30BC70471A68920618
:10B9880027D5196807EE900A224AF7EE005A1B6B72
:10B99800C1F3C101F8EEE77A9FED1D5AC3F308031E
:10B9A800CA4006EE903A06EE102AF8EEE66AB8EEBD
:10B9B800C66AE7EE056A86EE277A76EEA56A66EE2F
:10B9C800876ACAE707EE900ADFED136AF8EEE77AAE
:10B9D800B0E707EE900A9FED115A1B6BB7EE006AAD
:10B9E800F8EEE77ADFED0A5AC3F30803C5EE276AD3
:10B9F80007EE903AF8EEE77AE7EE257A77EE867A60
:10BA080066EEA76AA9E700BF004402580024744AFA
:10BA1800000000390090D0030024744B0024744CBB
:10BA2800002800F0EC81F8B503680446D80730D543
:10BA3800A5490A69896A02F03802102A00F00981CA
:10BA4800182A00F001816368B3F5803F00F02C816B
:10BA5800002B00F06A81B3F5A02F9B4B1A6800F009
:10BA68008E8222F480321A601A6822F480221A60C8
:10BA7800FAF700FC944E41F28837054605E0FAF7DC
:10BA8800F9FB401BB84200F24E8133689A03F6D5A1
:10BA980023689D0700F18A80D90633D58A4A13693D
:10BAA800926A03F03803082B00F0E380182B00F0AB
:10BAB800DB80E369844D002B00F071812B6843F033
:10BAC80080032B60FAF7D6FB064605E0FAF7D2FBAF
:10BAD800801B022800F227812B68DB05F6D5FAF7D0
:10BAE800E1FB41F20303984200F27182226A6B681B
:10BAF800202A23F0F8430CBF43F0804343EA8263D3
:10BB08006B6023681D0716D563696F4D002B00F025
:10BB180024816B6F43F001036B67FAF7ABFB0646B2
:10BB280005E0FAF7A7FB801B022800F2FC806B6F88
:10BB38009807F6D523689A0616D5A369624D002B97
:10BB480000F01C812B6843F480532B60FAF792FBBA
:10BB5800064605E0FAF78EFB801B022800F2E38018
:10BB68002B689F04F6D52368590700F1A380606A03
:10BB7800D0B1554D2B6903F03803182B00F0B18173
:10BB88002B68022823F080732B6000F04481FAF7B9
:10BB980071FB044605E0FAF76DFB001B022800F272
:10BBA800C2802B689B01F6D40020F8BD464A136971
:10BBB800926A13F038032DD1434BE2681B6859078A
:10BBC80001D5002A4ED0404D2B6823F019031343AA
:10BBD8002B60FAF74FFB064605E0FAF74BFB801B94
:10BBE800022800F2A0802B685B07F6D5FAF75AFB0B
:10BBF80041F20303984200F2F98022696B68402AF7
:10BC080023F47C330CBF43F4003343EA02336B6004
:10BC1800236841E7182B00F0E5802B4DE2682B687C
:10BC2800002A00F0CE8023F0190313432B60FAF7A3
:10BC380021FB064604E0FAF71DFB801B022872D898
:10BC48002B685F07F7D5D1E701F0030102297FF4DC
:10BC5800FAAE1D4A126891037FF51BAF6268002A8D
:10BC68007FF417AF0120F8BD02F00302012A7FF428
:10BC780020AF154B1B68DA0502D5E369802BF1D19B
:10BC8800FAF710FB41F20303984200F2BA80226AE5
:10BC9800202A00F0AB810C494B6823F0F84343EAB3
:10BCA80082634B6023682DE7074A136843F48033A7
:10BCB8001360DDE6054D2B6843F480732B60FAF7BB
:10BCC800D9FA064609E000BF004402580048025865
:10BCD800FAF7D0FA801B642825D82B68DA05F7D53F
:10BCE800A368012B00F07C81002B00F05781052B05
:10BCF800A74B1A6F00F0838122F001021A671A6FAE
:10BD080022F004021A67FAF7B5FAA14E41F2883711
:10BD1800054604E0FAF7AEFA401BB84203D8336F81
:10BD28009B07F7D523E70320F8BD994D41F28837E3
:10BD38002B6823F480332B602B6823F480232B603B
:10BD4800FAF798FA064604E0FAF794FA801BB84224
:10BD5800E9D82B689B03F7D49AE66B6F23F00103AD
:10BD68006B67FAF787FA064604E0FAF783FA801B4E
:10BD78000228D8D86B6F9907F7D4DBE62B6823F431
:10BD880080532B60FAF776FA064604E0FAF772FA5F
:10BD9800801B0228C7D82B689804F7D4E3E62B68E1
:10BDA80023F080032B60FAF765FA064604E0FAF7F9
:10BDB80061FA801B0228B6D82B68DF05F7D4236800
:10BDC800A0E623F001032B60FAF754FA064604E0D4
:10BDD800FAF750FA801B0228A5D82B685807F7D421
:10BDE800236859E690077FF418AFE5E66B68226987
:10BDF80023F0FE4343EA02636B6023684CE60120AC
:10BE08007047634A216AD36823F07C5343EA01638D
:10BE1800D360236876E6FAF72DFA064605E0FAF7C6
:10BE280029FA801B02283FF67EAF2B689901F6D4C9
:10BE3800A96A584BA26A0B405749554E1343E26A08
:10BE480043EA0213AB62D4E90D32013B013A5B02CB
:10BE580012049BB202F4FE021343226B013AC2F3AE
:10BE680008021343E26B013A120602F0FE42134342
:10BE78002B63EB6A23F00103EB626A6BA36C11403E
:10BE880041EAC3016963EB6A226C23F00C03134394
:10BE9800EB62EB6A626C23F002031343EB62EB6A1A
:10BEA80043F48033EB62EB6A43F40033EB62EB6AF2
:10BEB80043F48023EB62EB6A43F00103EB622B68E7
:10BEC80043F080732B60FAF7D5F9044605E0FAF7DA
:10BED800D1F9001B02283FF626AF33689A01F6D540
:10BEE80062E60128AA6A2E6B3FF45FAE02F00303F4
:10BEF800A16A8B427FF4B6AEC2F30512E36A9A4296
:10BF08007FF4B0AE236BC6F30802013B9A427FF47C
:10BF1800A9AE636BC6F34622013B9A427FF4A2AEF8
:10BF2800A36BC6F30642013B9A427FF49BAEE36BD8
:10BF3800C6F30666013B9E427FF494AE6B6BA26C1F
:10BF4800C3F3CC039A423FF42FAE114AD36A23F0CD
:10BF58000103D362FAF78EF90546FAF78BF9A8427E
:10BF6800FBD00B4A0020A16C0B4B546B234043EAD7
:10BF7800C1035363D36A43F00103D362F8BD42F4AB
:10BF880080221A601A6842F480321A6070E500BF95
:10BF9800004402580CFCFFFF0700FFFF1C4D41F254
:10BFA80088372B6F23F001032B672B6F23F00403D3
:10BFB8002B67FAF75FF9064605E0FAF75BF9801B8D
:10BFC800B8423FF6B0AE2B6F9807F6D4CFE5EB68D2
:10BFD800226A23F07C5343EA0263EB60236891E50D
:10BFE8000B4A136F43F0010313678CE6084A536842
:10BFF80023F0F84343F080435360236882E542F01E
:10C0080004021A671A6F42F001021A677BE600BF42
:10C0180000440258474A136903F03803102B04D030
:10C02800182B0DD01BB1444870474448704713681B
:10C0380099064AD513684248C3F3C103D8407047EC
:10C04800936A30B4946AD56A14F47C7F516BC4F354
:10C05800051038D0C1F3CC0105F0010503F0030346
:10C0680005FB01F1012B07EE901AB8EEE77A02D032
:10C07800022B2CD093B307EE900A9FED325AF8EEBC
:10C08800E77A136BC5EE276ADFED2F5AC3F308036F
:10C0980007EE903AB7EE006AF8EEE77AE7EE257A0F
:10C0A80077EE867A66EEA76A224B1B6BC3F34623AC
:10C0B800013307EE903AB8EEE77AC6EE877AFCEEDF
:10C0C800E77A17EE900A30BC70471D48704707EEB4
:10C0D800900A9FED1E5AF8EEE77AD2E713689B069E
:10C0E80020D5146807EE900A1549F7EE005A136B2D
:10C0F800C4F3C104F8EEE77A9FED135AC3F30803BB
:10C10800E14006EE903A06EE101AF8EEE66AB8EE4E
:10C11800C66AE7EE056A86EE277A76EEA56A66EEC7
:10C12800876AC1E707EE900A9FED095AF8EEE77AA9
:10C13800A7E700BF0044025800093D000024F400AE
:10C148000090D0030024744A000000390024744B86
:10C158000024744C002800F00C818C4A136803F00A
:10C168000F038B422DE9F04104460D460CD21368AB
:10C1780023F00F030B431360136803F00F038B4284
:10C1880002D00120BDE8F08123685F070BD5804904
:10C1980020698A6902F07002904204D98A6922F003
:10C1A800700202438A611E070BD579496069CA6922
:10C1B80002F07002904204D9CA6922F07002024368
:10C1C800CA61D8060BD57249A069CA6902F4E0624F
:10C1D800904204D9CA6922F4E0620243CA6199060E
:10C1E8000BD56B49E0690A6A02F07002904204D9E3
:10C1F8000A6A22F0700202430A629A0740F1AB8091
:10C208006348E168826902F00F02914204D98269A9
:10C2180022F00F020A438261D80730D55C4AA16830
:10C22800936923F470630B4393616168136802296F
:10C2380000F0A180032900F09880012900F0A18076
:10C2480058079ED5524E41F28838336923F00703C8
:10C258000B433361FAF70EF8074605E0FAF70AF8D8
:10C26800C01B404500F28B803369626803F03803D5
:10C27800B3EBC20FF2D12368990706D5E1684448A9
:10C28800826902F00F028A4269D840490A6802F0BE
:10C298000F02AA420AD90A6822F00F022A430A604A
:10C2A8000A6802F00F02AA427FF46BAF5A070BD557
:10C2B800374920698A6902F07002904204D28A697B
:10C2C80022F0700202438A611F070BD5304960696A
:10C2D800CA6902F07002904204D2CA6922F0700260
:10C2E8000243CA61DE060BD52949A069CA6902F46E
:10C2F800E062904204D2CA6922F4E0620243CA6151
:10C308009D060BD5224AE169136A03F0700399422E
:10C3180004D2136A23F070030B431362FFF77AFE0B
:10C328001B4A03461B4891699269C1F303211A4DC0
:10C3380002F00F02194C415C825C01F01F011848A1
:10C3480002F01F02CB4000682B60D3402360BDE899
:10C35800F041F9F72DBFDA073FF560AF95E782693D
:10C3680022F00F02114381618FE79F013FF56AAF09
:10C3780007E7012070479B033FF564AF01E70320FF
:10C3880000E7DE053FF55EAFFBE600BF0020005288
:10C3980000440258484D0124B0030020B403002093
:10C3A8008C000020184A38B5136903F03803102BA5
:10C3B8001AD0182B23D0CBB11448134B14499A69BF
:10C3C8009B69C2F30322134C03F00F03124D8A5CDE
:10C3D800CB5C02F01F0220FA02F203F01F0022FADF
:10C3E80000F02A60206038BD0C48E6E713689B0619
:10C3F80008D512680A48C2F3C102D040DDE7FFF74A
:10C4080077FADAE70648D8E70044025800093D0001
:10C41800484D0124B4030020B00300200024F40098
:10C428000090D0031C4A38B5136903F03803102B69
:10C4380021D0182B2BD003B31848174A18499369F1
:10C44800184DC3F30323184CCB5C03F01F0320FAE9
:10C4580003F3906900F00F002B60085C00F01F00E8
:10C46800C3402360D269C2F30212885C00F01F0047
:10C4780023FA00F038BD0D48DFE713689B0609D59D
:10C4880010680B4BC0F3C10023FA00F0D5E7FFF7A3
:10C498002FFAD2E70648D0E70044025800093D00C9
:10C4A800484D0124B0030020B40300200024F40008
:10C4B8000090D0031C4A38B5136903F03803102BD9
:10C4C80021D0182B2BD003B31848174A1849936961
:10C4D800184DC3F30323184CCB5C03F01F0320FA59
:10C4E80003F3906900F00F002B60085C00F01F0058
:10C4F800C3402360D269C2F30222885C00F01F00A7
:10C5080023FA00F038BD0D48DFE713689B0609D50C
:10C5180010680B4BC0F3C10023FA00F0D5E7FFF712
:10C52800E7F9D2E70648D0E70044025800093D0081
:10C53800484D0124B0030020B40300200024F40077
:10C548000090D003F8B53A4CA36A03F00303032B19
:10C5580067D0236806460F4623F080632360F9F707
:10C5680089FE054604E0F9F785FE431B022B56D8E1
:10C5780023681A01F7D4A36A326823F47C3343EAA8
:10C588000233A362D6E90232013B013A5B0212048C
:10C598009BB202F4FE0213437268013AC2F3080226
:10C5A80013433269013A120602F0FE421343A363B1
:10C5B800E36A726923F0C0031343E362E26AB36972
:10C5C80022F020021A431B4BE262E26A22F01002B8
:10C5D800E262E16BF2690B4043EAC203E363E36A98
:10C5E80043F01003E362E36AEFB1012F0CBF43F499
:10C5F800801343F40013E3620D4C236843F0806317
:10C608002360F9F737FE054604E0F9F733FE401BCF
:10C61800022804D823681B01F7D50020F8BD0320A1
:10C62800F8BD0120F8BD43F40023E362E4E700BF4E
:10C63800004402580700FFFFF8B53A4CA36A03F01C
:10C648000303032B67D0236806460F4623F0805365
:10C658002360F9F70FFE054604E0F9F70BFE431BCC
:10C66800022B56D823689A00F7D4A36A326823F0BD
:10C678007C7343EA0253A362D6E90232013B013AD2
:10C688005B0212049BB202F4FE0213437268013A81
:10C69800C2F3080213433269013A120602F0FE425D
:10C6A80013432364E36A726923F440631343E36228
:10C6B800E26AB36922F400721A431B4BE262E26A2F
:10C6C80022F48072E262616CF2690B4043EAC203B1
:10C6D8006364E36A43F48073E362E36AEFB1012FB2
:10C6E8000CBF43F4000343F08073E3620D4C2368EE
:10C6F80043F080532360F9F7BDFD054604E0F9F7E0
:10C70800B9FD401B022804D823689B00F7D50020F8
:10C71800F8BD0320F8BD0120F8BD43F48003E362AF
:10C72800E4E700BF004402580700FFFF2DE9F84383
:10C73800D0E9003204461D0103F0006623D5816E5E
:10C74800B1F5001F00F04F8512D8002900F0A5852B
:10C75800B1F5801F40F09E8502210830FFF7F2FEF8
:10C768000646002E40F01E85A16ED4E9003203E093
:10C77800B1F5401F40F08E85AE4D0026286D20F49F
:10C78800401001432965D8050AD5A16D042906D8AA
:10C79800DFE811F0320539051605100310030126EC
:10C7A800354699051DD5E16D802900F0128500F206
:10C7B800F980002900F02084402940F0FA80002107
:10C7C80004F10800FFF7BEFE0546D4E90032002D4B
:10C7D80040F0EB83974FE06D396D21F4E071014330
:10C7E80039655F0521D5D4F8A810B1F5800F00F0A0
:10C7F8001D8500F2E180002900F00584B1F5001FD5
:10C8080040F0E280002104F10800FFF79BFE054696
:10C81800D4E90032002D40F0CF83864FD4F8A80029
:10C82800B96D21F460010143B965180521D5D4F823
:10C83800AC10B1F1007F00F0B98400F2C880002983
:10C8480000F0D483B1F1807F40F0C980002104F169
:10C858000800FFF777FE0546D4E90032002D40F0C6
:10C86800A283744FD4F8AC00B96D21F0E0610143A4
:10C87800B965990118D5E16C202900F01E8400F2F1
:10C88800B18039B1102940F0B0806A48C16A41F4DA
:10C898000031C162002D40F0D383664FE06CF96C23
:10C8A80021F030010143F964DF041FD5216EB1F591
:10C8B800005F00F0B18400F29B80002900F09083B3
:10C8C800B1F5805F40F09C80002104F10800FFF77B
:10C8D80039FE0546D4E90032002D40F06883554FF3
:10C8E800206E396D21F4E0410143396598041DD566
:10C8F800616EB1F5003F00F00F8400F2848059B1F9
:10C90800B1F5803F40F08780012104F10800FFF76E
:10C9180019FE0546D4E90032002D40F09B83454FAF
:10C92800606E396D21F4E0210143396559041DD544
:10C93800D4F8B010B1F1005F00F0FA836ED851B1AD
:10C94800B1F1805F72D1012104F10800FFF7FAFD0F
:10C958000546D4E90032002D40F08083354FD4F8E5
:10C96800B000B96D21F0E0410143B9651F040DD550
:10C97800216FB1F1805F00F0C783B1F1005F00F073
:10C988002582002900F02A8201263546D8015FD584
:10C99800A16C032900F2BB84DFE811F05600E10323
:10C9A8004E005600C0293FF412AFB1F5807F3FF426
:10C9B8000EAF0126354614E7B1F5C00F3FF42AAF94
:10C9C800B1F5000F3FF426AF012635462DE7B1F14A
:10C9D800407F3FF443AFB1F1806F3FF43FAF012692
:10C9E800354646E730293FF455AF012635465BE723
:10C9F800B1F5405F3FF470AFB1F5804F3FF46CAFD5
:10CA08000126354672E721F48030B0F5802F83D0B7
:10CA1800B1F5403F80D00126354687E721F08050A8
:10CA2800B0F1804F97D0B1F1405F94D001263546E0
:10CA38009CE700BF00440258022104F10800FFF7F8
:10CA480081FD0546D4E90032002D00F0FB822E4618
:10CA5800590200F15A82D8072FD5E16F28292AD820
:10CA6800DFE811F0FA01290029002900290029002E
:10CA78002900290006042900290029002900290085
:10CA880029002900F201290029002900290029008C
:10CA980029002900FA012900290029002900290074
:10CAA80029002900FA012900290029002900290064
:10CAB80029002900FA0101263546990717D5A16FE3
:10CAC800052900F22084DFE811F00E00BB03060000
:10CAD8000E000E000E00012104F12800FFF7ACFD46
:10CAE8000546D4E90032002D00F099822E465F07F2
:10CAF80018D5D4F89410052900F20D84DFE811F058
:10CB08000E00AC0306000E000E000E00012104F119
:10CB18002800FFF791FD0546D4E90032002D00F00A
:10CB280086822E4698061FD5D4F89010B1F1005F82
:10CB380000F0098300F20B8159B1B1F1805F40F038
:10CB48001081002104F10800FFF7FCFC0546D4E938
:10CB58000032002D40F05F82A64FD4F89000796D26
:10CB680021F0E0410143796559061FD5D4F89C109E
:10CB7800B1F5006F00F0B28200F2F68059B1B1F55C
:10CB8800806F40F0FB80002104F10800FFF7DAFC19
:10CB98000546D4E90032002D40F06282954FD4F862
:10CBA8009C00B96D21F4E0510143B9651F061FD5FA
:10CBB800D4F8A010B1F5804F00F09B8200F2E1801C
:10CBC80059B1B1F5005F40F0E680002104F108009A
:10CBD800FFF7B8FC0546D4E90032002D40F03C824E
:10CBE800844FD4F8A000B96D21F460410143B965C0
:10CBF80018070BD5D4F88400B0F5805F00F0B88230
:10CC08007C4F796D21F4405101437965D9060BD5E4
:10CC1800D4F89800B0F5807F00F0B782754FB96DF1
:10CC280021F440710143B9651F030ED5D4F8A4104F
:10CC3800B1F5803F00F0F480B1F5003F00F0F880D6
:10CC4800002900F02E820126354658030FD5D4F866
:10CC58008810B1F5001F00F0CF80B1F5401F00F03B
:10CC6800D380B1F5801F00F0148201263546D90320
:10CC780009D5216D002900F00382B1F5803F00F04D
:10CC88009D81012635469F0000F1F18098030CD55F
:10CC9800D4F88010B1F5807F00F0EA817ED921F4C4
:10CCA8008070B0F5007F7BD00126D90206D55148A7
:10CCB800656F016D21F0004129430165DF0007D54B
:10CCC8004C48D4F8B850016921F4804129430161E6
:10CCD8009D0206D54748E56E016D21F08071294314
:10CCE8000165580009D54349086920F400400861E6
:10CCF8000869D4F8BC5028430861002B06DA3D487F
:10CD0800656DC16C21F040512943C164190207D5F2
:10CD18003849D4F88C004B6D23F4400303434B652A
:10CD2800D30700F1B080970700F1BA80550700F1EA
:10CD3800C480100700F1CE80D10600F1D880920699
:10CD480000F12581301E18BF0120BDE8F88321F0CD
:10CD58008050B0F1804F3FF4FCAEB1F1405F3FF43A
:10CD6800F8AE01263546FFE621F48060B0F5805F15
:10CD78003FF411AFB1F5406F3FF40DAF01263546D2
:10CD880014E721F40050B0F5004F3FF426AFB1F599
:10CD9800C04F3FF422AF0126354629E7002983D149
:10CDA800002D40F06381134D686D20F440700143FD
:10CDB80069657AE73546002D40F0FB800D4FA06D80
:10CDC800396D21F0070101433965EAE4012104F1D5
:10CDD8000800FFF7B7FB0546D4E90032002D40F004
:10CDE8001C81044F206F396D21F040510143396592
:10CDF800CCE500BF00440258012104F12800FFF7E8
:10CE08001BFC0546D4E90032002D40F02D81B14FBE
:10CE1800D4F88800796D21F440110143796526E73B
:10CE2800022104F12800FFF707FC0546D4E9003287
:10CE3800002D40F01781A74FD4F8A400B96D21F454
:10CE480040310143B96500E7012104F12800FFF7EB
:10CE5800F3FB0546D4E90032002D40F0DA809D4FFF
:10CE6800E06F796D21F038010143796525E60221EB
:10CE780004F12800FFF7E0FBD4E9003200283FF472
:10CE880005AF012602E7002104F10800FFF75AFB6D
:10CE9800626800283FF447AF970706467FF546AF1C
:10CEA800012104F10800FFF74DFB626800283FF4F8
:10CEB8003DAF550706467FF53CAF022104F1080057
:10CEC800FFF740FB626800283FF433AF06461007BF
:10CED8007FF532AF002104F12800FFF7ADFB62684F
:10CEE80000283FF429AFD10606467FF528AF04F1A4
:10CEF800280501212846FFF79FFB002800F0DB806A
:10CF080063689B064CD5064643E0734F3B6843F481
:10CF180080733B60F9F7AEF9804606E0F9F7AAF9A5
:10CF2800A0EB0800642800F2AF813B68DA05F5D56C
:10CF3800002D40F0E381674AD4F8B430116F5940AE
:10CF480011F4407F0BD0116F106F21F4407140F441
:10CF580080301067106F20F4803010671167B3F5C8
:10CF6800807F00F0AD8103F44072B2F5407F00F09D
:10CF7800BB8158490A6922F47C520A615548C3F3B7
:10CF88000B01076F3943D4E90032016763E504F107
:10CF9800280502212846FFF74FFB00283FF4D2AEB0
:10CFA8000120BDE8F8832E4663E42E4619E42E4698
:10CFB8009CE42E46FFF7F5BB2E4636E4022104F129
:10CFC8000800FFF7BFFA0546D4E90032002D5ED10C
:10CFD800404F206DF96C21F480310143F96452E629
:10CFE8003C48C16A41F40031C16275E43948C16AFC
:10CFF80041F40031C16231E43648C16A41F400317C
:10D00800C162FFF7E4BB3348C16A41F40031C16231
:10D0180000E42E4651E52E46A6E52E46B6E42D4FF1
:10D02800A06F796D21F00701014379655FE5294F0C
:10D03800D4F89400B96D21F007010143B96571E591
:10D048002E4631E4234FA06CF96C21F00301014313
:10D05800F964FDE42E4669E42E46C9E52E4685E4CA
:10D068002E46A3E52E46F0E52E4600E62E461CE6A3
:10D07800184FF86A40F40030F862002DF6D192E6B5
:10D088001448C16A41F40031C162002DA0D02E4677
:10D09800F9E51048C16A41F40031C162002DE3D1BD
:10D0A800B5E604F10800FFF74DFA0546D4E9003269
:10D0B800002DD7D1BFE6626841E6022104F10800DD
:10D0C800FFF740FA0546D4E90032002DB8D1FFF742
:10D0D800E4BB00BF0044025800480258022104F192
:10D0E8002800FFF7A9FA0546D4E90032002DB7D188
:10D0F80054E5022104F12800FFF79EFA0546D4E919
:10D108000032002DA8D16BE58448C16A41F4003192
:10D11800C162002D81D164E6012104F12800FFF7E6
:10D128008BFA0546D4E90032002D93D1FFF7F7BBFF
:10D13800012104F12800FFF77FFA0546D4E90032FF
:10D14800002D8BD10AE4022104F12800FFF774FABC
:10D158000546D4E90032002D7FF45DAFFCE46F484A
:10D16800C16A41F40031C162002D7FF470AC69E7F7
:10D17800022104F12800FFF75FFA002840F09480AC
:10D18800D4F88400D4E900323AE5022104F12800F9
:10D19800FFF752FA002840F08D80D4F89800D4E9BF
:10D1A80000323BE5D4E90032FFF7EDBA002104F183
:10D1B8002800FFF741FA0546D4E90032FFF74EBBD5
:10D1C800002104F12800FFF737FA0546D4E90032B8
:10D1D800F1E5002104F12800FFF72EFA0546D4E90D
:10D1E8000032FFF7F4BA02212830FFF725FA064685
:10D1F800002E3FF4B9AAD5E748483546C16A41F43C
:10D208000031C162D7E5002104F10800FFF79AF95F
:10D218000546D4E90032CEE5002104F12800FFF7E5
:10D228000BFA0546D4E90032FFF756BB002104F19A
:10D238002800FFF701FA0546D4E90032FFF7EABAF9
:10D24800012104F10800FFF77DF90546D4E9003211
:10D25800002D7FF44BACE2E6012104F10800FFF752
:10D2680071F90546D4E90032002D7FF45AACDEE6A8
:10D27800012104F10800FFF765F90546D4E90032F9
:10D28800002D7FF4C6AEEAE50326D4E90032354620
:10D29800FFF7E1BB0126FFF776BA204DE86A40F4B4
:10D2A8000030E862FFF768BAD4F884000126D4E9B0
:10D2B8000032A5E4D4F898000126D4E90032ADE4A0
:10D2C800F8F7D8FFDFF85480074641F2883904E0C0
:10D2D800F8F7D0FFC01B4845D6D8D8F870309B0760
:10D2E800F6D5D4F8B4303EE60C480D4A016902EA96
:10D2F800131221F47C510A4302613FE6D4E900325B
:10D308002E46FFF7A8BB01263546FFF7F0BB0126DE
:10D318003546FFF79DBB0126354603E40044025815
:10D32800CFFFFF0008B5FFF73DF8054B054A1B6A1C
:10D33800C3F30213D35C03F01F03D84008BD00BF3A
:10D3480000440258484D0124584B70B4996A9D6AAC
:10D35800DE6A15F47C3FC5F30532DC6B5CD0C4F3A0
:10D36800CC04C6F3001601F0030106FB04F40129FE
:10D3780007EE904AB8EEE77A03D0022975D0002963
:10D388004FD007EE902ADFED4A6AF8EEE77A9B6BFA
:10D3980086EEA76A9FED475AC3F3080306EE903A54
:10D3A800F7EE005AF8EEE66AE7EE056A76EEA56A49
:10D3B80066EE266A3D4AB7EE006A936BC3F34623CE
:10D3C80007EE103AB8EEC77A70BC37EE067AC6EEAA
:10D3D800877AFCEEE77AC0ED007A936BC3F30643D5
:10D3E80007EE103AB8EEC77A37EE067AC6EE877AB5
:10D3F800FCEEE77AC0ED017A936BC3F3066307EEA0
:10D40800903AF8EEE77A77EE867A86EEA77ABCEE5F
:10D41800C77A80ED027A704770BCC0E9002282604A
:10D4280070471968890627D51C6807EE902A224993
:10D43800F7EE005A9B6BC4F3C102F8EEE77A9FED52
:10D448001D5AC3F30803D14006EE903A06EE101AAF
:10D45800F8EEE66AB8EEC66AE7EE056A86EE277A5F
:10D4680076EEA56A66EE876AA4E707EE902ADFEDF6
:10D47800136AF8EEE77A8AE707EE902A9FED105ACA
:10D488009B6BB7EE006AF8EEE77ADFED0A5AC3F352
:10D498000803C5EE276A07EE903AF8EEE77AE7EE5A
:10D4A800257A77EE867A66EEA76A83E70044025803
:10D4B8000024744A000000390090D0030024744B03
:10D4C8000024744C584B70B4996A9D6ADE6A15F052
:10D4D8007C7FC5F305525C6C5CD0C4F3CC04C6F306
:10D4E800002601F0030106FB04F4012907EE904A27
:10D4F800B8EEE77A03D0022975D000294FD007EE9D
:10D50800902ADFED4A6AF8EEE77A1B6C86EEA76A86
:10D518009FED475AC3F3080306EE903AF7EE005A18
:10D52800F8EEE66AE7EE056A76EEA56A66EE266A22
:10D538003D4AB7EE006A136CC3F3462307EE103A70
:10D54800B8EEC77A70BC37EE067AC6EE877AFCEE7C
:10D55800E77AC0ED007A136CC3F3064307EE103A7E
:10D56800B8EEC77A37EE067AC6EE877AFCEEE77A27
:10D57800C0ED017A136CC3F3066307EE903AF8EE38
:10D58800E77A77EE867A86EEA77ABCEEC77A80EDE0
:10D59800027A704770BCC0E900228260704719683F
:10D5A800890627D51C6807EE902A2249F7EE005A0B
:10D5B8001B6CC4F3C102F8EEE77A9FED1D5AC3F362
:10D5C8000803D14006EE903A06EE101AF8EEE66A25
:10D5D800B8EEC66AE7EE056A86EE277A76EEA56AA1
:10D5E80066EE876AA4E707EE902ADFED136AF8EE85
:10D5F800E77A8AE707EE902A9FED105A1B6CB7EE80
:10D60800006AF8EEE77ADFED0A5AC3F30803C5EEBD
:10D61800276A07EE903AF8EEE77AE7EE257A77EE92
:10D62800867A66EEA76A83E7004402580024744AA3
:10D63800000000390090D0030024744B0024744C7F
:10D648005C4B70B4996A9D6ADE6A15F47C7FC5F3F9
:10D6580005125C6B5CD0C4F3CC0406F0010601F043
:10D66800030106FB04F4012907EE904AB8EEE77AB5
:10D678007ED0022975D000294FD007EE902ADFED21
:10D688004E6AF8EEE77A1B6B86EEA76A9FED4B5A57
:10D69800C3F3080306EE903AF7EE005AF8EEE66A8E
:10D6A800E7EE056A76EEA56A66EE266A414AB7EEA7
:10D6B800006A136BC3F3462307EE103AB8EEC77A35
:10D6C80070BC37EE067AC6EE877AFCEEE77AC0EDD4
:10D6D800007A136BC3F3064307EE103AB8EEC77A25
:10D6E80037EE067AC6EE877AFCEEE77AC0ED017A65
:10D6F800136BC3F3066307EE903AF8EEE77A77EE1A
:10D70800867A86EEA77ABCEEC77A80ED027A7047F1
:10D7180070BCC0E9002282607047196889062ED55E
:10D728001C6807EE902A2649F7EE005A1B6BC4F3D3
:10D73800C102F8EEE77A9FED215AC3F30803D140FE
:10D7480006EE903A06EE101AF8EEE66AB8EEC66AE9
:10D75800E7EE056A86EE277A76EEA56A66EE876AB0
:10D76800A4E707EE902ADFED176AF8EEE77A8AE772
:10D7780007EE902ADFED146AF8EEE77A83E707EE02
:10D78800902A9FED0D5A1B6BB7EE006AF8EEE77A08
:10D79800DFED0A5AC3F30803C5EE276A07EE903A8D
:10D7A800F8EEE77AE7EE257A77EE867A66EEA76AEC
:10D7B8007CE700BF004402580024744C0000003984
:10D7C8000090D0030024744B0024744AA0F58073A1
:10D7D8000B4300B585B000F08480A0F500730B43BF
:10D7E80039D0A0F580630B4300F0E680A0F5006314
:10D7F8000B4300F08980A0F580530B4361D0A0F55E
:10D8080000530B4300F01281A0F500230B4300F0F6
:10D81800A380A0F580330B4300F0FA80A0F5804385
:10D828000B4300F04381A0F5004050EA010337D1D3
:10D83800994A136D03F04053B3F1805F00F0838081
:10D84800B3F1005F00F0568153BB106810F400304C
:10D8580044D0924842E0904A136D03F4E073802B61
:10D8680000F0A58020D9C02B37D0B3F5807F17D121
:10D87800D36C116803F04053490702D5002B00F020
:10D88800C180854A1268D00503D5B3F1805F00F0E6
:10D898000181814A1268910302D5B3F1005FD8D0A3
:10D8A800002005B05DF804FB002B4CD0402BF7D1CD
:10D8B800106810F0006011D001A8FFF745FD01982D
:10D8C8000CE0754A136D03F4E043B3F5005F6ED0C6
:10D8D80037D9B3F5405F40F08780714805B05DF8EF
:10D8E80004FB6D4B1B6D03F00703042BD8D801A272
:10D8F80052F823F09FD900247BD900248BD9002427
:10D90800E3D8002487D90024634A936D03F0E063C9
:10D91800B3F1007F4BD044D9B3F1407FDDD0B3F1F0
:10D92800806FBDD1D36C126803F040535207A8D55D
:10D93800002BA6D1584B5B481B68C3F3C103D840E2
:10D94800CCE7002B54D1106810F00070C6D001A8A5
:10D95800FFF776FE0298C1E74F4A936D03F4403310
:10D96800B3F5803F00F0D080B3F5003FDAD0002B4C
:10D9780096D1494B186810F00060AFD09CE7464A32
:10D9880076E7454B186810F00050A7D001A8FFF7BC
:10D9980099FD0198A2E7404B186810F000709DD0DF
:10D9A800D5E7002BCFD0B3F1807F81D078E710681E
:10D9B80010F0005092D0E9E7374A936D03F4600302
:10D9C800B3F5800FF3D006D8002BBCD0B3F5001FF9
:10D9D8003FF46EAF64E7B3F5C00F3FF47EAFB3F525
:10D9E800000F3FF445AF5BE7B3F5804F9AD057E798
:10D9F800B3F5805F3FF45CAF52E7106810F00400A5
:10DA08003FF46CAF13682748C3F3C103D84065E7F8
:10DA1800214BDA6CD203BFD5186810F000603FF4D0
:10DA28005DAF01A8FFF790FC039857E71A4A136DFA
:10DA380003F4E023B3F5403FDFD010D8B3F5803FBF
:10DA480058D0B3F5003F18D1134B186810F00050A8
:10DA58003FF444AF01A8FFF735FD02983EE7B3F560
:10DA6800802F12D0B3F5A02F7FF41AAF0A4B186895
:10DA780010F400303FF432AFEBE6002B7FF410AF28
:10DA880005B05DF804EBFEF7CDBC106810F48070AB
:10DA98003FF424AF044821E7004402580024F4006E
:10DAA8000080BB000090D00300093D00284B9B6D0F
:10DAB80003F0E043B3F1405F37D014D8B3F1805F8F
:10DAC8003FD0B3F1005FBFD0002B7FF4E9AEFEF783
:10DAD80069FC1F4B1F4A1B6AC3F30213D35C03F094
:10DAE8001F03D840FAE6B3F1804F17D0B3F1A04F27
:10DAF800BCD0D5E6106810F000603FF4EFAE01A886
:10DB0800FFF722FC0298E9E6106810F000503FF495
:10DB1800E5AE01A8FFF7D6FC0398DFE60C4B1868C2
:10DB280010F480703FF4DAAEB4E7094B186810F0CF
:10DB380004003FF4D3AE1B680748C3F3C103D840C1
:10DB4800CCE6034B186810F000603FF4C7AED6E788
:10DB580000440258484D01240090D003F8B50168EC
:10DB68000546AB4B99421CD02033994219D003F596
:10DB7800787399424ED0203399424BD003F578738D
:10DB8800994200F02E812033994200F02A81A14B5E
:10DB9800994200F028812033994200F02481012025
:10DBA800F8BD9D4E95F8913003F0FF02002B38D058
:10DBB8009A4B9B4A1B68A2FB03230A681B0B22F49F
:10DBC80080329B000A60002B32D00C68013B14F4B1
:10DBD8008034F8D1022385F89130EB68012B00F0EE
:10DBE8004481022B15BF032023200227222715BFBB
:10DBF8004FF0010C4FF0210C00222022AB68013BB2
:10DC0800042B00F26E81DFE813F0E1001C00E8004D
:10DC18001B00E40095F89130824E03F0FF02002BC0
:10DC2800C6D1284685F89020F7F714FC2968BFE785
:10DC3800D5F89430012043F04003C5F89430F8BD7E
:10DC48003A464FF400672B6A3260002B49D0704B7C
:10DC5800994200F01F817448081AB0FA80F0400910
:10DC6800002840F01781714B994200F02181203340
:10DC7800994200F01D816E4B994200F012812033C9
:10DC8800994200F00E81634B994200F02181694B63
:10DC9800994200F01781AB69B3F5002F00F0EB80D3
:10DCA800AA6A00EB8000696CB2F1806F4FEA40030A
:10DCB800286A0CBF0222012200FB02F21202B3FB07
:10DCC800F2F35D4AA2FB0302D20802EB8200A3EB47
:10DCD8004003092B08BF013204296A6201D15208A6
:10DCE8006A626B6833F002032B6D40F0B980012B38
:10DCF80014BF4FF400740024F8F7D4FA696CB0F537
:10DD0800005FD5E9003242EA0102A96C42EA010249
:10DD1800E96C42EA0102E96A42EA0102696942EAF7
:10DD28000102C0F09580A96918680A43A96A0A43E4
:10DD380042490140196029690A4319680A43696A16
:10DD480042EA01523E493A4322431A605A68286B14
:10DD58001140EA690243686B5960024359680A43F3
:10DD680038495A609A6811406A6E9960E96D9868F6
:10DD78000A43296E0A43696D01390A43A96D0139BD
:10DD880042EA012202434FF220009A60D968AA6E43
:10DD98000140D960E96ED8680A43696F42EA0142D6
:10DDA800296F013942EA0122194902438B42DA609C
:10DDB8001BD0184A934218D000230122C5F894308A
:10DDC800184685F8912085F89030F8BD4FF48067A3
:10DDD80039E702464FF4006735E762464FF40067BB
:10DDE80031E7194EDEE6194EDCE6736C23F00103C9
:10DDF800736495F83830012BDED1D5E90F23013A49
:10DE080043EA02137364736C43F001037364D3E74A
:10DE1800045801400454005800580140B003002041
:10DE28001BECCB95005C014024580140045C014088
:10DE38000460014024540058CDCCCCCC10C005F06F
:10DE4800F01FFFFF0080F8FF0060014000540058F9
:10DE5800A96918680A43244901401960A96A6BE74F
:10DE6800012B08BF4FF4007446E7132012274FF028
:10DE7800110C1022C2E6696C042930D008291ED082
:10DE88006A6D00EB80004300286A00FB02F2B3FBD6
:10DE9800F2F316E700214FF48070FFF797FC29682A
:10DEA800E1E600214FF40070FFF790FC2968EAE6EC
:10DEB80000214FF40070FFF789FC2968DBE64FF476
:10DEC8008072DEE700214FF40060FFF77FFCE2E696
:10DED80000214FF48060FFF779FC2968D7E64022DB
:10DEE800CFE70027AFE600BF10C005F8022938B514
:10DEF800044635D9C81E012830D80020236760643D
:10DF0800E064E065A0664FF6FF706067606830F017
:10DF180002000CBF0125002504294FF400312565B6
:10DF28000CBF01200D2021664FF48021A065616699
:10DF3800032A13D8DFE802F03E4F555C2368474AAE
:10DF4800934205D002F1C052A2F58232934205D124
:10DF58006368012B02D1636C002B37D0012038BDD8
:10DF6800002023676064E064A066606830F0020007
:10DF780014BF0120002020654FF48030E0654FF683
:10DF8800FF70606713F00100E8D149B94FF48020B1
:10DF9800C4E91810032AE1D8DFE802F05546362C08
:10DFA80060664FF400302066032AD7D8DFE802F015
:10DFB8004B3C2C2280211B014022A1646365E26650
:10DFC800F8F770F994F83830012BB7D02046BDE83F
:10DFD8003840FFF7C3BD80225B01A2646365E26637
:10DFE800EEE7C0215B018022A1646365E266E7E792
:10DFF800E021F7E75B08E02080219A01A0645B013B
:10E00800E166C4E91523DBE75B08C0228025022905
:10E018004FEA8310A2644FEA4313E5666065A3657F
:10E02800CED10823A366CBE75B08802202294FEAFA
:10E038008310A2644FEA4313E266C4E91503BFD113
:10E048001023A366BCE75B08802040215A01A06426
:10E058001B01E166C4E91523B2E700BF045801407B
:10E0680038B590F89030012B61D0324A0546324BD2
:10E07800126801680120A3FB023285F89000120B98
:10E088000B68920023F480330B60F2B10B68013AFD
:10E0980013F48033F9D11C460B6823F400330B606A
:10E0A80095F89130122B2DD095F89130222B14D061
:10E0B8002A6801200021536843F00803536085F85B
:10E0C8009100204685F8901038BDD5F89430012489
:10E0D80043F04003C5F89430DEE7D5F88400002803
:10E0E800E6D0F9F791FF0028E2D0D5F884305B6DCF
:10E0F800802BDDD0D5F89430012443F08003C5F897
:10E108009430D5E7D5F880000028CDD0F9F77CFF0A
:10E118000028C9D0D5F880305B6D802BC4D0D5F8E5
:10E128009430012443F08003C5F89430BCE70224FE
:10E13800204638BDB00300201BECCB952DE9F843F1
:10E148000F4604461546F8F795F8002F61D0B5FA42
:10E1580085F84FEA5818002D5BD094F89130012BC0
:10E168005FFA83F950D194F89030012B4CD0434694
:10E17800C4F894800646D4F8800065F30F0322683B
:10E1880084F89090394665F31F43A7671C32E3670C
:10E198002B46122584F891502E4DC0F85080056406
:10E1A8002D4DC5632D4DC564F9F78CFD00283ED172
:10E1B800636C082B636831D005216122023B012B77
:10E1C80098BF1146226813690B431361136843F41F
:10E1D8000033136006E0F8F74DF8831BB3F57A7F38
:10E1E8002AD82268556915F4E025F4D01368DB03B2
:10E1F80003D4136843F4803313600023994684F8EA
:10E2080090304846BDE8F8834FF002094846BDE81B
:10E21800F8834FF001094846BDE8F88323F002026D
:10E22800012A0BBF1521052171226122C6E7484644
:10E2380084F89080BDE8F883D4F894304FF003094F
:10E2480084F8905043F040034846C4F89430BDE841
:10E25800F88300BFA5E300243DE3002425E400245F
:10E26800F8B500294ED0B2FA82F513466D09002A96
:10E2780048D090F891200446012AD6B23FD190F8B0
:10E288009020012A3BD081670A462946222780F838
:10E29800906063F30F01C0F8945063F31F41C167A6
:10E2A800D0F8840084F891701E4F216807641E4FCF
:10E2B8001C310565C7631D4FC764F9F703FD20BB13
:10E2C800636C6268082B24D0052161202368023A18
:10E2D800012A98BF01461A690A431A611A6842F46A
:10E2E80000321A601A68D20303D41A6842F48032E2
:10E2F8001A6000231E4684F890303046F8BD022686
:10E308003046F8BD01263046F8BD304684F89050B6
:10E31800F8BD22F00203012B0BBF15210521712046
:10E328006120D3E715E40024B1E3002425E40024A8
:10E33800704700BF08B5C369806BB3F5807F1BD0F9
:10E3480003684FF0000C416C1A680829A0F87EC0D9
:10E3580022F400321A60426811D06FF0610C6FF03D
:10E368000501023A012A98BF61461A694FF0010C6B
:10E378000A401A6180F891C0FFF7DAFF08BD22F061
:10E38800020101290BBF6FF0710C6FF0610C6FF087
:10E3980015016FF00501E4E7704700BF806B08B511
:10E3A800FFF7FAFF08BD00BF08B5C369806BB3F576
:10E3B800807F1BD003684FF0000C416C1A68082955
:10E3C80022F400321A604268A0F87EC011D06FF0C3
:10E3D800610C6FF00501023A012A98BF61461A697B
:10E3E8004FF0010C0A401A6180F891C0F7F738F92C
:10E3F80008BD22F0020101290BBF6FF0710C6FF00C
:10E40800610C6FF015016FF00501E4E7806B08B54A
:10E41800F7F7EAF808BD00BF704700BF10B5846B76
:10E42800FAF784FB022823D0D4F89420216842F01C
:10E438008002134B1348C4F894201B680A68A0FB99
:10E44800030322F400321B0B0A600A689B0022F4C3
:10E4580080320A606BB10A68013BD203FAD4012208
:10E468000023204684F89120A4F87E30FFF7D4FFDB
:10E4780010BDD4F8943043F04003C4F89430EEE76C
:10E48800B00300201BECCB9518B338B590F82C30AE
:10E4980004460D4603F0FF02B3B12146022384F877
:10E4A8002C3051F8040B00F099FB6268294620686B
:10E4B80000F0D2FB084A01210020136843F0004312
:10E4C800136084F82C1038BD80F82D20F3F76EFF08
:10E4D800E3E70120704700BF0040005270B590F894
:10E4E8002C300446022BD8B204D000F0FB06012ED3
:10E4F80001D0012070BD02230D46206884F82C301D
:10E5080000F0F6FB2B68022B03D0002084F82C6067
:10E5180070BD0523002084F82C3070BD38B590F804
:10E528002C300446022BD8B205D094F82C30012B9D
:10E53800DDB201D0012038BD0223206884F82C30D8
:10E5480000F0EEFB002084F82C5038BD002800F0C5
:10E55800A58038B590F83D30044603F0FF02002B43
:10E5680076D0226802234E49B2F1804F84F83D30BC
:10E57800A2EB01011368B1FA81F14FEA511127D0DA
:10E5880031BB4848484D824267D000F580608242DE
:10E5980063D0551B00F58060B5FA85F582424FEAD5
:10E5A800551563D0002D61D1404841498A4218BFB2
:10E5B800824265D001F580618A4261D0A06923F06A
:10E5C8008003E168034313606368D162936223E0C8
:10E5D800354D23F07003A068551B0343B5FA85F544
:10E5E8006D09206923F440730343A06923F0800375
:10E5F80003431360E368D3626368936251B94DB90A
:10E608002A492B4B9A4218BF8A4203D003F58063EC
:10E618009A4201D16369136301230020536184F88E
:10E62800483084F83E3084F83F3084F8403084F82D
:10E63800413084F8423084F8433084F8443084F818
:10E64800453084F8463084F8473084F83D3038BD8A
:10E6580080F83C2002F0E8FE83E7551B23F07003A6
:10E66800A068B5FA85F503436D09BAE7A06823F0F9
:10E67800700303430F488242B3D0002DB1D193E712
:10E68800206923F44073A1690343E06823F0800301
:10E698000B4361681360D0629162B1E70120704753
:10E6A8000000014000040040000401400040014017
:10E6B80000440140000C004090F83D30012B3DD152
:10E6C8000268234B2349B2F1804F18BF9A4230B4F5
:10E6D8000CBF01230023204D0224AA4208BF43F0A7
:10E6E800010380F83D401D4C8A4208BF43F00103F6
:10E6F8001B4801F58051A24208BF43F00103824242
:10E7080008BF43F001038A4208BF43F0010333B94D
:10E7180000F57050101AB0FA80F0400998B191686D
:10E72800104B0B40062B0BD0B3F5803F08D0136875
:10E73800002043F00103136030BC7047012070478C
:10E74800002030BC7047136843F001031360F3E7FF
:10E75800000001400008004000040040000C004098
:10E76800000401400700010090F83D30012B41D121
:10E7780002680221244BB2F1804F18BF9A4230B48C
:10E788000CBF01230023214D214CAA4208BF43F0AE
:10E79800010380F83D10D168A24208BF43F001038D
:10E7A80004F5806441F001011A48A24208BF43F011
:10E7B8000103D160824208BF43F0010316498A422F
:10E7C80008BF43F0010333B900F57050101AB0FACE
:10E7D80080F0400998B19168104B0B40062B0BD084
:10E7E800B3F5803F08D01368002043F0010313609D
:10E7F80030BC704701207047002030BC7047136858
:10E8080043F001031360F3E70000014000040040F7
:10E818000008004000040140001800400700010003
:10E8280090F83C30012B00F081800246022370B43E
:10E838000468012082F83D3082F83C005A4BA568F4
:10E848002B40A3600B68702B00F09C8025D8502BC0
:10E858006ED039D9602B18D1206A4D6820F010008D
:10E86800C96820620020A36923F4704343EA013396
:10E87800216A21F0A001A3614C4B41EA05112162F4
:10E88800A1680B4043F06703A3600121002382F8CD
:10E898003D1082F83C3070BC7047B3F5005F60D023
:10E8A80033D943498B4206D029D942498B4202D0F9
:10E8B80010318B42E9D1A0683C49014000200B434C
:10E8C80043F00703A360E0E7402B23D1236A256ABE
:10E8D800486823F00A0325F00105CE681843334B36
:10E8E8002562A16921F0F00141EA0611A1612062C7
:10E8F8000020A1680B4043F04703A360C5E723F05D
:10E908001001B1F5801FC0D1D5E7B3F5805018BF0D
:10E918000120BAE7B9D8202BCDD003D9302BCAD0E3
:10E928000120B2E733F01001AFD1C4E702207047ED
:10E93800236A256A486823F00A0325F00105CE6892
:10E9480018431A4B2562A16921F0F00141EA06112A
:10E95800A16120620020A1680B4043F05703A36027
:10E9680093E7D1E90153A0682B43CD6820F47F4198
:10E97800002043EA05230B43A360A36843F48043C4
:10E98800A36082E7D1E90153A0682B43CD6820F446
:10E998007F41002043EA05230B43A360A36843F0AB
:10E9A8007703A36071E700BF8800CEFF8FFFCFFF1A
:10E9B8002000100030001000704700BF704700BFF3
:10E9C800704700BF704700BF036870B5DE68054632
:10E9D8001C69A10701D5B20754D4620701D5730792
:10E9E8003DD4200701D5310727D4E30601D5F00629
:10E9F80010D4E10701D5F20762D4230652D53006B8
:10EA080066D4600601D5710673D4A20601D5B30693
:10EA18004DD470BD2B686FF0100228461A61082289
:10EA28002A77DB6913F4407F74D1FFF7C5FF2846C6
:10EA3800FFF7C6FF00232B77DBE72B686FF0080290
:10EA480028461A6104222A77DB699A075FD1FFF703
:10EA5800B3FF2846FFF7B4FF00232B77C5E72B68E1
:10EA68006FF0040228461A6102222A779B6913F480
:10EA7800407F49D1FFF7A0FF2846FFF7A1FF0023F9
:10EA88002B77AEE76FF002021A61012202779B69C9
:10EA9800990736D1FFF790FF2846FFF791FF00232B
:10EAA8002B779AE7E205ACD533061AD4A9E72B6889
:10EAB8006FF0200228461A61BDE8704000F088B85F
:10EAC8002B686FF0010228461A6102F09DFD94E759
:10EAD8002B686FF0800228461A6100F07BF8E10588
:10EAE8008FD52B686FF4807228461A6100F074F88D
:10EAF80087E72B686FF0400228461A61FFF762FF2C
:10EB080083E7FFF75BFFCAE7FFF758FFB7E7FFF7B1
:10EB180055FFA1E7FFF752FF8CE700BF90F83C30A4
:10EB2800012B4BD003680246022030B4244D82F8F2
:10EB38003D00AB4258689C6829D005F58065AB421A
:10EB480025D0204D20F07000AB4218BFB3F1804FA4
:10EB580005F580650CBF4FF0010C4FF0000CAB427F
:10EB680008BF4CF0010C05F58065AB4208BF4CF0BE
:10EB7800010C0D682843144D5860AB4214BF604621
:10EB88004CF0010060B91148834209D00DE04D688E
:10EB980020F4700028430D6820F070002843586066
:10EBA800896824F080040C439C60002301211846E6
:10EBB80082F83D1082F83C3030BC70470220704724
:10EBC80000000140000400400018004000400140DF
:10EBD800704700BF704700BF704700BF0B6810B494
:10EBE800D3B90468A3F500434A6823401343D1E925
:10EBF800024223431343D1E9044223431343D1E997
:10EC0800064223431343D1E9084223435DF8044BEA
:10EC180013430360002070470268D1E9074322F4D8
:10EC2800F84222434C6A1A430A4B22430260426864
:10EC38001340D1E9014223431343D1E9034223435B
:10EC48001343D1E9054223435DF8044B1343436062
:10EC5800002070470080FFFF30B40ABB8368D1E909
:10EC6800002403F07043013C013A43EA04131343C0
:10EC7800D1E90224013A013C43EA022343EA04327F
:10EC8800D1E904348969013B013C013942EA034373
:10EC980043EA045343EA016330BC836000207047B1
:10ECA8008268CC68114B013C13404A6943EA04333B
:10ECB800541E43EA0454D1E900258460C3686C1EDD
:10ECC800013A03F0704343EA04130C691A438B6852
:10ECD800013C8969013B013942EA032343EA0443C1
:10ECE80043EA016330BCC36000207047FF0F0FFF89
:10ECF80010B4D1E90034024600692343D1E9021473
:10ED080043EA4423054C01390440002023435DF8BD
:10ED1800044B43EA41131361704700BF0000C0FF72
:10ED28000246054B002010B4546923405DF8044B9B
:10ED380043EA41015161704701C0FFFF022A0346BF
:10ED48000BD04FF4105CD968002021F47051D960C1
:10ED5800DA6842EA0C02DA607047234A23480A4418
:10ED680082422CD9224A23480A4482422AD9224A7A
:10ED780022480A44824228D9214A22480A44824227
:10ED880026D3214A21480A44824224D9204A2148CC
:10ED98000A44824222D3204A20480A448242D0D3DD
:10EDA8001F4A20480A4482421BD31F4A1F480A446C
:10EDB800824234BF4FF4E05C4FF4C05CC3E74FF4C9
:10EDC800705CC0E74FF4605CBDE74FF4505CBAE795
:10EDD8004FF4405CB7E74FF4305CB4E74FF4205C85
:10EDE800B1E74FF4005CAEE7405327FFFF340C0057
:10EDF800401E1BFF3F420F0000DC0BFF7F4F12003D
:10EE0800808CF9FE20D6130060B6E5FE5FE316009D
:10EE180000D3CEFE40771B00C05BB3FEC09121003B
:10EE280000CA91FE20753800E05459FEE09C41006C
:10EE380082B00023124A019302E00369002B08DB29
:10EE4800019B01330193019B9342F6D9032002B041
:10EE58007047890100230A4A41F0200101930161AA
:10EE680003E0036913F0200306D0019B01330193EB
:10EE7800019B9342F5D9E9E7184602B0704700BFF5
:10EE8800400D030082B00023114A019302E0036998
:10EE9800002B08DB019B01330193019B9342F6D9B8
:10EEA800032002B0704700211023094A0191036131
:10EEB80003E0036913F0100306D0019B01330193AB
:10EEC800019B9342F5D9EBE7184602B0704700BFA3
:10EED800400D0300D0F8083813F0060004D013F0F2
:10EEE800020F14BF02200F20704700BF30B44B78C8
:10EEF8000A78012B20D002F00F0C4FF48033D0F8A1
:10EF08001C4800EB421203FA0CF32343C0F81C38E8
:10EF1800D2F8003B1B040CD48B68D2F8004BC3F327
:10EF28000A0308791449234343EA80431943C2F882
:10EF3800001B002030BC704700F5006402F00F058C
:10EF480000EB4210AB40E5692B43E361D0F8003990
:10EF58001C04EED48B68D0F80059C3F30A030C796B
:10EF680005492B4343EA844343EA8252114330BCA8
:10EF7800C0F8001900207047008000102DE9F0410A
:10EF88004B780C78012B45D000EB44139A4E9B4DDF
:10EF9800D3F8107B03F5306C3E40C3F8106BD3F800
:10EFA800106B3540C3F8105B7CBB0C69002C40F03B
:10EFB80093808C680C62DCF81050C4F31204012AA8
:10EFC80044EA0504CCF81040DCF8104044F400246E
:10EFD800CCF8104000F0A1800A79012A0CD1D0F8B1
:10EFE800082812F4807FD3F8002B0CBF42F000529F
:10EFF80042F08052C3F8002BD3F8002B002042F0D7
:10F008000442C3F8002BBDE8F0810C69002C66D1DE
:10F018008C68D0E70B6900EB44162BBBD6F810C9F7
:10F02800012A764F744D0CEA0707C6F81079D6F80E
:10F03800107947F40027C6F81079D6F8107905EA50
:10F048000705C6F8105906F510650F7900F0B1806C
:10F05800D6F800C9012F4CF0044CC6F800C900F0DE
:10F0680088800020BDE8F081D6F810C9624F634D52
:10F078000CEA0707C6F81079D6F810793D40C6F8AB
:10F08800105906F51065002C4ED18F68BB4200F26E
:10F09800A0802F6947F400272F61D5F810C0C3F36B
:10F0A800120747EA0C072F610F79012F4DD0012A6B
:10F0B80000F08A80D6F8002942F00442C6F80029F8
:10F0C800002BCED004F00F020124D0F8343894403D
:10F0D8001C43C0F83448C4E78C680C616AE78D6843
:10F0E800012A474E2C4404F1FF34B4FBF5F4A4B2D2
:10F0F80004FB05F506EAC444DCF810600D62C5F3AC
:10F10800120544EA0604CCF81040DCF8104045EA41
:10F118000405CCF810507FF45FAFCA68002A3FF4AA
:10F128005BAFCCF8142057E7D1F808E0344F03EB75
:10F138000E0CD5F810800CF1FF3CBCFBFEFC07EA76
:10F14800CC4747EA08072F61A7E7D5F810C0012A7E
:10F158002CF0C04CC5F810C0D5F810C04CF0005CBD
:10F16800C5F810C038D0D6F8007947F00447C6F87B
:10F178000079D0F8086816F4807F2E680CBF46F036
:10F18800005646F080562E60002A7FF46AAF9BB284
:10F1980003339A083FF465AFCB6800EB043003EB08
:10F1A800820100F5805053F8042B8B420260FAD19B
:10F1B80057E7CB695BB9012F11D02B68002043F0CA
:10F1C80004432B60BDE8F081CB69002BF5D06B615F
:10F1D800F1E73B460F615CE7CB69002BF7D1D0F82C
:10F1E800083813F4807F2B680CBF43F0005343F0BA
:10F1F80080532B60E1E700BF0000F8FFFFFF07E046
:10F208000000F81F002382B001934B78012B0B7884
:10F2180020D000F5306000EB43100368002B02DBC0
:10F22800002002B07047036842F2107243F0006396
:10F238000360036843F08043036002E00368002B27
:10F24800EEDA019B01330193019B9342F6D9012029
:10F2580002B0704700F5106000EB43131A68002AEB
:10F26800DEDA1A6842F2107142F000621A601A6817
:10F2780042F080421A6002E01A68002AD0DA019A45
:10F2880001320192019A8A42F6D9E0E710B49DF85A
:10F29800044064B903339B0809D0013201EB8303AE
:10F2A80000EB023051F8042B8B420260FAD10020A7
:10F2B8005DF8044B704700BF5FEA920C70B50546D5
:10F2C80002F003061CD000F5805E0A4600230133D5
:10F2D800DEF800409C4542F8044BF8D101EB8C0065
:10F2E8006EB105F58055731E2A689BB202702BB16A
:10F2F800110A012B417001D0120C8270304470BD8C
:10F308000846EDE74A780B78012A00EB43100CD049
:10F31800D0F8002B0BB1002A14DAD0F8003B43F4E4
:10F328000013C0F8003B00207047D0F80029002ADD
:10F3380000DB73B9D0F8003943F40013C0F8003982
:10F3480000207047D0F8003B23F08043C0F8003B12
:10F35800E3E7D0F8003923F08043C0F80039D0F84B
:10F36800003943F40013C0F80039E9E74A780B780C
:10F37800012A00EB431013D0D0F8003B23F400130C
:10F38800C0F8003B0B79023B012B01D900207047E4
:10F39800D0F8003B43F08053C0F8003B0020704792
:10F3A800D0F8003923F40013C0F800390B79023B78
:10F3B800012BEBD8D0F8003943F08053C0F800395E
:10F3C80000207047034609010020D3F8002801F403
:10F3D800FE6122F4FE62C3F80028D3F80028114326
:10F3E800C3F80018704700BF426980691040704731
:10F3F80000EB4111D1F80805D1F80C3518407047D9
:10F40800D0F81838D0F81C081840000C704700BF16
:10F41800D0F81838D0F81C08184080B2704700BFE0
:10F4280000EB411100F50060D1F8082B406910404D
:10F43800704700BFD0F81028D0F8343800EB4110DE
:10F4480001F00F01D0F80809CB40DB01DBB2134310
:10F4580018407047406900F0010070470346094AA8
:10F46800002003F5006110B4D3F8004922405DF88C
:10F47800044BC3F80029D3F8043843F480734B6075
:10F48800704700BF00F8FFFF144B10B4046C9C4297
:10F498001AD800F53060002301290361036943F499
:10F4A80000230361036943F018030361036943F010
:10F4B800C043036104D14261036843F080230360C1
:10F4C80000205DF8044B7047D0F8003B00F5306031
:10F4D800002BE0DA00205DF8044B70470A30544FE7
:10F4E800D0F8002401F00303012900F5806C22F014
:10F4F8000302C0F80024D0F8002443EA0203C0F84D
:10F50800003409D0022905D141F270730020CCF8EB
:10F5180004307047012070474BF680330020CCF848
:10F5280004307047D0F8140480B2704700EB4111E2
:10F53800002310B483B001F5A06C0193D1F8003515
:10F54800D1F8004582689B0C920601D5002C25DA7B
:10F5580013F0010FD1F8003543F08043C1F80035AE
:10F5680021D0D0F8103413F47F0FD1F800353AD1F8
:10F5780023F00043C1F80035D1F8003543F00043CB
:10F58800C1F8003503E0DCF80030002B06DA019BF7
:10F5980001330193019BB3F57A7FF4D9002003B0BE
:10F5A8005DF8044B704783689B0625D4C36A13F43F
:10F5B8007F0FD1F8003516D123F00043C1F800358C
:10F5C800D1F8003543F00043C1F8003503E0DCF81A
:10F5D8000030002BE2DA019B01330193019BB3F564
:10F5E8007A7FF4D9DAE743F000430020C1F8003508
:10F5F80003B05DF8044B7047D1F80035002043F0A4
:10F608000043C1F8003503B05DF8044B704700BFF4
:10F6180010B4002485B0764A01460194836823F02B
:10F6280001038360029403E00B69002BC0F2BB80E6
:10F63800029B01330293029B9342F5D901200023D8
:10F648006B4A039303E00B69002BC0F2BF80039B56
:10F6580001330393039B9342F5D90120D1F8003578
:10F6680001F5A06201F5E06C23F0802343F08043AC
:10F67800C1F80035D1F8203523F0802343F08043CA
:10F68800C1F82035D1F8403523F0802343F080437A
:10F69800C1F84035D1F8603523F0802343F080432A
:10F6A800C1F86035D1F8803523F0802343F08043DA
:10F6B800C1F88035D1F8A03523F0802343F080438A
:10F6C800C1F8A035D1F8C03523F0802343F080433A
:10F6D800C1F8C035D1F8E03523F0802343F08043EA
:10F6E800C1F8E035D1F8003623F0802343F0804399
:10F6F800C1F80036D1F8203623F0802343F0804348
:10F70800C1F82036D1F8403623F0802343F08043F7
:10F71800C1F84036D1F8603623F0802343F08043A7
:10F72800C1F86036D1F8803623F0802343F0804357
:10F73800C1F88036D1F8A03623F0802343F0804307
:10F74800C1F8A036D1F8C03623F0802343F08043B7
:10F75800C1F8C036D1F8E03623F0802343F0804367
:10F76800C1F8E036136823F4004343F040431360C4
:10F7780002E01368002B06DA019B01330193019B19
:10F78800B3F57A7FF5D920326245EBD14FF0FF33DC
:10F79800C1F814344B618B6843F001038B6005B0EA
:10F7A8005DF8044B704700204FF48463104A0290C0
:10F7B8000B6104E0086910F020003FF440AF029BA1
:10F7C80001330293029B9342F4D937E700241023B4
:10F7D800074A03940B6103E00B69DB067FF53EAF34
:10F7E800039B01330393039B9342F5D935E700BF8D
:10F7F800400D0300D0F8B8320BB11B681847184603
:10F80800704700BF08B5D0F8B8325B689847002841
:10F8180018BF032008BD00BF38B500F2AA2504466A
:10F82800284600F007FCB4F8B03294F8AA12012276
:10F83800C4F8983201F01F03C4F89422934209D007
:10F84800022B13D063B1204601F08001BDE8384097
:10F85800F6F72EBC29462046BDE8384000F0F8BA35
:10F8680029462046BDE8384000F042B929462046DE
:10F87800BDE8384000F02EBB70B5044631B90B46E0
:10F88800D0F89412032910D0002070BD90F89C3253
:10F89800032BF9D1D0F8B8329B69002BF4D00022A1
:10F8A800BDE87040C0F8D4221847D0E95715A942DE
:10F8B80008D890F89C22032A0FD0204600F0E8FBD5
:10F8C800002070BD4B1B11462A469D42C0F85C3192
:10F8D80028BF1A4600F0D2FBD6E7D0F8B822126942
:10F8E800002AEAD0C0F8D4329047E6E770B504465B
:10F8F80059B9D0F89432022B16D094F8A03213B12B
:10F90800002384F8A032002070BD90F89C32032BAD
:10F91800F9D1D0F8B8325B69002BF4D00022BDE8E9
:10F928007040C0F8D4221847D0E907360D46B342D4
:10F9380010D81CD094F89C32032B2BD08021204661
:10F94800F6F7B6FB204600F0AFFB94F8A032002B88
:10F95800D9D0D5E79B1B1146C3611A4600F084FB3A
:10F968002B462A4629462046F6F7EEFBC5E782696C
:10F978009342DFD8D0F898329A42DBD20A4600F098
:10F9880073FB2B462A4629462046C4F89852F6F7B8
:10F99800DBFBB2E7D4F8B832DB68002BCED000220C
:10F9A8002046C4F8D4229847C8E700BFF8B500211C
:10F9B8000122D0F8B832044680F89C224160C0F891
:10F9C8009412C0F8A41280F8A0121BB15B680BB1A6
:10F9D8009847B0B9002740230022012620461D463B
:10F9E8001146F6F753FB00222B4680212046A4F847
:10F9F8006461C4F86051F6F749FB3846A68425626D
:10FA0800F8BD0327E7E700BF0346002019747047D5
:10FA180090F89C220346042A04D090F89C22D2B283
:10FA280080F89D220422002083F89C22704700BFA2
:10FA380090F89C32042B04D190F89D32DBB280F808
:10FA48009C320020704700BF90F89C22032A01D006
:10FA58000020704708B5D0F8B83213B1DB6903B19C
:10FA68009847002008BD00BFD0F8D422AE3250F825
:10FA780022205AB108B590F89C32032B01D00020FF
:10FA880008BD136A23B19847002008BD03207047BA
:10FA9800184608BDD0F8D422AE3250F822205AB108
:10FAA80008B590F89C32032B01D0002008BD536A9A
:10FAB80023B19847002008BD03207047184608BDA9
:10FAC800002070470121D0F8B82280F89C1242B17A
:10FAD8005268017908B5904708B9002008BD03208D
:10FAE80008BD0020704700BF002070470020704705
:10FAF800F0B50C7883B00E46054604F06004202C5F
:10FB08000ED0402C0CD0BCB180212846F6F7D0FA94
:10FB1800002128460C46F6F7CBFA204603B0F0BD84
:10FB2800D5F8D43231462846AE3355F823309B6891
:10FB380003B0BDE8F04018474B78092BE4D801A280
:10FB480052F823F0ADFB0024DBFB002411FB00245A
:10FB5800F9FB002411FB00241BFC002453FC0024A7
:10FB680011FB002485FC002475FB00248978B34E22
:10FB78000129317000F2508190F89C32022BDFB2DB
:10FB880000F00E81032F00F01F8180210324F6F777
:10FB98008FFA00212846F6F78BFA31782846FFF7C6
:10FBA80031FEBAE790F89C22013A022A26D8CA8880
:10FBB800022A23D10121D0F8A422C1600AB103226C
:10FBC800C260022205F10C0128461C4600F03EFAEC
:10FBD800A3E790F89C32013B022B0FD84B88012BEE
:10FBE8009BD100232846C5F8A43200F051FA94E7C7
:10FBF8004B88012BF6D0022B00F007818021284684
:10FC0800F6F756FA00212846F6F752FA204603B0CE
:10FC1800F0BD8B88002BF1D1CB88002BEED14E881C
:10FC28007F2EEBD890F89C32032BE7D0F1B280F806
:10FC38009E12F6F76DFA284600F02AFA002E40F0D8
:10FC4800E080012385F89C3267E700234A88ADF8F5
:10FC58000630130A013B062BD0D801A151F823F036
:10FC680011FD0024F7FC002421FD002405FC0024DC
:10FC780005FC0024E3FC0024ABFC0024CA88012A0C
:10FC8800BCD190F89C120229CBB200F28280002BE2
:10FC98003FF43AAF0146002341F8083F00F0D6F997
:10FCA8003BE7037C002BA9D1D0F8B8320DF1060050
:10FCB8001B6B984707234370F288002A65D0BDF86C
:10FCC8000630002B9AD09A420146284628BF1A4689
:10FCD800ADF8062000F0BAF91FE7037C002B8DD1A0
:10FCE800D0F8B8320DF106005B6B9847E4E7037C67
:10FCF800002B40F09A80D0F8B8320DF106009B6ACC
:10FD0800984702234370D7E7D0F8B4320DF10601C3
:10FD1800007C1B689847CFE7D2B2052A3FF66EAF42
:10FD2800DFE802F026201A140E03D0F8B4329B69DB
:10FD3800002B3FF463AF0DF10601287C9847BBE721
:10FD4800D0F8B4325B69002BF5D157E7D0F8B4325C
:10FD58001B69002BEFD151E7D0F8B432DB68002BD8
:10FD6800E9D14BE7D0F8B4329B68002BE3D145E7E3
:10FD7800D0F8B4325B68002BDDD13FE70223416045
:10FD88000C4680F89C32FFF73DFD284600F080F9CC
:10FD9800C3E6032B7FF4B8AE011D00F057F9BCE6AB
:10FDA8000029F2D001214160FFF724FD0446002814
:10FDB80046D080212846F6F77BF900212846F6F739
:10FDC80077F985F89C72A8E60029D7D041680129FF
:10FDD800DBD0C9B2FFF716FD317828466960FFF716
:10FDE80009FD06460028D0D080212846F6F760F99C
:10FDF800002128463446F6F75BF929792846FFF7AB
:10FE080001FD022385F89C3287E68B881B0A80F85F
:10FE1800A03200F03DF980E680210324F6F748F986
:10FE280000212846F6F744F977E6D0F8B8320DF104
:10FE38000600DB6A9847022343703DE7A06500206F
:10FE4800284600F025F9032385F89C3265E600BFB3
:10FE580038B50B780D46044603F06002402A0BD0F3
:10FE68005B0609D500258021F6F722F920462946A8
:10FE7800F6F71EF9284638BD94F89C32013B022B50
:10FE880002D8297901290AD980212046F6F710F9E4
:10FE9800002120460D46F6F70BF9284638BD2046C6
:10FEA800FFF722FE90B9D4F8B8329B6873B129469F
:10FEB800C4F8D40220469847EB880546002BD9D1D0
:10FEC8000028D7D1204600F0E3F8D3E703252846D9
:10FED80038BD00BF30B50C468A8883B00546237804
:10FEE800D1B203F06003202B1ED0402B1CD06BB383
:10FEF80080212846F6F7DCF800212846F6F7D8F8DE
:10FF0800002003B030BD90F89C32022BDAB259D0F1
:10FF1800032AEDD16388002BF2D14B067ED1284607
:10FF2800019100F0B5F801992846FFF7DFFD002898
:10FF3800E6D1D5F8B832C5F8D4029B68002BDFD0DB
:10FF48002146284603B0BDE8304018476378012BA6
:10FF5800D9D0032B24D0002BCAD190F89C32022B85
:10FF6800D8B238D00328C3D101F00F03120603EB2F
:10FF7800830305EB83033FD4B3F86431002BB7D078
:10FF880001F07F03142404FB035404F5AA74002B26
:10FF98003ED1236002222146284600F057F8AFE7F9
:10FFA80090F89C32022BDAB20CD0032AA0D16388D5
:10FFB80023B9480602D0E388002B36D0284600F043
:10FFC80067F89DE74A0693D0F6F772F8802128462D
:10FFD800F6F76EF894E748068AD111064FF0000349
:10FFE8004FF0020228464CBF05F1140105F5AA712D
:08FFF8000B6000F02BF883E719
:020000042401D5
:100000009B8C002B3FF478AF01F07F035C1C04EB6A
:10001000840405EB8404BEE72846F6F769F830B19E
:100020000123BAE70191F6F755F801997BE72060C3
:10003000B4E72846F6F740F8C4E700BF0B78037032
:100040004B7843704B8843808B888380CB88C380F8
:10005000704700BF10B5134602240A460021C0F8BD
:100060009442C0E90633F6F765F8002010BD00BFE2
:100070008C46002108B513466246F6F75BF800206F
:1000800008BD00BF8C46002108B513466246F6F74E
:100090005FF8002008BD00BF002310B504241A46F5
:1000A0001946C0F89442F6F745F8002010BD00BF8D
:1000B000002310B505241A461946C0F89442F6F7F5
:1000C00047F8002010BD00BFD0F8C8230132C0F8A7
:1000D000C82302780B2A00D07047D0F88033002B59
:1000E000FAD09B69184700BF012380F8233370477B
:1000F000002380F823337047034600220121104675
:1001000083F8201383F8212383F82223704700BF4C
:1001100038B501230025044680F8213380F82353A5
:1001200080F82053F6F738F82179204600F006F8D9
:100130006179204600F002F8284638BD0A2907D820
:1001400000EB8100D0F88833C3F30E03C0F8883386
:10015000002070470C4A82B00C4BD2F8DC1041F002
:100160004001C2F8DC10D2F8DC2002F0400201921B
:10017000019A1A6822F020021A601A6842F00402FA
:100180001A6002B0704700BF0044025800180248CD
:1001900070B5002304464FF4806204214FF44035CB
:1001A0003448C4F83821C4F8D410C4F83431C4F841
:1001B0004C113149C4F8B000C4F82811C4E92F32F9
:1001C000C4E93133C4E93335C4E93733C4E94F33C3
:1001D000C4E95135C4E95533A2680323C4F8D830C3
:1001E000C4F85031042A0AD8DFE802F01F262D3463
:1001F000030055225623C4F8B420C4F82C31002241
:10020000402304F1B005C4F8B8202846C4F83031C2
:10021000F7F7EEFA08B1FFBEFEE704F59476304634
:10022000F7F7E6FAE8B1FFBEFEE725222623C4F879
:10023000B420C4F82C31E2E727222823C4F8B420E4
:10024000C4F82C31DBE73D223E23C4F8B420C4F8C7
:100250002C31D4E753225423C4F8B420C4F82C31F1
:10026000CDE704F12803C4E92865C4F8E830C4F8F0
:10027000603170BD40040240580402402DE9F04F47
:10028000814683B00E4617461D4600F128042046DD
:1002900003F058F901288246F9D14846FFF778FF64
:1002A0008046002835D1EFF31083019372B6DFF852
:1002B00088B00C9B99F90820DFF880A0DFF88090C7
:1002C000CBF800300D9B89F80020CAF800300DB142
:1002D0001846A847BAB23146204602F0C5FC30B9EC
:1002E000019B03B962B6404603B0BDE8F08F00231E
:1002F000CBF80030CAF80030FF2389F800300C9B9F
:100300008BB101210D9888469847019B002BEAD1BB
:10031000E8E70C9B53B1D0460D98514698474046AC
:1003200003B0BDE8F08F4FF00108D9E7D046404652
:1003300003B0BDE8F08F00BFC46F0020CC6F002079
:10034000C86F00202DE9F04F814683B00E46174656
:100350001D4600F12804204603F0F4F801288246E7
:10036000F9D14846FFF714FF8046002835D1EFF356
:100370001083019372B6DFF888B00C9B99F90820BE
:10038000DFF880A0DFF88090CBF800300D9B89F873
:100390000020CAF800300DB11846A847BAB231465D
:1003A000204602F021FD30B9019B03B962B64046F8
:1003B00003B0BDE8F08F0023CBF80030CAF800305E
:1003C000FF2389F800300C9B8BB101210D988846E2
:1003D0009847019B002BEAD1E8E70C9B53B1D0462C
:1003E0000D9851469847404603B0BDE8F08F4FF056
:1003F0000108D9E7D046404603B0BDE8F08F00BF02
:10040000C46F0020CC6F0020C86F00202DE9F04F92
:10041000814683B00F461646984600F128042046D0
:1004200003F090F80128FAD182464846FFF7B0FE63
:100430000546002838D1EFF31083019372B699F97D
:100440000830DFF88890DFF888B089F800300D9B1D
:10045000DFF880A0CBF800300E9BCAF800300C9B70
:100460000BB10E9898471FFA88F33A46314620465A
:1004700002F084FD30B9019B03B962B6284603B08F
:10048000BDE8F08F0023CBF80030CAF80030FF231E
:1004900089F800300D9B8BB101210E980D469847CD
:1004A000019B002BEAD1E8E70D9B4BB155460E9816
:1004B00051469847284603B0BDE8F08F0125DAE79A
:1004C0005546284603B0BDE8F08F00BFC86F002036
:1004D000C46F0020CC6F00202DE9F041022286B0CD
:1004E0000026044605690496CDE90226D0E9027289
:1004F000BF000AB3022D00F0C8802078B5FA85F558
:100500000126D4F820800B284FEA551521D1A07878
:100510000B2801D0002E3AD120790B2801D0002DD4
:100520005ED1A079B8F1000F02D00B2840F0848092
:10053000002006B0BDE8F08135F002032078D4F841
:1005400020800CBF01260026023D18BF01250B2884
:10055000DDD0764B617853F827301A780B2A02D019
:10056000904200F09A80DA7803F1030C0B2A02D053
:10057000824200F0A2809A7903F1060C824202D1F5
:100580000B2A40F0A080012006B0BDE8F0817A1C63
:10059000664BE17853F822301A780B2A02D0904249
:1005A00000F09A80DA78DE1C0B2A02D0904200F02C
:1005B000AC809A799E1D9042E5D10B2AE3D0DB797D
:1005C0008B42E0D133469B780A28059340F289801C
:1005D000002001238B4001A90193F8F7ADFA9BE7B6
:1005E000BA1C524B617953F822301A780B2A01D089
:1005F00090427AD0DA78DD1C0B2A02D0904200F0CB
:100600008A809A799D1D9042BDD10B2ABBD0DB799F
:100610008B42B8D12B469B780A28059369D90020D4
:1006200001238B4001A90193F8F786FAA079B8F16C
:10063000000F7FF47AAF7BE73C4B0337E47953F844
:1006400027301A780B2A01D0904256D0DA78D91C7C
:100650000B2A01D0904264D09A79991D904292D190
:100660000B2A90D0DB79A3428DD10B469B780A28C8
:10067000059346D90020012301A9A3400193F8F76F
:100680005BFA002006B0BDE8F08100780125D4F8BF
:1006900020800B283FF440AF5BE75A788A427FF412
:1006A00062AF9B780A28059312D9002001238B4062
:1006B00001A90193F8F740FA29E71A798A427FF4F1
:1006C0005AAF6346EDE7DB798B427FF45CAFF8E726
:1006D000174B03EB8020E9E75A788A427FF462AF38
:1006E00071E7134B03EB802073E75A788A4281D17C
:1006F00091E70F4B03EB802092E75A78A242A5D1F5
:10070000B4E70B4B03EB8020B5E71A798A427FF4FC
:1007100050AF334657E71A798A427FF472AF2B46BF
:1007200079E71A79A24297D10B469FE7E84C01245A
:1007300000000258B04A0368934200F05F83A2F5BC
:100740007842934200F05C8302F58062934200F0AD
:10075000598302F57842934200F0568302F5E05245
:10076000934200F05383A54A934240F05183052100
:10077000A34B10B54FF4D074B2B001FB04F41A5D72
:100780001C440A2A19D8DFE812F02B03AB02B90285
:10079000C902D702E502F30201030F031D030B0098
:1007A000984AD2F8E00040F48060C2F8E000D2F845
:1007B000E02002F480623192319AA2780A2A19D894
:1007C000DFE812F0E200F000FE000C01220130012F
:1007D000CA01D801E601F4010B008A4AD2F8E00010
:1007E00040F48060C2F8E000D2F8E02002F48062B9
:1007F0002692269A22790A2A19D8DFE812F0E50112
:10080000F30101020F021D022B02390247025502B9
:1008100063020B007B4AD2F8E00040F48060C2F82B
:10082000E000D2F8E02002F480621B921B9AA279C9
:100830000A2A19D8DFE812F020012E013C014A01F2
:100840005801660174018201040112010B006D4A16
:10085000D2F8E00040F48060C2F8E000D2F8E02076
:1008600002F480621092109A4FF4D07202FB0133AE
:100870009B68052B11D8DFE803F0192F455B710346
:10088000604BD3F8F42042F02002C3F8F420D3F8F0
:10089000F43003F020030593059B2046FFF71CFE70
:1008A000012801D032B010BDFFBEFEE7554B00223B
:1008B0002320D3F8F01041F48051C3F8F010114612
:1008C000D3F8F03003F480530093009BF6F7DEFB7F
:1008D0002320F6F719FCE0E74A4B00222420D3F846
:1008E000E81041F48041C3F8E8101146D3F8E8302D
:1008F00003F480430193019BF6F7C8FB2420F6F72D
:1009000003FCCAE73F4B00223320D3F8E81041F440
:100910000041C3F8E8101146D3F8E83003F400436F
:100920000293029BF6F7B2FB3320F6F7EDFBB4E738
:10093000344B00225420D3F8F01041F40051C3F896
:10094000F0101146D3F8F03003F400530393039BE7
:10095000F6F79CFB5420F6F7D7FB9EE7294B0022C5
:100960005520D3F8F01041F48011C3F8F01011466F
:10097000D3F8F03003F480130493049BF6F786FB5E
:100980005520F6F7C1FB88E71E4AD2F8E00040F098
:100990000100C2F8E000D2F8E02002F001021C924F
:1009A0001C9A27E7174AD2F8E00040F00200C2F88C
:1009B000E000D2F8E02002F002021D921D9A19E731
:1009C000104AD2F8E00040F00400C2F8E000D2F88B
:1009D000E02002F004021E921E9A0BE7094AD2F8A8
:1009E000E00040F00800C2F8E000D2F8E02002F099
:1009F00008021F921F9AFDE60030014000140058C3
:100A0000A465002000440258C34AD2F8E00040F038
:100A10001000C2F8E000D2F8E02002F010022092AC
:100A2000209AE7E6BC4AD2F8E00040F02000C2F885
:100A3000E000D2F8E02002F020022192219AD9E6CB
:100A4000B54AD2F8E00040F48070C2F8E000D2F875
:100A5000E02002F480720E920E9A05E7AE4AD2F8B8
:100A6000E00040F40070C2F8E000D2F8E02002F4A8
:100A700000720F920F9AF7E6A74AD2F8E00040F012
:100A80000100C2F8E000D2F8E02002F00102069274
:100A9000069AE9E6A04AD2F8E00040F00200C2F867
:100AA000E000D2F8E02002F002020792079ADBE6AB
:100AB000994AD2F8E00040F00400C2F8E000D2F811
:100AC000E02002F004020892089ACDE6924AD2F899
:100AD000E00040F00800C2F8E000D2F8E02002F0A8
:100AE00008020992099ABFE68B4AD2F8E00040F06A
:100AF0001000C2F8E000D2F8E02002F010020A92E2
:100B00000A9AB1E6844AD2F8E00040F02000C2F828
:100B1000E000D2F8E02002F020020B920B9AA3E64C
:100B20007D4AD2F8E00040F04000C2F8E000D2F880
:100B3000E02002F040020C920C9A95E6764AD2F838
:100B4000E00040F08000C2F8E000D2F8E02002F0BF
:100B500080020D920D9A87E66F4AD2F8E00040F0CD
:100B60004000C2F8E000D2F8E02002F040022292F9
:100B7000229A3FE6684AD2F8E00040F08000C2F8CE
:100B8000E000D2F8E02002F080022392239A31E6BE
:100B9000614AD2F8E00040F48070C2F8E000D2F878
:100BA000E02002F480722492249A23E65A4AD2F872
:100BB000E00040F40070C2F8E000D2F8E02002F457
:100BC00000722592259A15E6534AD2F8E00040F0CB
:100BD0000100C2F8E000D2F8E02002F00102119218
:100BE000119A24E64C4AD2F8E00040F00200C2F824
:100BF000E000D2F8E02002F002021292129A16E609
:100C0000454AD2F8E00040F00400C2F8E000D2F813
:100C1000E02002F004021392139A08E63E4AD2F84A
:100C2000E00040F00800C2F8E000D2F8E02002F056
:100C300008021492149AFAE5374AD2F8E00040F01C
:100C40001000C2F8E000D2F8E02002F01002159285
:100C5000159AECE5304AD2F8E00040F02000C2F8E6
:100C6000E000D2F8E02002F020021692169ADEE5AB
:100C7000294AD2F8E00040F04000C2F8E000D2F883
:100C8000E02002F040021792179AD0E5224AD2F8EB
:100C9000E00040F08000C2F8E000D2F8E02002F06E
:100CA00080021892189AC2E51B4AD2F8E00040F47C
:100CB0008070C2F8E000D2F8E02002F4807219924D
:100CC000199AB4E5144AD2F8E00040F40070C2F872
:100CD000E000D2F8E02002F400721A921A9AA6E517
:100CE0000D4AD2F8E00040F00200C2F8E000D2F86D
:100CF000E02002F002022892289A5EE5064AD2F825
:100D0000E00040F00400C2F8E000D2F8E02002F079
:100D100004022992299A50E5004402583E4AD2F82A
:100D2000E00040F00800C2F8E000D2F8E02002F055
:100D300008022A922A9A40E5374AD2F8E00040F0A9
:100D40001000C2F8E000D2F8E02002F010022B926E
:100D50002B9A32E5304AD2F8E00040F02000C2F889
:100D6000E000D2F8E02002F020022C922C9A24E538
:100D7000294AD2F8E00040F04000C2F8E000D2F882
:100D8000E02002F040022D922D9A16E5224AD2F878
:100D9000E00040F08000C2F8E000D2F8E02002F06D
:100DA00080022E922E9A08E51B4AD2F8E00040F409
:100DB0008070C2F8E000D2F8E02002F480722F9236
:100DC0002F9AFAE4144AD2F8E00040F40070C2F816
:100DD000E000D2F8E02002F400723092309AECE4A5
:100DE0000D4AD2F8E00040F00100C2F8E000D2F86D
:100DF000E02002F001022792279ADEE40021B7E406
:100E00000121B5E40221B3E40321B1E40421AFE4FC
:100E100000231B78FFDE00BF004402582DE9F04399
:100E2000002289B01B4B01210DF1040C9E461A4B88
:100E30000791E146E04667460EF11C060EF13805C3
:100E40000EF15404CDE90122CDE90322CDE90522BA
:100E5000FF221A70BCE80F00AEE80F009CE8070004
:100E60008EE80700B9E80F000FC69CE8070086E887
:100E70000700B8E80F000FC59CE8070085E80700E9
:100E80000FCF0FC49CE8070084E8070009B0BDE855
:100E9000F08300BF50010020C86F0020014802F01D
:100EA00047BA00BFCC650020014802F041BA00BF3C
:100EB0006C670020014802F03BBA00BF0C690020BB
:100EC000014802F035BA00BFAC6A0020014802F0C8
:100ED0002FBA00BF4C6C002010B5EFF3108472B62F
:100EE000084B1A78120602D504B962B610BD1B78F9
:100EF0004FF4D07204485BB202FB0300B030F7F746
:100F0000C9FAF1E7C86F0020A465002010B5EFF31F
:100F1000108472B6094B1A78120602D504B962B66B
:100F200010BD1B784FF4D07205485BB202FB030082
:100F300000F59470F7F7AEFAF0E700BFC86F002035
:100F4000A46500202DE9F04184B0EFF3108772B65C
:100F5000284AFF21284C1368217023B10021116019
:100F6000264A1068984723781B061CD5DFF8948022
:100F70000025234E4446216879B162686AB1A369AD
:100F8000012B22D0A3B963693046019323690093F2
:100F9000E3682289FFF7D6F918B301351C3406F54A
:100FA000D076042DE7D107B962B604B0BDE8F08170
:100FB000D4E90430CDE90130E0682389009030465F
:100FC000FFF724FA0028E8D10BE0D4E904301146F9
:100FD000CDE900303046E3682289FFF74FF9002859
:100FE000DBD1C5EBC50508EB850348F82500586043
:100FF000D9E700BFC46F0020C86F0020CC6F00206D
:10100000A4650020500100202DE9F04184B0EFF3E9
:10101000108772B6284AFF21284C1368217023B12B
:1010200000211160264A1068984723781B061CD5BA
:10103000DFF894800025234E4446216879B1626828
:101040006AB1A369012B22D0A3B963693046019329
:1010500023690093E3682289FFF774F918B3013517
:101060001C3406F5D076042DE7D107B962B604B07A
:10107000BDE8F081D4E90430CDE90130E06823898E
:1010800000903046FFF7C2F90028E8D10BE0D4E920
:1010900004301146CDE900303046E3682289FFF77D
:1010A000EDF80028DBD1C5EBC50508EB850348F852
:1010B00025005860D9E700BFC46F0020C86F00202A
:1010C000CC6F0020A4650020500100202DE9F041E4
:1010D00084B0EFF3108772B6284AFF21284C1368BA
:1010E000217023B100211160264A106898472378A7
:1010F0001B061CD5DFF894800025234E444621684A
:1011000079B162686AB1A369012B22D0A3B963697E
:101110003046019323690093E3682289FFF712F9AF
:1011200018B301351C3406F5D076042DE7D107B984
:1011300062B604B0BDE8F081D4E90430CDE90130F5
:10114000E068238900903046FFF760F90028E8D175
:101150000BE0D4E904301146CDE900303046E368B5
:101160002289FFF78BF80028DBD1C5EBC50508EB1A
:10117000850348F825005860D9E700BFC46F0020F8
:10118000C86F0020CC6F0020A46500205001002013
:101190002DE9F04184B0EFF3108772B601F090FCB6
:1011A000284A294CFF21136821702BB100211160BE
:1011B0000121264A1068984723781B061CD5DFF8C2
:1011C00094800025224E4446216879B162686AB154
:1011D000A369012B22D0A3B9636930460193236927
:1011E0000093E3682289FFF7ADF818B301351C348A
:1011F00006F5D076042DE7D107B962B604B0BDE894
:10120000F081D4E90430CDE90130E0682389009011
:101210003046FFF7FBF80028E8D10BE0D4E90430B2
:101220001146CDE900303046E3682289FFF726F801
:101230000028DBD1C5EBC50508EB850348F8250080
:101240005860D9E7C46F0020C86F0020CC6F002021
:10125000A4650020500100205E4B00226FF0F411C5
:10126000022030B40824DA615862C3F8BC21C3F804
:10127000C401C3F85C23C3F86403C3F8E014C3F8E3
:10128000E414C3F8F444C3F8F824C3F8FC24C3F806
:101290000405C3F88016C3F88416C3F89446C3F84F
:1012A0009826C3F89C26C3F8A406C3F820184A4D14
:1012B000C3E90542C3E96D42C3E9D542C3E9001160
:1012C000C3E96811C3E9D011C3F824184349C3F82E
:1012D0003448C3F83828424CC3F83C28C3F84408C3
:1012E0000A888B783F482372E280C28003723E4CAA
:1012F0003E48E280A0F8032023724371C28003724B
:101300003B4C3C480968E2802372A0F803203A4C29
:101310004371C28003723948E2802372A0F803202F
:10132000374C4371C2800372080C2180EA802B7213
:10133000A070A4F803206371E2802372314C2180F5
:10134000A070A4F803206371E28023722E4C2180E8
:10135000A070A4F803206371E28023722B4C2180DB
:10136000A070A4F803206371E2802372284C2180CE
:10137000A070A4F803206371E2802372254C2180C1
:10138000A070A4F803206371E2802372224C2180B4
:10139000A070E2802372A4F8032063711F4C2180A7
:1013A0001F49A070E2801F482372A1F803204B71EF
:1013B000CA800B72A4F803201B4963711B4CC280C6
:1013C000E28023720372A1F803204B71CA800B7272
:1013D00030BC7047A465002014010020E44C0124B7
:1013E000D8000020CC00002090000020FC0000204D
:1013F000E40000202001002008010020A8000020B7
:10140000946F00207C6F0020886F0020646F0020A4
:10141000B86F0020A06F0020AC6F0020706F00201C
:101420004401002038010020B40000202C010020DD
:10143000714A036811698B4200B587B04BD0516F78
:101440008B4200F0B680D2F8D8108B4200F0B38007
:10145000D2F83C118B4200F0B080B3F1804F1ED027
:10146000664A93420DD0664A934200F0A880654ACE
:10147000934200F0B280644A93421ED007B05DF8F8
:1014800004FB624BD3F8E82042F00202C3F8E820E4
:10149000D3F8E83003F002030293029BEEE75B4BC4
:1014A000D3F8E82042F00102C3F8E820D3F8E8308E
:1014B00003F001030193019BE0E7544BD3F8E820CC
:1014C00042F01002C3F8E820D3F8E83003F010032C
:1014D0000593059BD2E700206421B3F1804F01FB07
:1014E0000022127B1ED045498B4235D044498B42A5
:1014F00048D044498B42BED1444BD3F8E81041F068
:101500000801C3F8E810D3F8E83003F008030493A7
:10151000049B002AB2D0322000220F21F5F7B6FD3D
:10152000322014E0394BD3F8E81041F00101C3F840
:10153000E810D3F8E83003F001030193019B002A7F
:101540009CD01C2000220F21F5F7A0FD1C2007B025
:101550005DF804EBF5F7D8BD2C4BD3F8E81041F05B
:101560000201C3F8E810D3F8E83003F00203029355
:10157000029B002A82D01D2000220F21F5F786FD54
:101580001D20E4E7214BD3F8E81041F00401C3F833
:10159000E810D3F8E83003F004030393039B002A18
:1015A0003FF46CAF1E2000220F21F5F76FFD1E20C7
:1015B000CDE7012090E702208EE703208CE7134B54
:1015C000D3F8E82042F00402C3F8E820D3F8E8306A
:1015D00003F004030393039B50E70C4BD3F8E8207C
:1015E00042F00802C3F8E820D3F8E83003F008031B
:1015F0000493049B42E700BFD06F0020000400402A
:1016000000080040000C0040001000400044025858
:101610000F4B026819698A420BD0596F8A4211D068
:10162000D3F8D8108A420FD0D3F83C118A420DD09B
:1016300070470021642202FB0133DA6D002AF7D0E3
:10164000186E10470121F5E70221F3E70321F1E7C6
:10165000D06F00200148FDF7BBB900BFE06F00204C
:101660000148FDF7B5B900BF447000200148FDF7FF
:10167000AFB900BFA87000200148FDF7A9B900BFAD
:101680000C710020F0B54FF0640C0F682E4D8DB03A
:101690000CFB07FC032F05EB0C06066047DC0B4632
:1016A0000868344649689A6807C41B7B237004ACF9
:1016B0007268264B002A4FF00002726118BF102298
:1016C000B2610FCB84E80F000CAB03EB870353F838
:1016D000203CB3F1804F336124D01D4A934221D086
:1016E00030890CF1100464230021802203FB07538E
:1016F0002C44C3E907019A622046FCF72BFF0346FE
:1017000000B1FEE74FF4805208A9204609930193E7
:101710000892CDE90A33CDE90233FDF785F8034697
:1017200040B1FEE7642303FB07539868D9E7012023
:101730000DB0F0BD01A9204601930393FDF7F2F926
:101740000028F5D0FEE700BFD06F0020104C012428
:10175000000C0040006808B5037B10302BB1FDF78A
:1017600007F8003818BF012008BDFCF7A9FF0038B2
:1017700018BF012008BD00BF0C4B00224FF0FF3105
:101780001A739960D96683F87020C3F8D01083F873
:10179000D420C3F8341183F83821C3E90022C3E907
:1017A0001922C3E93222C3E94B227047D06F0020CF
:1017B0001F4BC1680268F0B5D3F88C5083B0036941
:1017C000ADB24D1BA2B1AB4212D00446866811D215
:1017D000F018E91ACDE9001001F0EAF80023DDE97C
:1017E0000010D4E90062B047E3682561AB421BD02A
:1017F00003B0F0BDF018C91ACDE9000101F0D8F826
:101800000023DDE90001D4E90072B84730462946DB
:1018100001F0CEF800233046626829462668B047BA
:10182000E3682561AB42E3D10023236103B0F0BD3F
:10183000000002402DE9F84F04460F4690461E4630
:1018400000F13405284602F085F92028FAD14FF43A
:1018500080630020C4F8D830C4F850314FF44033CE
:10186000C4F8D400C4F8E830C4F860314E4BC4F872
:10187000E400C4F8C83003F57A73C4F8EC00C4F887
:1018800040314023C4F8D000C4F84831E369C4F8BB
:101890004C01C4F85C01C4F86401C4E93700C4E930
:1018A0005500072B0BD8DFE803F061535A373E454C
:1018B0004C045123C4F8CC305223C4F8443104F50D
:1018C000A0794846F5F794FF08B1FFBEFEE7C4F8DB
:1018D000B090C4F87851EFF3108972B6DFF8D0B049
:1018E00094F91C30DFF8CCA08BF800300A9B2F4C09
:1018F000CAF800300B9B23600EB11846B0471FFAA0
:1019000088F23946284601F021FEB0BBB9F1000F3C
:1019100000D162B6BDE8F88F3F23C4F8CC30402335
:10192000C4F84431CBE74123C4F8CC304223C4F897
:101930004431C4E74723C4F8CC304823C4F84431C9
:10194000BDE74F23C4F8CC305023C4F84431B6E788
:101950002B23C4F8CC302C23C4F84431AFE72D231B
:10196000C4F8CC302E23C4F84431A8E72923C4F8A6
:10197000CC302A23C4F84431A1E7FF238BF8003090
:101980000023CAF8003023600A9B3BB10B98012169
:1019900098470120B9F1000FBCD1BAE70120B9F195
:1019A000000FB7D1B5E700BF88000240E0800020FB
:1019B000DC800020D88000202DE9F84F04460F4637
:1019C00090461E4600F13405284602F0C3F8202850
:1019D000FAD14FF480630020C4F8D830C4F85031F5
:1019E0004FF44033C4F8D400C4F8E830C4F8603190
:1019F0004E4BC4F8E400C4F8C83003F57A73C4F859
:101A0000EC00C4F840314023C4F8D000C4F8483199
:101A1000E369C4F84C01C4F85C01C4F86401C4E98A
:101A20003700C4E95500072B0BD8DFE803F06153FA
:101A30005A373E454C045123C4F8CC305223C4F8E5
:101A4000443104F1C8094846F5F7D2FE08B1FFBE9B
:101A5000FEE7C4F8B490C4F80051EFF3108972B6F1
:101A6000DFF8D0B094F91C30DFF8CCA08BF8003050
:101A70000A9B2F4CCAF800300B9B23600EB118460E
:101A8000B0471FFA88F23946284602F011FDB0BB74
:101A9000B9F1000F00D162B6BDE8F88F3F23C4F85A
:101AA000CC304023C4F84431CBE74123C4F8CC30D8
:101AB0004223C4F84431C4E74723C4F8CC30482358
:101AC000C4F84431BDE74F23C4F8CC305023C4F8E8
:101AD0004431B6E72B23C4F8CC302C23C4F844316E
:101AE000AFE72D23C4F8CC302E23C4F84431A8E747
:101AF0002923C4F8CC302A23C4F84431A1E7FF23BA
:101B00008BF800300023CAF8003023600A9B3BB1F9
:101B10000B98012198470120B9F1000FBCD1BAE719
:101B20000120B9F1000FB7D1B5E700BF880002402E
:101B3000E0800020DC800020D88000202DE9F041EA
:101B40000D4682B0EFF3108772B6002948D1FF230B
:101B5000254A264C237013682BB1002029461060BB
:101B6000234A1068984723781B0625D5DFF888801C
:101B70000025204E444605E001351C3406F5DC7690
:101B8000092D19D0A369012B1BD0002BF4D121689A
:101B900030460029F0D06369019323690093E3681C
:101BA0002289FFF709FF0028E6D1C5EBC50508EB40
:101BB000850348F82500586007B962B602B0BDE851
:101BC000F08161680029D7D06369304601932369A9
:101BD0000093E3682289FFF72DFE0028CCD1E4E7CB
:101BE00002F0E0FBB3E700BFD8800020DC800020DB
:101BF000E080002060710020C0010020F0B50023CB
:101C000087B0022204460493CDE90223C369007E13
:101C10005D000B2821D1A07E0B2802D1002007B047
:101C2000F0BD454A6B1C454952F823304D780A787F
:101C30001978E47E8A424CD088425AD0D978DE1C8A
:101C400091424ED088426DD099799E1D8A4265D0CE
:101C500088426CD0012007B0F0BD374B374953F8AC
:101C600025300A7891F801E0197894F819C08A4271
:101C700022D0884225D0D978DE1C8A4225D08842DD
:101C800033D099799E1D8A4227D08842E2D1DB79F0
:101C90006345DFD133469B780A28059308D9002095
:101CA000012301A903FA0CF30193F6F745FFB2E70C
:101CB000234B03EB8020F3E75E787645DBD0884248
:101CC000D9D159786145D6D1E5E71F797745D6D185
:101CD000D7E75E78AE42AFD1B0E7DA797245D4D1BA
:101CE000B8E71F79AF42ADD1AEE719796145C8D1E8
:101CF000D0E75978A142A1D19B780A28059309D948
:101D00000020012301A9A3400193F6F715FF00204D
:101D100007B0F0BD0A4B03EB8020F2E7DA79AA4264
:101D200096D197E71979A1428ED13346E4E7DB7962
:101D3000A3428FD13346DFE7D8020020D40200202F
:101D400000000258B34A0368934270B5A4B000F093
:101D50003D82A2F54C42934200F03A8202F5806245
:101D6000934200F0378202F58062934200F03482A1
:101D700002F58062934200F0338202F544429342BE
:101D800000F02C82A2F51C42934200F02B8202F557
:101D90008062934200F028829F4A934240F026825C
:101DA00008259E4C4FF4DC7000FB0540837E0A2B17
:101DB00019D8DFE813F0B701C501D301E101EF0144
:101DC000FD017F018D019B01A9010B00944BD3F80C
:101DD000E02042F48062C3F8E020D3F8E03003F45E
:101DE00080631E931E9B037E0A2B19D8DFE813F035
:101DF000380146015401CB00D900E700F50003018A
:101E00001C012A010B00864BD3F8E02042F48062CB
:101E1000C3F8E020D3F8E03003F480631393139BFE
:101E20004FF4DC7303FB0543DB69082B13D8DFE8B1
:101E300003F03A48566472808E9C0500784BD3F8C4
:101E4000F42042F00802C3F8F420D3F8F43003F091
:101E500008030893089BFFF7D1FE012801D1FFBEBC
:101E6000FEE74FF4DC7324AA6E4E0DF17C0C03FBED
:101E70000544E36902EB43050FCEACE80F0033687D
:101E80000022ACF80030114635F9140CF5F7FEF8D5
:101E9000E36924AA02EB430333F9140C24B0BDE830
:101EA0007040F5F731B95E4BD3F8F02042F01002E4
:101EB000C3F8F020D3F8F03003F010030093009B38
:101EC000C9E7574BD3F8E82042F40032C3F8E820C2
:101ED000D3F8E83003F400330193019BBBE7504B88
:101EE000D3F8E82042F48022C3F8E820D3F8E830A1
:101EF00003F480230293029BADE7494BD3F8E8201B
:101F000042F40022C3F8E820D3F8E83003F40023B9
:101F10000393039B9FE7424BD3F8E82042F48012DF
:101F2000C3F8E820D3F8E83003F480130493049B4B
:101F300091E73B4BD3F8F02042F02002C3F8F020A9
:101F4000D3F8F03003F020030593059B83E7344B6F
:101F5000D3F8E82042F08042C3F8E820D3F8E83014
:101F600003F080430693069B75E72D4BD3F8E820DA
:101F700042F00042C3F8E820D3F8E83003F0004311
:101F80000793079B67E7264BD3F8E02042F008024F
:101F9000C3F8E020D3F8E03003F008030C930C9B67
:101FA0003EE71F4BD3F8E02042F01002C3F8E020D8
:101FB000D3F8E03003F010030D930D9B30E7184B7E
:101FC000D3F8E02042F02002C3F8E020D3F8E0305C
:101FD00003F020030E930E9B22E7114BD3F8E02071
:101FE00042F04002C3F8E020D3F8E03003F04003B1
:101FF0000F930F9B14E70A4BD3F8E02042F08002C6
:10200000C3F8E020D3F8E03003F080031093109B76
:1020100006E700BF00100140000C0058607100206E
:1020200000440258204C0124724BD3F8E02042F4C3
:102030008072C3F8E020D3F8E03003F4807311938A
:10204000119BEDE66B4BD3F8E02042F40072C3F82D
:10205000E020D3F8E03003F400731293129BDFE624
:10206000644BD3F8E02042F00102C3F8E020D3F83B
:10207000E03003F001030993099BD1E65D4BD3F8EF
:10208000E02042F00202C3F8E020D3F8E03003F091
:1020900002030A930A9BC3E6564BD3F8E02042F0B2
:1020A0000402C3F8E020D3F8E03003F004030B93FC
:1020B0000B9BB5E64F4BD3F8E02042F04002C3F84B
:1020C000E020D3F8E03003F040031A931A9B8AE62D
:1020D000484BD3F8E02042F08002C3F8E020D3F868
:1020E000E03003F080031B931B9B7CE6414BD3F84D
:1020F000E02042F48072C3F8E020D3F8E03003F42B
:1021000080731C931C9B6EE63A4BD3F8E02042F49C
:102110000072C3F8E020D3F8E03003F400731D939D
:102120001D9B60E6334BD3F8E02042F00102C3F878
:10213000E020D3F8E03003F001031493149B52E63F
:102140002C4BD3F8E02042F00202C3F8E020D3F891
:10215000E03003F002031593159B44E6254BD3F8BA
:10216000E02042F00402C3F8E020D3F8E03003F0AE
:1021700004031693169B36E61E4BD3F8E02042F07C
:102180000802C3F8E020D3F8E03003F00803179307
:10219000179B28E6174BD3F8E02042F01002C3F853
:1021A000E020D3F8E03003F010031893189B1AE6F0
:1021B000104BD3F8E02042F02002C3F8E020D3F81F
:1021C000E03003F020031993199B0CE60025E8E5A5
:1021D0000125E6E50225E4E50325E2E50525E0E540
:1021E0000425DEE50625DCE50725DAE500239B7EF0
:1021F000FFDE00BF004402582DE9F04F91B00023EC
:1022000001223F490DF1240A09938B4601F11C0973
:10221000CAF8143001F13808CDF800A001F15407D4
:10222000CDF804A001F17006CDF808A001F18C05ED
:10223000CDF80CA001F1A804CDF810A001F1C40E56
:10224000CDF814A001F1E00CCAE90133CAE9033367
:102250000F92FF222B4BCDE906AA1A70BAE80F00A5
:10226000ABE80F009AE80700009B8BE807009B464D
:10227000BBE80F00A9E80F009AE80700019B89E876
:1022800007009946B9E80F00A8E80F009AE8070090
:10229000029B88E807009846B8E80F000FC79AE845
:1022A0000700039B87E807001F460FCF0FC69AE879
:1022B0000700049B86E807001E460FCE0FC59AE86C
:1022C0000700059B85E807001D460FCD0FC49AE85F
:1022D0000700069B84E807001C460FCCAEE80F0001
:1022E000079B9AE807001C468EE807000FCCACE875
:1022F0000F009AE807008CE8070011B0BDE8F08FE6
:10230000C0010020DC80002010B5094C04F134002D
:1023100001F002FA237D1BB1636BDB69DB0600D49D
:1023200010BD2046FFF744FA636B10221A6210BDFD
:102330006071002010B50B4C04F5F67001F0ECF95B
:1023400094F8CC3123B1D4F8EC31DB69DB0600D44E
:1023500010BD04F5DC70FFF72BFAD4F8EC31102235
:102360001A6210BD6071002010B50B4C04F5697045
:1023700001F0D2F994F8843323B1D4F8A433DB69A3
:10238000DB0600D410BD04F55C70FFF711FAD4F839
:10239000A43310221A6210BD6071002010B50B4CDE
:1023A00004F25C5001F0B8F994F83C3523B1D4F84C
:1023B0005C35DB69DB0600D410BD04F5A560FFF7D2
:1023C000F7F9D4F85C3510221A6210BD6071002054
:1023D00010B50B4C04F2147001F09EF994F8F43629
:1023E00023B1D4F81437DB69DB0600D410BD04F543
:1023F000DC60FFF7DDF9D4F8143710221A6210BD43
:102400006071002010B50B4C04F6CC0001F084F98B
:1024100094F8AC3823B1D4F8CC38DB69DB0600D4AF
:1024200010BD04F69800FFF7C3F9D4F8CC38102299
:102430001A6210BD6071002010B50B4C04F68420A8
:1024400001F06AF994F8643A23B1D4F8843ADB696C
:10245000DB0600D410BD04F52560FFF7A9F9D4F818
:10246000843A10221A6210BD6071002010B50B4C26
:1024700004F63C4001F050F994F81C3C23B1D4F828
:102480003C3CDB69DB0600D410BD04F60840FFF7D6
:102490008FF9D4F83C3C10221A6210BD6071002004
:1024A00010B50B4C04F6F45001F036F994F8D43D15
:1024B00023B1D4F8F43DDB69DB0600D410BD04F58C
:1024C0005C60FFF775F9D4F8F43D10221A6210BD74
:1024D0006071002010B5EFF3108472B6084B1A78C3
:1024E000120602D504B962B610BD1B784FF4DC7237
:1024F00004485BB202FB0300C830F5F7CBFFF1E7FD
:10250000DC8000206071002010B5EFF3108472B6FB
:10251000094B1A78120602D504B962B610BD1B78B1
:102520004FF4DC7205485BB202FB030000F5A070BB
:10253000F5F7B0FFF0E700BFDC80002060710020FD
:102540000021FFF7FBBA00BF214A036893422BD05A
:10255000A2F54C42934229D002F58062934227D0E3
:1025600002F58062934225D002F58062934223D027
:1025700002F54442934221D0A2F51C4293421FD05F
:1025800002F5806293421DD0124A93421CD1082268
:102590004FF4DC71104B01FB0233197D11B1184669
:1025A000FFF706B9FFF7CABA0022F1E70122EFE709
:1025B0000222EDE70322EBE70422E9E70522E7E741
:1025C0000622E5E70722E3E700231B7DFFDE00BFCD
:1025D00000100140000C005860710020204A036880
:1025E000934229D0A2F54C42934227D002F5806253
:1025F000934225D002F58062934223D002F5806297
:10260000934221D002F5444293421FD0A2F51C42CE
:1026100093421DD002F5806293421BD0114A93422F
:102620001AD1082310484FF4DC7202FB0300037D2B
:1026300003B97047FFF7BCB80023F3E70123F1E7C4
:102640000223EFE70323EDE70423EBE70523E9E7A4
:102650000623E7E70723E5E700231B7DFFDE00BF36
:1026600000100140000C005860710020214A0368EE
:1026700093422BD0A2F54C42934229D002F58062BE
:10268000934227D002F58062934225D002F5806202
:10269000934223D002F54442934221D0A2F51C423A
:1026A00093421FD002F5806293421DD0124A93429A
:1026B0001CD108224FF4DC71104B4FF0000C01FBD1
:1026C0000233012183F814C0FFF738BA0022F1E782
:1026D0000122EFE70222EDE70322EBE70422E9E71C
:1026E0000522E7E70622E5E70722E3E700231B755B
:1026F000FFDE00BF00100140000C00586071002098
:102700005A4B0122002147F6122030B46FF0F41426
:102710001A6259629C61C3F8D041C3F88843C3F878
:102720004045C3F84825C3F84C15C3F85425C3F8F1
:102730005805C3F8F846C3F80027C3F80417C3F8D0
:102740000C27C3F81007C3F8B048C3F8B828C3F87B
:10275000BC18C3F8C428C3F8C808C3F8684A444D75
:10276000C3E90B20C3E97621C3E97920C3E9E42159
:10277000C3E9E720C3F8702AC3F8204CC3F8D84D4A
:102780003C4CC3F8741AC3F87C2AC3F8800AC3F817
:10279000282CC3F82C1CC3F8342CC3F8380CC3F80D
:1027A000E02DC3F8E41DC3F8EC2D2188A278C3F80E
:1027B000F00D314B3148A3F803105A71D9801A72C9
:1027C0002F4B2A72E980A3F803102E4D5A71D9803D
:1027D0001A722D4BE9802A72A0F803104271C18051
:1027E0000272A3F803105A71D98020681A72040C7F
:1027F000264B274D1880A3F803105A71D9801A72FE
:102800009C70244BE980A3F803105A71D9801A7286
:10281000214B2A72A3F803105A71D9801A721F4BE8
:1028200018809C70A3F803105A71D9801A721C4B3F
:1028300018809C70A3F803105A71D9801A72194B32
:1028400018809C701848A3F803105A71D9801A7226
:10285000164BA0F803104271C1800272A3F8031056
:102860005A71D9801A7230BC704700BF6071002065
:1028700068030020D402002080030020740300209D
:10288000980300205C0300208C03002008810020B6
:1028900044030020A403002050030020E480002013
:1028A000FC800020F0800020C8020020BC02002034
:1028B0003E4B00220B20114610B5D3F8D84082B011
:1028C00044F00104C3F8D840D3F8D84004F0010420
:1028D0000094009CD3F8D84044F00204C3F8D840D8
:1028E000D3F8D83003F002030193019BF4F7CEFB39
:1028F0000B20F4F709FC00220C201146F4F7C6FB6C
:102900000C20F4F701FC00220D201146F4F7BEFB69
:102910000D20F4F7F9FB00220E201146F4F7B6FB68
:102920000E20F4F7F1FB00220F201146F4F7AEFB66
:102930000F20F4F7E9FB002210201146F4F7A6FB64
:102940001020F4F7E1FB00223C201146F4F79EFB37
:102950003C20F4F7D9FB002211201146F4F796FB36
:102960001120F4F7D1FB002238201146F4F78EFB3A
:102970003820F4F7C9FB002239201146F4F786FB12
:102980003920F4F7C1FB00223A201146F4F77EFB10
:102990003A20F4F7B9FB00223B201146F4F776FB0E
:1029A0003B2002B0BDE81040F4F7AEBB0044025833
:1029B000203100290FDD20F01F00BFF34F8F064AA2
:1029C0000144C2F85C0220300B1A002BF9DCBFF383
:1029D0004F8FBFF36F8F704700ED00E0034688B163
:1029E00090F83D20022A03D0802201209A66704789
:1029F00002680421002083F83D10D36823F001030E
:102A0000D36070470120704703682C495A6910B49D
:102A10009C6944F008049C619C6944F010049C612A
:102A20001C6824F001041C601C692140196199682C
:102A300021F44041996090F88110042901D0910659
:102A400030D490F88110032901D054061FD4910589
:102A500009D5D0F8841041F00101C0F884109969BB
:102A600041F400719961D20509D5D0F8842042F073
:102A70000802C0F884209A6942F480729A610023A7
:102A80005DF8044BA0F86230A0F86A307047D0F8C7
:102A9000841041F00401C0F88410996941F04001AC
:102AA0009961D4E7D0F8841041F08001C0F8841017
:102AB000996941F020019961C3E700BF90FCFFFFD5
:102AC000002800F0C980664A00212DE9F843036818
:102AD00004468162934217D0A2F57842934213D004
:102AE00002F580629342C26800F0AE800F2A08D8D7
:102AF000C06B02F108014509C90805FB011108294D
:102B000016D90120BDE8F883E268E06B02F1080104
:102B1000534E4509C90805FB0111524DAB4218BF80
:102B2000B34203D005F58065AB4201D11029E8D846
:102B300094F8811001F0FF0500297AD04FF00008C9
:102B40000221A769A56B84F88110B7F1806F19681D
:102B500021F001011960996801F4F81C616858D0EE
:102B600011F4800901D0062A49D8D3F800E02EF4E8
:102B7000807EC3F800E0666B42EA08023743666A6B
:102B800037432669374366693743266A3743E66C1D
:102B90003743A6683743A66C3743E6693243104390
:102BA000A26D3A4340EA0C000A4398601543DD6089
:102BB000B9B99A6822F4C05242F400629A609A68E5
:102BC00022F4C06242F480629A601A6D22F001021F
:102BD0001A6500200123C4F8840084F88130BDE820
:102BE000F8831A6D22F001021A65B9F1000FF0D0D6
:102BF000DA68616D22F000420A43DA60E9E7D3F84F
:102C000000E0266D2EF4807E4EEA060EC3F800E04A
:102C1000B1E7B1F5800F06D00029A1D1B5F1805FF1
:102C200002D08946A1E7CDB91E6846F480561E60E1
:102C300096E7204684F88050FDF77CFD2368E26823
:102C4000D4F82880E06B7BE7C06B02F108014509EE
:102C5000C90805FB011169E701207047894682E731
:102C60000030014000380040F8B590F88030012B6A
:102C700000F0928090F88130154601220446DEB2C1
:102C8000934280F880206BD1002964D0B5FA85F397
:102C90005B09002D5FD003224366A0F8683080F8FE
:102CA0008120C0F88430A0F86250A0F86A30026831
:102CB000C165A0F86050C0E91C338368B3F5C02F2C
:102CC00065D0D36823F4C02343F40033D360E368B2
:102CD000A06F0F2B4AD98369B3F5804F3BD13E4F8C
:102CE000203252F8183C07643C4F23F40043C7637A
:102CF0003B4FC7640027076542F8183CB4F86230C0
:102D00009BB2F4F7E3FF002849D1A36F354ADB6992
:102D1000B3F5807F2368596802EA010218BF2A438D
:102D20005A609A68616842F40042B1F5800F9A6077
:102D30001A6942F448721A611A6842F001021A6074
:102D400003D11A6842F400721A6000231E4684F808
:102D500080303046F8BD002384F880303046F8BD1E
:102D60000023022680F880303046F8BD072B8369A7
:102D700021D8B3F5005F27D0B3F5804FAFD1B4F8B9
:102D800062309BB203339B08A4F86230A7E7136854
:102D900043F4006313609AE702263046F8BDD4F886
:102DA0008430012284F8807043F01003C4F884302A
:102DB00084F88120D2E7B3F5804F05D0B3F5005FEA
:102DC000C9D1B3F5804F8AD1B4F862309BB20133D8
:102DD0005B08A4F8623082E70D32012491310124AE
:102DE000393201240000FFFFF8B590F88030012B44
:102DF00000F0968090F88130154601220446DEB23C
:102E0000934280F880206AD1002963D0B5FA85F317
:102E10005B09002D5ED00422A0F86030416680F886
:102E20008120C0F88430A0F86A50A0F86230A0F881
:102E30006850C0E91C338368B3F5C02F03686AD0BB
:102E4000DA6822F4C02242F48022DA60E2680F2AB3
:102E50004BD9E06F8269B2F5804F3BD19A6822F47A
:102E600080429A60414F0A4603F13001B4F86A305B
:102E700007643F4F9BB2C7633E4FC7640027076597
:102E8000F4F724FF00284ED1E36F3B4ADB69B3F52A
:102E9000807F2368596802EA010218BF2A435A60FA
:102EA0009A68616842F48042B1F5800F9A601A69AD
:102EB00042F450721A611A6842F001021A6003D19A
:102EC0001A6842F400721A6000231E4684F88030AB
:102ED0003046F8BD002384F880303046F8BD00232A
:102EE000022680F880303046F8BD072A27D89A6835
:102EF000E06F22F480429A608269B2F5005F2DD0C3
:102F0000B2F5804FAED1B4F86A2092B20332920883
:102F1000A4F86A20A6E71A6822F400621A6095E70E
:102F200002263046F8BDD4F88430012284F880703F
:102F300043F01003C4F8843084F88120CDE7E06FBB
:102F40008769B7F5804F02D0B7F5005FC2D19A68A4
:102F5000B7F5804F22F480429A6083D1B4F86A209A
:102F600092B201325208A4F86A207BE71D32012494
:102F7000B9310124393201240000FFFF2DE9F84363
:102F80001D4690F88030012B00F083800123044619
:102F900080F8803090F88130012BDEB251D1002DC5
:102FA00018BF002A47D0B1FA81F35B09002942D04B
:102FB000C165A0F8605001684266A0F86850C0E999
:102FC0001C33052084F88100C4F88430A4F86250D2
:102FD000A4F86A50CB6823F4C023CB608B6823F439
:102FE00040438B60E3680F2B32D9E06F8369B3F500
:102FF000804F20D1624F4FF00008B4F86A30303172
:103000000764DFF888919BB25E4FC0F84C90C763AD
:10301000C0F85080F4F75AFE074600283DD0D4F897
:103020008430012284F8808043F01003C4F8843097
:1030300084F8812002E0002384F880303046BDE827
:10304000F8830023022680F880303046BDE8F883FC
:10305000072B5DD8A36F9B69B3F5005F78D0B3F5FC
:10306000804F06D1B4F862309BB203339B08A4F8BA
:103070006230E06F8369B3F5005F61D0B3F5804FD4
:10308000B8D1B4F86A309BB203339B08A4F86A3015
:10309000B0E702263046BDE8F8832268A06F936847
:1030A0002032E16D43F4804342F8183CB4F86230BA
:1030B000C0F84C909BB20765C0E90F77F4F706FEA5
:1030C00000284DD1A36F304ADB69B3F5807F2368B8
:1030D000596802EA010218BF2A435A609A68616877
:1030E00042F40042B1F5800F9A601A6942F45872B6
:1030F0001A611A6842F001021A6004D000231E46C9
:1031000084F880309AE71A6842F400721A60F5E792
:10311000E06F8369B3F5804F02D0B3F5005F8AD1C9
:10312000A76FBF69B7F5804F06D1B4F86270BFB220
:1031300001377F08A4F86270B3F5804F7FF45AAF6F
:10314000B4F86A309BB201335B08A4F86A3051E7E7
:10315000B4F862309BB201335B08A4F8623088E7B0
:10316000E06FF4F755FFD4F88430012284F88070C2
:1031700043F01003C4F8843084F881205EE700BF78
:103180002D320124E13101240000FFFF39320124F6
:10319000806B08B590F88130072B09D0836FDB690D
:1031A000B3F5807F05D00268136943F0080313610B
:1031B00008BDFDF7C7FE08BD806B08B590F88130EB
:1031C000072B09D0C36FDB69B3F5807F05D0026898
:1031D000136943F00803136108BDFDF715FF08BD2F
:1031E000806B08B590F88130072B09D0836FDB69BD
:1031F000B3F5807F05D00268136943F008031361BB
:1032000008BDFDF763FF08BD704700BF806B08B5C0
:10321000FFF7FAFF08BD00BF704700BF806B08B51D
:10322000FFF7FAFF08BD00BF704700BF806B08B50D
:10323000FFF7FAFF08BD00BF10B5846BF5F77AFC05
:10324000022800D110BD236830495A69986940F0BE
:1032500008009861986940F010009861186820F0A3
:1032600001001860186901401961996821F4404112
:10327000996094F88110042901D091063AD494F809
:103280008110032901D0500629D4910509D5D4F81D
:10329000841041F00101C4F88410996941F400716F
:1032A0009961D20509D5D4F8842042F00802C4F807
:1032B00084209A6942F480729A6100230122204698
:1032C000A4F86230A4F86A30D4F8843043F01003D4
:1032D000C4F8843084F88120FDF75AFF10BDD4F87B
:1032E000841041F00401C4F88410996941F0400150
:1032F0009961CAE7D4F8841041F08001C4F88410C1
:10330000996941F020019961B9E700BF90FCFFFF86
:1033100008B5806B00230122A0F86A30A0F8623063
:1033200080F88120FDF734FF08BD00BF704700BF63
:10333000036819695A692DE9F0419F6801EA02059D
:1033400090F8816012050446F6B202D5090700F133
:10335000D28005F06402042A3ED005F04502012A1D
:1033600044D005F02602022A00F0DC802A075CD552
:103370009A6942F008029A619A6942F010029A61D1
:103380009A6942F400629A611A6922F008021A618D
:103390009A6812F4404F33D1B4F86A2092B27AB3EB
:1033A000616E0EE02268126B41F8042B6166B4F87E
:1033B0006A20013A92B2A4F86A20B4F86A2092B264
:1033C000F2B1E2680F2AEDD8072A40F2A3801A8EE4
:1033D00021F8022B6166EAE72046636F9847236F66
:1033E0002046984705F04503012B02D1236F204664
:1033F000984705F02605022D00F09480BDE8F08185
:103400002046FFF701FB012384F88130D4F8843093
:10341000002B7CD1052E00F08A80042E00F08A80DB
:10342000032EEBD1FDF78EFDE8E715F4587FE5D0CC
:103430006E0609D5D4F8842042F00402C4F8842032
:103440009A6942F040029A61A80509D5D4F884200F
:1034500042F00102C4F884209A6942F400729A6131
:10346000E90509D5D4F8842042F00802C4F8842084
:103470009A6942F480729A61AA0609D5D4F8842028
:1034800042F08002C4F884209A6942F020029A61D6
:10349000D4F88420002AB1D0196807F44047274A9D
:1034A00021F00101B7F5404F1960196902EA0102E4
:1034B0001A6128D19A68E06F22F440429A6050B1B4
:1034C0001F4B0365F4F71CFF28B1D4F8843043F098
:1034D0004003C4F88430A06F00288FD0184B0365D8
:1034E000F4F70EFF002889D0D4F8843043F040036D
:1034F000C4F8843082E79A6942F400629A61FFF767
:1035000015FFBDE8F0810123204684F88130FDF7E6
:103510003FFE73E7226892F830200A70616E013135
:10352000616644E7636F2046BDE8F0411847FDF748
:10353000CDFD63E7FDF768FD60E700BF94FCFFFF8A
:103540001133012490F88100704700BF70B5D0F8A6
:103550008860202E31D171B3B2FA82F56D0952B371
:103560002123A0F856200446C0F890500165A0F829
:103570005420C0F88830C06F60B105651346134D04
:103580002268C563124D28320564124DC564F4F7F4
:103590009DFBA0B922684023136202F1080353E89F
:1035A000003F43F0800302F1080040E800310029A9
:1035B000F3D1002070BD012070BD022070BD10232A
:1035C0000120C4F89030C4F8886070BDD93501245A
:1035D000213601242D36012408B5C369806BB3F56B
:1035E000807F18D000230268A0F8563002F108034B
:1035F00053E8003F23F0800302F1080040E8003167
:103600000029F3D152E8003F43F0400342E8003183
:103610000029F7D108BDFEF793FF08BD704700BF32
:10362000806B08B5FFF7FAFF08BD00BF806B036829
:10363000D0F8881010B5D0F88C409A68120601D5E1
:1036400021290DD09A68520601D5222C23D0D0F81A
:10365000903043F01003C0F89030FFF707F810BD2A
:103660000022A0F8562053E8002F22F0C00243E8C1
:1036700000210029F7D103F1080252E8002F22F4BB
:10368000000203F1080C4CE800210029F3D12022AC
:10369000C0F88820D6E70022A0F85E2053E8002F6B
:1036A00022F4907243E800210029F7D1134C03F172
:1036B000080252E8002F224003F1080C4CE80021D8
:1036C0000029F4D1C26E012A06D0002320224367CC
:1036D000C0F88C20C366BAE753E8002F22F010022E
:1036E00043E800210029F0D053E8002F22F0100217
:1036F00043E800210029EFD1E7E700BFFEFFFFEF1D
:1037000008B5806B0023A0F85E30A0F85630FEF7B5
:10371000ADFF08BD704700BF036840F60F0CDA69C3
:1037200012EA0C0F70B51D680446996800F02181FB
:10373000B14EB24805EA060C08405CEA000640F0CB
:103740008980E06E012822D0D00202D54E0200F11D
:103750003981100606D501F4000105F0800001430F
:1037600040F02881510667D56E0665D553E8002FD5
:1037700022F0400243E800210029F7D12022002353
:103780002046C4F88820A367FEF7DAFE70BDD00695
:10379000DAD5EE06D8D510221A629A68550640F19D
:1037A0003C81D4F8800001684A6892B2002AEDD0CA
:1037B000B4F85C109142E9D9A4F85E20C269B2F570
:1037C000807F2FD053E8002F22F4807243E800213D
:1037D0000029F7D103F1080252E8002F22F001027C
:1037E00003F1080545E800210029F3D103F108029F
:1037F00052E8002F22F0400203F1080545E80021BD
:103800000029F3D12022C4F88C20E16653E8002F70
:1038100022F0100243E800210029F7D1F4F7F8FB69
:10382000B4F85C10022320462367B4F85E30C91A4E
:1038300089B2FFF76FFF70BD100202D5690000F179
:10384000E780D301A2D5002DA0DA2046BDE8704064
:1038500000F054BED60709D5EE0507D501261E6235
:10386000D4F8906046F00106C4F89060960740F1E5
:103870009280CE070AD502261E62D4F8906046F0E8
:103880000406C4F89060560700F18B8016070BD52C
:1038900005F02006304307D008201862D4F89000C5
:1038A00040F00800C4F8900016050AD5680108D554
:1038B0004FF400601862D4F8900040F02000C4F883
:1038C0009000D4F8900000283FF460AF96060BD526
:1038D00005F0200501F0805155EA010204D0626F25
:1038E00012B1204690472368D4F890509A6805F0AA
:1038F000280502F04002154300F0C58053E8002F70
:1039000022F4907243E800210029F7D13C4803F1EA
:10391000080252E8002F024003F1080545E80021A3
:103920000029F4D1E26E012A54D000222021C4F8EB
:103930008C10E266996862674D0665D503F108024E
:1039400052E8002F22F0400203F1080040E8002175
:103950000029F3D1D4F88000002855D0294B036505
:10396000F4F7CEFC00283FF411AFD4F88000036DCB
:103970000EE096067FF5E5AE05F0200601F0805CCE
:1039800056EA0C063FF4DDAE436F002B3FF4FEAE6B
:10399000BDE87040184756077FF578AFCE077FF532
:1039A00075AF04261E62D4F8906046F00206C4F893
:1039B00090606BE7A36F002B3FF4E8AE2046BDE8B4
:1039C000704018474FF4801220461A62BDE87040DC
:1039D00000F092BD53E8002F22F0100243E80021CE
:1039E0000029A2D053E8002F22F0100243E8002162
:1039F0000029EFD199E700BF200100040100001069
:103A0000FEFFFFEF013701242046FEF72FFE70BDB9
:103A10002046BDE8704000F073BDB4F85E00B4F815
:103A20005C10B4F85E20091A92B289B2002A3FF401
:103A3000ADAE00293FF4AAAE53E8002F22F49072F5
:103A400043E800200028F7D1124D03F1080252E8A4
:103A5000002F2A4003F1080646E800200028F4D190
:103A600020226067C4F88C20E06653E8002F22F023
:103A7000100243E800200028F7D1022320462367E4
:103A8000FFF748FE70BD2046FEF7F0FDC4F89050E9
:103A900070BD00BFFEFFFFEF806B08B50123036719
:103AA000C36E012B02D0FEF799FD08BDB0F85C1083
:103AB0004908FFF72FFE08BD08B5C369806BB3F551
:103AC000807F29D000220368A0F85E2053E8002FF1
:103AD00022F4807243E800210029F7D103F10802A3
:103AE00052E8002F22F0010203F1080C4CE80021FB
:103AF0000029F3D103F1080252E8002F22F040021E
:103B000003F1080C4CE800210029F3D12022C0F871
:103B10008C20C26E012A07D000230367C36E012BDD
:103B200013D0FEF711FD08BD53E8002F22F010025C
:103B300043E800210029EFD053E8002F22F01002C3
:103B400043E800210029EFD1E6E7B0F85C10FFF769
:103B5000E1FD08BDD0F88820D0F88C0010437047F4
:103B60000169826803680A43C04930B54569044663
:103B7000C06987B02A431D6802432940BC4D0A43EF
:103B8000E168AB421A605A6822F4405242EA0102EC
:103B9000A1695A6000F0E080226A9D681143B54A2D
:103BA0002A40656A11439960DA6A22F00F022A43BB
:103BB000DA62B14A934223D0B04A934276D0B04AF7
:103BC000934200F08F81AF4A934200F0E181AE4A08
:103BD000934200F02181AD4A934200F0E381AC4A68
:103BE000934200F03482AB4A934200F0E781012017
:103BF00000234FF001126367A266A36707B030BDD0
:103C0000A54B5B6D03F03803282BF0D8A34AD35C97
:103C1000B0F5004F55D0202B00F24A81202BE6D87A
:103C200001A252F823F000BF673E0124613E012447
:103C3000EF3B0124EF3B0124513E0124EF3B0124E3
:103C4000EF3B0124EF3B0124433E0124EF3B0124E1
:103C5000EF3B0124EF3B0124EF3B0124EF3B012428
:103C6000EF3B0124EF3B01242D3E0124EF3B0124D7
:103C7000EF3B0124EF3B0124EF3B0124EF3B012408
:103C8000EF3B0124EF3B0124EF3B0124EF3B0124F8
:103C9000EF3B0124EF3B0124EF3B0124EF3B0124E8
:103CA000EF3B0124EF3B0124D13F01247A4B5B6DB4
:103CB00003F00703052B9AD8794AB0F5004FD35C7F
:103CC000A9D1202B00F24581202B90D801A252F8D7
:103CD00023F000BF3B40012435400124EF3B012489
:103CE000EF3B012441400124EF3B0124EF3B012441
:103CF000EF3B012423400124EF3B0124EF3B01244F
:103D0000EF3B0124EF3B0124EF3B0124EF3B012477
:103D1000EF3B01240F400124EF3B0124EF3B012442
:103D2000EF3B0124EF3B0124EF3B0124EF3B012457
:103D3000EF3B0124EF3B0124EF3B0124EF3B012447
:103D4000EF3B0124EF3B0124EF3B0124EF3B012437
:103D5000EF3B01244B4001249868464A02404E48FC
:103D60000A439A60DA6A616A22F00F020A43DA6251
:103D7000836D03F00703052B3FF639AF494AD35C47
:103D8000202B00F2B980012B7FF631AF023B1E2BB6
:103D90003FF62DAF01A252F823F000BF05400124E9
:103DA000EF3B0124FB3F0124EF3B0124EF3B0124C7
:103DB000EF3B0124E93F0124EF3B0124EF3B0124C9
:103DC000EF3B0124EF3B0124EF3B0124EF3B0124B7
:103DD000EF3B0124D53F0124EF3B0124EF3B0124BD
:103DE000EF3B0124EF3B0124EF3B0124EF3B012497
:103DF000EF3B0124EF3B0124EF3B0124EF3B012487
:103E0000EF3B0124EF3B0124EF3B0124EF3B012476
:103E1000EF3B01240B4001241F4B5B6D03F00703B4
:103E2000052B3FF6E4AE204AD35CF1E61A4B1A6844
:103E3000920640F1C1801B681C48C3F3C103D840FF
:103E40003BE003A8F9F742FB049838B90020CFE61D
:103E50006846F9F77DFA01980028F7D0656A2CE0EA
:103E6000F8F72CFBF1E7F8F7E1FAEEE7F369FFCF9B
:103E7000000C0058FFF4FF11001001400044004006
:103E800000480040004C0040005000400014014039
:103E900000780040007C004000440258584D012446
:103EA000844D01248C4D0124844D01240090D003C5
:103EB000402B7FF49CAE4FF400406C4B4FF6EF71FB
:103EC000626833F81530B0FBF3F303EB5203B3FB36
:103ED000F2F3A3F110028A423FF689AE2268002075
:103EE000D36085E6624B5B6D03F00703052B3FF65D
:103EF0007EAE604AD35C8BE6402B7FF478AE4FF405
:103F000000405A4B656833F8112005EB4501B0FBC2
:103F1000F2F399423FF66BAEB3EB053F3FF667AE67
:103F200000231946ECF794FB2A460902030241EAF2
:103F30001061680818184FF0000341F10001ECF718
:103F400087FB4D4AA0F54071034691423FF64FAEC4
:103F5000C4E7402B7FF44BAE444B626833F8151036
:103F60005308B0FBF1F003EB40004FF6EF73B0FBEA
:103F7000F2F0A0F110029A423FF639AE20F00F03A2
:103F8000C0F3420022689BB203430020D3602FE6B7
:103F9000374B5B6D03F00703052B3FF628AE374A1E
:103FA000D35C35E6324B5B6D03F03803282B3FF6CC
:103FB0001EAE334AD35C2BE632487EE72C4B5B6D5A
:103FC00003F00703052B3FF612AE2F4AD35C1FE622
:103FD0002E4872E7264B1A68900642D51B6829487E
:103FE000C3F3C103D8408CE703A8F9F76FFA04982C
:103FF00000283FF42BAF616A83E76846F9F7A8F918
:104000000198F5E7F9F792F9F2E7204879E7184BBC
:104010001A68910627D51B681A48C3F3C103D84014
:104020009AE703A8F9F752FA049800283FF40EAF74
:10403000656A91E7F8F742FAF7E7F8F7F7F9F4E776
:104040006846F9F785F90198EFE7104884E7084BCF
:104050005B6D03F00703052B3FF6C9AD0C4AD35C3B
:10406000D6E508484DE7074876E700BF944D0124A0
:1040700000440258844D0124FFFC0F00844D0124AC
:10408000584D01240090D003844D012400093D00C7
:10409000844D0124836A1A0710B406D50168846B25
:1040A0004A6822F4004222434A60DC0706D50168D0
:1040B000C46A4A6822F4003222434A60990706D54E
:1040C0000168046B4A6822F4803222434A605A072E
:1040D00006D50168446B4A6822F4802222434A6074
:1040E000DC0606D50168C46B8A6822F4805222433C
:1040F0008A60990606D50168046C8A6822F4005229
:1041000022438A605A060AD50168446C4A68B4F5AD
:10411000801F22F4801242EA04024A600BD01B0680
:1041200006D50268C16C536823F400230B43536027
:104130005DF8044B70474A68846C22F4C002224345
:104140004A60ECE738B500230446C0F89030F2F737
:1041500095F82268054613681B070ED413685907A3
:1041600032D4002320221846C4F8882084F88430F2
:10417000C4F88C20E366236738BDD3699802EDD478
:104180000CE019681A46490705D5D96908074FD4C4
:10419000D96909057AD4DB699802DFD4F2F76EF8A1
:1041A000431BB3F1007F2368EBD353E8002F22F0C9
:1041B000800243E800210029F7D12023032084F85E
:1041C0008410C4F8883038BDD3695B02C9D40DE0CF
:1041D0001A68500707D5DA69110700F18580DA6996
:1041E000120500F1AF80DB695B02BAD4F2F746F842
:1041F000431BB3F1007F2368EAD353E8002F22F476
:10420000907243E800210029F7D103F1080252E837
:10421000002F22F0010203F1080040E800210029EC
:10422000F3D12023032084F88410C4F88C3038BDE7
:1042300008221A6253E8002F22F4907243E800210A
:104240000029F7D1564803F1080252E8002F024036
:1042500003F1080545E800210029F4D1E26E012AA6
:104260000BD0002220200821C4F88C006267E2668F
:1042700084F88420C4F8901097E753E8002F22F0C8
:10428000100243E800210029F7D1EAE74FF4006269
:104290001A6253E8002F22F4907243E800210029AB
:1042A000F7D13F4803F1080252E8002F024003F122
:1042B000080545E800210029F4D1E26E012A0AD060
:1042C000002220216267C4F88C1084F88420E26602
:1042D000C4F8901069E753E8002F22F0100243E879
:1042E00000210029F7D1EBE708221A6253E8002FDA
:1042F00022F4907243E800210029F7D1284803F105
:10430000080252E8002F024003F1080545E80021A9
:104310000029F4D1E26E012A0BD0002220200821CE
:10432000C4F88C006267E26684F88420C4F89010B8
:1043300063E753E8002F22F0100243E80021002930
:10434000F7D1EAE74FF400621A6253E8002F22F433
:10435000907243E800210029F7D1114803F10802C7
:1043600052E8002F024003F1080545E8002100292A
:10437000F4D1E26E012A0AD0002220216267C4F83B
:104380008C1084F88420E266C4F8901035E753E876
:10439000002F22F0100243E800210029F7D1EBE7BB
:1043A000FEFFFFEF80B3D0F8883010B5044633B37A
:1043B00022682423A16AC4F88830136823F001031B
:1043C0001360C1B92046FFF7CBFB012811D0236849
:1043D00020465A6822F490425A609A6822F02A02D3
:1043E0009A601A6842F00102BDE810401A60FFF7B7
:1043F000A9BE012010BD2046FFF74CFEE2E780F881
:104400008430FDF79FFCD3E70120704738B50446A0
:1044100000232220C4F89030C4F88C00D4F8800027
:10442000A165A4F85C2070B12568036513460A46AF
:1044300005F124011B4DC5631B4D05641B4DC5646F
:10444000F3F744FC28BB23694BB1236853E8002FE2
:1044500042F4807243E800210029F7D100E023688C
:1044600003F1080252E8002F42F0010203F10800B4
:1044700040E800210029F3D103F1080252E8002F9F
:1044800042F0400203F1080141E800200028F3D186
:1044900038BD102220230120C4F89020C4F88C30AD
:1044A00038BD00BFB93A0124993A01242D360124C0
:1044B000D0F88C30202B1AD1B9B1B2FA82F35B0953
:1044C0009AB130B40468C3660A4B9C420AD0636850
:1044D0001B0207D554E8003F43F0806344E80035F1
:1044E000002DF7D130BCFFF791BF012070470220AB
:1044F000704700BF000C0058704700BF704700BFF6
:10450000704700BF0B460146184600F017BB00007D
:1045100030B410EE103A2DED028BA3F5000110EE31
:10452000902AB1F1FE4F10EE104A82B04FEA4201DC
:104530007ED201F1FF3C6FF08070844580F0F980FD
:10454000002004F1404303F54D03C3F3C341DB0DE9
:10455000DB05E21ADB1507EE903ABFEE001BB24B0B
:1045600003EB011191ED004B05EE102AB7EEC55A91
:10457000A4EE051B93ED444B21EE012B93ED465B1E
:1045800093ED403BA1EE045B93ED426B93ED484B02
:10459000A1EE036B22EE023BB8EEE78BB7EEE07ABA
:1045A00091ED020B38EE000BA1EE040BA2EE050B11
:1045B000A6EE030B27EE000B10EE903A48F2BF0276
:1045C000C3F3CF33934252D2B7EE007B974B93EDB8
:1045D000402B30EE023B13EE102A33EE423B02F04A
:1045E0001F01821803EBC10053F83140456830EEDB
:1045F000433B93ED465B93ED424BA3EE057BB0EE60
:10460000470B93ED446B0023181905EBC23141ECC5
:10461000170BA3EE046B23EE034BA6EE040B20EE68
:10462000070BB7EEC00B02B0BDEC028B30BC70477D
:104630004D1E6FF08070854280F0CE8059004D1E77
:10464000854280F09280002B55DB0020B4F5000FEE
:10465000BFF477AFDFED767A07EE103A67EE277A90
:1046600017EE904A24F00044A4F1386469E79FED06
:10467000667BB4EEC70BF1EE10FA15DC9FED647BA0
:10468000B4EEC70BF1EE10FA20DD4FF04C5388B1B9
:104690000193DDED017ABFEE007A77EE677AF4EEF2
:1046A000477AF1EE10FA11D002B0BDEC028B30BCAB
:1046B00000F01CBA0093DDED007AB7EE007A77EED9
:1046C000877AF4EE477AF1EE10FAEDD19FED527B46
:1046D000B4EEC70BF1EE10FA57D99FED517BB4EE53
:1046E000C70BF1EE10FA7FF56FAF02B0BDEC028B95
:1046F00030BC00F0F5B9C2F3C7517E2911DD96290F
:1047000054DC0120C1F1960100FA01F1481E10426B
:1047100007D111EA020018BF4FF4803024F00044A2
:1047200094E700EE103A02B0BDEC028B30BC00F012
:10473000F5B9002952D0B3F17E5F2CD06400B4F1FA
:104740007F4F2ED8B1F17F4F2BD1B4F1FE4F4BD01C
:10475000B4F1FE4F6FEA020234BF00240124D20FED
:1047600094424CD09FED330A5DE7002B20EE000A07
:104770001EDB002000293AD1002ABFF654AF02B058
:10478000BDEC028B30BC00F0B7B902B0BDEC028BBF
:1047900030BC00F09FB982F48002520012F5000F85
:1047A00022D907EE903A37EEA00A3CE70020B5E7A1
:1047B000C2F3C753A3F17F001728DAD8C3F19600DC
:1047C000012303FA00F0441E1442D2D11040D1D08C
:1047D000B1EE400A1846CDE70029AFD184F480023B
:1047E000520012F5000FDCD8B7EE000A1BE7002AD2
:1047F000BFF619AFF7EE007A87EE800A13E720EED6
:10480000A00A10E7AFF3008071D5D1FFFFFF5F4032
:10481000E2AAA3FFFFFF5F400000000000C062C0EB
:104820000000000000A062C0B04D0124D84E012459
:104830000000004B0000000030B510EE104AC4F339
:104840000A53B3F57D7FB7EEC06A83B01BD226EE64
:10485000065BB3F5667F70D326EE052B25EE021BB3
:10486000754B93ED1A3B93ED187B93ED164BA5EE2C
:10487000037BA2EE046BB0EE460BA7EE010BB7EE86
:10488000C00B03B030BD40F22E42934260D86A495B
:1048900091ED087B26EE077BFDEEC77B91ED0A5B71
:1048A00017EE903A03F500031B1613F0020F07EE04
:1048B000903A01F1700208BF0A46D807B8EEE77BCC
:1048C000A7EE456BB0EE460B26EE067B1BD403F03D
:1048D000030301EBC30392ED1A5B93ED003B92EDF2
:1048E000186B20EE030B92ED164BA7EE056B20EE36
:1048F000075B27EE057BA5EE040BA6EE070BB7EED4
:10490000C00B03B030BD92ED142B27EE075B92ED88
:10491000126B92ED0E3BA7EE026B92ED0C0B92ED3B
:10492000104BA7EE030B27EE057BA5EE040BA6EEBE
:10493000070BB7EEC00B03B030BD220D12F4FF6FB2
:10494000DFD1B7EEC55B00EE104A8DED015AD8E716
:10495000B3F5FF6F4BD2394BC4F3836203EB820193
:1049600053F822200D69C4F31603C4F3C25043F474
:1049700000038340086A03FB02F2A3FB0010E3FB81
:10498000050202F100518D0F01F04041511AEBF781
:1049900031FE2B4B9FED267B05EBD47441EC160BBF
:1049A00014F0020FA3F1700208BF1346E90726EEC8
:1049B000077B27EE076B1FD404F0030402EBC4044B
:1049C00093ED1A4B94ED002B93ED185B27EE027BD1
:1049D00093ED163BA6EE045B27EE064B26EE046B2A
:1049E000A4EE037BA5EE067BB7EEC70B89E703B009
:1049F000BDE8304000F092B893ED142B26EE065B34
:104A000093ED127B93ED0E3BA6EE027B93ED0C0B28
:104A100093ED104BA6EE030B26EE056BA5EE040BF3
:104A2000A7EE060BB7EEC00B6BE700BFAFF300803D
:104A3000182D4454FB21193C80500124205001249E
:104A4000F050012408B52DED028BB0EE408A00F045
:104A500021F80E4B93F9003001330BD0B4EE488AA5
:104A6000F1EE10FA06D6DFED0A8AB4EEE88AF1EE2E
:104A700010FA02D4BDEC028B08BD00F06DF888EE90
:104A8000A80ABDEC028B2123036008BDB8030020F7
:104A900000000000B1EEC00A704700BF10B582B040
:104AA0008DED010A044600F057F89DED010A0460FF
:104AB00002B010BD30B1F1EE407A27EE800A22201C
:104AC000FFF7ECBFF0EE407A27EE800A2220FFF7D6
:104AD000E5BF00BF9FED010AFFF7ECBF000000102B
:104AE0009FED010AFFF7E6BF0000201A9FED010AC3
:104AF000FFF7E0BF000000709FED070AFFEE007AAD
:104B0000B7EE007A00284FF0220047FE277A87EEA2
:104B1000800AFFF7C3BF00BF0000000070EE407ABC
:104B2000B4EE400A87EEA77AF1EE10FAB0EE470A2B
:104B300002D62120FFF7B2BF704700BF10B5054C69
:104B400013462CB10A4601460220AFF3008010BD87
:104B50002046FCE700000000014B1868704700BFCA
:104B6000BC03002070B50D4D0D4C641BA410002635
:104B7000A64209D10B4D0C4C00F022FB641BA41083
:104B80000026A64205D170BD55F8043B9847013672
:104B9000EEE755F8043B98470136F2E7E05101246F
:104BA000E0510124E0510124145201240A449142AD
:104BB00000F1FF3300D1704710B511F8014B03F835
:104BC000014F9142F9D110BD02440346934200D1F6
:104BD000704703F8011BF9E73000000003000000F4
:104BE0000000803F0000803F000300060002000735
:104BF000020102000101020400010000020302029E
:104C00000054004000580040005C0040001C005868
:104C1000000000400004004000080040000C00407C
:104C200025002600270034003500470052005300BD
:104C30008E0000006666263F6666263F6666263F53
:104C40006666263F0000803F0000803F020E0000A5
:104C5000020D00000108000001090000060E00001E
:104C6000010400000202000002030000060D000023
:104C70000303000002070000060000000C00000013
:104C800012000000180000000001000006010000F2
:104C90000C010000120100001801000000020000D9
:104CA000060200000C0200001202000018020000C0
:104CB00000030000060300000A0A0909090A0000AF
:104CC0000000FA4500007A460000FA4600803B47A3
:104CD0000080BB470003010300020102000610161A
:104CE000000610160B00FF00D8000020C0000020B6
:104CF000CC00002090000020FC000020E4000020F8
:104D0000F00000209C00002020010020080100206D
:104D100014010020A8000020946F00207C6F002068
:104D2000886F0020646F0020B86F0020A06F002003
:104D3000AC6F0020706F0020440100202C01002087
:104D400038010020B400002000000000010203042C
:104D500001020304060708090180808080808080AA
:104D60000480808080808080088080808080808037
:104D70001080808080808080208080808080808003
:104D80004000000000040810204000000204081049
:104D900020400000010002000400060008000A0094
:104DA0000C00100020004000800000010000000006
:104DB000BEF3F879EC61F63F1930965BC6FEDEBFB4
:104DC0003D88AF4AED71F53FA4FCD432680BDBBFE0
:104DD000B010F0F03995F43F7BB71F0A8B41D7BF75
:104DE0008503B8B095C9F33F7BCF6D1AE99DD3BF5A
:104DF000A564880C190DF33F31B6F2F39B1DD0BFAB
:104E0000A08E0B7B225EF23FF07A3B1B1D7CC9BF5C
:104E10003F341A4A4ABBF13F9F3CAF93E3F9C2BF0C
:104E2000BAE58AF05823F13F5C8D78BFCB60B9BFFB
:104E3000A70099413F95F03FCE5F47B69D6FAABF4F
:104E4000000000000000F03F000000000000000033
:104E5000AC479AFD8C60EE3F3DF5249FCA38B33FC6
:104E6000A06A021FB3A4EC3FBA913854A976C43F9C
:104E7000E6FC6A573620EB3FD2E4C44A0B84CE3FAF
:104E80002DAAA163D1C2E93F1C65C6F04506D43FF7
:104E9000ED417803E686E83FF89F1B2C9C8ED83FB7
:104EA000624853F5DC67E73FCC7BB14EA4E0DC3FC2
:104EB0000B6E49C91676D23F7AC675A06919D7BF5D
:104EC000DDBAA76C0AC7DE3FC8F6BE484715E7BF84
:104ED0002BB82A654715F73F000000000000F03F9F
:104EE000748515D3B0D9EF3F0F89F96C58B5EF3FF2
:104EF000515B12D00193EF3F7B517D3CB872EF3F85
:104F0000AAB968318754EF3F3862756E7A38EF3F3F
:104F1000E1DE1FF59D1EEF3F15B7310AFE06EF3F9C
:104F2000CBA93A37A7F1EE3F2234124CA6DEEE3F72
:104F30002D89616008CEEE3F272A36D5DABFEE3FD5
:104F4000824F9D562BB4EE3F295448DD07ABEE3F10
:104F500085553AB07EA4EE3FCD3B7F669EA0EE3FE6
:104F6000745FECE8759FEE3F8701EB7314A1EE3F91
:104F700013CE4C9989A5EE3FDBA02A42E5ACEE3F6B
:104F8000E5C5CDB037B7EE3F90F0A38291C4EE3FB8
:104F90005D253EB203D5EE3FADD35A999FE8EE3F73
:104FA000475EFBF276FFEE3F9C5285DD9B19EF3F9B
:104FB0006990EFDC2037EF3F87A4FBDC1858EF3F08
:104FC0005F9B7B33977CEF3FDA90A4A2AFA4EF3FC7
:104FD00040456E5B76D0EF3F000000000000E842E5
:104FE0009423914BF86AAC3FF3C4FA50CEBFCE3F46
:104FF000D6520CFF422EE63F00000000000038436E
:10500000FE822B65471547409423914BF86ABC3EBE
:10501000F3C4FA50CEBF2E3FD6520CFF422E963F1D
:10502000A2000000F9A2000083F9A2006E83F9A299
:105030004E6E83F9444E6E8315444E6E2915444ED0
:10504000FC29154427FC29155727FC29D15727FC93
:10505000F5D1572734F5D157DD34F5D1C0DD34F51E
:10506000DBC0DD3462DBC0DD9562DBC0999562DBBD
:105070003C999562433C999590433C994190433CBF
:10508000000000000000F03F000000000000F0BF42
:10509000000000000000F0BF000000000000F03F32
:1050A00083C8C96D305F6441182D4454FB21F93F1A
:1050B000000000000000F03F1C620CFDFFFFDFBF9E
:1050C000198F06E15355A53F9D359AE887C056BF15
:1050D000C3F87B024393F93E03A695595455C5BFC7
:1050E000C40B23057610813F24CF7437EB9429BF7E
:1050F000000000000000F03F000000000000F0BFD2
:10510000000000000000F0BF000000000000F03FC1
:1051100083C8C96D305F6441182D4454FB21F93FA9
:10512000000000000000F0BF1C620CFDFFFFDF3F2D
:10513000198F06E15355A5BF9D359AE887C0563FA4
:10514000C3F87B024393F9BE03A695595455C5BFD6
:10515000C40B23057610813F24CF7437EB9429BF0D
:10516000000000000000000000000000000000003F
:10517000000000000000000000000000000000002F
:10518000000000000000000000000000000000001F
:10519000000000000000000000000000000000000F
:1051A00000000000000000000000000000000000FF
:1051B00000000000000000000000000000000000EF
:1051C000F8B500BFF8BC08BC9E467047F8B500BFF4
:0851D000F8BC08BC9E467047C4
:0851D800A8B4FE7F01000000F5
:1051E000BD020024211800240D210024C132002416
:1051F000893B002419400024C5480024C1520024E2
:10520000CD590024C15F00245912012479170124CB
:04521000012701244D
:0452140099020024D7
:105218000000000000000040CDCCCC3D0000003F65
:105228000AD7A33C000080BF000080BF00002042D6
:105238000000003F00000040CDCCCC3D00002042E3
:105248000000003F0AD7A33C0000003F3EC3AE3732
:105258001000000000000000000000000000000036
:105268000000000000000000100000000000000026
:105278000000000000000000000000000000000026
:105288001000000000000000000000000000000006
:1052980000000000000000000100000010000000F5
:1052A800060A05000405000000000000010C0501C5
:1052B80004070109050000000004060000000000C2
:1052C80000000000000408000000000000000000CA
:1052D8000104050006050609050000000105050092
:1052E8000705000000000000060B0500050500008A
:1052F80000000000010E0502020500000000000089
:10530800020105010F050203050000000303050063
:105318000000000000000000020B06010406000067
:1053280000000000020C0601050700000000000054
:10533800020A060000000000000000000104080046
:10534800060800000000000001050800070800002A
:105358000000000000050800000000000000000038
:105368000000000000000000000000000000000035
:105378000000000000000000010000000000000024
:105388000000000000000000000000000000000015
:105398000000000001000000000000000000000004
:1053A80000000000000000000000000000000000F5
:1053B80001000000000000000000000000000000E4
:1053C80000000000000000000000000001000000D4
:1053D80000000000000000000000000000000000C5
:1053E80000000000000000000100000000000000B4
:1053F80000000000000000000000000000000000A5
:105408000000000001000000000000000000000093
:105418000000000000000000000000000000000084
:105428000100000000000000000000000000000073
:105438000000000000000000000000000100000063
:105448000000000000000000000000000000000054
:105458000000000000000000010000000000000043
:105468000000000000000000000000000000000034
:105478000000000001000000000000000000000023
:105488000000000000000000000000000000000014
:105498000100000000000000000000000000000003
:1054A80000000000000000000000000001000000F3
:1054B80000000000000000000000000000000000E4
:1054C80000000000000000000100000001070800C3
:1054D80000000000000000000106080000000000B5
:1054E800000000000B00FF00680300205C030020A0
:1054F8008003002074030020980300208C03002000
:105508002C0300202003002044030020380300203F
:1055180008810020A403002050030020E48000201C
:10552800FC800020F0800020C8020020BC0200207F
:10553800010808020B080001080000000109080220
:105548000A08000008000000010C0E03020801050B
:105558000E000000020C0801060E0000000000000A
:1055680001040B0000000000000000000107070113
:105578000F04000000000000010607010E040000EF
:105588000000000000030700000000000000000009
:10559800000207000000000000000000020B0700E6
:1055A8000000000000000000020A070000000000E0
:1055B80000000000060907000000000000000000CD
:1055C8000090D0030090D003FF000000C00300202B
:1055D8000000000080510124A051012460510124E1
:1055E80000000000000000000000000000000000B3
:1055F80000000000000000000000000000000000A3
:105608000000000000000000000000000000000092
:105618000000000000000000000000000000000082
:105628000000000000000000000000000000000072
:040000052400096169
:00000001FF
