:020000042400D6
:1000000000000220A1060024950600246554002467
:1000100095060024950600249506002400000000A3
:100020000000000000000000000000009506002411
:10003000950600240000000095060024E9530024E2
:1000400095060024950600249506002495060024B4
:1000500095060024950600249506002495060024A4
:10006000950600249506002495060024B94F002427
:10007000C54F002415340024D14F0024DD4F002447
:10008000FD320124954000249506002495060024A5
:100090009506002495060024950600249506002464
:1000A0009506002495060024950600249506002454
:1000B0007D2401248924012495240124C94000249D
:1000C00095060024D540002495060024C51C012473
:1000D000D11C0124313101245D31012491310124ED
:1000E00095060024950600240000000095060024D3
:1000F0009506002495060024950600249506002404
:100100009506002495060024A1240124DD1C012469
:10011000C5310124F9310124353700249506002426
:100120001D37002429370024011D0124351D012419
:1001300031330124950600249506002495060024F9
:1001400000000000000000000000000000000000AF
:100150009506002495060024950600242D320124DE
:10016000E140002495060024F95300241D54002486
:100170009506002441540024950600249506002489
:10018000950600249506002461320124953201244D
:10019000E91C0124F51C0124950600249506002481
:1001A0009506002495060024950600249506002453
:1001B000AD4C0024950600249506002495060024E5
:1001C0009506002495060024D12E0024DD2E00245F
:1001D00095060024E92E00249506002495060024A7
:1001E0009506002495060024950600249506002413
:1001F0009506002495060024950600249506002403
:1002000095060024950600249506002495060024F2
:1002100095060024950600249506002495060024E2
:100220009506002495060024950600240000000091
:100230009506002495060024000000009506002481
:1002400095060024950600249506002495060024B2
:1002500095060024950600249506002495060024A2
:100260009506002495060024950600249506002492
:100270009506002495060024C932012400000000E0
:100280009506002495060024950600240000000031
:080290000000000095060024A7
:1002A00010B5054C237833B9044B13B10448AFF3B0
:1002B00000800123237010BD78070020000000009B
:1002C000D48A012408B5034B1BB103490348AFF39B
:1002D000008008BD000000007C070020D48A0124B3
:1002E000034613F8012B002AFBD1181A0138704776
:1002F00001F0FF01102A2BDB10F0070F08D010F8D7
:10030000013B013A8B422DD010F0070F42B3F6D1DA
:10031000F0B441EA012141EA014122F007047FF0F3
:1003200000070023F0E80256083C85EA010586EA4A
:10033000010685FA47F5A3FA87F586FA47F6A5FA86
:1003400087F68EB9EED1F0BC01F0FF0102F0070292
:1003500032B110F8013B013A83EA010313B1F8D13D
:100360000020704701387047002D06BF354603381E
:10037000073815F0010F07D1013015F4807F02BF57
:10038000013015F4C03F0130F0BC0138704700BFA8
:1003900053B94AB9002908BF00281CBF4FF0FF31EC
:1003A0004FF0FF3000F074B9ADF1080C6DE904CEE8
:1003B00000F006F8DDF804E0DDE9022304B0704740
:1003C0002DE9F047089D04468E46002B4DD18A4208
:1003D000944669D9B2FA82F252B101FA02F3C2F13B
:1003E000200120FA01F10CFA02FC41EA030E9440CC
:1003F0004FEA1C48210CBEFBF8F61FFA8CF708FBED
:1004000016E341EA034306FB07F199420AD91CEBC4
:10041000030306F1FF3080F01F81994240F21C81F6
:10042000023E63445B1AA4B2B3FBF8F008FB10333E
:1004300044EA034400FB07F7A7420AD91CEB040473
:1004400000F1FF3380F00A81A74240F20781644443
:10045000023840EA0640E41B00261DB1D4400023C8
:10046000C5E900433146BDE8F0878B4209D9002D2C
:1004700000F0EF800026C5E9000130463146BDE8B6
:10048000F087B3FA83F6002E4AD18B4202D3824220
:1004900000F2F980841A61EB030301209E46002DCF
:1004A000E0D0C5E9004EDDE702B9FFDEB2FA82F224
:1004B000002A40F09280A1EB0C014FEA1C471FFA82
:1004C0008CFE0126200CB1FBF7F307FB131140EA69
:1004D00001410EFB03F0884208D91CEB010103F136
:1004E000FF3802D2884200F2CB804346091AA4B2F8
:1004F000B1FBF7F007FB101144EA01440EFB00FECC
:10050000A64508D91CEB040400F1FF3102D2A64530
:1005100000F2BB800846A4EB0E0440EA03409CE7CF
:10052000C6F12007B34022FA07FC4CEA030C20FA7C
:1005300007F401FA06F31C43F9404FEA1C4900FA9C
:1005400006F3B1FBF9F8200C1FFA8CFE09FB181119
:1005500040EA014108FB0EF0884202FA06F20BD98C
:100560001CEB010108F1FF3A80F08880884240F2DC
:100570008580A8F102086144091AA4B2B1FBF9F020
:1005800009FB101144EA014100FB0EFE8E4508D91B
:100590001CEB010100F1FF346CD28E456AD90238A0
:1005A000614440EA0840A0FB0294A1EB0E01A14285
:1005B000C846A64656D353D05DB1B3EB080261EBF3
:1005C0000E0101FA07F722FA06F3F1401F43C5E9CD
:1005D000007100263146BDE8F087C2F12003D84003
:1005E0000CFA02FC21FA03F3914001434FEA1C4745
:1005F0001FFA8CFEB3FBF7F007FB10360B0C43EA37
:10060000064300FB0EF69E4204FA02F408D91CEBE6
:10061000030300F1FF382FD29E422DD902386344E4
:100620009B1B89B2B3FBF7F607FB163341EA034184
:1006300006FB0EF38B4208D91CEB010106F1FF38D3
:1006400016D28B4214D9023E6144C91A46EA0046CA
:1006500038E72E46284605E70646E3E61846F8E65C
:100660004B45A9D2B9EB020864EB0C0E0138A3E7A5
:100670004646EAE7204694E74046D1E7D0467BE786
:10068000023B614432E7304609E76444023842E7FE
:10069000704700BF684620F007018D46FEE700BFA7
:1006A0000A480B4A904208B503D0121A094914F0BF
:1006B00093FE0948094A904203D0121A002114F00F
:1006C00099FE14F055FE00F097F8FEE700000020B8
:1006D00078070020188B012478070020306F002055
:1006E000704700BF704700BF704700BF10B50D4C8A
:1006F00004F1B80001F0A2F804F1B80001F0AAF882
:1007000004F1280002F028FB04F14C0002F024FB65
:1007100004F1700002F020FB04F19400BDE81040E9
:1007200002F01ABB9407002030B500F1B80504466A
:1007300083B0284600F0E0FD204600F0D1FC2846BA
:1007400001F074F8254B04F128001A78597842EA30
:10075000012102F0E9FA284601F068F8204B04F183
:100760004C001A78597842EA012102F0DDFA284655
:1007700001F05CF81B4B04F170001A78597842EADA
:10078000012102F0D1FA284601F050F8164B04F18D
:1007900094001A78597842EA012102F0C5FA2846F5
:1007A0003021002501F018F8104B009504F52A704F
:1007B0001A7859782B4642EA0121012203F020FAE7
:1007C0000B4B009504F52F701A7859782B4642EAA6
:1007D0000121012203F014FA03B030BD94840124F6
:1007E00098840124A0840124B08401248C840124F1
:1007F00090840124000000002DE9F04718484FF0D4
:1008000000080127164CC2462DED068BFFF78CFF22
:10081000012002F053FA4FF47A7004F095FE11486B
:1008200002F03EFA0221104802F03AFA02210F4883
:1008300002F036FA4FF47A7004F086FE0C490D4847
:1008400000F0C2FF04F07EFE0122814604481146FA
:1008500000F066FC42460221014800F061FCA8E17C
:1008600094070020E8810124088201241C820124CD
:10087000ED0600244C08002094F88C30FF2B00F08B
:10088000318294F8B030FF2B00F0608294F8B030E1
:10089000FF2B3FD00721D84800F048FCF1EE009A2A
:1008A000B0EE409A0821D44800F040FC0921A9EE9E
:1008B000290AD1489FEDCEABB0EE408A00F036FC5D
:1008C000B7EEC00A0221CD48B7EEC87AA0EE0A7B87
:1008D000B7EEC70B00F0C6FF0421C74800F026FCA6
:1008E000B0EE409A0521C44800F020FC0621A9EE94
:1008F000290AC148B0EE408A00F018FCB7EEC00AE1
:100900000121BE48B7EEC87AA0EE0A7BB7EEC70B4E
:1009100000F0A8FFA5EB0903642B40F24681B8481C
:10092000A94602F0BDF9B74802F0BAF9B64BB7498B
:10093000B748002F08BF194602F0B2F90421AE48AB
:1009400000F0F4FBB0EE408A0721AB4800F0EEFB6C
:10095000B7EEC00AB7EEC87AAE489FEDA59BA0EEF1
:10096000097BB7EEC77BB7EEC77A53EC172B02F0C3
:1009700097F90521A04800F0D9FBB0EE408A082184
:100980009D4800F0D3FBB7EEC00AB7EEC87AA24884
:10099000B0EE006BA0EE097B37EE067BB7EEC77BAF
:1009A000B7EEC77A53EC172B02F07AF9062192487A
:1009B00000F0BCFBB0EE408A09218F4800F0B6FB86
:1009C000B7EEC00AB7EEC87A9448B1EE006BA0EE5D
:1009D000097B37EE067BB7EEC77BB7EEC77A53ECE1
:1009E000172B02F05DF98E4802F05AF90021824877
:1009F00000F01CFBB7EEC07A8A4853EC172B02F0CC
:100A00004FF900217D4800F027FFB7EEC07A8648F5
:100A100053EC172B02F044F90121774800F006FB54
:100A2000B7EEC07A814853EC172B02F039F9012157
:100A3000724800F011FFB7EEC07A7D4853EC172BD7
:100A400002F02EF902216C4800F0F0FAB7EEC07AFD
:100A5000784853EC172B02F023F90221674800F085
:100A6000FBFEB7EEC07A744853EC172B02F018F96E
:100A70000321614800F0DAFAB7EEC07A6F4853EC10
:100A8000172B02F00DF903215C4800F0E5FEB7EEEC
:100A9000C07A6B4853EC172B02F002F9694802F058
:100AA000FFF80421544800F041FBB7EEC07A6648D5
:100AB00053EC172B02F0F4F80421504800F0CCFE60
:100AC000B7EEC07A614853EC172B02F0E9F8052124
:100AD000494800F02BFBB7EEC07A5D4853EC172B6A
:100AE00002F0DEF80521454800F0B6FEB7EEC07A08
:100AF000584853EC172B02F0D3F806213E4800F07B
:100B000015FBB7EEC07A544853EC172B02F0C8F827
:100B100006213A4800F0A0FEB7EEC07A4F4853ECE9
:100B2000172B02F0BDF80721334800F0FFFAB7EEAB
:100B3000C07A4B4853EC172B02F0B2F807212F482C
:100B400000F08AFEB7EEC07A464853EC172B02F04D
:100B5000A7F80821284800F0E9FAB7EEC07A424821
:100B600053EC172B02F09CF80821244800F074FE87
:100B7000B7EEC07A3D4853EC172B02F091F80921EB
:100B80001D4800F0D3FAB7EEC07A394853EC172B62
:100B900002F086F81948092100F05EFEB7EEC07A2F
:100BA000344853EC172B02F07BF81348B04600F0A2
:100BB000EDFA04F0C7FC94F844600546A6F1FF0680
:100BC000B6FA86F67609B8F1000F55D1002E53D04B
:100BD000012187F0010708488AEA010A3A4600F035
:100BE0009FFA02215246044800F09AFA44E000BFFE
:100BF0007B14AE47E17A943F940700204C08002014
:100C00002C82012444820124DC810124D08101242E
:100C10005082012460820124788201249082012480
:100C2000A8820124B4820124C4820124D482012434
:100C3000E4820124F4820124048301241483012426
:100C400024830124348301243C8301245083012420
:100C500064830124788301248C830124A0830124EC
:100C6000B4830124C8830124DC830124F08301249C
:100C7000048401241884012494F86830FF2B7FF445
:100C8000FBAD94F88C30FF2B3FF444AE94F8B030B9
:100C9000FF2B3FF43FAEB1EE040A002F00F0858039
:100CA0000121674800F042F90421654800F03EFA4E
:100CB000B0EE408A0721624800F038FA0221B7EE10
:100CC000C87A9FED5D6BB7EEC00A5E48A0EE067B6A
:100CD000B7EEC70B00F0C6FD94F86830FF2B3FF469
:100CE00019AEC9E594F8B030FF2B3FF413AE9FED79
:100CF000560A002F6DD00121514800F017F9052147
:100D00004F4800F013FAB0EE408A08214C4800F03A
:100D10000DFAB0EE006BB7EEC87A0221B7EEC00A4A
:100D20009FED455BA0EE057B464837EE060BB7EE20
:100D3000C00B00F097FD94F86830FF2B3FF4EAAD4C
:100D400094F88C30FF2B3FF4E5AD9AE5B9EE040A38
:100D5000002F56D001213A4800F0E8F80621384823
:100D600000F0E4F9B0EE408A0921354800F0DEF9E0
:100D7000B1EE006BB7EEC87A0221B7EEC00A9FED64
:100D80002E5BA0EE057B2F4837EE060BB7EEC00BAF
:100D900000F068FD94F86830FF2B3FF4BBAD94F889
:100DA0008C30FF2B7FF472ADB4E50221244800F0B3
:100DB000BDF80421224800F0B9F9B0EE408A0721BD
:100DC0001F4800F0B3F90121B7EEC87A9FED1A6B06
:100DD00079E702211A4800F0A9F80521184800F027
:100DE000A5F9B0EE408A0821154800F09FF9B0EE51
:100DF000006BB7EEC87A0121B7EEC00A9FED0E5B1B
:100E000090E702210E4800F091F806210C4800F00E
:100E10008DF9B0EE408A0921094800F087F9B1EE5A
:100E2000006BB7EEC87A0121B7EEC00A9FED025BF6
:100E3000A7E700BFAFF300807B14AE47E17A943F91
:100E4000940700204C0800200000000038B530480E
:100E500000244FF60B752F4A2F4904628463C0E9C2
:100E60000344C0E90A45C0E90C44C0E97054C0E934
:100E70007244C0E97654C0E97844C0E97C54C0E9C2
:100E80007E44C0E98154C0E9834414F04FFA214AFA
:100E90002249234814F04AFA22481E4AC0F8D84092
:100EA000C0F8F0402049C0E90054C0E90244C0E95C
:100EB0000554C0E90744C0E90C54C0E90E44C0E938
:100EC0001554C0E91744C0E91E54C0E92044C0E9E4
:100ED0002754C0E92944C0E93144C0E93845C0E994
:100EE0003A44C0E99E54C0E9A044C0E9A454C0E912
:100EF000A644C0E9AA54C0E9AC44A0F8BC52C0F86A
:100F0000C842C0E9B044BDE8384014F00FBA00BF91
:100F10006C0A002000000020E1060024E506002401
:100F20008C0C002094070020E9060024F1EE047ADE
:100F3000B4EEE70AF1EE10FA26DCF9EE047AB4EE2C
:100F4000E70AF1EE10FA26D501295ED0B0EE670A65
:100F50009FED2F7ADFED2F7AF1EE046A37EE677A94
:100F600030EE260A80EE266AE7EE067AB0EE670AD1
:100F7000F1EE047AB4EEE70AF1EE10FA34DDB0EEE9
:100F8000670AB83000F06EBC012937D09FED220A05
:100F9000B83000F067BCB5EEC00A0129DFED1F6A6A
:100FA0009FED1D5A9FED1E7ADFED195A46FE856AA8
:100FB000DFED1C7A9FED176A07FE257A47FE867AD9
:100FC000F1EE10FAC8D9B1EE046A76EEC76AC0EE47
:100FD000067AA6EEA77AF1EE047AB0EE470AB4EEEE
:100FE000E70AF1EE10FACADCB5EEC00AF1EE10FA2B
:100FF000CED59FED0D0AB83000F034BCB0EE670AD4
:10100000DFED066A9FED067ADDE79FED060ABFE792
:1010100096432340E17A8840A245563F508D573F82
:10102000492E2340894188400000000010B50C463D
:10103000B83000F011FC032C28D8234A234B02EBD4
:101040008402234903EB8403D2ED007A01EB84048C
:10105000D3ED006AB4EEE70A94ED007AF1EE10FAEF
:1010600015D930EE676A9FED1B0A77EE677A9FED20
:101070001A7AC6EE276AF7EE007AA6EE870AB4EE71
:10108000E70AF1EE10FA15DDB0EE670A10BD30EE9A
:10109000666A9FED117A77EEE67A9FED100AC6EE4A
:1010A000276AF7EE007AA6EE870AB4EEE70AF1EEB9
:1010B00010FAE9DCFFEE007AB4EE670AF1EE10FAFE
:1010C00048BFB0EE670A10BD7C8401246C84012403
:1010D0002C84012400000000CDCC4C3FCDCC4CBF73
:1010E0000D4B30B51A7883B000245978054642EA92
:1010F000012123460122009402F082FD074B009457
:1011000005F114001A785978234642EA0121012298
:1011100002F076FD03B030BDA4840124A88401242C
:101120000129114618BF143002F05CBE10B50C4600
:10113000B83000F091FB211F05291CD8104A114B33
:1011400002EB810203EB810192ED007AD1ED007A8E
:1011500070EE476A77EEC77A86EEA70AB5EEC00A48
:10116000F1EE10FA08D4F7EE007AB4EE670AF1EE69
:1011700010FA37FE800A10BD9FED030A10BD00BFB4
:101180003C840124548401240000000090F8443081
:10119000FF2B00D0704770B584B0044604F0D2F93C
:1011A00007EE900AD4ED126AF8EE677A9FED257A81
:1011B00077EEE67AF4EEC77AF1EE10FA3FDB04F14F
:1011C000B800002504F11406039000F033FB0398E7
:1011D00000F0FEFA1C4B009520461A7859782B46F1
:1011E00042EA0121012202F00BFD184A00952B462C
:1011F000117830465278042541EA0221012202F09A
:10120000FFFC0121204602F0EDFD0021304602F0F6
:10121000E9FD642004F098F90021204602F0E2FD87
:101220003046012102F0DEFD642004F08DF9013D1D
:10123000E7D1032004B0BDE8704004F087B904B0E2
:1012400070BD00BF00803B45A4840124A884012414
:1012500000294ED0274BF0B5D0E90024481E03F1F9
:101260000C0E951C03F1100C4E00AC4218BF052863
:1012700002EB41058CBF01200020624538BFAE451E
:101280002CBF01270027384227D02644644538BFA9
:10129000B64522D39D890026D8894FEA510E65F3C1
:1012A0000F06A44602EB8E0E65F31F46002560F381
:1012B0000F0560F31F45104640F8046B70454CF86D
:1012C000045BF9D121F00100C90705D5998922F8FD
:1012D0001010DB8924F81030F0BD023A023C023DC8
:1012E000998922F8021FAA42D98924F8021FF7D14E
:1012F000F0BD7047B80C00202DE9F04F40F201130B
:101300000E4A012680462DED028BADF2844DC0F8C9
:101310001C22ADF81430002304968DF8163004F02A
:101320000FFB044604F060F904A9054640B93CB13E
:1013300040468DF8166004F083FA0BE0B80C0020EC
:10134000404604F07DFA002D00F02A8208F10800E2
:1013500000F0E0FB072C24AC0CD0D24908F10C00C3
:10136000D14BD24AC4E9001301232146A260A381D4
:1013700003F0BAFA0322012300251AA902A8DFF814
:101380003CA3029508F1100B0DF1500927462E469B
:10139000CDE91E2300220123CDE9202301220023D1
:1013A000CDE92223C24BCDE91A5303F1007303F5B3
:1013B00040731C934FF44173ADF8743003F088FE12
:1013C00001230AA903A80D950A930C9310230395F2
:1013D0008DF83830B74B0B9302F088FE039908F173
:1013E000200000F095FA0DF1180C9AE80F008CE837
:1013F0000F006146029A584601F07CFA584601F007
:10140000C3FA5846B0EE408A01F0ACFAD0ED007A4B
:101410004FF60B7300200021F8EE677A0DF583621A
:1014200023800AF1100CA382CE4688EE277AE5606D
:10143000C4E90155CDE92A012385A38725626563A7
:10144000C4E90B55CDE93401A4F85430A56488ED06
:10145000867ACDE93A01A4F86830A4F87C30256694
:101460006567C4E91B55CDE94401A4F89030A4F8A0
:10147000A830C4F88850C4F89C50C4E92555C4E984
:101480002B55A4F8BC30C4F8B450CDE95401A4F8ED
:10149000D030A4F8E430C4F8C850C4F8DC50C4E933
:1014A0003555CDE95E01A4F8FC30C4F8F050CDE923
:1014B0006401A4F81031A4F82431C4F80851C4F828
:1014C0001C51C4E94555CDE96E01A4F83831A4F8A2
:1014D0005031A4F86431C4F83051C4F84451C4F810
:1014E0005C51C4E94F55C4E95555CDE97E01C4F8B6
:1014F0007051A4F87831A4F88C31C4F88451C4E94F
:101500005F55CDE98801A4F8A431C4F89851CDE91C
:101510008E01A4F8B831A4F8CC31C4F8B051C4F8A5
:10152000C451C4E96F55CDE99801A4F8E031A4F89D
:10153000F831A4F80C32C4F8D851C4F8EC51C4F80E
:101540000452C4E97955C4E97F55CDE9A801A4F84E
:101550002032A4F83432C4F81852C4F82C52C4E92A
:101560008955CDE9B201A4F84C32C4F84052CDE916
:10157000B801A4F86032A4F87432C4F85852C4F820
:101580006C52C4E99955CDE9C201A4F88832A4F897
:10159000A032A4F8B432C4F88052C4F89452C4F80B
:1015A000AC52C4E9A355C4E9A955CDE9D201A4F8C8
:1015B000C832A4F8DC32C4F8C052C4F8D452C4E92A
:1015C000B355CDE9DC01A4F8F432C4F8E852CDE912
:1015D000E201C4F80053A4F80833A4F81C33C4F89B
:1015E0001453C4E9C355CDE9EC01A4F83033A4F891
:1015F0004833A4F85C33C4F82853C4F83C53C4F807
:101600005453C4E9CD55C4E9D355CDE9FC01A4F840
:101610007033A4F88433C4F86853C4F87C53C4E925
:10162000DD55C2E900010DF58662A4F89C33C4F8CB
:101630009053C2E900010DF58B62A4F8B033A4F811
:10164000C433C4F8A853C4F8BC53C4E9ED55C2E987
:101650000001A4F8D833C4F8D053C4F8E453BCE86C
:101660000F00AEE80F009CE80300C4E9F7558EE8D0
:10167000030039F8161001363846022201F03AFC10
:101680000C2E07F15407F4D108F114072146042366
:101690003246384608F1400500249FED078A01F0E4
:1016A00039FC17E00508050905070506050A0606C1
:1016B00004020404010A010B6F12033B748101242C
:1016C00001F04CFE98ED860A01462846013401F0EF
:1016D000D5F92035072CE1B23846F1D9E1B2013411
:1016E00001F03CFE00230146F0EE480A28461A4667
:1016F00098ED860A01F090F90C2CEAD100242C4ACE
:1017000008F12C00234611680094012202F078FAB7
:10171000284B012208F5E070196801F035FA264BD4
:10172000012208F5EC70196801F02EFA234A2346CD
:1017300008F5F87011680122009402F061FA204A5D
:10174000234608F5017011680122009402F058FA4E
:101750000123D8F81C024BF680320FA913941030E5
:101760000F92CDE911330223109302F07BF8384633
:1017700001F0D8FDD8F81C42237D04F110059BB977
:101780002846104D2368D4E90112009502F0E8F8CC
:10179000012323750DF2844DBDEC028BBDE8F08F63
:1017A000002C3FF4D3ADD5E5284602F00FF9E7E76A
:1017B000B4840124AC8401249C8401248C840124FD
:1017C0009084012451120024103001F0E1B800BFD0
:1017D000103001F0FFB800BFF8B500F11007054662
:1017E00000F1400400F5E07638462DED028B01F063
:1017F000BDF8384601F0C8F83846B0EE408A01F02E
:10180000B1F8D0ED007AF8EE677A88EE270A85ED18
:10181000860A01E095ED860A2046203401F088F919
:10182000B442F7D1BDEC028BF8BD00BF90ED860A43
:10183000704700BF143001F08BBD00BF38B500F118
:10184000400400F5E0752046203401F04DF9AC422B
:10185000F9D138BD704700BF00EB411191ED130A7B
:10186000704700BF0129D0F81C221CD931F00201B9
:101870000DD19FED1B7ADFED1B7A20EE070AB4EE47
:10188000E70AF1EE10FA03DD40F6FF71D1817047EF
:10189000B5EEC00AF1EE10FAF8D4BCEEC00A10EEB4
:1018A000103A99B2F2E7DFED0E7A9FED0E7A60EE14
:1018B000277AF4EEC77AF1EE10FA0ADCF5EEC07A78
:1018C000F1EE10FA09D4FCEEE77A17EE903A9BB2EB
:1018D00001E040F6FF739381C8E70023FBE700BFF8
:1018E00000C04C4400F07F4507490022074B01F13E
:1018F000600010B4302459601A611C601A755DF8DC
:10190000044BC3E90202704700000030B80C00200D
:10191000F0B5462387B00160002203710124FA2646
:10192000194605AB8DF814200296402200932346F9
:101930000194054602F072FC002840F09B809DF85F
:1019400014300DF117074022284603F07F0300975B
:10195000CDE901468DF814308DF8173023462979EA
:1019600002F084FC002840F08580042003F0ECFDA8
:1019700005AB4022284600932346CDE9014629794C
:1019800002F04CFC002875D19DF8143040220097DD
:10199000284603F0BF03CDE901468DF814308DF8D9
:1019A00017302346297902F061FC002862D1042017
:1019B00003F0CAFD0DF11503432228460093234688
:1019C000CDE90146297902F029FC002852D10DF118
:1019D00016034822284600932346CDE9014629797B
:1019E00002F01CFC002845D19DF8153043220097D9
:1019F000284643F001038DF815308DF817309DF817
:101A0000163043F00103CDE901468DF81630234628
:101A1000297902F02BFC68BB9DF81630482200970C
:101A200028468DF817302346CDE90146297902F082
:101A30001DFCF8B905AB4022284600932346CDE9AA
:101A40000146297902F0EAFBA0B99DF8142023464B
:101A50000194284602F0CF0402960097402229798B
:101A60008DF814408DF8174002F000FC003818BFC4
:101A7000012000E0012007B0F0BD00BFF0B5102349
:101A800087B0234C012200250126002702A9204609
:101A90000195CDE902234FF48052CDE904670CF0A3
:101AA000EDFE642004F084FC02A94FF4805220462D
:101AB000CDE9046702261027CDE902670CF0DEFEAF
:101AC0000322102302A92046CDE902230023042289
:101AD000CDE904234FF480520CF0D0FE40F23223C3
:101AE000042202A9019310232046CDE90223019A82
:101AF000012305924FF4805204930CF0BFFE40F690
:101B0000060120460CF0DAFE284607B0F0BD00BF03
:101B1000D80C00201C4B00221C494FF0400C30B563
:101B2000054689B00220596007219A601A62012493
:101B3000DA620A224FF4006EDC6006922022CDE9C0
:101B4000000104200821CDE9020103201021CDE984
:101B5000040108206946C3E904024FF4C072181D4D
:101B6000C3E906C24FF48052C3E909E20CF05CFEFF
:101B700038B92846FFF782FF003818BF012009B0A6
:101B800030BD204609B030BDD40C00204041005289
:101B9000614A0021D0B513688EB00A91002B40F045
:101BA000B9805E4B01214FF683700C241160022135
:101BB000D3F8D4200026032742F48052C3F8D4205F
:101BC000D3F8D42002F480520092009AD3F8E02097
:101BD00042F01002C3F8E020D3F8E02002F0100237
:101BE0000192019AD3F8E02042F04002C3F8E020CD
:101BF000D3F8E02002F040020292029AD3F8E020EB
:101C000042F00802C3F8E020D3F8E02002F0080216
:101C10000392039AD3F8E02042F48072C3F8E020E4
:101C2000D3F8E02002F480720492049AD3F8E02002
:101C300042F08002C3F8E020D3F8E02002F08002F6
:101C40000592059AD3F8E02042F02002C3F8E02084
:101C5000D3F8E02002F020020692069AD3F8E020A2
:101C600042F00402C3F8E020D3F8E0300C9403F013
:101C7000040307930323079A0B93CDE9080108A9EE
:101C8000274806F0EDFF48F23712022308A925483D
:101C90000C94CDE90823CDE90A6706F0E1FF4CF288
:101CA0000372022308A920480C94CDE90823CDE94A
:101CB0000A6706F0D5FF40F2FF62022308A91B481D
:101CC0000C94CDE90823CDE90A6706F0C9FF4FF669
:101CD0000C72022308A916480C94CDE90823CDE91B
:101CE0000A6706F0BDFF4FF63F02022308A911481C
:101CF0000C94CDE90823CDE90A6706F0B1FF202254
:101D0000022308A90A480C94CDE90A67CDE9082303
:101D100006F0A6FF0EB0D0BDD00C00200044025843
:101D20000010025800180258000C025800200258F7
:101D3000001C0258001402582DE9F04FDFF81084FF
:101D400006460D46144608F118002DED028B89B0A9
:101D500000AF03F0B5FAD8F8183073B3D8F81C30D8
:101D6000D8F80490002B43690BBF4FF0080A4FF0DE
:101D7000100A4FF0020B4FF0040BB9F1000F2AD0FC
:101D8000A200EA46012B02F1070222F00702ADEBA6
:101D9000020D6846ADEB020D694600F03F81022B53
:101DA00000F0D680002B6FD02246C847D546243796
:101DB000BD46BDEC028BBDE8F08FD8F81C30002B7F
:101DC000F5D0D8F804904FF0080A4FF0020B4369A1
:101DD000B9F1000FD4D1FB61D8F80030BB61002B02
:101DE000E5D0D54803F0EAFA6B46BBF1020F786103
:101DF00008EE103AFB6900F083816A465146A2EB77
:101E0000C40295466200EA46B2FBFBF2AAEBC400AC
:101E100085460AEB8200EE46F861ADEB010DF869EC
:101E20000EEB820CC7F810C0EC46ADEB010D00EBD9
:101E30008201CCF80400CCF8081001EB820138696B
:101E4000E946CCF80C1000EB8201CCF800A001EBC5
:101E50008202C9E900E0C9E90212012B00F06483A3
:101E6000022B00F06C82002B00F080816208494652
:101E70006046BB69984718EE103A24379D46BD4628
:101E8000BDEC028BBDE8F08F002C8DD01A46D8ED4A
:101E90000C6A9FEDB27A8446331D36F922E00CF1CC
:101EA000080C07EE90EA33F922E00232F8EEE77A06
:101EB000944267EE877A67EEA67A4CED027A07EED7
:101EC00090EAF8EEE77A67EE877A67EEA67A4CED4D
:101ED000017AE2D8F9612246C847984ED8ED0D6ADA
:101EE0000020F9692B1D9FED9E7A9FED9E6ADFED24
:101EF0009E5A22E0F4EEC67AF1EE10FAC0F2C884DF
:101F000047F6FE72D1ED017A45F8202066EEA77AF9
:101F1000F4EEC77AF1EE10FA40F2F080F4EEC67AF1
:101F2000F1EE10FAC0F2D58447F6FE7243F8202095
:101F30000230083184427FF639AFD1ED007A66EE87
:101F4000A77AF4EEC77AF1EE10FAD3D83246D9E781
:101F5000002C3FF429AFD8ED0C6A84469FED787AC7
:101F60000022331D8E4656F822100CF1080C07EEA5
:101F7000901A53F822100232F8EEE77A944267EE94
:101F8000877A67EEA67A4CED027A07EE901AF8EEA1
:101F9000E77A67EE877A67EEA67A4CED017AE2D8A7
:101FA00071462246C7F81CE0C847664ED8ED0D6A58
:101FB0000020F9692B1D9FED6A7A9FED6A6ADFF8B0
:101FC00094C120E0F4EEC67AF1EE10FAC0F2798402
:101FD0003246D1ED017A45F8202066EEA77AF4EE7C
:101FE000C77AF1EE10FA40F28780F4EEC67AF1EE8D
:101FF00010FAC0F25E84324643F8202002300831E5
:1020000084427FF6D3AED1ED007A66EEA77AF4EE85
:10201000C77AF1EE10FAD5D86246DAE7002C3FF421
:10202000C3AED8ED0C6A86469FED477A4FF0000CA0
:10203000331D56F82C200EF1080E82F40002A2F592
:10204000000207EE902A53F82C200CF1020CF8EE57
:10205000E77A82F400026445A2F5000267EE877A0F
:1020600067EEA67A4EED027A07EE902AF8EEE77A4E
:1020700067EE877A67EEA67A4EED017AD9D8F961D4
:102080002246C847314ED8ED0D6A0020F9692B1D54
:102090009FED337A9FED336ADFF8BCC01FE0F4EEAA
:1020A000C67AF1EE10FAC0F2FC833246D1ED017A25
:1020B00045F8202066EEA77AF4EEC77AF1EE10FA22
:1020C00018D9F4EEC67AF1EE10FAC0F2DA8332468D
:1020D00043F820200230083184427FF667AED1ED0C
:1020E000007A66EEA77AF4EEC77AF1EE10FAD6D847
:1020F0006246DBE76246EBE762467DE7324615E77C
:10210000A100D6466208073121F00701ADEB010DB1
:10211000EA46ADEB010D6946ADEB0E0D0AEB820010
:10212000EC46ADEB0E0D01EB8202F861E946CCE91D
:1021300000A0C9E9001290E6280D00200280FFFFF0
:10214000000000300082FF7F0000003482FF7F002B
:102150000C0D0020007E00807E0080FF0000003813
:1021600004FF7FBF04FF7F3F00FEFF46002C00F00E
:10217000C982BBF1020FD8F8242000F0FA827969F5
:10218000C7F8049002EB810E5FED0C5A8A00DCF870
:1021900008100EF104007A611A46DCF80C303B613D
:1021A000331DD7F810903D61FD69C7E902CB8C461D
:1021B000834636F92210D8ED0C7A06EE101A33F960
:1021C000221006EE901A3EF92210B8EEC66A07EE0B
:1021D000101AF8EEE66A3BF92210B8EEC77A26EE3E
:1021E000256A66EEA56A27EE257A26EE276A66EE50
:1021F000A76A27EE277A07EE901A51080232F8EE06
:10220000E77A0AEB8100944280ED006A05EB8100D9
:1022100067EEA57AC0ED006A0CEB810009EB810145
:1022200080ED007A98ED0C7A67EE877AC1ED007A3E
:10223000BFD8D7F804903D69D7E902CB6046620861
:10224000BB6949469847D8F82C307A69D8ED0D6AB1
:102250001A441FED3D7A1FED3D6A2B1D904602F199
:10226000040A5FED3F5A0022A84ED9E900EC51E084
:10227000F4EEC67AF1EE10FAC0F2C78247F6FE70AD
:1022800045F822000CEB0100D0ED007A66EEA77A4B
:10229000F4EEC77AF1EE10FA4BD9F4EEC67AF1EE0D
:1022A00010FAC0F2BA8247F6FE70BBF1020F43F893
:1022B00022002BD0D9F808000844D0ED007A66EE51
:1022C000A77AF4EEC77AF1EE10FA36D9F4EEC67AB0
:1022D000F1EE10FAC0F2CD8247F6FE7048F8220007
:1022E000D9F80C000144D1ED007A66EEA77AF4EE3D
:1022F000C77AF1EE10FA1ED9F4EEC67AF1EE10FAB2
:10230000C0F2AF8247F6FE714AF8221002329442C0
:102310007FF6B1AD51080EEB81008900D0ED007A57
:1023200066EEA77AF4EEC77AF1EE10FAA0D830463E
:10233000A6E73046B9E73146E6E73046CEE7002C5F
:1023400000F0E081BBF1020FD8F8243000F0E18109
:102350007A69DCF8081003EB820EC7F8049093004A
:10236000DFED6B5A0EF1040000227B61DCF80C30CB
:102370003B61331DD7F810903D61FD69C7E902CB81
:102380008C46834656F82210D8ED0C7A07EE101AC8
:1023900053F82210B8EEC76A07EE101A5EF8221042
:1023A000F8EEC76A07EE101A26EE256A5BF82210CF
:1023B000B8EEC77A66EEA56A26EE276A27EE257A7A
:1023C00066EEA76A27EE277A07EE901A51080232C6
:1023D000F8EEE77A0AEB8100944280ED006A05EBA3
:1023E000810067EEA57AC0ED006A0CEB810009EB75
:1023F000810180ED007A98ED0C7A67EE877AC1ED65
:10240000007ABFD8D7F804903D69D7E902CB60467F
:102410006208BB6949469847D8F82C307A69D8EDEC
:102420000D6A1A449FED3E7A9FED3E6A131D924657
:10243000DFF8E4C00022FB612B1D364ED9E9008E87
:102440004EE0F4EEC67AF1EE10FAC0F2FC813046AE
:1024500045F822000EEB0100D0ED007A66EEA77A77
:10246000F4EEC77AF1EE10FA49D9F4EEC67AF1EE3D
:1024700010FAC0F2EF813046BBF1020F43F82200A0
:102480002AD0D9F808000844D0ED007A66EEA77A81
:10249000F4EEC77AF1EE10FA35D9F4EEC67AF1EE21
:1024A00010FAC0F2C98130464AF82200D9F80C006F
:1024B0000144D1ED007A66EEA77AF4EEC77AF1EE28
:1024C00010FA1ED9F4EEC67AF1EE10FAC0F2AD8120
:1024D0003146F86940F82210023294427FF6CBACC4
:1024E000510808EB81008900D0ED007A66EEA77AEA
:1024F000F4EEC77AF1EE10FAA3D86046A8E760467A
:10250000BAE76146E5E76046CEE700BF0280FFFF1D
:10251000000000300082FF7F007E00800000003459
:1025200004FF7FBF04FF7F3F002C00F0EB807A693F
:102530000021D8F82430C7F8109003EB820ED7F8AA
:102540001C909300FD610EF104021FED0C6A7B618B
:10255000331D154656F821204808D8ED0C6ABBF10A
:10256000020F82F40002A2F5000207EE902A53F84F
:10257000212082F40002B8EEE77AA2F5000227EEED
:10258000067A07EE902A0AEB8002F8EEE77A27EE49
:10259000267A67EE867A82ED007A09EB80024FEAAE
:1025A000800067EEA67AC2ED007A27D05EF821207F
:1025B00082F40002A2F5000207EE902A55F82120CD
:1025C00082F40002B8EEE77AA2F5000227EE067A5E
:1025D00007EE902ADCF80820F8EEE77A024427EEAE
:1025E000267A67EE867A82ED007A98ED0C7ADCF82E
:1025F0000C2067EE877A0244C2ED007A02318C42E9
:10260000A8D8D7F8109060466208BB694946FD69B2
:102610009847D8F82C307A69D8ED0D6A1A441FED26
:10262000407A1FED406A131D9246DFF8C4C20022B3
:10263000FB612B1DAB4ED9E9008E4EE0F4EEC67A5D
:10264000F1EE10FAC0F2C580304645F822000EEBDC
:102650000100D0ED007A66EEA77AF4EEC77AF1EECB
:1026600010FA49D9F4EEC67AF1EE10FAC0F2BF8042
:102670003046BBF1020F43F822002AD0D9F80800F7
:102680000844D0ED007A66EEA77AF4EEC77AF1EE50
:1026900010FA35D9F4EEC67AF1EE10FAC0F2AE8037
:1026A00030464AF82200D9F80C000144D1ED007AF6
:1026B00066EEA77AF4EEC77AF1EE10FA1ED9F4EEC0
:1026C000C67AF1EE10FAC0F28B803146F86940F814
:1026D0002210023294427FF6CEAB510808EB810003
:1026E0008900D0ED007A66EEA77AF4EEC77AF1EEB3
:1026F00010FAA3D86046A8E76046BAE76146E5E766
:102700006046CEE7224649466046BB699847FFF7D8
:10271000B2BBC7F810B0002298ED0C6A331DDFED94
:10272000726AD7F81CB0786956F8221007EE901A32
:1027300053F82210B8EEE77A07EE901A51080232E9
:10274000F8EEE77A27EE267A0AEB810E94420BEB3D
:10275000810167EEA67A27EE067A67EE867A8EED1D
:10276000007AC1ED007ADFD88300D7F810B07B6122
:102770004DE61A46C7F810B098ED0C6A331DDFED30
:102780005B6AD7F81CB0786936F9221007EE101A88
:1027900033F9221007EE901AB8EEC77A51080232C8
:1027A000F8EEE77A27EE267A0AEB810E94420BEBDD
:1027B000810167EEA67A27EE067A67EE867A8EEDBD
:1027C000007AC1ED007ADFD88300D7F810B07B61C2
:1027D00034E5F0EE675AFEEEE45A15EE900A34E75F
:1027E000F0EE675AFEEEE45A15EE901A6EE7F0EE40
:1027F000675AFEEEE45A15EE900A3AE7F0EE675A91
:10280000FEEEE45A15EE900A4BE767EEA57AFDEE70
:10281000E77A17EE900A00B232E567EEA57AFDEE90
:10282000E77A17EE900A00B23FE5F0EE675AFEEE47
:10283000E05A15EE901A4CE6F0EE675AFEEEE05ABA
:1028400015EE900A30E6F0EE675AFEEEE05A15EE0D
:10285000900AFDE5F0EE675AFEEEE05A15EE900A9A
:102860000AE667EEA57AFDEEE77A17EE901A09B24E
:102870004AE567EEA57AFDEEE77A17EE900A00B218
:102880002CE5F0EE675AFEEEE45A15EE902A1FE4AE
:1028900067EEA57AFDEEE77A17EE902A12B2FFF7FF
:1028A00031BBF0EE675AFEEEE45A15EE902AFFF7C0
:1028B000FDBBF0EE675AFEEEE05A15EE902AFFF7E8
:1028C0009BBBF0EE675AFEEEE05A15EE902AFFF73A
:1028D00080BB67EEA57AFDEEE77A17EE902A12B27A
:1028E000FFF724BB82FF7F000000003000000038AB
:1028F0007E0080FF30B5184C154685B0046004F1A9
:10290000080EEC460FC98EE80F00D4ED047AF5EE00
:10291000C07A8CE80F00F1EE10FA1ADDB7EE006A0B
:1029200094ED057A27EE277AC6EE276A84ED0D7AB4
:10293000C4ED0C6A6DB1204640F8185F02F0C0FC8F
:10294000064903690020064A2162A262E36005B0DD
:1029500030BD012005B030BD0C0D0020C02000307E
:10296000C000003000680830704700BFB1F5807FBC
:1029700003680A4628BF4FF48072B1F5807F9A60E1
:1029800094BF0020012070470068183002F004BD99
:1029900030B5046883B00D46E3694BB1A3680020ED
:1029A000E26A616A9B00009004F11C0002F08AFC5C
:1029B000A3680748A26A9B00216A009004F11800EE
:1029C00002F080FC0020C4E9005003B030BD00BF1D
:1029D000391D002410B50468A3691BB104F1180067
:1029E00002F0CEFCE3691BB104F11C0002F0C8FC4C
:1029F000002010BD10B4074B4FF07E513024002250
:102A0000032019619C60D8605DF8044B5961C3E9EB
:102A1000062270470C0D0020F6EE007A9FED166A34
:102A200020EE207A0160F7EE006A80ED036A80ED07
:102A3000020A27EE277AC6EE877AF4EEE67AF1EEFE
:102A400010FA11DDF0EE667A4FF07E514FF0000C77
:102A500002760022C0ED017AC0F814C0016143760D
:102A60008276C0ED070A7047F4EEC67AF1EE10FAEE
:102A7000EAD5F0EE467AE7E700000000DFED187ACD
:102A8000B6EE007AF7EE006A9FED166A60EE277ADE
:102A9000016080ED036A80ED020A67EE877A86EEB8
:102AA000A77AB4EEE67AF1EE10FA10DDB0EE667AAF
:102AB0004FF0804C4FF07C514FF48072012380ED39
:102AC000017AC0F810C04161028383767047B4EE8A
:102AD000C67AF1EE10FAEBD5B0EE467AE8E700BF21
:102AE0006F12033B000000000268037E128807EEAD
:102AF000902AFBEEC87A1BB1B7EE007A77EE677AC0
:102B0000D0ED056A90ED047A77EEE67A437E67EEC3
:102B1000877A0BB1F1EE677A90ED030A90ED017AB6
:102B200077EEC07AA7EE270A80ED030A704700BF50
:102B3000837E80ED020AABB9D0ED077A27EE800ADA
:102B4000F6EE007AB7EE007A20EE270AC7EE007A9A
:102B5000F4EEC77AF1EE10FA07DDF0EE477AC0ED39
:102B6000017A7047DFED067AE8E7F5EEC07AF1EE1C
:102B700010FAF4D5DFED037AC0ED017A704700BF9B
:102B80006F12033B0000000070B584B000250446BE
:102B90001646ADF80C102B462A460399009501F015
:102BA0002FF8A582A67504B070BD00BF704700BFA6
:102BB000F8B5134F3C687F2C07D98023114A42F2A5
:102BC00024411C463B60A2F87E100F4D2B68012B60
:102BD0000AD90C4E0D4D22463146284600F06EF9BA
:102BE0000028F8D13860F8BD22460649074800F0B1
:102BF00065F90028F7D12B68386001332B60F8BDE8
:102C0000480D00204C0D0020440D0020D00D002068
:102C100030B4154C2168F1B14B1E144DE81810F872
:102C200001298C4619460A2A01D00D2A02D14BB13E
:102C3000013BF4E70CF102037F2B10D980232360C2
:102C400030BC70470122022323600D200A23685400
:102C5000AB5430BC704701220223044DF4E70CF161
:102C600001026146F0E700BF480D00204C0D002036
:102C700010B5094C02460B46084821680844C1F1CA
:102C8000800113F065F9236818442060FFF7C0FF46
:102C9000FFF78EFF10BD00BF480D00204C0D002037
:102CA0000FB400B583B004A951F8040B0191FFF7EC
:102CB000DFFF03B05DF804EB04B0704710B50446C5
:102CC00001210A4800F074F8002C094B14BF0222BD
:102CD000002208481A60FFF7E3FF0748FFF7E0FF0C
:102CE0000A20BDE8104002F02FBC00BFD00D00202C
:102CF000440D0020B8840124C8840124064A0749F1
:102D0000074808B512F012FB034A04490548BDE81C
:102D1000084012F00BBB00BF00000020AD2B0024C8
:102D2000CC0D0020D00D002010B586B00446ADF8C3
:102D30000C10ADF8141002F005FC4FF48071002265
:102D400020600123A18004F10800A183059900926D
:102D500000F056FF06B010BD10B5044602F0F2FBBD
:102D6000002122682171824200D110BD0346012258
:102D700004F108002360227101F028F8227F617FAE
:102D800053005BB281B180F0010252B21343DBB257
:102D90007F2B2377E9D102F0D5FB07EE900AF8EEFE
:102DA000677AC4ED087A10BD42B2EFE7704700BF02
:102DB000012910B506D0022915D051B1BDE8104047
:102DC00008F0BEBA0A46344834490DF099FBE8B120
:102DD000FEE7334B0A46334C334934481C600DF050
:102DE0008FFB68B1FEE701222C492B480DF088FBD0
:102DF00000B1FEE72E4928480DF0A6FBC0B1FEE762
:102E00002B492A480DF0A0FB60B1FEE72849224873
:102E10000DF09AFB00B1FEE726491F480DF010FBAC
:102E200008B3FEE7244921480DF00AFBA8B1FEE7EC
:102E3000204919480DF004FB00B1FEE716480DF0DB
:102E4000ABFB024640B9164B164C174917481C609D
:102E50000DF056FB68B1FEE7FEE714480DF09CFB51
:102E60000028ABD0FEE70C480DF096FB0028A5D05B
:102E7000FEE70F490D480DF067FB00B1FEE70E4974
:102E80000A480DF0DDFA00B1FEE708480DF084FBBA
:102E9000002893D0FEE700BFB0100020A000002063
:102EA0008C130020AD2D002484000020D40D0020C0
:102EB00008010020600000204C000020084691B26C
:102EC00008B502F029FE003818BF012008BD00BF78
:102ED000014807F0CBBA00BF80440020014807F04A
:102EE000C5BA00BF80440020014807F0BFBA00BF48
:102EF0008044002010B4002383B00324018080F8B4
:102F0000503080F85120C0E9014303B05DF8044B14
:102F1000704700BF2DE9F04FBE4F0024BE4D8DB06D
:102F2000037007F14003426080461646894620221E
:102F300021463846C5F88835C5F88475CDE9024480
:102F4000CDE90444CDE90644CDE90844CDE90A447D
:102F500012F050FA2022214605F26250C5F8514580
:102F6000C5F85545C5F85945C5F85D4512F042FA12
:102F700085F85065D8F8043085F86846002B62D093
:102F800005F5AA6A09F1500B264609EB0401281938
:102F90005222013612F020FA4FF0000327F8023BCC
:102FA0001BF804300AF8013F002B70D0D8F8043029
:102FB0004FF0010254349E4285F86826E5D3974AC3
:102FC000082195F850350026C5F88C254FF480224D
:102FD00093480027C5F8A4350023C5F890250122A1
:102FE000C5F89C1595F86816C5F8943585F8A03590
:102FF000C5F89825C0E9006700293ED0C5F8B82576
:1030000085F8A13585F8A835002298F80030C5F874
:10301000BC25C5F8C025002B40D00122002001218D
:10302000013B85F8C4257F4AC2E90001082B37D847
:10303000DFE813F0BD00C200C700CC00D100D6000D
:10304000DB00E100E800C5F89435F6B285F8A0355C
:103050000020724B0021C5F8A465C5F88C354FF4EB
:103060008023C5F890350123C5F898350823C5F8A5
:103070009C3505F5B663C3E90001012385F8A13548
:10308000002385F8A8350323C5F8B835BCE7D8F880
:1030900004305434B3423FF678AF90E785F8C43536
:1030A000614803F0ADFE034608B1FFBEFEE702A98A
:1030B0005D48029304F004F80446002875D1042307
:1030C00040F2FF720A90CDE9082395F85035002BA5
:1030D00000F0F58006234FF05409019309FB0453D7
:1030E00093F85130072B07D8DFE803F0595C5653AB
:1030F000504D4A040723079326B206EB4606C6EB5B
:10310000C60605EB8608B700404600F09BFC09FBAD
:10311000045393F85030042B00F3AD80022B00F3DE
:10312000C08000F0BC802B19002283F8402515F8E0
:10313000262098F80130002A7CD0022A00F08D80E9
:10314000012A40F0B480012B00F0B380002B374BF4
:1031500018BF0023059305A9019B3348069303F08C
:103160008BF9002840F0AE80013495F85035E4B278
:10317000A34240F2A4802E4B53F824300193ADE7D4
:1031800006230793B8E705230793B5E704230793BE
:10319000B2E703230793AFE702230793ACE70023CB
:1031A0000793A9E701230793A6E7FFBEFEE70320E5
:1031B000402142E9020173E70720602142E9020150
:1031C0006EE70F20802142E9020169E71F20A0215C
:1031D00042E9020164E73F20C02142E902015FE7C2
:1031E0007F20E02142E902015AE7FF204FF480717D
:1031F00042E9020154E740F2FF104FF4907142E9B6
:1032000002014DE740F2FF304FF4A07142E90201A4
:1032100046E700BFC0400030981300200020024065
:103220004819002068190020241900200002B02548
:10323000D8840124062B36D0072B3CD0022B49D052
:10324000032B49D0002B4BD0012B47D0042B49D066
:10325000052B254B18BF00237CE7042B25D0052B1D
:103260002BD08BB3012B31D0022B31D0032B1F4B32
:1032700018BF00236EE70323143705EB040B4FF050
:10328000000A2F448BF8403538460AF1010A00F055
:10329000D9FB9BF8403514375345F5DC47E701234C
:1032A000EAE70223E8E7124B54E7124B52E7002308
:1032B00050E7114B4EE7114B4CE7114B4AE70DB06D
:1032C000BDE8F08FFFBEFEE70E4B43E70E4B41E734
:1032D0000E4B3FE70E4B3DE70E4B3BE70E4B39E7FE
:1032E0000E4B37E70E4B35E70000B84F0020903605
:1032F0000800900C1000C0102000F0148000501D39
:10330000000180210004002A0008302E00106032E5
:103310000040C03A0080F03E0000524700002143C8
:103320000000844B38B5094C40F2FF724FF0011198
:1033300004F28C55284603F071FE94F85025D4F819
:1033400084152846BDE8384003F088BB9813002058
:10335000014803F04FBC00BF24190020034B0F2984
:10336000D3F8840598BF00EB410070479813002004
:10337000244B02689A4200D07047234A0023234816
:10338000D2F8D81030B5224C41F0200183B0C4F8F7
:10339000F0050920C4F8F83504F5BE65C4F8F40555
:1033A0004FF48060C2F8D8104FF40061D2F8D820F2
:1033B000C4F8000694F8680602F02002C4F8FC3550
:1033C00098420192C4F804164FF40051C4F8103624
:1033D0002846C4F81436019B14BF00234FF48073B1
:1033E000C4F80816C4F80C3604F096FA08B1FFBE0B
:1033F000FEE704F28C53C4F8D855C4F8283603B05D
:1034000030BD00BF0020024000440258400002408E
:1034100098130020014805F0D1B800BF881900209A
:1034200002682DE9F84F504B9A4201D0BDE8F88F61
:103430004E4D95F86836002BF8D095F85035002B96
:103440007BD0002405F13C0905F2625605F5AA6718
:10345000A04613E003F0010117F811BCA9F1280000
:1034600000F0C0FCBBF1010F25D895F850350134B0
:1034700009F154090236A2B293422BD917F8012F51
:10348000002AF4D0D5F884350021327833F81400BE
:10349000D5F8883503EB041323F812003388013381
:1034A0009BB233805FFA83FA3A789A42D2D88A463E
:1034B000A6F80080D0E7CAF34001A9F1140000F09B
:1034C00091FCBBF1020FCAF38001CED0484600F058
:1034D00089FCCAE7002395F8680625490922984225
:1034E000C5F8F8354FF48060C5F8F015C5F8F42537
:1034F0004FF400614FF40052C5F8FC3508BF4FF49B
:103500008073C5F80006C5F80416C5F80826002221
:103510001848C5F80C36C5F81026C5F8142604F06E
:10352000FBF908B1FFBEFEE795F85025D5F88415E4
:103530001148BDE8F84F03F091BA0D4909224FF444
:103540008060C5F8F835C5F8F0154FF40061C5F88E
:10355000F4254FF40052C5F8FC35C5F80006C5F84F
:103560000416C5F80826D2E7002002409813002070
:10357000400002408819002024190020704700BF35
:103580000C4B4FF60B71002203F5A8601980DA602E
:1035900099821A6219855A6399879A64C3E901224C
:1035A000C3E90622C3E90B22C3E91022543398422F
:1035B000ECD1704798130020504B02689A4200D01B
:1035C00070474F4BD3F8E81030B541F000514D4CE7
:1035D00087B0D4F85421C3F8E810D3F8E81001F00C
:1035E000005104910499D3F8E01041F00101C3F8AF
:1035F000E010D3F8E03003F001030593059B32F0AF
:1036000002033DD0013A012A6CD9D4F85831012B7C
:103610000AD000223620114603F0CCFD362007B038
:10362000BDE8304003F004BED4F8543133F0020258
:1036300035D0013B012BECD8442240233249334D95
:10364000C4F88C1000212846C4F8B010C4E9242323
:1036500000224FF48063C4E926234FF400624FF444
:103660000053C4E928234FF480724FF48033C4E937
:103670002A2304F051F988B9E560C4F8C440C8E7CA
:103680004FF48061032204F5BA700093ADF80C107A
:10369000039900F0B5FAD4F85421B3E7FEE71C4BC8
:1036A000A2634322636140231A4DC4E9062300222A
:1036B0004FF480632846C4E908234FF400624FF4B6
:1036C0000053C4E90A234FF480724FF48033C4E9F5
:1036D0000C2304F021F920B9D4F85431A560E46436
:1036E000A7E7FEE74FF4A061002303220A48ADF8E4
:1036F0000C100399009300F083FA86E700740040F1
:1037000000440258081A002028040240941A00209D
:10371000100402401C1A0020901B0020014804F0F5
:103720004DBF00BF1C1A0020014804F047BF00BF76
:10373000941A002010B5054C204603F007FF04F54D
:103740008270BDE810400BF00FBB00BF081A0020CC
:10375000164BD3F85421D3F86411022A4FEA5101D1
:1037600030B583B00CD088B2D3F86821D3F870415B
:1037700002EB400300930CB16846A04703B030BD94
:10378000D3F86C21002AF9D088B2D3F86841D3F875
:10379000705104EB400402EB4002CDE90042002DE1
:1037A000ECD06846A84703B030BD00BF081A00201F
:1037B000134BD3F85421022A10B582B00CD0D3F8A1
:1037C0006811D3F87021009122B1D3F864116846D2
:1037D0004908904702B010BDD3F86C21002AF9D0F7
:1037E000D3F86811D3F87041CDE90012002CF1D064
:1037F000D3F8641168464908A04702B010BD00BF65
:10380000081A0020094BD3F85421022A0DD000B524
:10381000D3E95B1283B0019122B1D3F8641101A8FE
:103820004908904703B05DF804FB7047081A002070
:103830000B4BD3F85421022A10D0D3F8641110B5E1
:10384000D3E95B24C1F34F0382B0490802EB430381
:1038500001930CB101A8A04702B010BD704700BF92
:10386000081A002030B58C463A4C3B4D8DB00460B0
:1038700004F5A87EBCE80F00AEE80F00DCF80030CD
:1038800020462560CEF8003003F072FD0023D4F806
:1038900058510393CDB11622012D049218D0002265
:1038A000D4F860110125D4F854319142CDE9065283
:1038B00018BF0222059233F0020235D0013B012BE2
:1038C0003DD9002528460DB030BD02230493E6E71C
:1038D000224A0093C4F80C31C4F81431C4F804210E
:1038E000C4F81C31CDE9013302F028F8D4F8503186
:1038F0004BF68032C4F80851002B08BF1346B0FBCA
:10390000F3F304F58270C4F810310AF0EFFF0028D9
:10391000D8D120230290694604F5827000930BF001
:10392000CDFA0028BBD0CDE703A90A4803F042FE38
:103930000028C7D1D4F85431013B012BC1D8102243
:1039400003A9044803F036FE051E18BF01252846CA
:103950000DB030BD081A0020007400400010004077
:1039600070B504681D4682B01046D4F85831012B5A
:1039700003D0D4F85431022B24D1D4F85C31069A08
:10398000002BC4F86811C4F870212B460CBF082620
:103990000026C4F86C010A46C4F864510021204690
:1039A000009603F0FBFCD4F86C212B461021204636
:1039B000009603F0F3FC04F582700BF04DF8002044
:1039C00002B070BD012002B070BD00BF10B5046828
:1039D000D4F85831012B09D1D4F8543133F0020115
:1039E00006D0013B012B0BD9002010BD012010BDDA
:1039F000204603F05FFDD4F85431013B012BF3D88E
:103A00001021204603F056FD002010BD00000000EC
:103A10009FED097B0A4B00224FF60B71C3F8802102
:103A2000C3F88C21A3F87411A3F8881183ED5E7B91
:103A3000C3E96422704700BF0000000000000000DE
:103A4000081A002003780B2B2DD042780F2A2AD891
:103A50004168022910B590B03ED0032902D0012957
:103A600000D000210C918168012902D0022918BFE1
:103A700000210D91C168022904D0032902D0012937
:103A800018BF00210A2B0E910ED85B4C04EB832447
:103A900004610A2B17D8DFE803F009A09284766846
:103AA0005A4C3E30220070470024F1E7534BD3F8C4
:103AB000E01041F00101C3F8E010D3F8E03003F06A
:103AC00001030093009B01230BA9204693400B9315
:103AD00005F0C6F810B010BD11210C91C3E7474B9B
:103AE000D3F8E01041F48061C3F8E010D3F8E0307F
:103AF00003F480630A930A9BE5E7404BD3F8E01098
:103B000041F40071C3F8E010D3F8E03003F400731F
:103B10000993099BD7E7394BD3F8E01041F4807142
:103B2000C3F8E010D3F8E03003F480730893089BE7
:103B3000C9E7324BD3F8E01041F08001C3F8E01040
:103B4000D3F8E03003F080030793079BBBE72B4BD0
:103B5000D3F8E01041F04001C3F8E010D3F8E030B2
:103B600003F040030693069BADE7244BD3F8E01027
:103B700041F02001C3F8E010D3F8E03003F0200357
:103B80000593059B9FE71D4BD3F8E01041F0100112
:103B9000C3F8E010D3F8E03003F010030493049B63
:103BA00091E7164BD3F8E01041F00801C3F8E0109C
:103BB000D3F8E03003F008030393039B83E70F4B34
:103BC000D3F8E01041F00401C3F8E010D3F8E0307E
:103BD00003F004030293029B75E7084BD3F8E0104F
:103BE00041F00201C3F8E010D3F8E03003F0020323
:103BF0000193019B67E700BF000002580044025890
:103C000010B592B0ADF804100180C9B2149C0B2914
:103C1000C460C0E901233FD090F801C0BCF10F0F90
:103C20003AD8022A3FD0032A02D0012A00D000222B
:103C30000E92012B02D0022B18BF0023022C0F93EF
:103C40002CD0032C2AD0012C28D000230A29109331
:103C500027D85C4A02EB812202610A2914D8DFE8E6
:103C600001F0A39587796B5D4F4133250600564BD4
:103C7000D3F8E01041F48061C3F8E010D3F8E030ED
:103C800003F480630C930C9B01230DA9104603FAE7
:103C90000CF30D9304F0E4FF12B010BD0A29109448
:103CA000D7D90022D8E711220E92C2E7464BD3F8AB
:103CB000E01041F40071C3F8E010D3F8E03003F4F1
:103CC00000730B930B9BDFE73F4BD3F8E01041F4FD
:103CD0008071C3F8E010D3F8E03003F480730A93E6
:103CE0000A9BD1E7384BD3F8E01041F08001C3F8CC
:103CF000E010D3F8E03003F080030993099BC3E799
:103D0000314BD3F8E01041F04001C3F8E010D3F894
:103D1000E03003F040030893089BB5E72A4BD3F843
:103D2000E01041F02001C3F8E010D3F8E03003F0D8
:103D300020030793079BA7E7234BD3F8E01041F03C
:103D40001001C3F8E010D3F8E03003F0100306933D
:103D5000069B99E71C4BD3F8E01041F00801C3F82B
:103D6000E010D3F8E03003F008030593059B8BE7E0
:103D7000154BD3F8E01041F00401C3F8E010D3F87C
:103D8000E03003F004030493049B7DE70E4BD3F86B
:103D9000E01041F00201C3F8E010D3F8E03003F086
:103DA00002030393039B6FE7074BD3F8E01041F046
:103DB0000101C3F8E010D3F8E03003F001030293EF
:103DC000029B61E7000002580044025808B5012137
:103DD00043780069994089B205F044F9003818BF6A
:103DE000012008BD01230A464178006903FA01F168
:103DF00089B205F03DB900BF10B5002386B012228C
:103E000004460493CDE902230368022B1FDC002B38
:103E100001DB0423059323790A2B1FD8114800EBFB
:103E200083206279012301A99340019304F018FFD4
:103E3000A3790A2B14D80B4800EB8320E2790123E5
:103E400001A99340019304F00BFF06B010BD032BB2
:103E5000E1D10623059323790A2BDFD90020E0E77F
:103E60000020EBE700000258634A0368934210B554
:103E70008CB028D0614A934258D0614A934200F0F6
:103E80009480604A934201D00CB010BD5E4C5F48F4
:103E9000D4F8E03043F00203C4F8E030D4F8E03066
:103EA00003F002030A930A9BFFF7A6FFD4F8F4304D
:103EB00043F08003C4F8F430D4F8F43003F0800306
:103EC0000B930B9BE0E7504C5148D4F8E03043F0A3
:103ED0000203C4F8E030D4F8E03003F002030193A9
:103EE000019BFFF789FFD4F8E83000221F2043F43C
:103EF00000131146C4F8E830D4F8E83003F4001396
:103F00000293029BD4F8D83043F00103C4F8D830B0
:103F1000D4F8D83003F001030393039B03F04AF96C
:103F20001F200CB0BDE8104003F082B9364C394870
:103F3000D4F8E03043F08003C4F8E030D4F8E03047
:103F400003F080030493049BD4F8E03043F00203B1
:103F5000C4F8E030D4F8E03003F002030593059B89
:103F6000FFF74AFFD4F8E8300022212043F4800311
:103F70001146C4F8E830D4F8E83003F4800306931F
:103F8000069BD4F8D83043F00103C4F8D830D4F8F5
:103F9000D83003F001030793079B03F00BF92120AE
:103FA0000CB0BDE8104003F043B91B48FFF724FFF5
:103FB000154B00224820D3F8E840114644F4000491
:103FC000C3F8E840D3F8E84004F400040894089CDF
:103FD000D3F8D84044F00104C3F8D840D3F8D8301F
:103FE00003F001030993099B03F0E4F848200CB0A7
:103FF000BDE8104003F01CB90054004000580040D8
:10400000005C0040001C005800440258481E00207C
:10401000A81B0020881C0020681D00202DE9F0430B
:104020001A4B87B000254FF010099E46EC46184BFE
:10403000FF22E04667461A700EF118060EF13004B2
:10404000CDE90055CDE90255ADF80090BCE80F0070
:10405000CDE90455AEE80F009CE803000095ADF8EB
:1040600000908EE80300B8E80F000FC69CE803003C
:104070000095ADF8009086E803000FCF0FC49CE8D0
:10408000030084E8030007B0BDE8F08304000020CB
:10409000A41B002010B5EFF3108472B6084B1A78F9
:1040A000120602D504B962B610BD1878054B40B2AD
:1040B000C0EBC00003EB4010143004F07FFAF1E7CE
:1040C000A41B0020A81B0020014806F0BDB800BFBB
:1040D000341C0020014806F0B7B800BF141D0020B2
:1040E000014806F0B1B800BFF41D00202DE9F043EF
:1040F0000D6885B0404EC5EBC503032D4FEA43174D
:1041000006EB4313036041DCCA680C46012A3DD824
:104110004FEAC5084CD020689C466168A8EB0509A9
:10412000A2680DF1100EE36806EB4919ACE80F0028
:10413000324B227C8CF80020D9F808C00FCB0EE956
:104140000F000EEB8503BCF1010F53F8103CC9F8CA
:104150008C3032D0BCF1020F43D0BCF1000F36D00E
:10416000227C8C37A8EB050500233744520006EB70
:10417000451601213846C6F8AC30C6E92521C6E906
:104180002733C6E9293305F06FFD18B1012005B0CA
:10419000BDE8F0830146384606F062F80028F5D104
:1041A0000146384606F086F8003818BF0120EEE7D1
:1041B0000A7C103A672AAED9E8E701F0BDFB104B44
:1041C00098420CBF0F4B104BC9F89030C8E701F074
:1041D000B3FB0B4B98420CBF0C4B0D4BC9F8903006
:1041E000BEE701F0A9FB064B98420CBF094B0A4BF6
:1041F000C9F89030B4E700BFA81B00209C810124BF
:10420000000E27072D0FB0303211D0205F43906091
:104210008A62E030200BA0101A0980102DE9F041CD
:10422000046884B09846E368BDF82C70CBB90D469D
:1042300016468C34204606F00FF82028FAD1204686
:104240000C9C69004346324689B2CDE901740A9C50
:10425000009405F093FE003818BF012004B0BDE8BB
:10426000F081012004B0BDE8F08100BF2DE9F041EC
:10427000046884B09846E368BDF82C70CBB90D464D
:1042800016468C34204605F0E7FF2028FAD1204658
:104290000C9C69004346324689B2CDE901740A9C00
:1042A000009405F037FD003818BF012004B0BDE8C8
:1042B000F081012004B0BDE8F08100BF094B6FF030
:1042C000F41110225960C3F8E4101A7483F8F02036
:1042D000C3F8C41183F8D021C3F8A41283F8B02224
:1042E000704700BFA81B002030B5002395B04FF4E5
:1042F0008071062204460B9306921393CDE90C13AA
:10430000CDE90E33CDE9113301F01AFB07282BD08C
:1043100004F1100541F2883206A9284607F040F959
:1043200028B10123184684F85C3015B030BD022254
:10433000022306A92846CDE9002310220123CDE956
:10434000022300224FF48003CDE9042305224FF01D
:10435000807306926A460F9341F2883307F08CFA15
:104360000028DED115B030BD0323012084F85C3075
:1043700015B030BD0000000070B50023A4B04FF0B0
:1043800080724FF480750446ADF806300D93CDE988
:1043900010320122CDE90E53CDE91223CDE91433B9
:1043A000002943D0F02300F1100508AEADF8063027
:1043B000C02341F2883231462846089307F0F0F8CE
:1043C00028B10123184684F85C3024B070BD41F256
:1043D00088320DF10601284607F04CF90346002803
:1043E000EFD105224FF480711E93284616924FF0AC
:1043F00080721B9321931F9202AA9FED1F7BCDE930
:104400001C13CDE922338DED027B9FED1D7B41F224
:10441000883316A98DED047B9FED1B7B8DED067B0C
:1044200007F02AFA0028CCD124B070BD00F11005A5
:1044300008AE612341F2883231462846089307F0DE
:10444000AFF80028BDD141F288320DF106012846AF
:1044500007F08EF90028B4D1BDF80630204623F0CD
:10446000780343F04003ADF80630FFF73DFF002826
:104470009ED0A6E7AFF3008000000000010000001E
:1044800010000000010000000000000000004000DB
:104490002DE9F04F00234FF4807501264FF080780E
:1044A00004462DED028BABB08DF8073013932193AA
:1044B000299314950E96CDF85C80CDE91533CDE99E
:1044C0001863CDE91A33CDE92253CDE92433CDE980
:1044D000273306231C9301F033FA072808D004F190
:1044E000100741F288321CA9384607F059F840B14C
:1044F0000123184684F85C302BB0BDEC028BBDE87C
:10450000F08F4FF0020A4FF0020B4FF0050941F215
:10451000883308AA1CA93846CDF89480CDF870904D
:104520009FED2F8BCDE908AB4FF0000A4FF4800BC5
:104530008DED0A8BCDE90CAB07F09EF90028D7D1A1
:1045400041F2883238460EA907F02AF80028CFD168
:10455000402341F288320DF1070138468DF80730CB
:1045600007F088F80028C3D141F288330EA902AAC7
:104570003846CDF83890CDF85C809FED1B7BCDE9B7
:1045800006AB8DED027B9FED1A7B8DED047B07F072
:1045900073F903460028ABD1CDF870904FF00109B4
:1045A000CDF894804FF00008219308AA29931CA904
:1045B00038462295CDE92333CDE9273341F28833BC
:1045C0008DED0A8BCDE90CABCDE9088907F054F9E4
:1045D000002891D0304684F85C608DE7AFF300800E
:1045E0001000000001000000400000004300000037
:1045F00000800000010000002DE9F04F00234FF47F
:10460000807601254FF0807804462DED028BABB00B
:10461000CDE9153313932193299314960E95CDF874
:104620005C80CDE91853CDE91A33CDE92263CDE999
:104630002433CDE9273306231C9301F081F90728A1
:1046400008D004F1100741F288321CA9384606F060
:10465000A7FF40B10123184684F85C302BB0BDECB5
:10466000028BBDE8F08F4FF0020A4FF0020B4FF0C3
:10467000050941F2883308AA1CA93846CDF8948070
:10468000CDF870909FED308BCDE908AB4FF0000A6C
:104690004FF4800B8DED0A8BCDE90CAB07F0ECF8F5
:1046A0000028D7D141F2883238460EA906F078FFAB
:1046B0000028CFD1402341F288320DF1070138465E
:1046C0008DF8073006F0D6FF0028C3D19DF80730DB
:1046D00008AA0C90FF2008934FF400430EA90B95F5
:1046E000CDF83890CDF85C80CDE909034FF4800314
:1046F00038460D9341F2883307F0BEF80346002890
:10470000A8D10022219329931CA938462296CDF8DE
:104710007090CDF89480CDE92333CDE92733012380
:10472000CDE9022341F2883302AA8DED048BCDE955
:1047300006AB07F0A1F8002890D0284684F85C501A
:104740008CE700BFAFF30080100000000100000004
:1047500070B50122AAB004460D465F48C02104F09E
:1047600087FC00265D4B06965B4895FAA5F5CDE9DA
:104770000466D3F8E02042F02002C3F8E020C02213
:10478000D3F8E03003F0200301930123019902A93B
:10479000CDE9022304F064FA142001F009FE324648
:1047A000C0214D4804F064FC142001F001FE0122F8
:1047B000C021494804F05CFC142001F0F9FD0123FC
:1047C000474AE6612261C4E90533002D77D0B5FA86
:1047D00085F1013900234FF4807604F11005C4E916
:1047E00008162846C4E90B3306F06CFE30B10123ED
:1047F0001D4684F85C3028462AB070BD66231690AA
:10480000179041F2883213900EA91B900E93CDE9B8
:104810001460CDE91900284606F0C2FE0028E6D152
:1048200099230EA941F2883228460E9306F0B8FE6D
:104830000028DCD105230121249008AA219027908B
:104840001C934FF08073CDE92260CDE92800102041
:10485000259341F28833CDE90A019FED1D7B0020AD
:104860004FF48001CDE90C011CA928468DED087B91
:1048700007F002F80028BAD12046FFF7BDFE002855
:10488000B5D1284606F07AFE05460028AFD1237937
:104890000A2B18D963790121994004F01BFBA379F5
:1048A0000A2B0ED80F4800EB83200126E17906FA87
:1048B00001F104F00FFB266684F864609BE71F217A
:1048C00088E70020F1E7074800EB8320E2E700BF1C
:1048D00000000000010000000014025800440258CB
:1048E00000500052000002582DE9F041684CA2B07F
:1048F0000D46046001F024F807284BD028682346B1
:10490000AA68696807C3AA89184620F8042B267B81
:10491000677B06F033FE002834D1012E94F8643012
:1049200014BF4FF480154FF400052366002B39D0D7
:10493000584B95FAA5F523610123C4E905330023FB
:10494000E361002D6ED0B5FA85F1013900234FF4F3
:1049500080785148C4E90818C4E90B3306F0B2FD69
:1049600080B966230B90139041F2883206A9069312
:10497000CDE90C80CDE90E00CDE91100464806F0E6
:104980000FFEA0B101231D4684F85C30284622B0FA
:10499000BDE8F08101250323284684F85C3022B06D
:1049A000BDE8F08129462046FFF7D2FEC0E79923F3
:1049B00041F2883206A93848069306F0F1FD002836
:1049C000E0D105231C9019906A4614934FF0807330
:1049D000219014A91D9341F288339FED277BCDE9E7
:1049E0001A80CDE91F008DED007B9FED257B2A48C5
:1049F0008DED027B9FED247B8DED047B06F03CFF6B
:104A00000028BFD131462248FFF7B6FC0028B9D1B3
:104A10001F48FFF73DFD05460028B3D127B102230B
:104A20002366B3E71F2191E7EB23002600271890A8
:104A300014934FF440631F9006AA1B934FF4005346
:104A4000209014A917934FF4404313481C93A023BC
:104A5000CDF868801693062319934FF08053219365
:104A60004FF04073CDE906671D9306F07DFF0028E7
:104A7000D5D087E7AFF30080000000000100000000
:104A800010000000010000000000000000004000D5
:104A9000281F002000500052381F00205E4B026883
:104AA0002DE9F0419A428CB04FF00004CDE9074463
:104AB000CDE909440B9402D00CB0BDE8F081574B0E
:104AC000574DD3F8D420574F42F48042564EDFF86A
:104AD0005C81C3F8D420D3F8D42002F48042009241
:104AE000009ADA6F42F48042DA67DA6F22F4804289
:104AF000DA67D3F8E02042F04002C3F8E020D3F8B0
:104B0000E02002F040020192019AD3F8E02042F046
:104B10002002C3F8E020D3F8E02002F02002029245
:104B2000029AD3F8E02042F01002C3F8E020D3F854
:104B3000E02002F010020392039AD3F8E02042F042
:104B40000202C3F8E020D3F8E03003F0020304933C
:104B5000049B22E014F0FC0252D103F1200155F82D
:104B6000211008780A2839D891F801C0012109924A
:104B700007EB802201FA0CF107910221CDF8148095
:104B8000089103210A910CA90B4413F81C3C07A9B6
:104B9000104601340B9304F063F82A6EE3B2002A46
:104BA000D8D0052B2CD803F11A0255F822100A7818
:104BB0000A2A18D9497801228A4002210792002244
:104BC000CDE9081203210A910CA90B4496E80300D1
:104BD0000590ADF8181013F81C3CD8E7487801216F
:104BE00009928140C8E74878012107EB8222814081
:104BF000022007910021CDE9080103210A91E3E792
:104C000000225C20114602F0D5FA5C2002F010FB75
:104C10000CB0BDE8F08100BF0050005200440258C3
:104C2000281F002000000258188501240A0A090ADA
:104C30000268F8B5194B9A4200D0F8BD184A002412
:104C4000184F0125D2F8D430174E23F48043C2F810
:104C5000D43011E014F0FC0F1BD157F821301A7832
:104C60000020597801340A2A05FA01F198BF06EBB1
:104C7000822089B204F02EF9E3B23A6E03F12001EA
:104C8000002AE7D0052B03F11A0202D857F8223088
:104C9000E5E75C20BDE8F84002F0D8BA00500052C9
:104CA00000440258281F002000000258014806F066
:104CB000E7BE00BF381F00200E4B6FF0F41200213A
:104CC000981C30B41C1D9D1D9A605D671C67C3E96C
:104CD0000022C3E9181103F10A0203F1080130BCF4
:104CE000C3E91A30C3E91E12C3E92030C3E9221216
:104CF000704700BF281F002038B5036871B9026AE9
:104D000000F1280500F5AC74012A0CBF00214021F8
:104D10008BBB1D4B5722C0F858310DE0426A00F1A1
:104D2000C00500F5E874012A0CBF00214021EBB159
:104D3000164B5A22C0F8D03100232046C4E9012185
:104D40004FF480524FF48061636262614FF480429D
:104D5000C4E903314FF48073C4E906234FF40033F0
:104D6000236202F0D9FD58B1FFBEFEE7084B58227E
:104D7000C0F8D031E0E7074B5922C0F85831DBE7E3
:104D8000C5E92044A56338BD100002407000024010
:104D900028000240580002402DE9F043C28889B043
:104DA00081468388ADF800200089B9F80A10B9F867
:104DB0000C20ADF80230D9F81830ADF80400ADF889
:104DC0000610ADF80820002B3FD0D9F81C70B7FAB8
:104DD00087F77F09012502236C460DF10A06DFF8EB
:104DE00070800695CDE9043599F804202078824238
:104DF000627818D0D9F80010F9B1012902D1F8B1C0
:104E00000A2107910A2805FA02F203A994BF08EBC8
:104E100080200020039203F023FF0234A642E3D156
:104E200009B0BDE8F08399F805109142E2D1002F56
:104E3000F3D0D9F800100029DFD106210791E1E76E
:104E4000022A0CBF08210A21DBE70127C2E700BFC5
:104E500000000258534A0368934230B505468BB0B0
:104E600055D02032934252D04F4A934204D0203240
:104E7000934201D00BB030BD4C4C4D48D4F8E030DB
:104E800043F00103C4F8E030D4F8E03003F001034C
:104E90000593059BD4F8E03043F00803C4F8E030F4
:104EA000D4F8E03003F008030693069BD4F8E03012
:104EB00043F04003C4F8E030D4F8E03003F040039E
:104EC0000793079BD4F8F03043F40003C4F8F030A4
:104ED000D4F8F03003F400030893089BFFF75CFF5D
:104EE000D4F8D830296843F001032F4A3048C4F879
:104EF000D830891AD4F8D83018BF012103F0010343
:104F00000993099B0BB0BDE83040FFF7F5BE274C75
:104F10002848D4F8E03043F00103C4F8E030D4F876
:104F2000E03003F001030093009BD4F8E03043F03D
:104F30001003C4F8E030D4F8E03003F0100301931C
:104F4000019BD4F8E03043F04003C4F8E030D4F8DB
:104F5000E03003F040030293029BD4F8F03043F4B6
:104F60008003C4F8F030D4F8F03003F480030393E6
:104F7000039BFFF711FFD4F8D830296843F00103F1
:104F8000084A0C48C4F8D830891AD4F8D83018BF69
:104F9000012103F001030493049B0BB0BDE83040F2
:104FA000FFF7AABE04580140045C014000440258C7
:104FB00014220020B81F0020014803F0FFBA00BFF0
:104FC00010210020014803F0F9BA00BF8821002019
:104FD000014803F0F3BA00BF6C230020014803F03E
:104FE000EDBA00BFE42300201A4A0368934210B4CC
:104FF0000BD02032934208D0174A934216D0203269
:10500000934213D05DF8044B7047144B0022D3F841
:105010005442C3F85822002CF4D0D3F84802D3E904
:10502000931223465DF8044B520818470B4B00229D
:10503000D3F8B044C3F8B424002CE3D0D3F8AC24A4
:10504000D3F8A814D3F8A404520823465DF8044BFF
:10505000184700BF04580140045C0140B81F0020FD
:10506000184A0368934210B40BD02032934208D000
:10507000154A934217D02032934214D05DF8044B66
:105080007047124BD3E994245208C3F85822002CDD
:10509000F4D0D3E99201234601EB820100EB8200B8
:1050A0005DF8044B1847094BD3F8AC24D3F8B0444F
:1050B0005208C3F8B424002CE0D0D3F8A814D3F8D5
:1050C000A404E8E704580140045C0140B81F002034
:1050D0002DE9F0470C684FF41776774F86B004FB44
:1050E00006F6012C07EB0608C0F8008000F39F804D
:1050F00000230D468E46C446C8F85032C8E99233A4
:1051000069A3D3E900236AA1D1E90001CDE9022313
:1051100006AB03EB8403CDE9040153F810AC53F85C
:10512000089CBEE80F00ACE80F00BEE80F00ACE83A
:105130000F009EE80300C8F828A0C8F8C0908CE8CB
:1051400003002B69042B0CD8DFE803F078828C96DF
:1051500003004FF41773594A03FB04739A64C3F8AE
:10516000E020AA692B6A002A42D0002B4FF4177363
:1051700008BF022203FB047318BF0322DA62012274
:105180001A63EA696B6A002A3FD1191E4FF417733C
:1051900018BF012103FB0473C3E9311269690129B6
:1051A00043D0022947D1032500214FF4177306F19C
:1051B00028002A46019103FB0473002438445C64F0
:1051C0005C63DC65C3F8DC40C3F8CC40C3F8F44052
:1051D000C3E90F44C3E91544C3E93544C3E93B447B
:1051E000022309F053F8019900284FD0FFBEFEE7D3
:1051F000191E4FF4177318BF012103FB0473C3E991
:105200000B12EA696B6A002ABFD0002B4FF41773A8
:105210000CBF0222032203FB0473C3F8C420012243
:10522000C3F8C82069690129BBD10225BDE7012067
:1052300006B0BDE8F08700252946B6E74FF417739E
:105240004FF4FA5203FB04739A64C3F8E02088E732
:105250004FF417734FF47A5203FB04739A64C3F844
:10526000E0207EE74FF417734FF4FA4203FB047318
:105270009A64C3F8E02074E74FF417734BF680325A
:1052800003FB04739A64C3F8E0206AE706F1C000E8
:1052900002232A46384408F0F9FF0028C8D0FFBE90
:1052A000FEE700BFAFF3008004580140045C0140FA
:1052B00024580140245C0140B81F00200077010001
:1052C0000068704770B5046882B015460E46C4F891
:1052D0005032C4E99212069AC4F85422A269012AF3
:1052E00026D0626A012A9AB211D0294604F1C00080
:1052F000019209F0F3F8236A019A012B10D0294694
:1053000004F1280009F0EAF8002002B070BD04F1B1
:10531000C000019209F074F9236A019A012BEED1C1
:10532000314604F1280009F06BF9002002B070BD8D
:10533000226A012A9AB211D0294604F1280001926A
:1053400009F0CCF8636A019A012B10D0294604F1C8
:10535000C00009F0C3F8002002B070BD04F12800BD
:10536000019209F04DF9636A019A012BEED13146A1
:1053700004F1C00009F044F9002002B070BD00BF84
:1053800010B5046804F1280009F03AF804F1C000EF
:1053900009F036F8002010BD03681B69042B05D8FE
:1053A000044A02EB830393ED000A70479FED020A63
:1053B000704700BF2085012400803B470368D3F875
:1053C00058027047064B6FF0F4124FF60B71C3E9A9
:1053D00001229981A3F86812C3E99822704700BF9F
:1053E000B81F0020704700BF08B500F0CFFFBDE830
:1053F000084001F0B9BF00BF064808B503680BB10B
:1054000003F03AFE044803681BB1BDE8084005F00C
:105410002DB808BDA050002090490020064808B5CE
:1054200003680BB103F028FE044803681BB1BDE814
:10543000084005F01BB808BDA0500020904900208E
:10544000064808B503680BB103F016FE044803686C
:105450001BB1BDE8084005F009B808BDA050002008
:1054600090490020364BDA6A520062D59A6A9A6AED
:105470009A6A9B6A180600D500BE314B9B6A990652
:1054800000D500BE2E4B9B6ADA0600D500BE2C4B21
:105490009B6A1B0700D500BE294B9B6A980700D565
:1054A00000BE274B9B6AD90700D500BE244B9B6AE0
:1054B0001A0400D500BE224B9B6A9B0400D500BE97
:1054C0001F4B9B6AD80400D500BE1D4B9B6A190573
:1054D00000D500BE1A4B9B6A5A0500D500BE184B7A
:1054E0009B6A9B0500D500BE154B9B6AD80500D56D
:1054F00000BE134B9B6A990100D500BE104B9B6AFE
:10550000DA0100D500BE0E4B9B6A1B0300D500BE1E
:105510000B4B9B6A580300D500BE094B9B6A99034D
:1055200000D500BE064B9B6ADA0306D400BE00BE5F
:10553000FEE7DB6A9B07FAD5F8E700BEF6E700BF97
:1055400000ED00E000F02EBF00F032BFB0B1431E0E
:10555000022B12D81F4B9B6803F17843B3F5003F31
:105560000BD3022831D003282BD11B4B1B4A1A60C6
:105570001B4B00221A6601F07DBE704700B540F259
:10558000063189B04FF60B720346ADF80810029948
:105590000090ADF80C2001220690CDE9040003A88C
:1055A000FEF72EFB03A80121FEF71CFC0A2000F0E9
:1055B000FFFE0B4B00221A6609B05DF804EB01F008
:1055C00059BE054B00221A60D2E7034B054A1A6008
:1055D000CEE700BF00ED00E000008038FA4E07B0D3
:1055E0000044025807B0FE5A0A4B9B6803F1784307
:1055F000B3F5003F0BD3084B986848B19868012871
:1056000006D09868022803D09B68032070470120C9
:10561000704700BF00ED00E000008038000000008F
:105620002DE9F041CEB004464C2200210AA80FF02B
:10563000E1FE2022002102A80FF0DCFEC0220021A2
:105640001EA80FF0D7FE022005F056FE2368012B9E
:105650004FF0000354D0584A02250193C820D16A64
:10566000564B21F00101D162D26A02F0010201928F
:105670009A6942F440429A619B6903F44043019362
:10568000019B4E4A93699B04FCD54D49022400229C
:1056900001268B6A04274FF0080823F003032343F5
:1056A0008B62052316900AA818934FF48033109646
:1056B000179419941597CDF86880CDE91B22212203
:1056C000CDE91344CDE90A2306F07AFB00B1FEE7E9
:1056D0003F220323294602A8CDE902230022082302
:1056E000CDE9042340224023CDE9062340234FF493
:1056F0008062CDE9082306F0FDFE0346B8B1FEE75F
:105700002E4A04250093F02091692B4B41F440412F
:105710009161926902F440420092DA6A42F0010219
:10572000DA62DB6A03F001030093009BA9E7202201
:1057300026932E9380212C924FF48052319306258C
:105740003F931EA8279236924FF4803225914FF452
:1057500040113292479200222895802540911021D5
:10576000CDF888802B9720962A91CDE92F3440F2EE
:10577000271329934FF480632D930023CDE923460B
:10578000CDE93C234FF480740C23449402242193EC
:1057900007A3D3E90023CDE93445CDE91E2307F063
:1057A00095F900B1FEE705F0CBFD4EB0BDE8F08104
:1057B0000F130F03000000000004005800480258B7
:1057C0000044025870B584B0012401F07BFD4FF411
:1057D00080764FF04052194B68460025ADF80040E6
:1057E0000396CDE9012301F08BFD19224FF04043D0
:1057F00068468DF8082001938DF80F40ADF80D60D4
:105800008DF801408DF80A5001F07AFD02230B2239
:1058100068468DF80F508DF801304FF062538DF8C7
:1058200008200193ADF80D408DF80A4001F068FDA5
:10583000042001F055FD04B070BD00BF0E0001034F
:1058400030B50D46044685B0D1E9000184E8030077
:1058500000F06CFDAB79002B63D00DF03DFFFEF73F
:10586000DDFB0CF0EFF90DF0DBFB2B795BB3304C7B
:10587000636913F4803326D1C4F88430BFF34F8FAB
:10588000D4F8801043F6E07EC1F34E3CC1F3C90169
:105890004FEA4C1C0CEA0E000B4640EA8372013BB7
:1058A000C4F860225A1CF8D1ACF1200C1CF1200F76
:1058B000F0D1BFF34F8F636943F480336361BFF36B
:1058C0004F8FBFF36F8F6B79B3B1194A536913F4DC
:1058D000003311D1BFF34F8FBFF36F8FC2F8503237
:1058E000BFF34F8FBFF36F8F536943F4003353619E
:1058F000BFF34F8FBFF36F8F4FF0FF3200230024B1
:10590000002569460B4802928DF80C30CDE9004520
:105910000CF0CCFD07480CF031FE0BF02FFB05B06E
:1059200030BD2046FFF77CFE2046FFF74BFF94E793
:1059300000ED00E07024002006F044BF06F08ABFAE
:105940001C4B9B6803F17842B2F5003F25D3B3F5B9
:10595000803F20D303F16042B2F5003F1FD303F133
:105960005C42B2F5002F1CD303F17042B2F5902FC8
:1059700019D303F14842B2F5803F16D303F18042B8
:10598000B2F1806F13D303F1E043B3F5000F2CBFE6
:105990000820072070470120704700207047022030
:1059A0007047032070470420704705207047062089
:1059B000704700BF00ED00E003480023034A04499C
:1059C00003600FF0B3BC00BF702400200000002073
:1059D000E5530024704700BF0020704770B50446AF
:1059E000074E0D46304621460AF044FD30460AF087
:1059F00069FD044B204629461B689847002070BD6E
:105A0000D40D00207444002070B50446074E0D46A6
:105A1000304621460AF02EFD30460AF053FD044B75
:105A2000204629461B689847002070BDB010002012
:105A30007844002000220949094808B50AF00CFD05
:105A4000084907480AF016FD074B1A680AB10020FA
:105A500008BD064A00201A6008BD00BF743400204B
:105A6000D40D00207424002074440020D559002453
:105A700000220949094808B50AF0EEFC0849074820
:105A80000AF0F8FC074B1A680AB1002008BD064A64
:105A900000201A6008BD00BF743C0020B010002038
:105AA000742C002078440020D559002420280AD0E6
:105AB000212806D1094B18689A889B7908608A804A
:105AC0008B7100207047054B0868B1F804C08A79D3
:105AD00018600020A3F804C09A7170477400002079
:105AE00020280AD0212806D1094B18689A889B796A
:105AF00008608A808B7100207047054B0868B1F8F8
:105B000004C08A7918600020A3F804C09A71704715
:105B10007C0000200020704710B5094CD4F8BC323E
:105B2000D3F814320BB1012010BD0A4601462046BD
:105B30000AF092FC2046BDE810400AF0A7BC00BF66
:105B4000B01000204B4A036830B593428BB04FF041
:105B50000004CDE90444CDE90644089404D0464A43
:105B6000934249D00BB030BD444D4FF4C05244482D
:105B7000D5F8E03043F00103C5F8E030D5F8E03067
:105B800003F0010300930223009904A9CDE9042343
:105B90000A23089303F064F84FF40072002304A969
:105BA00037480694CDE9042303F05AF8D5F8D830E5
:105BB0002246214643F000636220C5F8D830D5F86C
:105BC000D83003F000630193019B01F0F3FA6220E7
:105BD00001F02EFB22462146632001F0EBFA632000
:105BE00001F026FB22462146652001F0E3FA6520FC
:105BF00001F01EFB0BB030BD204D4FF4404204A914
:105C0000D5F8E03043F00203C5F8E030D5F8E030D5
:105C100003F002030293022302981A48CDE90423F9
:105C20000C23089303F01CF8D5F8D83022462146FF
:105C30004A2043F00073C5F8D830D5F8D83003F0C7
:105C400000730393039B01F0B5FA4A2001F0F0FAC8
:105C5000224621464B2001F0ADFA4B2001F0E8FA34
:105C6000224621464D2001F0A5FA4D2001F0E0FA30
:105C70000BB030BD00000840000004400044025852
:105C8000000002580004025800F2C441D0F8080590
:105C90000AF096BC01EBC10300EB8303D0F80805C2
:105CA000D3F888220AF0BCBC01EBC10300EB8303EC
:105CB000D0F808059A6C0AF0EDBC00BFD0F80805D2
:105CC0000AF096BD016910B5044619B1022900D049
:105CD000FEE70121D4F808050AF06AFDD4F80805AA
:105CE000BDE810400AF036BD10B50446D0F80805EE
:105CF0000AF062FD2268D2F8003E43F00103C2F8C8
:105D0000003E236A23B1034A136943F0060313617B
:105D100010BD00BF00ED00E0D0F808050AF05CBD42
:105D2000D0F808050AF08ABDD0F808050AF070BD61
:105D3000D0F808050AF098BDD0F808050AF096BD1D
:105D400070B5067804461EB1012E30D0002070BD1B
:105D5000304D0923304AC5F80805C0F8C852284616
:105D6000EE602E63C5E90023022302222B6100238B
:105D7000C5E9062300220023C5E9082301220123E7
:105D8000C5E90A2304F0C2FA00B1FEE780212846E3
:105D900005F092FA31464022284605F063FA802247
:105DA0000121284605F05EFA2678012ECED11B4D42
:105DB00009221B4B00216A6002222B600223C5F8D6
:105DC000084528462B610023C4F8C852E960C5E99C
:105DD000062300220023C5E90823C5E90C2301227C
:105DE0000023C5E90A2304F091FA044600B1FEE756
:105DF0004FF40071284605F05FFA214680222846BC
:105E000005F030FA4FF4BA723146284605F02AFA06
:105E10009CE700BF8044002000000840904900201B
:105E200000000440D0F8C80208B504F0FDFA0328C9
:105E300002D8024B185C08BD032008BD348501243C
:105E40009446D0F8C8021A4608B5634605F0C8F86B
:105E5000032802D8024B185C08BD032008BD00BF10
:105E600034850124D0F8C80208B505F0F7F80328F6
:105E700002D8024B185C08BD032008BD34850124FC
:105E8000D0F8C80208B505F06DF9032802D8024B16
:105E9000185C08BD032008BD34850124D0F8C80271
:105EA00008B505F0A3F9032802D8024B185C08BD19
:105EB000032008BD348501240A06D0F8C83206D470
:105EC00001EBC10103EB810191F87E02704701F003
:105ED0007F0101EBC10103EB810191F83E007047A6
:105EE000D0F8C80208B505F065F8032802D8024BBF
:105EF000185C08BD032008BD34850124D0F8C80211
:105F000008B505F00DF9032802D8024B185C08BD4E
:105F1000032008BD34850124D0F8C80208B505F077
:105F2000D3F8032802D8024B185C08BD032008BD33
:105F300034850124D0F8C80205F0E8B812230148DE
:105F40000B807047D0000020122301480B8070475F
:105F5000BC000020042301480B807047E4000020AF
:105F600010B5044C0A46044821460AF04FFF20466B
:105F700010BD00BF9C4E00203885012410B5044C94
:105F80000A46044821460AF041FF204610BD00BFE2
:105F90009C4E00204885012410B5044C0A46044854
:105FA00021460AF033FF204610BD00BF9C4E002062
:105FB0005C85012410B5044C0A46044821460AF0C9
:105FC00025FF204610BD00BF9C4E0020688501249F
:105FD00010B5044C0A46044821460AF017FF204633
:105FE00010BD00BF9C4E0020788501240423014889
:105FF0000B807047E400002010B5044C0A460448AA
:1060000021460AF003FF204610BD00BF9C4E002031
:1060100038850124464A4FF01A0CD2F80008D2F80D
:106020000838A1F800C0C31801D142487047180FC2
:10603000B3F1204FD2F804184FF0000C3D4A2CBFAA
:106040003730303082F803C04FF0000C9070C3F34B
:10605000036082F805C04FF0000C092882F807C0E1
:106060004FF0000C8CBF3730303082F809C04FF051
:10607000000C1071C3F3035082F80BC04FF0000CFA
:10608000092882F80DC08CBF373030309071C3F3CF
:10609000034009288CBF373030301072C3F303300F
:1060A00009288CBF373030309072C3F303200928A1
:1060B0008CBF373030301073C3F3031003F00F037D
:1060C00009288CBF37303030092B90734FF0000017
:1060D00094BF30333733B1F1204FD07313744FEA8C
:1060E00011734FF000002CBF373330335074002051
:1060F0009374C1F30363D0740020092B50754FF0E3
:1061000000008CBF37333033D0751375C1F30353A0
:106110000848092B8CBF373330339375C1F30343E1
:10612000092B94BF303337331376002353767047EF
:1061300000E0F11FE8000020464A4FF01A0CD2F8A8
:106140000008D2F80838A1F800C0C31801D14248AD
:106150007047180FB3F1204FD2F804184FF0000C1D
:106160003D4A2CBF3730303082F803C04FF0000C6E
:106170009070C3F3036082F805C04FF0000C09284B
:1061800082F807C04FF0000C8CBF3730303082F8F7
:1061900009C04FF0000C1071C3F3035082F80BC01C
:1061A0004FF0000C092882F80DC08CBF373030301A
:1061B0009071C3F3034009288CBF37303030107220
:1061C000C3F3033009288CBF373030309072C3F3EB
:1061D000032009288CBF373030301073C3F303100D
:1061E00003F00F0309288CBF37303030092B907330
:1061F0004FF0000094BF30333733B1F1204FD073EC
:1062000013744FEA11734FF000002CBF3733303353
:10621000507400209374C1F30363D0740020092BE1
:1062200050754FF000008CBF37333033D075137585
:10623000C1F303530848092B8CBF373330339375B0
:10624000C1F30343092B94BF303337331376002354
:106250005376704700E0F11FE800002010B5044CB1
:106260000A46044821460AF0D1FD204610BD00BF71
:106270009C4E00206885012410B5044C0A46044851
:1062800021460AF0C3FD204610BD00BF9C4E0020F1
:106290005C850124D0F800030AF02ABED0F8000380
:1062A0000AF03EBED0F800030AF046BE704700BFB9
:1062B000D0F800030AF02CBED0F800030AF02CBE80
:1062C000D0F8D40308B503F051FB032802D8024BE1
:1062D000185C08BD022008BD8C850124704700BFF2
:1062E0000F4B1B780BB90120704710B504464FF4D3
:1062F0007A700C4AB0FBF3F31068B0FBF3F000F0D7
:10630000CBFF0F2C00D808B1012010BD0022214680
:106310004FF0FF3000F04EFF034B00201C6010BD1B
:1063200002010020A00500200401002010B5032078
:10633000124C00F02DFF06F03DF8114B11499A69FF
:106340009B69C2F3032203F00F038A5CCB5C02F06B
:106350001F020D4903F01F03D04020FA03F3086029
:106360000E202360FFF7BCFF10B10124204610BDB2
:106370000446FFF7B3FF204610BD00BFA405002070
:106380000044025834860124A0050020034A044B2F
:1063900011681B780B441360704700BFA4530020A2
:1063A00002010020014B1868704700BFA453002071
:1063B00038B50446FFF7F6FF0546631C02D0044BD0
:1063C0001B781C44FFF7EEFF431BA342FAD338BDF2
:1063D00002010020014B1868000C70470010005C9F
:1063E000704700BF806B08B5FFF7FAFF08BD00BF1C
:1063F000836B5A6D12F0500F5A6D10B51DD119688C
:1064000042F400725A650A6812F0080FCA681BD07D
:1064100012F4406F0DD1CA6894040AD45A6D22F464
:1064200080725A655A6DD10403D45A6D42F001024C
:106430005A651846FCF7F4FF10BDD2060AD4DB6C8F
:10644000BDE81040DB6C18479007E7D01846FCF712
:10645000E7FFF1E71846FDF791F810BD806B08B52E
:10646000436D43F040034365836D43F0040383654C
:10647000FDF784F808BD00BFF0B5002283B001929B
:1064800090F85020012A00F0B880034601201A68D5
:1064900083F850009468640708D55A6D42F02002D2
:1064A0005A65002283F8502003B0F0BD0C68002C20
:1064B000C0F2A180C4F31305002D00F0978094FA78
:1064C000A4F515B1B5FA85F5A840A40ED569284301
:1064D000D0614D681F2002F1300E04F01F04AE0998
:1064E00005EA000C06F00C0600FA0CF704FA0CF4AE
:1064F00056F80E0020EA0700044346F80E40906864
:10650000400776D4956815F0080555D10C6802F15E
:10651000140607208F684FEAD45CC4F304540CF0CF
:10652000040C00FA04FE07FA04F4B64F5CF8060007
:1065300020EA0E0020434CF80600386800F0704056
:10654000B0F1805F00F0E880D068D668C70600F13F
:10655000EB80C6F382064869760000FA06F60F69FA
:10656000042F7BD002F16004086854F827C000F0C3
:10657000F8400CF0004C40EA0C00304344F827008F
:10658000487E0E69012854F826000CBF4FF00047E2
:10659000002720F00040384344F826000C7E0869AC
:1065A000012C04D100F01F004FF4006585401069F4
:1065B00020F4F040054315619068C40714D4CE68F8
:1065C0000C6806F018079048D2F8C050F840C4F3A1
:1065D0001307204025EA07052843C2F8C0008B486E
:1065E000864257D0002C0BDB00205AE7A40EA040B7
:1065F0006CE79068E0E7A40E6BE7022003B0F0BD03
:1066000083498A4200F0B68001F580718A4200F029
:10661000B180804D8048A968806801F0E076C04371
:1066200000F00100002800F0B4807C48844200F0B3
:10663000FD807B48844200F01C817A488442D3D19B
:106640004902D1D474498A42CED1AA68002022F0EE
:10665000E072324342F48002AA6022E7106E0C68B6
:1066600000F0F840A506B0EB846F79D0506E00F0D2
:10667000F84085426FD0906E00F0F840854274D0AB
:10668000D06E00F0F840854296D1D06E20F00040E8
:10669000D06691E7002F4ED094FAA4F5002D00F0BB
:1066A0008C80B5FA85F0013000F01F06092E40F20B
:1066B0008480B5FA85F580060126013500F0F840A2
:1066C00094FAA4F405F01F0506FA05F50543002C1D
:1066D00000F0DF80B4FA84F4A0196FF01D0600F01A
:1066E0001F04032010FB0460000540F000702843E5
:1066F000072402F11405C60DC0F3045006F0040689
:1067000004FA00F7745924EA07048F6807FA00F0C6
:10671000204370510C6865E7D6684869C6F3820665
:10672000760000FA06F61AE77608486906F00806C9
:1067300000FA06F613E7A40E013404F01F06092E32
:106740002DD8A506012005F0F845B040054306EB1D
:1067500046000005CBE7506E20F0004050668AE707
:10676000106E20F00040106680E7906E20F0004030
:10677000906685E726482C4D00F58070A96850F892
:10678000F86C8068304301F0E076C04300F001000F
:1067900048E75A6D012042F020025A6581E606EB77
:1067A0004600A50601241E3805F0F84504FA06F651
:1067B0000005354340F0007099E794FAA4F00028F2
:1067C0006ED0B0FA80F00130800600F0F84094FA04
:1067D000A4F5002D62D0B5FA85F50126013505F046
:1067E0001F0506FA05F5054394FAA4F4002C52D0CF
:1067F000B4FA84F4013404F01F0404EB44042005CB
:1068000075E700BF0010005CFFFF0F000000FF47AE
:10681000002002400063025800600258000084CB50
:10682000000052C70000B8CF0023024008023FF525
:10683000DBAE1D498A427FF4D7AE1C4A1C48126861
:10684000A968920921F0E071A0FB0202314392098C
:1068500041F400010132A96052000192019A002A1C
:106860003FF4C2AE019A013A0192019A002AF9D18D
:10687000BAE611F080707FF4B7AE0B498A427FF41C
:10688000B3AEAA6822F0E072324342F08072AA608E
:1068900007E608482BE74FF4401028E70225A2E757
:1068A0004FF0806093E700BF00600258A005002011
:1068B000632D3E05000050FE03689A6812F0040F35
:1068C0009A6870B5044603D1120701D4002070BD48
:1068D000DA68960104D5A08A40F2011290421AD0DB
:1068E00002299A6840D0560708D59A68900705D4BF
:1068F00098682D4A024042F010029A60012919D08E
:106900009A68120702D59A68900734D5032914BFF4
:1069100004250C250FE01A68500606D4234A01E02E
:10692000013A18D019684906FAD540221A609A68C7
:10693000520727D40425FFF735FD236806469B68D8
:106940001D42C3D0FFF72EFD831B052B2368F6D90C
:106950009A682A42F3D0636D012043F01003636507
:10696000A36D0343A36570BD150702D59A6892070E
:1069700013D50825DFE798680B4A024042F0200251
:106980009A60C3E79A689607D4D499680425064AA2
:106990000A4042F010029A60CDE79968024A0A4024
:1069A00042F020029A60E4E7C0FFFF7F00DC0C00A9
:1069B00003689A68D10701D5002070479968214A79
:1069C000114270B504462CD199681F4A0A4042F022
:1069D00001029A60FFF7E6FC23681C4A05469342D1
:1069E00028D002F58072934224D0194A92681A681E
:1069F000D60714D4144E9A68D00704D49A6832404B
:106A000042F001029A60FFF7CDFC431B022B236882
:106A100002D91A68D10704D51A68D207EBD500202D
:106A200070BD636D012043F010036365A36D0343E4
:106A3000A36570BD074A9268D206D8D0064A934231
:106A4000D5D1ECE73F000080C0FFFF7F002002406F
:106A50000063025800230240002102402DE9F0416A
:106A60003E4D044600680F461646A84219D03C4BDE
:106A7000984216D03B4DAB688068420716D494F814
:106A80005020012A12D003F01F080122B8F1090F8B
:106A900084F850200DD90023012084F85030BDE83F
:106AA000F081314DAB6880684207E8D50220BDE82F
:106AB000F08140F2212323FA08F3DB4313EA0205B5
:106AC000E9D12046FFF774FF002841D1626D274BC2
:106AD0002168134043F480736365B8F1000F02D05E
:106AE0001F4B994203D0636D23F480136365636D7C
:106AF00013F4805330D0A36D23F00603A365E06C3C
:106B000033461B4D3A46E66A4031C563194D05646C
:106B1000194DC5641C2541F8405C002584F850508F
:106B200051F83C5C45F0100541F83C5C51F8345C90
:106B300025F00305354341F8345C01F05BF9226828
:106B40000E4B91680B4043F004039360BDE8F08165
:106B500084F85050BDE8F081A365D0E700200240E2
:106B6000002102400063025800230240FEF0FFFFB4
:106B7000F1630024E56300245D640024C0FFFF7F0F
:106B800038B503689A68950702D59B68002038BD20
:106B90009A68D40729D59A68044602F00D02012AA2
:106BA00008D0636D012043F010036365A36D0343B8
:106BB000A36538BD986803210D4A024042F00202E5
:106BC0009A601960FFF7EEFB236805469B68D907BA
:106BD0000BD5FFF7E7FB401B2368022802D99A6810
:106BE000D207DED49B68DB07F3D4002038BD00BF9A
:106BF000C0FFFF7F38B590F85030012B26D001231D
:106C00000321044680F85030FFF756FE0546C0B910
:106C10002368E06CDA6822F00302DA6090F835202D
:106C2000022A16D05A6822F010025A602046FFF756
:106C3000A7FF054628B9626D114B134043F00103CD
:106C400063650023284684F8503038BD0225284665
:106C500038BD01F071FA054660B1636D20462268C7
:106C600043F040036365536823F010035360FFF75C
:106C700087FFE6E72268536823F010035360D5E7E7
:106C8000FEEEFFFF38B5574A04460368934226D00C
:106C900002F58072934222D0534B9B6813F4403F1D
:106CA00022D005F04FFD63680546B3F5003F00F0C4
:106CB0008880B3F5403F6CD0B3F5803F00F0818011
:106CC000FFF788FB41F2030398424BD8474B9D42A4
:106CD0002AD92268936843F48073936038BD444B8B
:106CE0009B6813F4403FDCD14FF40020002106F0F4
:106CF0003DFF63680546B3F5101F6CD008D8B3F5A7
:106D0000E01F50D016D9B3F5001FD9D14509D7E7F8
:106D1000B3F5201F45D0B3F5301FD1D1FFF75AFB93
:106D200041F20303984240D82268936823F48073A9
:106D3000936038BDB3F5801F06D00AD9B3F5A01F04
:106D400002D0B3F5C01FBBD19B0C5B00B5FBF3F5C4
:106D5000B6E7B3F5002FF7D023F40022B2F5802F69
:106D6000F2D0ADE7234B9D4205D82268936823F407
:106D70004073936038BD204B9D421AD91F4B226847
:106D80009D42936829D823F4407343F400739360C1
:106D900038BD8508FFF71EFB41F203039842E1D896
:106DA00094E7C5098CE705098AE7124BB3EB152F69
:106DB000DBD22268936823F4407343F480739360BA
:106DC00038BD1B0CB5FBF3F5FFF704FB41F20303E1
:106DD0009842C7D87AE7850972E743F44073936015
:106DE00038BD00BF0020024000630258002D310171
:106DF0000023024021BCBE0041787D0181F0FA02EF
:106E000070B5002382B00193002800F0D180456D59
:106E10000446002D00F0BB80226893689D0003D5D6
:106E20009168724B0B4093609368D80016D4704BF6
:106E300070491B6890689B09A1FB03136E499B096D
:106E40000140013341F0805191600193019B2BB1CE
:106E5000019B013B0193019B002BF9D19368D90061
:106E600024D4636D012543F010036365A36D2B43A8
:106E7000A365936813F0040F636D1DD1DB061BD46B
:106E8000636D23F4817343F0020363659368DE0747
:106E900028D45A4B9A4217D003F580739A4213D0E4
:106EA000574B9B68D9071DD4564A15E093680025B7
:106EB00013F0040F636DE1D0636D012543F01003FF
:106EC0002846636502B070BD4C4A4F4B92689B6880
:106ED0001343D80706D44D4A9368616823F47C13A2
:106EE0000B439360FFF776FA41F20303A1689842DF
:106EF000237F52D894F815C01A04206B42EA4C3212
:106F000002430A43012B03D1236A013B42EA434275
:106F1000636A23B103F47873A16A0B431A432368AD
:106F20003B49D86801400A43DA609A6812F0040FBE
:106F30009A681CD112071AD4D868364A217D0240BB
:106F400042EA8132E16A0A43DA6094F83820012A81
:106F50003AD01A6922F001021A611A692046616B5F
:106F600022F070420A431A61FFF78CFE2368E26840
:106F7000012A21D01A6B22F00F021A63636D284692
:106F800023F0030343F00103636502B070BDFCF717
:106F9000EFF9A56584F850503EE71029AAD1617D2C
:106FA0001A0442EA4132216B0A4342F01C02A9E76B
:106FB0000125284602B070BD196BA26921F00F01AE
:106FC000013A0A431A63D9E7D4E90F12666C013912
:106FD0001869324342EA0142A16C0A430E4901405A
:106FE0000A4342F001021A61B7E700BFC0FFFF5F2A
:106FF000A0050020632D3E05C0FFFF6F002002406A
:107000000060025800630258002102400023024041
:1070100003C0F0FFFCBFFFFF1EF800FCF0B500232B
:1070200083B0019390F85030012B40D001230446E7
:107030000E46154680F85030FFF7A2FDE8B9676D9F
:1070400005F080421B4B06F480311B4D3B401B4F2B
:1070500043F00203636523689E68354015430D4382
:1070600045F000459D609A68002A0FDB636D23F0B0
:10707000030343F00103636503E0636D43F0100312
:107080006365002384F8503003B0F0BD019A0132EB
:107090000192019ABA42E6D3636D0022012023F0E7
:1070A000120384F8502043F010036365ECE70220DC
:1070B00003B0F0BDFDEEFFFFC0FFFE3F00F8C325AB
:1070C000F0B490F850209AB00E68012A4DD00346D3
:1070D0002B4C002201201D681692A54283F8500017
:1070E000179208D0596D83F8502041F0200159655E
:1070F0001AB0F0BC7047234CA26852070BD5AA689F
:107100005A6D012042F020025A65002283F8502077
:107110001AB0F0BC7047A86810F00400F0D1C6B1F6
:10712000DFF868C04F68DCF8082022F440423A4398
:10713000CCF80820AD68A2682A43D40713D48A6823
:10714000DCF808101643104A0A401643CCF80860D1
:10715000DBE70E498A6822F440428A60A868A26888
:107160000243D00705D50020CFE702201AB0F0BCBB
:1071700070478C683046044A22408A60C5E700BFE9
:107180000020024000210240E0F0FFFF0023024007
:1071900006494FF6FF0C0002054BCA6800F4E06098
:1071A00002EA0C0210430343CB60704700ED00E09D
:1071B0000000FA051B4BDB68C3F3022300B5C3F1E3
:1071C000070E03F1040CBEF1040F28BF4FF0040EAC
:1071D000BCF1060F1AD9033B4FF0FF3C0CFA03FC3D
:1071E00022EA0C024FF0FF3C00280CFA0EFC21EAC8
:1071F0000C0101FA03F141EA02010ADB09010A4B21
:10720000C9B2034483F800135DF804FB002213465F
:10721000E8E700F00F000901044BC9B203441976F6
:107220005DF804FB00ED00E000E100E0FCEC00E0B4
:10723000002807DB012300F01F01034A40098B40AF
:1072400042F82030704700BF00E100E000280DDB6D
:107250004309012200F01F000549203302FA00F023
:1072600041F82300BFF34F8FBFF36F8F704700BF0C
:1072700000E100E0BFF34F8F0549064BCA6802F4F6
:10728000E0621343CB60BFF34F8F00BFFDE700BF49
:1072900000ED00E00400FA05431EB3F1807F0CD23C
:1072A0004FF0E022002006494FF0F00C5361072315
:1072B00081F823C09061136170470120704700BFBF
:1072C00000ED00E0BFF35F8F044B00215A6A22F407
:1072D00080325A62C3F89410704700BF00ED00E09E
:1072E000064B40F00100C3F894005A6A42F4803221
:1072F0005A62BFF34F8FBFF36F8F704700ED00E00E
:10730000174A4378C2F89830017821B3436800B532
:10731000C2F89C30C37A90F80CC01B0690F80FE0BE
:1073200043EA0C7390F80AC00B43817B43EACC43D9
:1073300090F80DC043EA8C4390F809C043EA4143FA
:10734000017A43EA0E4343EA0C2343EA4103C2F8BD
:10735000A0305DF804FBC2F89C10C2F8A010704782
:1073600000ED00E0704700BF08B5FFF7FBFF08BD68
:1073700088B110B50379044603F0FF023BB1002346
:1073800002210122217118462361227110BD427130
:10739000FCF712F9F3E70120704700BFF8B5044687
:1073A0004079069F012853D00D46114601222668D8
:1073B0006271022222713DBBA068042F374ADFF8B8
:1073C000E4C0C2633268C0F840C042F48052DFF8C3
:1073D000D8C0C0F84CC0326042D0082F3DD0002F3A
:1073E00038D02A46376847F40057376000F002FD6E
:1073F0000023637138BB236805F0100101251A686A
:107400008D4015431D60F8BDE068042F244ADFF865
:107410009CC0C2633268C0F840C042F08052DFF8BE
:1074200090C0C0F84CC032602FD0082F24D0D7B104
:107430003768002247F00057376000F0DBFC00237C
:1074400063710028D7D0236943F004032361F8BD9A
:107450000220F8BD06F10802C4E706F11002C1E7F8
:1074600006F10C02BEE7376806F1140247F0005738
:10747000376000F0BFFCE2E7376806F11C0247F016
:107480000057376000F0B6FCD9E7376806F11802FC
:1074900047F00057376000F0ADFCD0E711750024CD
:1074A00011770024217500243175002421770024F0
:1074B0003177002438B54FF4805C036801F0100E7A
:1074C00004461D6801200CFA0EFC00FA0EF025EAB5
:1074D0000C051D601A6822EA00021A6059B9A068FA
:1074E00000F02AFE22680020136823F40053136082
:1074F0000123237138BDE06800F01EFE22680020E1
:10750000136823F0005313600123237138BD00BFBB
:1075100010B5846B2046FCF71BF90123237110BDC5
:10752000806B08B5FCF744F908BD00BF704700BF89
:1075300010B5846B2369204643F004032361FFF7F1
:10754000F5FF0123237110BD704700BF03681A685F
:10755000910410B5044602D55A6B920418D41A68E7
:10756000910002D55A6B920000D410BD04224FF056
:10757000005120462271226942F0020222615963C1
:107580001A6822F08052BDE810401A6000F0DCB8A2
:1075900004224FF400510271026942F001020261BB
:1075A00059631A6822F480521A60FFF7CDFF2368EE
:1075B000D5E700BF2DE9F04143790E460968012B5C
:1075C00000F09880012304290546144643714FF0CA
:1075D0000203037145D002F0100200683369012BE9
:1075E00008D11F24836B944023EA040473699340F9
:1075F00023438363072404FA02F3C46B24EA0304DD
:10760000D6E90273012B28D0022B28D0B7FA87F3D2
:107610005B093B430B4371689340914023434FF414
:107620008044C3639440036823EA040340F6FE7475
:1076300003609440036823EA040301240B43C02140
:10764000036001FA02F30268002122EA03020260E9
:1076500008462C716971BDE8F0810023D9E7012348
:10766000D7E7FEF79FFE2B6807465B6B1CBBDFF876
:107670009C8013EA080F0DD0FEF794FEC31B012B6C
:107680002B6803D95A6B12EA080F36D15B6B13EAE9
:10769000080FF1D10120FEF78BFE2868B36903645F
:1076A00011E0FEF77FFEC31B012B2B6802D95A6B3A
:1076B000002A22DB5B6B002BF3DB0120FEF778FE58
:1076C0002868B369436404F0100240F2FF31836C10
:1076D000914023EA0103F16991400B43FF21836448
:1076E0009140C36C23EA0103316A91400B43316836
:1076F000C36473E70220BDE8F0812B69032243F0E5
:10770000080310462B612A71A5E700BF0080002006
:1077100010B5846B2046FCF78BF80123237110BD54
:10772000806B08B5FCF76EF808BD00BF704700BF5E
:1077300010B5846B2369204643F004032361FFF7EF
:10774000F5FF0123237110BD704700BF0268344B61
:10775000344930B4344D354CAA4218BF9A420CBF5C
:10776000012300238A4208BF43F001033031A242C3
:1077700008BF43F0010330348A4208BF43F00103DD
:107780003031A24208BF43F0010330348A4208BFBF
:1077900043F0010301F55C71A24208BF43F001030D
:1077A00004F55C748A4208BF43F001033031A24201
:1077B00008BF43F0010330348A4208BF43F001039D
:1077C0003031A24208BF43F0010330348A4208BF7F
:1077D00043F001033031A24208BF43F001038A4263
:1077E00008BF43F0010313B9114B9A4213D1D3B22E
:1077F0001049114C103BA1FB03515F2B0F4BC1F300
:10780000021103EA0203615C88BF0433C16583652A
:10781000184630BC704722F0FF038365F8E700BFCD
:107820001000024040000240280002405800024080
:10783000B8040240ABAAAAAA9085012400FCFFFF6D
:107840000368294A294930B4294D2A4CAB4218BF54
:1078500093420CBF012200228B4208BF42F001027A
:107860002831A34208BF42F0010228348B4208BFEE
:1078700042F001022831A34208BF42F001028B42CC
:1078800008BF42F0010212B91B4A934213D1DBB286
:107890001A4C1B4A0121083B1A4DA4FB03434566C1
:1078A00002EB1312C3F30413920001FA03F302660E
:1078B000836630BC7047DAB21349144C1944103A4D
:1078C000A829A4FB02234FEA131300D80833104A57
:1078D00003F01F0501210F4C1A44A9404466920091
:1078E00081660266E5E700BF08540258305402582A
:1078F0001C5402584454025894540258CDCCCCCC59
:107900000096001680580258F0FBFDBFABAAAAAA49
:107910000082001080080240F8B50446FEF742FDE0
:10792000002C00F0778123680546924A934248D0A4
:107930001832934245D030328F498B4218BF934260
:1079400001F130010CBF012200228B4208BF42F03E
:10795000010218318B4208BF42F0010218318B42FC
:1079600008BF42F0010218318B4208BF42F0010209
:1079700001F556718B4208BF42F0010218318B426B
:1079800008BF42F0010218318B4208BF42F00102E9
:1079900018318B4208BF42F0010218318B4208BFF8
:1079A00042F0010218318B4208BF42F00102183147
:1079B0008B4208BF42F001021AB9704A934240F06C
:1079C00098810022022184F8342084F835101A6846
:1079D00022F001021A6006E0FEF7E4FC431B052BCF
:1079E00000F2FF8023681A68D607F5D4D4E902258F
:1079F00020692A43A1691D68024360690243E06966
:107A00000A4302435E482840256A2A435D4D0243EB
:107A1000606A042800F000812E685B4D3540B5F1A6
:107A2000005F80F0BB801A605A6922F007020243AF
:107A30005A612046FFF78AFEE26D3F2302F01F02E3
:107A40009340836022684B4B50484B49824218BF99
:107A50009A4200F130000CBF012300238A4208BF84
:107A600043F001033031824208BF43F0010330305C
:107A70008A4208BF43F001033031824208BF43F01D
:107A8000010330308A4208BF43F0010301F55C7105
:107A9000824208BF43F0010300F55C708A4208BFD0
:107AA00043F001033031824208BF43F0010330301C
:107AB0008A4208BF43F001033031824208BF43F0DD
:107AC000010330308A4208BF43F001033031824263
:107AD00008BF43F0010330308A4208BF43F001037E
:107AE0002B49824208BF43F001032A488A4208BF5B
:107AF00043F001032831824208BF43F001032830DC
:107B00008A4208BF43F001032831824208BF43F094
:107B1000010328308A4208BF43F001032831824222
:107B200008BF43F001038A4208BF43F0010313B9C1
:107B3000194B9A4218D12046FFF782FEA368802B8A
:107B40005CD06368A06EDAB2013BD4E91851072B10
:107B50002A60486059D8501E07286ED9626FD4E950
:107B60001B31002018604A6000200123606584F802
:107B70003530F8BD1000024040000240B804024019
:107B80003F8010FE0010005C0000FFFF2800024054
:107B9000085402581C540258945402586568A5F1C0
:107BA00029061F2E24D94F3D032D01D842F48012FF
:107BB0001A6004285A6922F0070242EA00027FF4A0
:107BC00037AFE56AA06A0243002D3FF431AF0029C8
:107BD00069D1012800F0888030F002017FF428AFDD
:107BE00069E0202203230120626584F83530F8BD66
:107BF000734D25FA06F6F507DAD5D7E70023A16E0F
:107C0000D4E918026360036051600023C4E91B33A8
:107C10006367A9E70120F8BD2F68D4E90B562E430E
:107C20003243684E3E40B6F1005FB7D21A605A69DF
:107C300022F0070242F00402C4E72168624B634D60
:107C4000A94218BF994205F114050CBF0123002376
:107C5000A94208BF43F001031435A94208BF43F00D
:107C600001031435A94208BF43F001031435A942AA
:107C700008BF43F001031435A94208BF43F00103D4
:107C80003BB9534B994204D0524B534913449B0088
:107C900003E0524B524913449B0001228240C4E945
:107CA0001B3162675DE7B1F5005F0ED0022805D990
:107CB00003287FF4BDAEE9017FF5BAAE012340226F
:107CC0001846626584F83530F8BD03283FF6B0AE3B
:107CD00001A151F820F000BFBD7C0024B77C002436
:107CE000BD7C0024E97C0024B5F1C07F7FF4A0AE08
:107CF000E4E7354A35483B49834218BF934200F1D7
:107D000028000CBF012200228B4208BF42F0010272
:107D10002831834208BF42F0010228308B4208BF5D
:107D200042F001022831834208BF42F001028B4237
:107D300008BF42F0010212B9254A934238D100220D
:107D40000221294D84F8351084F834201A68154032
:107D5000A268402A2AD0802A0CBF4FF4804000201D
:107D6000266AD4E90312D20842EAD102616942EAE2
:107D7000D102A16942EAD102E16942EAD1021B497A
:107D800042EA161219442A4302431948A0FB010192
:107D900020461A600B099B00E365FFF7D7FCE26DF4
:107DA000012302F01F02934043604BE61020D7E707
:107DB000402203230120626584F83530F8BD00BFFE
:107DC0003F00C0C30000FFFF085402581C54025873
:107DD000945402583F820010400902403F9600161A
:107DE00040590258305402580F00FEFFF8ABFDA76F
:107DF000CDCCCCCC002800F08281844690F83400B1
:107E0000012800F07E8101202DE9F0439CF83540E7
:107E10008CF83400844208D04FF400620023CCF880
:107E200054208CF83430BDE8F0830220DCF80040A8
:107E3000554D8CF835000020544ECCF85400544871
:107E4000AC4218BF844205F118050CBF0120002088
:107E5000AC4208BF40F001001835AC4208BF40F00A
:107E600001001835AC4208BF40F001001835AC42A3
:107E700008BF40F0010005F55675AC4208BF40F060
:107E800001001835AC4208BF40F001001835AC4283
:107E900008BF40F001001835AC4208BF40F00100B7
:107EA0001835AC4208BF40F001001835AC4208BF9D
:107EB00040F001001835AC4208BF40F00100183511
:107EC000AC4208BF40F00100A5F59265AC4218BF76
:107ED000B4420CBF0125002501D000285AD02668E5
:107EE000DCF8589026F001062660002D7ED0DCF8E4
:107EF00064603746DCF868607E60DCF86C7037B12F
:107F0000DCF87060B646DCF87460CEF80460DCF82B
:107F10005C604FF03F0E06F01F080EFA08FEC9F82D
:107F200008E0266826F4802626606360DCF80830C6
:107F3000402B00F0E880A160E26015B9002800F055
:107F4000E880236823F01E0343F016032360DCF867
:107F500040301BB1236843F008032360DCF8603035
:107F60001A68D20303D51A6842F480721A601FB1EE
:107F70003B6843F480733B602368002043F00103B7
:107F80002360BDE8F08300BF5800024010000240AB
:107F900040000240644F654EDCF85890B44218BF70
:107FA000BC4206F128060CBF01270027B44208BFD7
:107FB00047F001071436B44208BF47F001071436F2
:107FC000B44208BF47F001071436B44208BF47F077
:107FD0000107266826F001062660554EB44208BF08
:107FE00047F0010717B9534FBC4212D1DCF8646067
:107FF0003746DCF868607E60DCF86C7037B1DCF81E
:108000007060B646DCF87460CEF8046000287FF437
:108010007EAF464FDFF810E1744518BFBC420EF149
:10802000140E0CBF01270027744508BF47F0010755
:108030000EF1140E744508BF47F001070EF1140E3F
:10804000744508BF47F001070EF1140E744508BFD0
:1080500047F001070EF1140E744508BF47F0010701
:1080600017B9344FBC4254D1DCF85C60012706F0EC
:108070001F0E07FA0EF7C9F804706360DCF80830C9
:10808000402B43D0A160E260236823F00E0343F04D
:108090000A032360DCF84030002B2DD0236843F026
:1080A00004032360204B214A944218BF9C4202F1F2
:1080B00028020CBF01230023944208BF43F00103B0
:1080C0001432944208BF43F001031432944208BFB3
:1080D00043F001031432944208BF43F00103143209
:1080E000944208BF43F001031432944208BF43F0A6
:1080F0000103002B3FF440AFDCF86C702EE7012049
:10810000704702207047A260E16016E7A260E1605C
:10811000BAE7236823F00E0343F00A032360DCF878
:108120004030002BBAD1BDE71C5402580854025805
:10813000805402589454025870B50546FEF732F93F
:10814000002D00F0248195F83530022B40F0DD80C1
:108150002C6806468F4B9048904A844218BF9C4238
:1081600000F130008E490CBF01230023844208BF78
:1081700043F001031830844208BF43F00103183074
:10818000844208BF43F001031830844208BF43F023
:10819000010300F55670844208BF43F00103183014
:1081A000844208BF43F001031830844208BF43F003
:1081B00001031830844208BF43F0010318308442A1
:1081C00008BF43F001031830844208BF43F00103A5
:1081D0001830844208BF43F001031830844208BFBE
:1081E00043F001038C4218BF94420CBF01220022CD
:1081F00002D0002B00F09080216821F01E01216048
:10820000616921F080016161002A00F0B0802A6E6E
:10821000136823F480731360236823F00103236041
:1082200005E0FEF7BFF8831B052B00F2A68023684C
:10823000DB07F6D42A68574B57485A49824218BF81
:108240009A4200F148000CBF012300238A4208BF74
:1082500043F001033031824208BF43F00103303064
:108260008A4208BF43F0010301F55C71824208BFF6
:1082700043F0010300F55C708A4208BF43F001033C
:108280003031824208BF43F0010330308A4208BFD8
:1082900043F001033031824208BF43F00103303024
:1082A0008A4208BF43F001033031824208BF43F0E5
:1082B00001038A4208BF43F0010318318A4208BF14
:1082C00043F0010333B9A1F59561354B9A4218BFCC
:1082D0008A426FD1EA6D3F23A96D02F01F029340DD
:1082E0008B60EB6ED5E91921516033B11A68D5E97D
:1082F0001C1022F480721A60486000230122184684
:1083000085F8352085F8343070BD802200230120A7
:108310006A6585F8343070BD2268234922F00E0268
:108320002260224A8C4218BF944201F128010CBFFE
:10833000012200228C4208BF42F0010214318C421B
:1083400008BF42F0010214318C4208BF42F0010222
:1083500014318C4208BF42F0010214318C4208BF34
:1083600042F001021AB9124A94427FF455AF296EC5
:108370000A6822F480720A604EE72021032200235B
:108380000120696585F8343085F8352070BD0120FD
:1083900070BD00BF58000240400002401000024083
:1083A0002800024070000240085402581C54025831
:1083B00094540258E86D0121164B00F01F00164C32
:1083C0008140A24218BF9A42A86D0CBF012300232E
:1083D000416012481249824208BF43F0010328302D
:1083E0008A4208BF43F001032831824208BF43F0AC
:1083F00001038A4208BF43F0010314318A4208BFD7
:1084000043F00103002B7FF46CAF064B9A423FF41C
:1084100068AF72E71C54025808540258305402588E
:10842000445402589454025800285FD038B590F84C
:1084300035200346022A55D10168574A914248D057
:108440001832914245D03032544C5548A14218BFA1
:10845000914204F148040CBF01220022814208BF6E
:1084600042F001023030A14208BF42F00102303434
:10847000814208BF42F0010200F55C70A14208BFD2
:1084800042F0010204F55C74814208BF42F001022F
:108490003030A14208BF42F001023034814208BFAF
:1084A00042F001023030A14208BF42F001023034F4
:1084B000814208BF42F001023030A14208BF42F0C1
:1084C0000102814208BF42F0010212B9354A9142CD
:1084D0000ED10422002083F835200B6823F001031D
:1084E0000B6038BD802201205A6538BD01207047DD
:1084F0002D4A2E4D0868A94218BF91422C4C20F0FD
:108500000E0005F13C050CBF012200220860A142CB
:1085100008BF42F0010208682834A94208BF42F0AF
:10852000010220F00100A14208BF42F00102143410
:108530000860A14208BF42F001021E48814208BF04
:1085400042F0010212B91C4A914217D101229D6DDD
:10855000D3E91704216800F01F0021F480718240E4
:1085600021606A60DA6ED3E91910486032B111688F
:10857000D3E91C0421F480711160446001210024BE
:108580001A6D83F8351083F834401AB118469047B5
:10859000204638BD104638BD100002404000024061
:1085A00070000240B80402401C540258085402589B
:1085B0003054025880540258945402582DE9F04324
:1085C00000229C4B83B09C4E1D688146019203683B
:1085D0009A4A846D934218BFB342276808BF0126A8
:1085E000216818BF002645D018329548834218BF2D
:1085F000934200F118000CBF01220022834208BF01
:1086000042F001021830834208BF42F001021830E4
:10861000834208BF42F001021830834208BF42F093
:10862000010200F55670834208BF42F00102183083
:10863000834208BF42F001021830834208BF42F073
:1086400001021830834208BF42F001021830834211
:1086500008BF42F001021830834208BF42F0010215
:108660001830834208BF42F001021AB9754A93429A
:1086700040F05082D9F85C10082201F01F0C02FA79
:108680000CF2174240F0888127FA0CF2D2070CD581
:108690005A69100609D5012202FA0CF2A260D9F833
:1086A000542042F00202C9F854204FF0040E0EFA92
:1086B0000CF038425BD0002E4FD1614ADFF8888140
:1086C000434518BF934208F130080CBF0122002235
:1086D000434508BF42F0010208F11808434508BFAE
:1086E00042F0010208F11808434508BF42F00102B8
:1086F00008F11808434508BF42F0010208F5567812
:10870000434508BF42F0010208F11808434508BF7D
:1087100042F0010208F11808434508BF42F0010287
:1087200008F11808434508BF42F0010208F1180893
:10873000434508BF42F0010208F11808434508BF4D
:1087400042F0010208F11808434508BF42F0010257
:108750001AB93C4A934240F019821A68920706D52A
:10876000A060D9F8542042F00402C9F85420102225
:1087700002FA0CFC1CEA070F6CD0002E45D1304ADF
:10878000314EB34218BF934206F130060CBF0122AE
:108790000022B34208BF42F001021836B34208BFBC
:1087A00042F001021836B34208BF42F00102183607
:1087B000B34208BF42F0010206F55676B34208BF45
:1087C00042F001021836B34208BF42F001021836E7
:1087D000B34208BF42F001021836B34208BF42F06C
:1087E00001021836B34208BF42F001021836B34204
:1087F00008BF42F001021836B34208BF42F001023E
:108800001AB9104A934240F0C9811A68100721D55D
:10881000C4F808C01A68560300F14C811A68D205E2
:1088200003D41A6822F008021A60D9F840308BB1DC
:108830000CE000BFA005002010000240280002400C
:1088400058000240B80402404000024048469847A1
:10885000D9F85C1001F01F0120268E403E4268D0FE
:10886000D9F80020A54BA64FBA4218BF9A4207F18B
:1088700018070CBF01230023BA4208BF43F00103CD
:108880001837BA4208BF43F001031837BA4208BF8D
:1088900043F001031837BA4208BF43F00103183709
:1088A000BA4208BF43F001031837BA4208BF43F089
:1088B000010307F55677BA4208BF43F001031837A2
:1088C000BA4208BF43F001031837BA4208BF43F069
:1088D00001031837BA4208BF43F001031837BA4200
:1088E00008BF43F001031837BA4208BF43F0010341
:1088F0001837BA4208BF43F001031BB9814B9A42B3
:1089000040F062811368DB0613D5A66099F8353014
:10891000042B136800F0AE8013F4802F136800F06E
:10892000D3801C0340F1DE80D9F83C300BB14846BF
:108930009847D9F85430002B00F0B980D9F854305A
:10894000D8071FD5D9F80020042189F835101368FD
:1089500023F0010313606C4BA3FB0535AD0A02E065
:108960001368D90704D5019B0133AB420193F7D9B2
:108970001368DB074CBF0323012389F8353000233C
:1089800089F83430D9F84C30002B00F090804846FC
:1089900003B0BDE8F0431847186840070AD51868C7
:1089A00020F004001860A260D9F8542042F00102BF
:1089B000C9F8542027FA0CF2D2077FF576AE534A55
:1089C0005348834218BF934200F130000CBF01228C
:1089D0000022834208BF42F001021830834208BFE0
:1089E00042F001021830834208BF42F00102183001
:1089F000834208BF42F0010200F55670834208BF6F
:108A000042F001021830834208BF42F001021830E0
:108A1000834208BF42F001021830834208BF42F08F
:108A200001021830834208BF42F00102183083422D
:108A300008BF42F001021830834208BF42F0010231
:108A40001830834208BF42F00102002A7FF420AEB2
:108A5000002E7FF41DAE1A68042202FA0CF23A428C
:108A600040F09480102202FA0CFC17EA0C0F3FF43D
:108A7000F1AE84E623F016031360536923F08003FC
:108A80005361D9F840309BB3136823F00803136097
:108A90003F230125002203FA01F1D9F85030A160EB
:108AA00089F8355089F83420002B7FF470AF03B07B
:108AB000BDE8F0831B6818037FF5B7AED9F84830DE
:108AC000002B7FF4C3AEC5E613F480737FF42CAFA4
:108AD000116821F010011160012289F8343089F801
:108AE000352021E7D9F84430002B7FF420AF20E770
:108AF000D9F84830002BC7D1CAE700BF10000240A8
:108B000028000240B8040240B5814E1B58000240C4
:108B1000400002404E4A4F4DAB4218BF934205F110
:108B200014050CBF01220022AB4208BF42F0010233
:108B30001435AB4208BF42F001021435AB4208BF06
:108B400042F001021435AB4208BF42F00102143575
:108B5000AB4208BF42F0010212B93F4A9342A6D18C
:108B6000D9F85C5004261A6805F01F05AE400E4285
:108B700019D0570717D5100466604BD5D1034FD4D1
:108B8000D9F84830002B7FF402AF90E71A68102222
:108B900002FA0CFC17EA0C0F3FF45CAE1A6852079D
:108BA0007FF558AE34E60226AE400E4211D097074C
:108BB0000FD56660140439D5D00343D4D9F84430B6
:108BC000002B7FF4E4AE72E713689F077FF5B1AE28
:108BD0009BE60826AE400E423FF469AF11077FF5D1
:108BE00066AF1A68002122F00E021A600123D9F83C
:108BF0004C2003FA05F56560C9F8543089F8341043
:108C000089F83530002A3FF452AF484603B0BDE83A
:108C1000F0431047920603D41A6822F004021A6047
:108C2000D9F84030002B7FF4B2AE40E712F02002BA
:108C300008D11968012421F00A01196089F835402A
:108C400089F83420D9F83C30002B7FF4A0AE2EE711
:108C5000085402581C54025894540258406D7047EE
:108C60002DE9F04F0C6883B0002C00F0A6804FF087
:108C7000000C8E4F634601229A4012EA040E00F067
:108C800095804D6805F0030909F1FF36012E40F289
:108C90009780B9F1030F40F0D18009FA0CF26FEA26
:108CA0000208066815F4403F06EA080842EA08028E
:108CB00002607BD0D7F8F42023F0030803F0030907
:108CC00042F0020208F1B0484FEA8909C7F8F420DF
:108CD00008F58068D7F8F42002F002020192019AA8
:108CE0000F22D8F8086002FA09F226EA0202704E52
:108CF000B04229D006F58066B04200F0AC806D4EDF
:108D0000B04200F0AE806C4EB04200F09E806B4EE0
:108D1000B04200F0B2806A4EB04200F0B480694EBA
:108D2000B04200F0A480684EB04200F0B280674EBE
:108D3000B04200F0B480664EB0420CBF09260A264D
:108D400006FA09F942EA0902C8F808204FF0B042D1
:108D5000EE026FEA0E0812684FF0B04654BF08EA00
:108D600002024EEA02023260AA0276684FF0B04276
:108D700054BF08EA06064EEA06065660D2F884603A
:108D8000AA034FF0B04254BF08EA06064EEA0606B0
:108D9000ED034FF0B045C2F88460D2F8802054BF94
:108DA00008EA02024EEA0202C5F8802001330CF103
:108DB000020C34FA03F27FF45EAF03B0BDE8F08F2B
:108DC0004FF00308866808FA0CF826EA080ACE680D
:108DD0006FEA080806FA0CF646EA0A068660C5F34A
:108DE0000016D0F804A09E402AEA020232434260F4
:108DF000C268B9F1020F8E6802EA080206FA0CF6A0
:108E000046EA020609FA0CF2C6607FF44AAF03F0A4
:108E100007064FEAD3094FEA860B0F2600EB8909B4
:108E200006FA0BF6D9F820A02AEA060A0E6906FA15
:108E30000BF646EA0A06C9F8206032E74FF003084D
:108E400008FA0CF86FEA0808D2E7032606FA09F9CF
:108E500042EA090278E7012606FA09F942EA09021C
:108E600072E7022606FA09F942EA09026CE70626C9
:108E700006FA09F942EA090266E7042606FA09F940
:108E800042EA090260E7052606FA09F942EA090200
:108E90005AE7072606FA09F942EA090254E70826C2
:108EA00006FA09F942EA09024EE700BF00440258F7
:108EB0000000025800080258000C02580010025826
:108EC0000014025800180258001C025800200258D2
:108ED00000240258002900F0A88000232DE9F04F5B
:108EE000DFF8689183B0DFF86881DFF868A1DFF808
:108EF00068B14FF0010E0EFA03F212EA010C6FD0C6
:108F000023F0030503F003040F2640454D444FEAC8
:108F10008404AF6806FA04F607EA0607019721D031
:108F2000504566D0584567D0434FB8426ED0434F46
:108F3000B84270D0424FB84263D0424FB84256D088
:108F4000414FB84272D0DFF814E1704568D0DFF8C5
:108F500010E1704514BF4FF00A0E4FF0090E0EFAE3
:108F600004F400E00024019FA74219D14FF0B0445F
:108F7000D4F8807027EA0C07C4F88070D4F88470A5
:108F800027EA0C07C4F88470676827EA0C07676053
:108F9000276827EA0C072760AC6824EA0606AE605B
:108FA00003255C0003F007070F2605FA04F40568A3
:108FB000BF00254306FA07F70560DD0800EB8505CD
:108FC0002E6A26EA07062E62C56825EA0405C560F2
:108FD000456825EA02024260826822EA040484604D
:108FE000013331FA03F284D103B0BDE8F08F4FF0C2
:108FF000060E0EFA04F4B6E74FF0020E0EFA04F471
:10900000B1E74FF0050E0EFA04F4ACE74FF0030E93
:109010000EFA04F4A7E74FF0040E0EFA04F4A2E7E8
:109020004FF0080E0EFA04F49DE770474FF0070E5C
:109030000EFA04F497E700BF000C02580010025823
:109040000014025800180258001C0258000400586E
:10905000000002580004025800080258002002587C
:10906000002402580369194214BF012000207047F0
:1090700002B90904816170472DE9F04F056885B098
:109080000446284606F034FE012802D005B0BDE8AB
:10909000F08F206806F0F6FD0028F7D0206806F073
:1090A000F1FD10F4001F206802D04FF4001343615B
:1090B00006F0E8FD10F4801F206802D04FF4801302
:1090C000436106F0DFFD10F0806F206802D04FF0A2
:1090D0008063436106F0D6FD10F0020F206801D0D6
:1090E0000223436106F0CEFD10F0005F206875D1C9
:1090F00006F0C8FDC20100F11081206806F0C2FD33
:10910000030700F10381206806F0BCFDC70626684E
:1091100000F1E980304606F0B5FD8001B6D5206843
:1091200006F04EFEA2688146002A00F0D780002695
:1091300005F5A0654FF02C0A2BE006F0A7FD4107CE
:1091400063D508F5A063042203EB47139A60072256
:109150000AFB0743394683F86120206806F034FE95
:109160003946206806F092FD10F4007F39462068E9
:109170007BD008F5A06806F027FE4FF4007308EBDB
:109180004718C8F80830A26801362035964280F0AA
:10919000A58006F00F0329FA03F3D907F4D52B684D
:1091A000F7B2D4F800801B0439464046C5D406F017
:1091B0006DFD10F0040B40D008F5A06804230722D1
:1091C000394608EB4718C8F808300AFB074383F80C
:1091D0006120206806F0F8FDA268D5E74FF0005343
:1091E0004361D5F84034D90782D41021284606F0CF
:1091F000EFF9284606F016FAA369022B00F0E08189
:109200002046FDF74FF8206872E73946206806F0DF
:109210003DFDC20540F1BB8008F5A0634FF48072AC
:10922000394603EB47139A6008220AFB074383F889
:109230006120206806F0C8FD92E73946206806F0F4
:1092400025FD810640F1B98008F5A06820220AFBBF
:1092500007F308EB4718C8F80820E21892F83D1009
:10926000012900F05181A2688EE706F00FFDC207C8
:1092700040F1B78008F5A0682023E168780108EB89
:10928000471BCBF8083051B1DBF810200AFB074C24
:10929000C2F31202DCF848309B1ACCF850300AFBBB
:1092A00007430022DA65012283F86120CBF8082009
:1092B00093F83F2012F0FD0200F0C680012A00F072
:1092C000158101290AFB074700F0B38097F8543055
:1092D00083F0010387F85430A26855E723684FF004
:1092E00000725A61D2E6B36923F01003B361376AA2
:1092F000C7F34341C7F30A12022902D1002A40F002
:10930000AC80B36943F01003B36103E72046FCF778
:10931000C1FF206808234361F6E62668D6F840348A
:109320000293D6F840340393039B23F02E03039358
:10933000029B9B0707D5029BDF0700F1A580039BDB
:1093400043F002030393029B180715D5039B43F0D8
:1093500008030393029B590740F19A80A1690229EF
:1093600000F0EB802369012B03D14EF66022C6F892
:1093700004242046FCF79CFF029B9A0603D5039B1E
:1093800043F020030393039BC6F84034B5E6394607
:10939000206806F07BFC030733D508F5A06308229C
:1093A000394603EB47139A6006220AFB074383F80A
:1093B0006120206806F008FDD2E63946206806F0F4
:1093C00065FC10F4007B67D008F5A0634FF40072D1
:1093D0003946206803EB47139A6006F0F5FCA26853
:1093E000D2E63946206806F051FC800640F1B08094
:1093F00008F5A068202308EB4718C8F80830A268D1
:10940000C2E63946206806F041FC400540F18880FC
:1094100008F5A0634FF48062394603EB47139A6066
:1094200009220AFB074383F86120206806F0CCFC80
:1094300096E63B6DB7F84020013B1344B3FBF2F3D3
:10944000DB073FF543AF0EE73946206806F0BCFC6A
:109450001023E168CBF8083033E707F00F074FF02F
:109460002C0808FB0748D8F8441000293FF449AFFE
:10947000D8F85030D8F84C001344834240F2DB80D7
:10948000042388F860303CE72046FCF707FF56E7E6
:109490002046FCF711FF6FE73946206806F0F6FB1F
:1094A00010F0010300F091800AFB07423946206862
:1094B000C2F85CB0019206F0E9FB08F5A06310F079
:1094C000400F019A03EB471304D0012182F83D10AD
:1094D00040229A60012239469A600AFB074383F8CA
:1094E0006120206806F070FCA2684DE658F8001074
:1094F00041F0005148F800103946204683F86020BA
:10950000FCF7D4FEE168DCE682F83DB0603340F25F
:1095100002323946E252206806F056FCA26833E671
:109520003946206806F0B2FB01067FF519AE08F552
:10953000A063802203EB471308E6029B206803F434
:10954000C023B3F5802F18BF012106F017FC10E7E8
:109550003946206806F09AFB10F0020B00F08A8072
:1095600008F5A06802200AFB07F2790108EB47130F
:109570009860A01890F86130012B00F09580062BC0
:1095800000F0E980072B00F0D580092B00F0D28095
:10959000052B00F01C81032B00F01E81042B00F032
:1095A0002D81082B00F01F81022B3FF45CAE0AFBDB
:1095B00007433946204693F86020FCF777FE52E6D1
:1095C0000121206806F0DAFB1AE63946206801938B
:1095D00006F05CFB420616D50AFB0742019B08F524
:1095E000A0683946D365052308EB471882F8613037
:1095F000012382F83D30206806F0E6FB4023C8F8DE
:109600000830A268C0E53946206806F03FFB10F03C
:10961000080B4ED008F5A0630822394603EB471328
:109620009A6006220AFB074383F86120206806F04F
:10963000CBFBA268A8E5304606F5A066019206F0CD
:1096400069FA06EB4711D8F84430019A0969D8F84D
:1096500050001344C1F3C9411044C8F844307B01A1
:10966000C8F8500021B1B8F84010914200F0A28033
:10967000266846E63946206806F008FB10F04002EE
:109680003CD008F5A06340200AFB0742394603EBB3
:10969000471398600523C2F85CB082F861302068F7
:1096A00006F092FBA2686FE5603240F20123A352FC
:1096B0007DE73946206806F0E9FAC3065DD50AFB66
:1096C00007430422C3F85CB083F8612093F83D306F
:1096D0003BB90AFB074393F83C2012B9012283F8F7
:1096E0003D203946206806F06FFB08F5A06810237E
:1096F00008EB4718C8F80830A26845E539462068E5
:10970000019206F0C3FA10F0100F019A3FF4ABADCE
:109710000AFB074393F83F10032900F0868011F0FD
:10972000FD01E2D1E268D965002ADED1042283F886
:109730006120D6E70AFB07424FF0020382F861304E
:10974000D36D0133022BD3650AD90023D3650423DB
:1097500082F860302BE7603240F20523A35226E7FF
:109760004FF0020382F8603058F8013023F0804354
:1097700043F0004348F8013019E73946206806F005
:1097800085FA000653D5E368002B73D00AFB074324
:10979000DA6D0132022ADA6562D84FF0020283F8EC
:1097A000602008F5A068802308EB4718C8F8083047
:1097B000A268E9E49A5922F0804242F000429A51AC
:1097C00098F8543083F0010388F8543050E74FF094
:1097D000020380F86130EAE60AFB07434FF0020219
:1097E00083F86120E3E60AFB07F34FF40170E11808
:1097F0006033CA6D0132CA65E052D8E60AFB07F34E
:1098000040F2022003F160022344A05293F83F305B
:1098100013F0FD0F7FF4CBAE58F8013023F08043F6
:1098200043F0004348F80130C1E6DA657EE7394687
:10983000206806F02BFA410526D50AFB07430922CA
:1098400008F5A068394683F86120206808EB4718BE
:1098500006F0BAFA4FF48063C8F80830A26893E4BF
:10986000002239462046DA65042283F86020FCF79E
:109870001DFD96E70AFB07430722394683F861205E
:10988000206806F0A1FA8CE73946206806F0FEF958
:1098900082077FF5E8AC08F5A06802210AFB07F310
:1098A000780108EB47129160E21892F861100129E3
:1098B00027D0032920D0042946D0052944D00629E1
:1098C00015D0072902D009297FF4CDAC0AFB074344
:1098D0004FF0020283F86120DA6D0132022ADA6564
:1098E00037D90022DA65042283F860205FE660330E
:1098F00040F20522E2525AE64FF0020382F861304C
:1099000055E6603340F20121E15292F83F30023BCC
:10991000012B3FF64CAEE3687BB1012B7FF447AEE1
:10992000D36C002B3FF443AEB2F84010013B0B4424
:10993000B3FBF1F3DB077FF53AAE92F8553083F0D5
:10994000010382F8553032E6603340F20222E252DF
:109950002DE64FF0020283F8602058F8003023F023
:10996000804343F0004348F8003020E690F8F83296
:10997000012B0CD0012310B50446006884F8F8329E
:1099800006F094FA0023184684F8F83210BD02203D
:10999000704700BF2DE9F04703684FF020080546E7
:1099A0000E461746986910F0020940F09E809C69A7
:1099B00014F0100468D010223C46CA46DA61711CCB
:1099C0009A6963D1900600F19380BAF1000F04D137
:1099D0009C69A106FCD5C3F81C8049F00404012150
:1099E0009A69D00530D54FF48071560544F00104D2
:1099F000D96104D54FF4806144F00804D961910520
:109A000004D54FF4007244F00204DA619A699007B9
:109A100001D500229A629A69D10703D49A6942F06B
:109A200001029A615A680021344820260240012030
:109A30005A606B6C85F840101C436C6485F841607B
:109A400085F84210BDE8F0875005D3D49205D8D4EC
:109A50000029DBD1721CA5D0FCF7A4FCC01B2B682D
:109A6000B04201D8002E9DD19A6912F0020299D11C
:109A70006B6C2021012085F840200B436B6485F836
:109A8000411085F84220DDE72146A9E792062FD450
:109A9000BAF1000FA1D1FCF785FC001B2B688642B0
:109AA00001D3002E8BD1586895F842209969D2B223
:109AB00009040BD5410409D4202A07D05A6842F47E
:109AC00080425A60FCF76EFC2B6804469A69900647
:109AD0003FF575AFFCF766FC001B2B681928F5D91C
:109AE0004FF020094FF0010A69E70020BDE8F08738
:109AF000BAF1000F3FF46FAF6FE700BF00E800FE60
:109B000003682DE9F04790469A69940665D40646A5
:109B10000F464FF010099C6914F0100460D0002526
:109B20004446C3F81C90AA46791C9A695AD19006FB
:109B30007DD4BAF1000F04D19C69A106FCD5202286
:109B4000DA6145F0040401219A69D00530D54FF45B
:109B50008071550544F00104D96104D54FF480614A
:109B600044F00804D961970504D54FF4007244F01D
:109B70000204DA619A69900701D500229A629A6913
:109B8000D10703D49A6942F001029A615A68002110
:109B900034482025024001205A60736C86F840103A
:109BA0001C43746486F8415086F84210BDE8F08783
:109BB0005005D3D49505D8D40029DBD1FCF7F2FBAE
:109BC000A0EB08003368B84200D81FB99A6912F0B8
:109BD000200230D09A6992069DD50020BDE8F0871A
:109BE0002146B1E7920622D4BAF1000FA9D1FCF7C1
:109BF000D9FB001B3368874201D3002F94D15868EA
:109C000096F842209969D2B2090403D5410401D4DF
:109C1000202A1DD19A69900686D4FCF7C3FB001B4D
:109C200033681928F6D920254FF0010A7CE7BAF1EC
:109C3000000F84D085E7736C2021012086F8402036
:109C40000B43736486F8411086F84220BDE8F08724
:109C50005A6842F480425A60FCF7A4FB3368044619
:109C6000D8E700BF00E800FE00284ED010B590F8FD
:109C70004130044603F0FF02002B41D02368242129
:109C8000626884F84110196822F07062E06821F07F
:109C90000101012819601A619A6822F400429A6051
:109CA000A26829D042F4044202289A6002D14FF4FB
:109CB00000625A6058684FF0200C15492269014330
:109CC0005960D96821F40041D960D4E90501024303
:109CD00042EA0122D4E90710DA600022014310466B
:109CE0001960196841F001011960626484F841C08B
:109CF000226384F8422010BD42F400429A60D9E702
:109D000080F84020FAF7B0F8B8E70120704700BFAC
:109D1000008000022DE9F047984690F84130BDF8E8
:109D200024A0202B0A9F32D1089B04464BB3BAF1E2
:109D3000000F26D090F84030012B28D001230E468A
:109D4000914680F84030FCF72DFB236805469A6960
:109D500011041FD5FCF726FB401B23681928F6D9F0
:109D60009A691204F3D5636C2021002201200B4371
:109D700084F84020636484F8411084F84220BDE8F0
:109D8000F0874FF4007301206364BDE8F087022080
:109D9000BDE8F087089A2121C6F30906204684F819
:109DA000411040216262002284F8421062636264C2
:109DB0006D49A4F82AA05A680A405FFA88F142EA7D
:109DC00001426A49324311432A4659603946FFF736
:109DD000E1FD002875D1B8F1010F0AD04FEA192230
:109DE0002368394620469A622A46FFF7D3FD0028A9
:109DF00067D15FFA89F322689362781C4AD193692C
:109E00001906FCD5638D9BB2FF2B40F28A80536804
:109E100057490B40574933431943FF23238551606A
:109E2000DFF84C814FF0FF0ADFF8489104E0638DC2
:109E30009BB2002B00F083802A4639462046FFF76C
:109E4000A9FD00286BD1626A216812F8010B238DED
:109E500088626262013B628D9BB2013A238592B2B5
:109E60006285628D92B2002AE1D0002BDFD1781C8E
:109E70002CD18B691A06FCD5638D9BB2FF2B40D980
:109E80004B68A4F828A003EA0803334343EA090314
:109E90004B60CCE793691B06B4D4FCF783FA401BF4
:109EA0002268874201D3002FA7D1936913F0800362
:109EB000A3D1626C20210A43626484F8411084F8C3
:109EC00042300023012084F840305EE78B691B0696
:109ED000D2D4FCF767FA401B2168874201D3002FD8
:109EE000C5D18B6913F08003C1D1626C20210120A0
:109EF00084F840300A43626484F8411084F84230A8
:109F000043E7638D9BB2DAB223854B6803EA08030B
:109F1000334343EA024343F000734B6087E7012079
:109F200033E7638D12489BB2D9B22385536803404F
:109F3000334343EA014343F00073536070E72A461A
:109F400039462046FFF7DCFD0028E8D123682021B0
:109F5000094DD9615A682A405A6084F8411084F842
:109F6000400084F8420010E7009800FC0020000147
:109F7000009C00FC0000FF0100E800FE2DE9F04716
:109F80001F4690F84130BDF82490202B0A9C37D111
:109F9000089B82466BB3B9F1000F2AD090F840308D
:109FA000012B2DD001230E46904680F84030FCF75F
:109FB000F9F9DAF8003005469A69120423D5FCF75E
:109FC000F1F9401BDAF800301928F5D99A69100424
:109FD000F2D5DAF844302021002201200B438AF820
:109FE0004020CAF844308AF841108AF84220BDE87F
:109FF000F0874FF400730120CAF84430BDE8F087C1
:10A000000220BDE8F087089A2221C6F309065046CF
:10A010008AF841104021CAF8242000228AF8421010
:10A02000CAF83420CAF844208149AAF82A905A680C
:10A030000A40F9B242EA01422146324342F4005258
:10A040005A602A46FFF7A6FC002840F09080012FB6
:10A050000CD04FEA1822DAF80030214650469A62B6
:10A060002A46FFF797FC002840F081805FFA88F3CA
:10A07000DAF800209362611C5FD193695B06FCD51E
:10A08000BAF82A309BB2FF2B40F2AB805368684984
:10A090000B40684933431943FF23AAF82830516025
:10A0A000654F4FF0FF09DFF89C81601C27D1936951
:10A0B0005907FCD5526ADAF824301A70BAF82A2007
:10A0C000DAF82430013A013392B2CAF82430BAF8EF
:10A0D0002830AAF82A20013BBAF82A209BB292B273
:10A0E000AAF828300AB1002B46D0BAF82A309BB221
:10A0F000002B00F08680601CDAF80020D7D093692E
:10A100005B07D7D4FCF74EF9401BDAF800208442F5
:10A1100001D3002CC9D1936913F00403C5D1DAF837
:10A120004420202101208AF840300A43CAF8442004
:10A130008AF841108AF8423060E793695F069FD43D
:10A14000FCF730F9401BDAF80020844201D3002CE0
:10A1500091D1936913F040038DD1DAF84420202186
:10A160000A43CAF844208AF841108AF84230002392
:10A1700001208AF8403041E7DAF80020601C10D155
:10A1800093691906FCD5BAF82A309BB2FF2B19D96E
:10A190005368AAF828903B40334343EA08035360CE
:10A1A000A3E793691B06EED4FCF7FCF8401BDAF832
:10A1B0000020844201D3002CE0D1936913F0800386
:10A1C000DCD1ACE7BAF82A309BB2D9B2AAF8283071
:10A1D00053683B40334343EA014343F00073536009
:10A1E00083E7BAF82A3012489BB2D9B2AAF82830CD
:10A1F00053680340334343EA014310491943516014
:10A200004EE72A4621465046FFF77AFC70B9DAF845
:10A21000003020210A4CD9615A6822405A608AF8DD
:10A2200041108AF840008AF84200E7E60120E5E69E
:10A23000009800FC0024FF01009C00FC00240002A8
:10A2400000E800FE0000FF010268436B916912689C
:10A2500003B11847704700BF90F84100704700BF36
:10A2600090F84120202A23D15FFA82FC90F8402008
:10A270000346012A1CD00268242000B583F841005F
:10A280004FF0000E106820F001001060106820F4FC
:10A29000805010601068014370461160116841F0F1
:10A2A0000101116083F841C083F840E05DF804FBD0
:10A2B0000220704790F84120202A22D1034600B5A1
:10A2C0005FFA82FE90F84020012A1CD00268242008
:10A2D0004FF0000C83F84100106820F0010010607E
:10A2E000106820F4706040EA012160461160116836
:10A2F00041F00101116083F841E083F840C05DF84E
:10A3000004FB0220704702205DF804FBF0B58BB01F
:10A31000002800F0818090F8BD34054603F0FF026C
:10A32000002B74D003232E4628686C4685F8BD3474
:10A330002F1D04F0F7FF56F810EBB446BCE80F00F1
:10A340000FC4BCE80F000FC49CE8030084E80300BE
:10A35000704697E80E0004F0C1FE044630B10124B7
:10A360000223204685F8BD340BB0F0BD01462868B5
:10A3700004F0E0FF686858B322464FF0010E214612
:10A3800002EBC20302F1010C05EB830383F83C20CE
:10A39000A3F856205FFA8CF283F83DE0824283F8FE
:10A3A0004010D964C3E91111EAD3002204EBC403BD
:10A3B000611C05EB830383F87C42CCB283F87D22D9
:10A3C000844283F88022C3F88C22C3E9A122EDD312
:10A3D0006C460FCE0FC40FCE0FC496E8030084E87E
:10A3E000030097E80E00286804F0DAFF044600280E
:10A3F000B5D101226B6A85F83800934285F8BD24F7
:10A400000ED0286805F02EFC20460BB0F0BD80F879
:10A41000BC24FBF797FB85E7012420460BB0F0BD79
:10A42000284600F04FFFECE710B590F8BC34044626
:10A430000068012B17D0012384F8BC34C3685B0685
:10A4400002D5A36A012B09D004F064FF206805F04F
:10A45000F9FB0023184684F8BC3410BD836B43F429
:10A4600080338363F0E7022010BD00BF2DE9F04F79
:10A47000056889B00446284605F03AFC10B109B0D9
:10A48000BDE8F08F8346206805F0FCFB0028F6D07D
:10A49000D5F8083805F500622068C3F30D23029251
:10A4A000C4F8FC3405F0EEFB10F0020F206803D076
:10A4B000436903F00203436105F0E4FB10F0100F61
:10A4C000206812D0836923F0100383612E6AC6F3DB
:10A4D000434306F00F07022B00F0E383062B00F046
:10A4E0002283836943F01003836105F0CBFB0703EC
:10A4F00000F18082206805F0C5FB460300F1288248
:10A50000206805F0BFFB0028C0F29A81206805F0A2
:10A51000B9FB030500F15781206805F0B3FB060184
:10A5200014D52268536903F00063536194F8F4343E
:10A53000002B40F0AB820121204684F8F414536DC7
:10A54000C3F38303C4F8F83400F0D4FE206805F0A8
:10A5500099FBC00400F19E81206805F093FB10F484
:10A56000005F206840F07F8105F08CFB010700F15F
:10A57000E681206805F086FB020671D5AA6963684A
:10A5800022F08002012BAA616AD994F8A322012A41
:10A5900000F0E883022B63D994F8C722012A00F067
:10A5A000FC83032B5CD994F8EB22012A00F0B482DF
:10A5B000042B55D994F80F23012A00F0C782052BEC
:10A5C0004ED994F83323012A00F02484062B47D96E
:10A5D00094F85723012A00F03184072B40D994F8CE
:10A5E0007B23012A00F04884082B39D994F89F2353
:10A5F000012A00F05584092B32D994F8C323012A8B
:10A6000000F062840A2B2BD994F8E723012A00F08A
:10A610006F840B2B24D994F80B24012A00F07C843E
:10A620000C2B1DD994F82F24012A00F07D840D2BCA
:10A6300016D994F85324012A00F09D840E2B0FD9CB
:10A6400094F87724012A00F0A4840F2B08D994F8F9
:10A650009B34012B04D104F59361206805F000FAC6
:10A66000206805F00FFBC30240F1AB806368012B4B
:10A6700040F2898094F86420D5F82019012A00F06E
:10A680001482022B7FD994F88820D5F84019012A2A
:10A6900000F01E82032B76D994F8AC20D5F860190F
:10A6A000012A00F02182042B6DD994F8D020D5F82E
:10A6B0008019012A00F02482052B64D994F8F42033
:10A6C000D5F8A019012A00F04183062B5BD994F834
:10A6D0001821D5F8C019012A00F05383072B52D94D
:10A6E00094F83C21D5F8E019012A00F05E83082B8C
:10A6F00049D994F86021D5F8001A012A00F0618345
:10A70000092B40D994F88421D5F8201A012A00F0A9
:10A710006C830A2B37D994F8A821D5F8401A012A5E
:10A7200000F080830B2B2ED994F8CC21D5F8601A39
:10A73000012A00F095830C2B25D994F8F021D5F847
:10A74000801A012A00F0A0830D2B1CD994F8142242
:10A75000D5F8A01A012A00F0AB830E2B13D994F878
:10A760003822D5F8C01A012A00F0B6830F2B0AD977
:10A7700094F85C22D5F8E01A012A00F0C183102B6E
:10A7800001D9D5F8003B2068436903F48013436185
:10A7900005F078FA870221D4206805F073FA4000AA
:10A7A00000F1C480206805F06DFA41077FF567AEBF
:10A7B00023685D686A0700F195825A682A435A60E7
:10A7C0005DE62068E4E7029B9B68DF0700F1868274
:10A7D0002068436903F4006343619EE6D4F804C033
:10A7E000BCF1010F26D905F532622346012104E0B0
:10A7F00001312032243361451CD093F8A40216683D
:10A800000128F5D1002EF3DAD4F8FC7406F4803672
:10A8100007F00107BE42EBD183F8A302A86940F01C
:10A820008000A86168690606E2D4029A536843F47E
:10A83000007353602068436903F400134361ACE77D
:10A84000029A536823F00103536094F8F434012B07
:10A8500000F037812046FBF75FFA2068436903F078
:10A860000043436153E605F047FA206804F002FF15
:10A870002668206101F066FF227C0146304604F024
:10A88000CFFC2046FBF71EFA2068436903F400530F
:10A89000436169E6029A10212068536823F001039E
:10A8A000536004F095FE6068E0B105F510634FF663
:10A8B0007F3199600BF1010B1A682033834522F434
:10A8C000001243F8202CC3F8E811D3F8E02122F459
:10A8D0000012C3F8E021D3F8E02142F00062C3F88F
:10A8E000E021E6D10299226BCB6943F00113CB61E1
:10A8F000002A40F0CF804A6942F22B0313434B6198
:10A900000B6943F00B030B61D5F8003804F2C44225
:10A91000217B23F4FE632068C5F8003805F002FAB5
:10A920002068436903F48053436116E62046FBF731
:10A93000FFF92068436903F08043436133E7204611
:10A94000FBF7BCF92068436903F00803436111E693
:10A95000206805F0ABF9804600283FF4D1AD4FF0F8
:10A96000000A2068274605F5106956460395CDF87C
:10A9700010B009E05FEA580806F1010607F1240764
:10A9800009F1200900F0EC8018F0010FF2D05FFA15
:10A9900086FA514605F09CF9C107054613D5029980
:10A9A00006F00F0301229A404B6B23EA02034B632C
:10A9B0000123E168C9F80830994200F098815146B6
:10A9C0002046FBF771F92A0702D50823C9F8083099
:10A9D000EB0602D51023C9F80830680602D54023DB
:10A9E000C9F80830A90700F14F812A0600F1F98063
:10A9F0002068BFE7206805F051F9064600283FF4BB
:10AA000079AD05F53067A2464FF00009CDF80CB0DE
:10AA100008E0760809F1010907F120070AF1240A84
:10AA200000F09B80F007F4D55FFA89FB2068594657
:10AA300005F044F910F0010F804640F0B38018F0A3
:10AA4000080F40F0908018F0100F01D01022BA606B
:10AA500018F0020F0ED06A69100604D5029B5A68DE
:10AA600042F480625A609AF87F22012A00F08181C4
:10AA70000223BB6018F0200F01D02023BB6018F424
:10AA8000005FC6D04FF40053BB60C2E72046FBF71F
:10AA90002BF95BE5D1F8843043F00B03C1F8843027
:10AAA0004B6C43F00B034B642EE70029BFF6E9AD76
:10AAB000214684F8632051F8600B04F0D1FF6368ED
:10AAC000DFE50021204684F8F41400F013FCC4E60E
:10AAD0000029BFF6DFAD214684F8872051F8840BAA
:10AAE00004F0BEFF6368D5E50029BFF6DCAD214662
:10AAF00084F8AB2051F8A80B04F0B2FF6368D2E5EC
:10AB00000029BFF6D9AD214684F8CF2051F8CC0BEF
:10AB100004F0A6FF6368CFE504F53A71206804F0FD
:10AB20009FFF636844E507EBC707082204F2C441AE
:10AB3000284604F0EFFFC6F30A1304EB87022068EF
:10AB4000D2F890120B44C2F89032CAE404F5437173
:10AB5000206804F085FF636831E5DDF80CB0C9E4D6
:10AB6000DDE9035BCDE421680822BB4BBA6001F547
:10AB70003062096C02EB49129942906840F2C88039
:10AB8000030402D54FF4004191602046FBF77CF8A6
:10AB9000E16801297FF457AF04F2C442206805F050
:10ABA000C1F850E720680122E168BA6000F5306220
:10ABB0000129D0F840C002EB4912936800F0AC8044
:10ABC000A6498C4500F00981B9F1000F04D1D4F8F1
:10ABD0008C22002A00F0D78159462046FBF75AF80C
:10ABE0002DE7D7E91353D4F800B0AB4258463FF6EF
:10ABF000C1AE0BF51062796CCDF81CB002EB4612B9
:10AC00000592EA1A8A4228BF0A46059989690332E1
:10AC100089B2B1EB920FC0F0958052460696CA46B3
:10AC20002646C146059C904619E0ED1A7B6CB96C2E
:10AC300042469D42584628BF1D46337B0093ABB227
:10AC400004F052FFBB6CA1692B4489B2BB643B6D1D
:10AC50002B440335B1EB950F3B656BD3FD6C9D42E7
:10AC6000E3D83446C846069ED146D4F800B0079BC8
:10AC70000122584603F5006106F00F039A404B6B22
:10AC800023EA02034B6375E63146039804F0A0FC07
:10AC900097F83F30012B00F0B4800223C9F8083048
:10ACA000A3E647F6F0731E423FF41BAC07EBC70761
:10ACB000C6F30A12284604EB87071646D7F888120F
:10ACC00004F028FFD7F8883220683344C7F8883268
:10ACD000D7F890323344C7F8903202E42046FBF7AD
:10ACE00003F875E52046FBF727F8236865E5D7E903
:10ACF00011231344BB64002E7FF461AEE36C002B80
:10AD00007FF45DAE04F2C442206805F00BF856E60D
:10AD10002046FAF7B9FF96E6190740F197804E49A9
:10AD20008C457FF68CAE18047FF589AE4FF4004158
:10AD3000916084E63446C846069ED146D4F800B0F9
:10AD4000FD6C58469D423FF615AE90E70029BFF6D0
:10AD5000BCAC214684F8F32051F8F00B04F080FEDF
:10AD60006368B2E404F52871206804F079FE636832
:10AD700010E40023594620468AF87F32FAF7D0FFC4
:10AD800076E60029BFF6AAAC04F58A71206884F83B
:10AD9000172104F065FE6368A0E404F531712068B2
:10ADA00004F05EFE6368FFF7FCBB0029BFF69FACB2
:10ADB00004F59C71206884F83B2104F051FE63681F
:10ADC00095E40029BFF69CAC04F5AE71206884F8C8
:10ADD0005F2104F045FE636892E41804A6D4990646
:10ADE0007FF5FAAE20219160F6E60029BFF691AC1E
:10ADF00004F5C071206884F8832104F031FE636893
:10AE000087E44FF000035146204687F83F30FAF7B9
:10AE10008BFF42E704F54C71206804F021FE636863
:10AE2000FFF7D4BB0029BFF67DAC04F5D2712068D2
:10AE300084F8A72104F014FE636873E404F55571E7
:10AE4000206804F00DFE6368FFF7C7BB990673D551
:10AE500020219160F3E500BF0A30544F0A31544F6E
:10AE60000029BFF668AC04F5E471206884F8CB21B2
:10AE700004F0F6FD63685EE404F55E71206804F09A
:10AE8000EFFD6368FFF7B0BB0029BFF65DAC04F5CA
:10AE9000F671206884F8EF2104F0E2FD636853E462
:10AEA00004F56771206804F0DBFD6368FFF7A3BB5E
:10AEB0000029BFF652AC04F50471206884F813220F
:10AEC00004F0CEFD636848E404F57071206804F076
:10AED000C7FD6368FFF796BB0029BFF647AC04F5D2
:10AEE0000D71206884F8372204F0BAFD63683DE4F0
:10AEF00004F57971206804F0B3FD6368FFF789BB3E
:10AF00000029BFF63CAC04F51671206884F85B227A
:10AF100004F0A6FD636832E404F58161206804F062
:10AF20009FFD6368FFF77CBB04F22C41206804F0AE
:10AF300097FD6368FFF77BBB13F0280F7FF47FADAD
:10AF40001B498C4502D91B043FF5F0AE1169DAF8B4
:10AF50009C22C1F31201521ACAF89022B9F1000FD3
:10AF60007FF43AAED4F88C12D9B1D4F888120A44DE
:10AF7000C4F8882230E604F58A61206804F070FD88
:10AF80006368FFF75BBB04F2C442494604F0CAFEA3
:10AF900022E604F27441206804F062FD6368FFF762
:10AFA00054BB04F2C442012104F0BCFE14E600BF0D
:10AFB0000A30544F90F8BC24012A0ED0012210B55B
:10AFC0000446006884F8381084F8BC2404F028FE95
:10AFD0000023184684F8BC3410BD0220704700BF1F
:10AFE00010B501F00F0E0906044627D44FF0240CCB
:10AFF0000CFB0E0C0CF51F710EEBCE0C00EB8C0C49
:10B0000000208CF87D028A604A7881F800E00B719C
:10B010000AB1A1F81AE0022B01D100234B7194F878
:10B02000BC34012B18D00123206884F8BC3404F010
:10B030002DFB0023184684F8BC3410BD24204FF0AB
:10B04000010C00FB0E4000F13C010EEBCE0004EBC6
:10B05000800080F83DC0D6E7022010BD11F0800FBF
:10B0600001F00F034FF0240110B504461AD101FB83
:10B07000034103EBC302002001F51F7104EB8202C0
:10B0800082F87D020B7094F8BC34012B19D0012397
:10B09000206884F8BC3404F041FB0023184684F88F
:10B0A000BC3410BD01FB034103EBC302012004EBE0
:10B0B00082023C3182F83D000B7094F8BC34012BC5
:10B0C000E5D1022010BD00BF08B501F00F0E24210C
:10B0D0000EEBCE0C01FB0E0100EB8C0C01F51F7189
:10B0E000CCF88C320023CCF888228CF87CE2CCF8A7
:10B0F00090328CF87D32C3680068012B08BFCCF811
:10B100009822DAB204F068FB002008BD01F00F01BC
:10B1100001EBC10100EB8101D1F89002704700BF43
:10B1200008B501F00F0E24210EEBCE0C01FB0E0131
:10B1300000EB8C0C3C31CCF84C300023CCF8482090
:10B14000CCF8503001238CF83CE08CF83D30C368DB
:10B150000068012B08BFCCF85820DAB204F03CFBA1
:10B16000002008BD38B5436801F00F059D4234D872
:10B170000B0604461DD4242201EBC10302FB01018E
:10B1800000EB8303002201F51F7183F87D22012368
:10B190000D708B7094F8BC249A421CD0206884F8FF
:10B1A000BC3404F0DDFCD5B10023184684F8BC346F
:10B1B00038BD242105EBC503012201FB050100EB8D
:10B1C00083033C3183F83D2001230D708B7094F88C
:10B1D000BC249A42E2D1022038BD012038BD04F2DD
:10B1E000C442217B206804F09DFDDDE7426838B54C
:10B1F00001F00F03934232D811F0800F04464FF054
:10B20000240103EBC30219D101FB0341002004EB2D
:10B210008202002501F51F7182F87D020B708D708E
:10B2200094F8BC34012B18D00123206884F8BC3476
:10B2300004F0CAFC284684F8BC5438BD01FB034125
:10B24000012004EB820200253C3182F83D000B70A6
:10B250008D7094F8BC34012BE6D1022038BD01205A
:10B2600038BD00BF10B40468606A31B940EA0240DA
:10B27000A06200205DF8044B7047A36AB1F1010C95
:10B2800000EB13400BD0002303F14001013304EB2A
:10B290008101DBB24968634500EB1140F4D30CF146
:10B2A000400C40EA024004EB8C0C5DF8044BCCF8F7
:10B2B00004000020704700BF034600201B6859624D
:10B2C000704700BF03464FF0000C09491A686046FA
:10B2D00010B4012483F8F4C4C3F8004593695DF801
:10B2E000044B43F000639361536D194351657047FC
:10B2F00003000010704700BF38B5104CE36813F02E
:10B30000040FE36805D103F00703181A18BF0120E2
:10B3100038BD23F007031843E060FBF743F8054608
:10B3200005E0FBF73FF8401BB0F57A7F04D863686F
:10B330009B04F6D5002038BD012038BD00480258D6
:10B34000024AD36843F08073D360704700480258C4
:10B3500070B44D6A15B1B2F1406F3AD18B691BB32D
:10B360000C6A002C4CD08E680068C661CE69002E35
:10B3700069D02B4313432343CC6A334323430C6BE1
:10B3800023434C6B23430C692343CC6823430C6851
:10B3900023434C69B2F1406F43EA8443436165D073
:10B3A0004B6870BC836170470B6ABBB100682B436C
:10B3B0008C68CE69C461002E6BD01343CC6A3343D2
:10B3C00023430C6B23434C6B23430C692343CC680E
:10B3D000DEE78B6A0468013B2361BFE7CB69002B82
:10B3E00066D1002D42D0CB6A0C6B2B43006813430F
:10B3F0004A6923434C6B234343EA8243436135E06C
:10B40000CC6945EA030C002C32D003684CEA0200F8
:10B41000B2F1406F40EA0400CC6A40EA04000C6BD1
:10B4200040EA04004C6B40EA0400CC6840EA0400A7
:10B430000C6840EA04004C6940EA8440586115D029
:10B440004A689A6112E045EA030C0D694CEA02036E
:10B45000CA6A23431343D1E90C4223430C681343C4
:10B460004A692B43234343EA8243436170BC7047DC
:10B47000CC6A4CEA020300682343D1E90C4223431F
:10B480000C6813434A69234343EA824370BC436117
:10B490007047CC6A13432343D1E90C42234313433F
:10B4A000D1E90442234343EA824370BC43617047BD
:10B4B0002B43CD6A0C6B134300682B4323434C6B27
:10B4C00084E700BF70B50546FAF76CFF002D46D043
:10B4D00095F841300646002B39D0AC6C2A68A96833
:10B4E0001368013923F4F85343EA0123136001E0A0
:10B4F000631C24D1936813F02003F9D1E869E9684B
:10B5000014680143286A0143686841EA00611948E8
:10B510002040014368691160A969546801432869A2
:10B5200041EA00411448204001240143184651607B
:10B530001168214311606B6485F8414070BDFAF7D2
:10B5400031FF801BA0420CD85CB12A68D2E72846A4
:10B55000F9F7A4FA41F288331C46AB64BEE7012038
:10B5600070BD0423012085F841306B6C03436B648C
:10B5700070BD00BF2FFFFF00FEF8E0FF70B1026852
:10B58000136823F0010310B513600446F9F750FB6C
:10B5900000236364184684F8413010BD01207047D1
:10B5A0002DE9F04104460E461546FAF7FBFE94F8E5
:10B5B0004030012B3AD0012384F8403094F84130D8
:10B5C000012BDFB206D002270023384684F8403032
:10B5D000BDE8F081002380466364022384F8413093
:10B5E000681C23680ED19A6812F02002FBD1314604
:10B5F0002046FFF7ADFE736AE3B10123002784F80C
:10B600004130E1E79A6812F020021ED0FAF7CAFE34
:10B61000A0EB0800854201D3002DE1D1042384F87A
:10B620004130636C43F001036364CDE70227384681
:10B63000BDE8F081226893689B07FCD502210123B5
:10B640000027D16084F84130BEE731462046FFF73D
:10B650007FFE736A43B1D0E7FAF7A4FEA0EB0800BF
:10B660008542DBD3002DD9D0226893689907F3D5A2
:10B67000E4E700BF2DE9F843044689461546FAF78A
:10B6800091FE94F840302768012B67D0012384F89D
:10B69000403094F84130012B5FFA83F807D04FF027
:10B6A00002080023404684F84030BDE8F8830023B8
:10B6B0006364B9F1000F56D01223064684F8413076
:10B6C0003B690133E3623B69C4F824900133A36210
:10B6D0007B6923F040637B61E36A002B31D06A1CF5
:10B6E000394611D18B685B07FCD5636A1B7887F8F4
:10B6F0002030E26A636A013A0133E262E26A63621D
:10B70000F2B16A1C2168EDD08B685807EDD4FAF7C6
:10B7100049FE801B854201D3002DF2D1042384F819
:10B720004130636C43F00103636413E0BB689B0723
:10B730000CD4FAF737FE801B8542EFD3002DEDD0F5
:10B740002768691CF2D1BB689A07FCD502234FF029
:10B750000008FB60012384F84130A2E74FF00208A3
:10B760004046BDE8F883636C43F00803636498E7E0
:10B770002DE9F843044615468946FAF713FE276873
:10B78000BA6994F84030012B6CD0012384F8403022
:10B7900094F84130012B5FFA83F807D04FF002088C
:10B7A0000023404684F84030BDE8F88300236364FA
:10B7B000B9F1000F5BD02223064684F841303B6983
:10B7C0000133A3633B69C4F83090013363637B6941
:10B7D00023F0406343F080637B61BA61A36B002B6D
:10B7E00033D0681C394612D18B6813F0060FFBD09A
:10B7F00097F82020236B1A70A26B236B013A013358
:10B80000A263A26B2363FAB1681C2168ECD08B6839
:10B8100013F0060FECD1FAF7C5FD801B854201D36A
:10B82000002DF1D1042384F84130636C43F001030F
:10B83000636413E0BB689B070CD4FAF7B3FD801B6D
:10B840008542EFD3002DEDD02768691CF2D1BB688B
:10B850009A07FCD502234FF00008FB60012384F80F
:10B8600041309DE74FF002084046BDE8F883636C25
:10B8700043F00803636493E72DE9F84F04461F463D
:10B8800089469046FAF78EFD94F84030012B52D04D
:10B89000012384F8403094F84130012B5FFA83FB98
:10B8A00007D04FF0020B0023584684F84030BDE823
:10B8B000F88F002382466364422384F841307A1C67
:10B8C00026682CD1B568AB06FCD4D8F800304946C0
:10B8D0002046B362D8F804307362D8F80830F362B7
:10B8E0003268D8F8103022F440021343D8F80C2004
:10B8F00043F480033360C9F828204FF00062FFF75B
:10B9000027FD781C22681BD193681907FCD50821F4
:10B9100001234FF0000BD16084F84130C3E7B368D6
:10B920009D06D2D5FAF73EFDA0EB0A00874212D35E
:10B93000002FC4D10FE04FF0020B5846BDE8F88F3E
:10B9400093681B07E3D4FAF72DFDA0EB0A008742AA
:10B9500001D3002FD5D1042384F84130636C43F028
:10B96000010363649FE700BF2DE9F04704460F46DB
:10B970001646FAF717FD94F84030012B45D0012305
:10B9800084F8403094F84130012B5FFA83F907D0F6
:10B990004FF002090023484684F84030BDE8F087A4
:10B9A00000238046D4F848A06364822384F84130A1
:10B9B000BAF1FF3F256814D1AB689A06FCD42B6816
:10B9C000726823F00803082A43EA02032B6021D09F
:10B9D0004FF04062394620464FF00009FFF7B8FCAF
:10B9E000D8E7AB689B06EAD5FAF7DCFCA0EB0800C9
:10B9F000824502D3BAF1000FDAD1042384F8413032
:10BA0000636C43F001036364C4E74FF002094846E6
:10BA1000BDE8F087326810232A63EB602B6843F49B
:10BA200080132B60D4E700BF704700BF08B5006CDF
:10BA300000238363C36290F84130082B0BD1036865
:10BA40000222DA601A6842F400321A601A6842F080
:10BA500002021A6008BD012380F84130FFF7E4FFBD
:10BA600008BD00BF704700BF704700BF704700BFF0
:10BA7000704700BF704700BF704700BF704700BFEE
:10BA800038B5036804469A68196855070ED5480307
:10BA90000CD594F84120122A75D094F84120222A1E
:10BAA00000F0A1802046FFF7E5FF38BD950726D5B9
:10BAB000880324D50222DA601A6822F4E0221A6090
:10BAC00094F84120122A7AD094F84120222A00F0DA
:10BAD000A98094F84120022A00F0D08094F84120F7
:10BAE000082AE2D15A690121204622F040625A61B7
:10BAF00084F84110636C3BBBFFF7B4FF38BD1507FA
:10BB000025D4D50735D5C80333D50125DD601A689E
:10BB100022F470221A60626C42F0020262641A68B7
:10BB2000520779D51A68E06B22F004021A60574B6D
:10BB3000836507F067FE0028B7D0636C204643F0AA
:10BB40000403636484F84150FFF76EFF38BD0803B7
:10BB5000D7D50822DA601A68520206D51A68012180
:10BB600022F410221A6084F841102046FFF784FF67
:10BB700038BDD00699D5CA0297D510222046DA6082
:10BB8000FFF77CFF38BD9A6850078BD518460EE04A
:10BB9000626A127883F82020E16A20680139626ABB
:10BBA000E1620132816862624D077FF57BAFE26A34
:10BBB000002AEDD1036823F48023036072E71A683A
:10BBC000510709D51A68E16B22F0040209681A606E
:10BBD000CB6823F00103CB600123204684F8413079
:10BBE000FFF746FF38BD9A6852077FF55BAF1846EE
:10BBF0000EE093F82010226B1170A16B20680139C0
:10BC0000226BA16301328168226349077FF54AAF45
:10BC1000A26B002AEDD1CDE7204684F84150FFF712
:10BC200003FF38BD1A6852071DD49A6812F47C5F6E
:10BC30000FD111E093F82010226B1170A16B2068D6
:10BC40000139226BA16301328168226311F47C5FA8
:10BC500002D0A26B002AEDD10123204684F84130A6
:10BC6000FFF704FF38BD1A68E16B22F0040209688F
:10BC70001A60CB6823F00103CB60EDE70123204677
:10BC800084F84130FFF7F0FE38BD00BF2DBA002424
:10BC9000454B30B49A6A9C6ADD6A14F47C7F596B18
:10BCA000C4F3051038D0C1F3CC0105F0010502F052
:10BCB000030205FB01F1012A07EE901AB8EEE77ABC
:10BCC00002D0022A4ED04AB307EE900ADFED376A5F
:10BCD000F8EEE77A1B6B86EEA76A9FED355AC3F341
:10BCE000080306EE903AF7EE005AF8EEE66AE7EE41
:10BCF000056A76EEA56A66EE266A2B4B1B6BC3F3CC
:10BD00004623013307EE903AB8EEE77AC6EE877A1B
:10BD1000FCEEE77A17EE900A30BC70471A6892067C
:10BD200027D5196807EE900A224AF7EE005A1B6BD6
:10BD3000C1F3C101F8EEE77A9FED1D5AC3F3080382
:10BD4000CA4006EE903A06EE102AF8EEE66AB8EE21
:10BD5000C66AE7EE056A86EE277A76EEA56A66EE93
:10BD6000876ACAE707EE900ADFED136AF8EEE77A12
:10BD7000B0E707EE900A9FED115A1B6BB7EE006A11
:10BD8000F8EEE77ADFED0A5AC3F30803C5EE276A37
:10BD900007EE903AF8EEE77AE7EE257A77EE867AC4
:10BDA00066EEA76AA9E700BF004402580024744A5F
:10BDB000000000390090D0030024744B0024744C20
:10BDC000002800F0EC81F8B503680446D80730D5A8
:10BDD000A5490A69896A02F03802102A00F009812F
:10BDE000182A00F001816368B3F5803F00F02C81D0
:10BDF000002B00F06A81B3F5A02F9B4B1A6800F06E
:10BE00008E8222F480321A601A6822F480221A602C
:10BE1000FAF7C8FA944E41F28837054605E0FAF77A
:10BE2000C1FA401BB84200F24E8133689A03F6D53E
:10BE300023689D0700F18A80D90633D58A4A1369A1
:10BE4000926A03F03803082B00F0E380182B00F00F
:10BE5000DB80E369844D002B00F071812B6843F097
:10BE600080032B60FAF79EFA064605E0FAF79AFA85
:10BE7000801B022800F227812B68DB05F6D5FAF734
:10BE8000A9FA41F20303984200F27182226A6B68B8
:10BE9000202A23F0F8430CBF43F0804343EA826337
:10BEA0006B6023681D0716D563696F4D002B00F08A
:10BEB00024816B6F43F001036B67FAF773FA064650
:10BEC00005E0FAF76FFA801B022800F2FC806B6F26
:10BED0009807F6D523689A0616D5A369624D002BFC
:10BEE00000F01C812B6843F480532B60FAF75AFA58
:10BEF000064605E0FAF756FA801B022800F2E380B6
:10BF00002B689F04F6D52368590700F1A380606A67
:10BF1000D0B1554D2B6903F03803182B00F0B181D7
:10BF20002B68022823F080732B6000F04481FAF71D
:10BF300039FA044605E0FAF735FA001B022800F248
:10BF4000C2802B689B01F6D40020F8BD464A1369D5
:10BF5000926A13F038032DD1434BE2681B685907EE
:10BF600001D5002A4ED0404D2B6823F0190313430E
:10BF70002B60FAF717FA064605E0FAF713FA801B6A
:10BF8000022800F2A0802B685B07F6D5FAF722FAA8
:10BF900041F20303984200F2F98022696B68402A5B
:10BFA00023F47C330CBF43F4003343EA02336B6069
:10BFB000236841E7182B00F0E5802B4DE2682B68E1
:10BFC000002A00F0CE8023F0190313432B60FAF708
:10BFD000E9F9064604E0FAF7E5F9801B022872D871
:10BFE0002B685F07F7D5D1E701F0030102297FF441
:10BFF000FAAE1D4A126891037FF51BAF6268002AF2
:10C000007FF417AF0120F8BD02F00302012A7FF48C
:10C0100020AF154B1B68DA0502D5E369802BF1D1FF
:10C02000FAF7D8F941F20303984200F2BA80226A83
:10C03000202A00F0AB810C494B6823F0F84343EA17
:10C0400082634B6023682DE7074A136843F480330B
:10C050001360DDE6054D2B6843F480732B60FAF71F
:10C06000A1F9064609E000BF004402580048025802
:10C07000FAF798F9801B642825D82B68DA05F7D5DC
:10C08000A368012B00F07C81002B00F05781052B69
:10C09000A74B1A6F00F0838122F001021A671A6F12
:10C0A00022F004021A67FAF77DF9A14E41F28837AF
:10C0B000054604E0FAF776F9401BB84203D8336F1F
:10C0C0009B07F7D523E70320F8BD994D41F2883748
:10C0D0002B6823F480332B602B6823F480232B60A0
:10C0E000FAF760F9064604E0FAF75CF9801BB842FB
:10C0F000E9D82B689B03F7D49AE66B6F23F0010312
:10C100006B67FAF74FF9064604E0FAF74BF9801B24
:10C110000228D8D86B6F9907F7D4DBE62B6823F495
:10C1200080532B60FAF73EF9064604E0FAF73AF935
:10C13000801B0228C7D82B689804F7D4E3E62B6845
:10C1400023F080032B60FAF72DF9064604E0FAF796
:10C1500029F9801B0228B6D82B68DF05F7D423689D
:10C16000A0E623F001032B60FAF71CF9064604E071
:10C17000FAF718F9801B0228A5D82B685807F7D4BE
:10C18000236859E690077FF418AFE5E66B682269EB
:10C1900023F0FE4343EA02636B6023684CE6012010
:10C1A0007047634A216AD36823F07C5343EA0163F2
:10C1B000D360236876E6FAF7F5F8064605E0FAF765
:10C1C000F1F8801B02283FF67EAF2B689901F6D468
:10C1D000A96A584BA26A0B405749554E1343E26A6D
:10C1E00043EA0213AB62D4E90D32013B013A5B0230
:10C1F00012049BB202F4FE021343226B013AC2F313
:10C2000008021343E26B013A120602F0FE421343A6
:10C210002B63EB6A23F00103EB626A6BA36C1140A2
:10C2200041EAC3016963EB6A226C23F00C031343F8
:10C23000EB62EB6A626C23F002031343EB62EB6A7E
:10C2400043F48033EB62EB6A43F40033EB62EB6A56
:10C2500043F48023EB62EB6A43F00103EB622B684B
:10C2600043F080732B60FAF79DF8044605E0FAF777
:10C2700099F8001B02283FF626AF33689A01F6D5DD
:10C2800062E60128AA6A2E6B3FF45FAE02F0030358
:10C29000A16A8B427FF4B6AEC2F30512E36A9A42FA
:10C2A0007FF4B0AE236BC6F30802013B9A427FF4E1
:10C2B000A9AE636BC6F34622013B9A427FF4A2AE5D
:10C2C000A36BC6F30642013B9A427FF49BAEE36B3D
:10C2D000C6F30666013B9E427FF494AE6B6BA26C84
:10C2E000C3F3CC039A423FF42FAE114AD36A23F032
:10C2F0000103D362FAF756F80546FAF753F8A84255
:10C30000FBD00B4A0020A16C0B4B546B234043EA3B
:10C31000C1035363D36A43F00103D362F8BD42F40F
:10C3200080221A601A6842F480321A6070E500BFF9
:10C33000004402580CFCFFFF0700FFFF1C4D41F2B8
:10C3400088372B6F23F001032B672B6F23F0040337
:10C350002B67FAF727F8064605E0FAF723F8801B63
:10C36000B8423FF6B0AE2B6F9807F6D4CFE5EB6836
:10C37000226A23F07C5343EA0263EB60236891E571
:10C380000B4A136F43F0010313678CE6084A5368A6
:10C3900023F0F84343F080435360236882E542F082
:10C3A00004021A671A6F42F001021A677BE600BFA7
:10C3B00000440258474A136903F03803102B04D095
:10C3C000182B0DD01BB14448704744487047136880
:10C3D00099064AD513684248C3F3C103D840704751
:10C3E000936A30B4946AD56A14F47C7F516BC4F3B9
:10C3F000051038D0C1F3CC0105F0010503F00303AB
:10C4000005FB01F1012B07EE901AB8EEE77A02D096
:10C41000022B2CD093B307EE900A9FED325AF8EE20
:10C42000E77A136BC5EE276ADFED2F5AC3F30803D3
:10C4300007EE903AB7EE006AF8EEE77AE7EE257A73
:10C4400077EE867A66EEA76A224B1B6BC3F3462310
:10C45000013307EE903AB8EEE77AC6EE877AFCEE43
:10C46000E77A17EE900A30BC70471D48704707EE18
:10C47000900A9FED1E5AF8EEE77AD2E713689B0602
:10C4800020D5146807EE900A1549F7EE005A136B91
:10C49000C4F3C104F8EEE77A9FED135AC3F308031F
:10C4A000E14006EE903A06EE101AF8EEE66AB8EEB3
:10C4B000C66AE7EE056A86EE277A76EEA56A66EE2C
:10C4C000876AC1E707EE900A9FED095AF8EEE77A0E
:10C4D000A7E700BF0044025800093D000024F40013
:10C4E0000090D0030024744A000000390024744BEB
:10C4F0000024744C002800F00C818C4A136803F06F
:10C500000F038B422DE9F04104460D460CD213680F
:10C5100023F00F030B431360136803F00F038B42E8
:10C5200002D00120BDE8F08123685F070BD5804968
:10C5300020698A6902F07002904204D98A6922F067
:10C54000700202438A611E070BD579496069CA6986
:10C5500002F07002904204D9CA6922F070020243CC
:10C56000CA61D8060BD57249A069CA6902F4E062B3
:10C57000904204D9CA6922F4E0620243CA61990672
:10C580000BD56B49E0690A6A02F07002904204D947
:10C590000A6A22F0700202430A629A0740F1AB80F5
:10C5A0006348E168826902F00F02914204D982690E
:10C5B00022F00F020A438261D80730D55C4AA16895
:10C5C000936923F470630B439361616813680229D4
:10C5D00000F0A180032900F09880012900F0A180DB
:10C5E00058079ED5524E41F28838336923F007032D
:10C5F0000B433361F9F7D6FE074605E0F9F7D2FEA3
:10C60000C01B404500F28B803369626803F0380339
:10C61000B3EBC20FF2D12368990706D5E16844480D
:10C62000826902F00F028A4269D840490A6802F022
:10C630000F02AA420AD90A6822F00F022A430A60AE
:10C640000A6802F00F02AA427FF46BAF5A070BD5BB
:10C65000374920698A6902F07002904204D28A69DF
:10C6600022F0700202438A611F070BD530496069CE
:10C67000CA6902F07002904204D2CA6922F07002C4
:10C680000243CA61DE060BD52949A069CA6902F4D2
:10C69000E062904204D2CA6922F4E0620243CA61B5
:10C6A0009D060BD5224AE169136A03F07003994293
:10C6B00004D2136A23F070030B431362FFF77AFE70
:10C6C0001B4A03461B4891699269C1F303211A4D25
:10C6D00002F00F02194C415C825C01F01F01184806
:10C6E00002F01F02CB4000682B60D3402360BDE8FE
:10C6F000F041F9F7F5BDDA073FF560AF95E78269DC
:10C7000022F00F02114381618FE79F013FF56AAF6D
:10C7100007E7012070479B033FF564AF01E7032063
:10C7200000E7DE053FF55EAFFBE600BF00200052EC
:10C730000044025834860124A0050020A4050020EE
:10C7400004010020184A38B5136903F03803102B90
:10C750001AD0182B23D0CBB11448134B14499A6923
:10C760009B69C2F30322134C03F00F03124D8A5C42
:10C77000CB5C02F01F0220FA02F203F01F0022FA43
:10C7800000F02A60206038BD0C48E6E713689B067D
:10C7900008D512680A48C2F3C102D040DDE7FFF7AE
:10C7A00077FADAE70648D8E70044025800093D0066
:10C7B00034860124A4050020A00500200024F400F4
:10C7C0000090D0031C4A38B5136903F03803102BCE
:10C7D00021D0182B2BD003B31848174A1849936956
:10C7E000184DC3F30323184CCB5C03F01F0320FA4E
:10C7F00003F3906900F00F002B60085C00F01F004D
:10C80000C3402360D269C2F30212885C00F01F00AB
:10C8100023FA00F038BD0D48DFE713689B0609D501
:10C8200010680B4BC0F3C10023FA00F0D5E7FFF707
:10C830002FFAD2E70648D0E70044025800093D002D
:10C8400034860124A0050020A40500200024F40063
:10C850000090D0031C4A38B5136903F03803102B3D
:10C8600021D0182B2BD003B31848174A18499369C5
:10C87000184DC3F30323184CCB5C03F01F0320FABD
:10C8800003F3906900F00F002B60085C00F01F00BC
:10C89000C3402360D269C2F30222885C00F01F000B
:10C8A00023FA00F038BD0D48DFE713689B0609D571
:10C8B00010680B4BC0F3C10023FA00F0D5E7FFF777
:10C8C000E7F9D2E70648D0E70044025800093D00E6
:10C8D00034860124A0050020A40500200024F400D3
:10C8E0000090D003F8B53A4CA36A03F00303032B7E
:10C8F00067D0236806460F4623F080632360F9F76C
:10C9000051FD054604E0F9F74DFD431B022B56D8B7
:10C9100023681A01F7D4A36A326823F47C3343EA0C
:10C920000233A362D6E90232013B013A5B021204F0
:10C930009BB202F4FE0213437268013AC2F308028A
:10C9400013433269013A120602F0FE421343A36315
:10C95000E36A726923F0C0031343E362E26AB369D6
:10C9600022F020021A431B4BE262E26A22F010021C
:10C97000E262E16BF2690B4043EAC203E363E36AFC
:10C9800043F01003E362E36AEFB1012F0CBF43F4FD
:10C99000801343F40013E3620D4C236843F080637B
:10C9A0002360F9F7FFFC054604E0F9F7FBFC401BA8
:10C9B000022804D823681B01F7D50020F8BD032006
:10C9C000F8BD0120F8BD43F40023E362E4E700BFB3
:10C9D000004402580700FFFFF8B53A4CA36A03F081
:10C9E0000303032B67D0236806460F4623F08053CA
:10C9F0002360F9F7D7FC054604E0F9F7D3FC431BA5
:10CA0000022B56D823689A00F7D4A36A326823F021
:10CA10007C7343EA0253A362D6E90232013B013A36
:10CA20005B0212049BB202F4FE0213437268013AE5
:10CA3000C2F3080213433269013A120602F0FE42C1
:10CA400013432364E36A726923F440631343E3628C
:10CA5000E26AB36922F400721A431B4BE262E26A93
:10CA600022F48072E262616CF2690B4043EAC20315
:10CA70006364E36A43F48073E362E36AEFB1012F16
:10CA80000CBF43F4000343F08073E3620D4C236852
:10CA900043F080532360F9F785FC054604E0F9F77D
:10CAA00081FC401B022804D823689B00F7D5002096
:10CAB000F8BD0320F8BD0120F8BD43F48003E36214
:10CAC000E4E700BF004402580700FFFF2DE9F843E8
:10CAD000D0E9003204461D0103F0006623D5816EC3
:10CAE000B1F5001F00F04F8512D8002900F0A58590
:10CAF000B1F5801F40F09E8502210830FFF7F2FE5D
:10CB00000646002E40F01E85A16ED4E9003203E0F7
:10CB1000B1F5401F40F08E85AE4D0026286D20F403
:10CB2000401001432965D8050AD5A16D042906D80E
:10CB3000DFE811F032053905160510031003012650
:10CB4000354699051DD5E16D802900F0128500F26A
:10CB5000F980002900F02084402940F0FA8000216B
:10CB600004F10800FFF7BEFE0546D4E90032002DAF
:10CB700040F0EB83974FE06D396D21F4E071014394
:10CB800039655F0521D5D4F8A810B1F5800F00F004
:10CB90001D8500F2E180002900F00584B1F5001F39
:10CBA00040F0E280002104F10800FFF79BFE0546FB
:10CBB000D4E90032002D40F0CF83864FD4F8A8008E
:10CBC000B96D21F460010143B965180521D5D4F888
:10CBD000AC10B1F1007F00F0B98400F2C8800029E8
:10CBE00000F0D483B1F1807F40F0C980002104F1CE
:10CBF0000800FFF777FE0546D4E90032002D40F02B
:10CC0000A283744FD4F8AC00B96D21F0E061014308
:10CC1000B965990118D5E16C202900F01E8400F255
:10CC2000B18039B1102940F0B0806A48C16A41F43E
:10CC30000031C162002D40F0D383664FE06CF96C87
:10CC400021F030010143F964DF041FD5216EB1F5F5
:10CC5000005F00F0B18400F29B80002900F0908317
:10CC6000B1F5805F40F09C80002104F10800FFF7DF
:10CC700039FE0546D4E90032002D40F06883554F57
:10CC8000206E396D21F4E0410143396598041DD5CA
:10CC9000616EB1F5003F00F00F8400F2848059B15D
:10CCA000B1F5803F40F08780012104F10800FFF7D3
:10CCB00019FE0546D4E90032002D40F09B83454F14
:10CCC000606E396D21F4E0210143396559041DD5A9
:10CCD000D4F8B010B1F1005F00F0FA836ED851B112
:10CCE000B1F1805F72D1012104F10800FFF7FAFD74
:10CCF0000546D4E90032002D40F08083354FD4F84A
:10CD0000B000B96D21F0E0410143B9651F040DD5B4
:10CD1000216FB1F1805F00F0C783B1F1005F00F0D7
:10CD20002582002900F02A8201263546D8015FD5E8
:10CD3000A16C032900F2BB84DFE811F05600E10387
:10CD40004E005600C0293FF412AFB1F5807F3FF48A
:10CD50000EAF0126354614E7B1F5C00F3FF42AAFF8
:10CD6000B1F5000F3FF426AF012635462DE7B1F1AE
:10CD7000407F3FF443AFB1F1806F3FF43FAF0126F6
:10CD8000354646E730293FF455AF012635465BE787
:10CD9000B1F5405F3FF470AFB1F5804F3FF46CAF39
:10CDA0000126354672E721F48030B0F5802F83D01C
:10CDB000B1F5403F80D00126354687E721F080500D
:10CDC000B0F1804F97D0B1F1405F94D00126354645
:10CDD0009CE700BF00440258022104F10800FFF75D
:10CDE00081FD0546D4E90032002D00F0FB822E467D
:10CDF000590200F15A82D8072FD5E16F28292AD885
:10CE0000DFE811F0FA012900290029002900290092
:10CE100029002900060429002900290029002900E9
:10CE200029002900F20129002900290029002900F0
:10CE300029002900FA0129002900290029002900D8
:10CE400029002900FA0129002900290029002900C8
:10CE500029002900FA0101263546990717D5A16F47
:10CE6000052900F22084DFE811F00E00BB03060064
:10CE70000E000E000E00012104F12800FFF7ACFDAA
:10CE80000546D4E90032002D00F099822E465F0756
:10CE900018D5D4F89410052900F20D84DFE811F0BC
:10CEA0000E00AC0306000E000E000E00012104F17E
:10CEB0002800FFF791FD0546D4E90032002D00F06F
:10CEC00086822E4698061FD5D4F89010B1F1005FE7
:10CED00000F0098300F20B8159B1B1F1805F40F09D
:10CEE0001081002104F10800FFF7FCFC0546D4E99D
:10CEF0000032002D40F05F82A64FD4F89000796D8B
:10CF000021F0E0410143796559061FD5D4F89C1002
:10CF1000B1F5006F00F0B28200F2F68059B1B1F5C0
:10CF2000806F40F0FB80002104F10800FFF7DAFC7D
:10CF30000546D4E90032002D40F06282954FD4F8C6
:10CF40009C00B96D21F4E0510143B9651F061FD55E
:10CF5000D4F8A010B1F5804F00F09B8200F2E18080
:10CF600059B1B1F5005F40F0E680002104F10800FE
:10CF7000FFF7B8FC0546D4E90032002D40F03C82B2
:10CF8000844FD4F8A000B96D21F460410143B96524
:10CF900018070BD5D4F88400B0F5805F00F0B88294
:10CFA0007C4F796D21F4405101437965D9060BD549
:10CFB000D4F89800B0F5807F00F0B782754FB96D56
:10CFC00021F440710143B9651F030ED5D4F8A410B4
:10CFD000B1F5803F00F0F480B1F5003F00F0F8803B
:10CFE000002900F02E820126354658030FD5D4F8CB
:10CFF0008810B1F5001F00F0CF80B1F5401F00F0A0
:10D00000D380B1F5801F00F0148201263546D90384
:10D0100009D5216D002900F00382B1F5803F00F0B1
:10D020009D81012635469F0000F1F18098030CD5C3
:10D03000D4F88010B1F5807F00F0EA817ED921F428
:10D040008070B0F5007F7BD00126D90206D551480B
:10D05000656F016D21F0004129430165DF0007D5AF
:10D060004C48D4F8B850016921F48041294301614A
:10D070009D0206D54748E56E016D21F08071294378
:10D080000165580009D54349086920F4004008614A
:10D090000869D4F8BC5028430861002B06DA3D48E3
:10D0A000656DC16C21F040512943C164190207D557
:10D0B0003849D4F88C004B6D23F4400303434B658F
:10D0C000D30700F1B080970700F1BA80550700F14F
:10D0D000C480100700F1CE80D10600F1D8809206FE
:10D0E00000F12581301E18BF0120BDE8F88321F032
:10D0F0008050B0F1804F3FF4FCAEB1F1405F3FF49F
:10D10000F8AE01263546FFE621F48060B0F5805F79
:10D110003FF411AFB1F5406F3FF40DAF0126354636
:10D1200014E721F40050B0F5004F3FF426AFB1F5FD
:10D13000C04F3FF422AF0126354629E7002983D1AD
:10D14000002D40F06381134D686D20F44070014361
:10D1500069657AE73546002D40F0FB800D4FA06DE4
:10D16000396D21F0070101433965EAE4012104F139
:10D170000800FFF7B7FB0546D4E90032002D40F068
:10D180001C81044F206F396D21F0405101433965F6
:10D19000CCE500BF00440258012104F12800FFF74C
:10D1A0001BFC0546D4E90032002D40F02D81B14F23
:10D1B000D4F88800796D21F440110143796526E7A0
:10D1C000022104F12800FFF707FC0546D4E90032EC
:10D1D000002D40F01781A74FD4F8A400B96D21F4B9
:10D1E00040310143B96500E7012104F12800FFF750
:10D1F000F3FB0546D4E90032002D40F0DA809D4F64
:10D20000E06F796D21F038010143796525E602214F
:10D2100004F12800FFF7E0FBD4E9003200283FF4D6
:10D2200005AF012602E7002104F10800FFF75AFBD1
:10D23000626800283FF447AF970706467FF546AF80
:10D24000012104F10800FFF74DFB626800283FF45C
:10D250003DAF550706467FF53CAF022104F10800BB
:10D26000FFF740FB626800283FF433AF0646100723
:10D270007FF532AF002104F12800FFF7ADFB6268B3
:10D2800000283FF429AFD10606467FF528AF04F108
:10D29000280501212846FFF79FFB002800F0DB80CE
:10D2A00063689B064CD5064643E0734F3B6843F4E6
:10D2B00080733B60F9F776F8804606E0F9F772F87C
:10D2C000A0EB0800642800F2AF813B68DA05F5D5D1
:10D2D000002D40F0E381674AD4F8B430116F594013
:10D2E00011F4407F0BD0116F106F21F4407140F4A6
:10D2F00080301067106F20F4803010671167B3F52D
:10D30000807F00F0AD8103F44072B2F5407F00F001
:10D31000BB8158490A6922F47C520A615548C3F31B
:10D320000B01076F3943D4E90032016763E504F16B
:10D33000280502212846FFF74FFB00283FF4D2AE14
:10D340000120BDE8F8832E4663E42E4619E42E46FC
:10D350009CE42E46FFF7F5BB2E4636E4022104F18D
:10D360000800FFF7BFFA0546D4E90032002D5ED170
:10D37000404F206DF96C21F480310143F96452E68D
:10D380003C48C16A41F40031C16275E43948C16A60
:10D3900041F40031C16231E43648C16A41F40031E0
:10D3A000C162FFF7E4BB3348C16A41F40031C16296
:10D3B00000E42E4651E52E46A6E52E46B6E42D4F56
:10D3C000A06F796D21F00701014379655FE5294F71
:10D3D000D4F89400B96D21F007010143B96571E5F6
:10D3E0002E4631E4234FA06CF96C21F00301014378
:10D3F000F964FDE42E4669E42E46C9E52E4685E42F
:10D400002E46A3E52E46F0E52E4600E62E461CE607
:10D41000184FF86A40F40030F862002DF6D192E619
:10D420001448C16A41F40031C162002DA0D02E46DB
:10D43000F9E51048C16A41F40031C162002DE3D121
:10D44000B5E604F10800FFF74DFA0546D4E90032CD
:10D45000002DD7D1BFE6626841E6022104F1080041
:10D46000FFF740FA0546D4E90032002DB8D1FFF7A6
:10D47000E4BB00BF0044025800480258022104F1F6
:10D480002800FFF7A9FA0546D4E90032002DB7D1EC
:10D4900054E5022104F12800FFF79EFA0546D4E97D
:10D4A0000032002DA8D16BE58448C16A41F40031F7
:10D4B000C162002D81D164E6012104F12800FFF74B
:10D4C0008BFA0546D4E90032002D93D1FFF7F7BB64
:10D4D000012104F12800FFF77FFA0546D4E9003264
:10D4E000002D8BD10AE4022104F12800FFF774FA21
:10D4F0000546D4E90032002D7FF45DAFFCE46F48AF
:10D50000C16A41F40031C162002D7FF470AC69E75B
:10D51000022104F12800FFF75FFA002840F0948010
:10D52000D4F88400D4E900323AE5022104F128005D
:10D53000FFF752FA002840F08D80D4F89800D4E923
:10D5400000323BE5D4E90032FFF7EDBA002104F1E7
:10D550002800FFF741FA0546D4E90032FFF74EBB39
:10D56000002104F12800FFF737FA0546D4E900321C
:10D57000F1E5002104F12800FFF72EFA0546D4E971
:10D580000032FFF7F4BA02212830FFF725FA0646E9
:10D59000002E3FF4B9AAD5E748483546C16A41F4A0
:10D5A0000031C162D7E5002104F10800FFF79AF9C4
:10D5B0000546D4E90032CEE5002104F12800FFF74A
:10D5C0000BFA0546D4E90032FFF756BB002104F1FF
:10D5D0002800FFF701FA0546D4E90032FFF7EABA5E
:10D5E000012104F10800FFF77DF90546D4E9003276
:10D5F000002D7FF44BACE2E6012104F10800FFF7B7
:10D6000071F90546D4E90032002D7FF45AACDEE60C
:10D61000012104F10800FFF765F90546D4E900325D
:10D62000002D7FF4C6AEEAE50326D4E90032354684
:10D63000FFF7E1BB0126FFF776BA204DE86A40F418
:10D640000030E862FFF768BAD4F884000126D4E914
:10D650000032A5E4D4F898000126D4E90032ADE404
:10D66000F8F7A0FEDFF85480074641F2883904E05D
:10D67000F8F798FEC01B4845D6D8D8F870309B07FD
:10D68000F6D5D4F8B4303EE60C480D4A016902EAFA
:10D69000131221F47C510A4302613FE6D4E90032BF
:10D6A0002E46FFF7A8BB01263546FFF7F0BB012643
:10D6B0003546FFF79DBB0126354603E4004402587A
:10D6C000CFFFFF0008B5FFF73DF8054B054A1B6A81
:10D6D000C3F30213D35C03F01F03D84008BD00BF9F
:10D6E0000044025834860124584B70B4996A9D6AEC
:10D6F000DE6A15F47C3FC5F30532DC6B5CD0C4F305
:10D70000CC04C6F3001601F0030106FB04F4012962
:10D7100007EE904AB8EEE77A03D0022975D00029C7
:10D720004FD007EE902ADFED4A6AF8EEE77A9B6B5E
:10D7300086EEA76A9FED475AC3F3080306EE903AB8
:10D74000F7EE005AF8EEE66AE7EE056A76EEA56AAD
:10D7500066EE266A3D4AB7EE006A936BC3F3462332
:10D7600007EE103AB8EEC77A70BC37EE067AC6EE0E
:10D77000877AFCEEE77AC0ED007A936BC3F3064339
:10D7800007EE103AB8EEC77A37EE067AC6EE877A19
:10D79000FCEEE77AC0ED017A936BC3F3066307EE04
:10D7A000903AF8EEE77A77EE867A86EEA77ABCEEC4
:10D7B000C77A80ED027A704770BCC0E900228260AF
:10D7C00070471968890627D51C6807EE902A2249F8
:10D7D000F7EE005A9B6BC4F3C102F8EEE77A9FEDB7
:10D7E0001D5AC3F30803D14006EE903A06EE101A14
:10D7F000F8EEE66AB8EEC66AE7EE056A86EE277AC4
:10D8000076EEA56A66EE876AA4E707EE902ADFED5A
:10D81000136AF8EEE77A8AE707EE902A9FED105A2E
:10D820009B6BB7EE006AF8EEE77ADFED0A5AC3F3B6
:10D830000803C5EE276A07EE903AF8EEE77AE7EEBE
:10D84000257A77EE867A66EEA76A83E70044025867
:10D850000024744A000000390090D0030024744B67
:10D860000024744C584B70B4996A9D6ADE6A15F0B6
:10D870007C7FC5F305525C6C5CD0C4F3CC04C6F36A
:10D88000002601F0030106FB04F4012907EE904A8B
:10D89000B8EEE77A03D0022975D000294FD007EE01
:10D8A000902ADFED4A6AF8EEE77A1B6C86EEA76AEB
:10D8B0009FED475AC3F3080306EE903AF7EE005A7D
:10D8C000F8EEE66AE7EE056A76EEA56A66EE266A87
:10D8D0003D4AB7EE006A136CC3F3462307EE103AD5
:10D8E000B8EEC77A70BC37EE067AC6EE877AFCEEE1
:10D8F000E77AC0ED007A136CC3F3064307EE103AE3
:10D90000B8EEC77A37EE067AC6EE877AFCEEE77A8B
:10D91000C0ED017A136CC3F3066307EE903AF8EE9C
:10D92000E77A77EE867A86EEA77ABCEEC77A80ED44
:10D93000027A704770BCC0E90022826070471968A3
:10D94000890627D51C6807EE902A2249F7EE005A6F
:10D950001B6CC4F3C102F8EEE77A9FED1D5AC3F3C6
:10D960000803D14006EE903A06EE101AF8EEE66A89
:10D97000B8EEC66AE7EE056A86EE277A76EEA56A05
:10D9800066EE876AA4E707EE902ADFED136AF8EEE9
:10D99000E77A8AE707EE902A9FED105A1B6CB7EEE4
:10D9A000006AF8EEE77ADFED0A5AC3F30803C5EE22
:10D9B000276A07EE903AF8EEE77AE7EE257A77EEF7
:10D9C000867A66EEA76A83E7004402580024744A08
:10D9D000000000390090D0030024744B0024744CE4
:10D9E0005C4B70B4996A9D6ADE6A15F47C7FC5F35E
:10D9F00005125C6B5CD0C4F3CC0406F0010601F0A8
:10DA0000030106FB04F4012907EE904AB8EEE77A19
:10DA10007ED0022975D000294FD007EE902ADFED85
:10DA20004E6AF8EEE77A1B6B86EEA76A9FED4B5ABB
:10DA3000C3F3080306EE903AF7EE005AF8EEE66AF2
:10DA4000E7EE056A76EEA56A66EE266A414AB7EE0B
:10DA5000006A136BC3F3462307EE103AB8EEC77A99
:10DA600070BC37EE067AC6EE877AFCEEE77AC0ED38
:10DA7000007A136BC3F3064307EE103AB8EEC77A89
:10DA800037EE067AC6EE877AFCEEE77AC0ED017AC9
:10DA9000136BC3F3066307EE903AF8EEE77A77EE7E
:10DAA000867A86EEA77ABCEEC77A80ED027A704756
:10DAB00070BCC0E9002282607047196889062ED5C3
:10DAC0001C6807EE902A2649F7EE005A1B6BC4F338
:10DAD000C102F8EEE77A9FED215AC3F30803D14063
:10DAE00006EE903A06EE101AF8EEE66AB8EEC66A4E
:10DAF000E7EE056A86EE277A76EEA56A66EE876A15
:10DB0000A4E707EE902ADFED176AF8EEE77A8AE7D6
:10DB100007EE902ADFED146AF8EEE77A83E707EE66
:10DB2000902A9FED0D5A1B6BB7EE006AF8EEE77A6C
:10DB3000DFED0A5AC3F30803C5EE276A07EE903AF1
:10DB4000F8EEE77AE7EE257A77EE867A66EEA76A50
:10DB50007CE700BF004402580024744C00000039E8
:10DB60000090D0030024744B0024744AA0F5807305
:10DB70000B4300B585B000F08480A0F500730B4323
:10DB800039D0A0F580630B4300F0E680A0F5006378
:10DB90000B4300F08980A0F580530B4361D0A0F5C2
:10DBA00000530B4300F01281A0F500230B4300F05B
:10DBB000A380A0F580330B4300F0FA80A0F58043EA
:10DBC0000B4300F04381A0F5004050EA010337D138
:10DBD000994A136D03F04053B3F1805F00F08380E6
:10DBE000B3F1005F00F0568153BB106810F40030B1
:10DBF00044D0924842E0904A136D03F4E073802BC6
:10DC000000F0A58020D9C02B37D0B3F5807F17D185
:10DC1000D36C116803F04053490702D5002B00F084
:10DC2000C180854A1268D00503D5B3F1805F00F04A
:10DC30000181814A1268910302D5B3F1005FD8D007
:10DC4000002005B05DF804FB002B4CD0402BF7D131
:10DC5000106810F0006011D001A8FFF745FD019891
:10DC60000CE0754A136D03F4E043B3F5005F6ED02A
:10DC700037D9B3F5405F40F08780714805B05DF853
:10DC800004FB6D4B1B6D03F00703042BD8D801A2D6
:10DC900052F823F037DD002413DD002423DD0024B7
:10DCA0007BDC00241FDD0024634A936D03F0E063F6
:10DCB000B3F1007F4BD044D9B3F1407FDDD0B3F155
:10DCC000806FBDD1D36C126803F040535207A8D5C2
:10DCD000002BA6D1584B5B481B68C3F3C103D84047
:10DCE000CCE7002B54D1106810F00070C6D001A80A
:10DCF000FFF776FE0298C1E74F4A936D03F4403375
:10DD0000B3F5803F00F0D080B3F5003FDAD0002BB0
:10DD100096D1494B186810F00060AFD09CE7464A96
:10DD200076E7454B186810F00050A7D001A8FFF720
:10DD300099FD0198A2E7404B186810F000709DD043
:10DD4000D5E7002BCFD0B3F1807F81D078E7106882
:10DD500010F0005092D0E9E7374A936D03F4600366
:10DD6000B3F5800FF3D006D8002BBCD0B3F5001F5D
:10DD70003FF46EAF64E7B3F5C00F3FF47EAFB3F589
:10DD8000000F3FF445AF5BE7B3F5804F9AD057E7FC
:10DD9000B3F5805F3FF45CAF52E7106810F0040009
:10DDA0003FF46CAF13682748C3F3C103D84065E75D
:10DDB000214BDA6CD203BFD5186810F000603FF435
:10DDC0005DAF01A8FFF790FC039857E71A4A136D5F
:10DDD00003F4E023B3F5403FDFD010D8B3F5803F24
:10DDE00058D0B3F5003F18D1134B186810F000500D
:10DDF0003FF444AF01A8FFF735FD02983EE7B3F5C5
:10DE0000802F12D0B3F5A02F7FF41AAF0A4B1868F9
:10DE100010F400303FF432AFEBE6002B7FF410AF8C
:10DE200005B05DF804EBFEF7CDBC106810F480700F
:10DE30003FF424AF044821E7004402580024F400D2
:10DE40000080BB000090D00300093D00284B9B6D73
:10DE500003F0E043B3F1405F37D014D8B3F1805FF3
:10DE60003FD0B3F1005FBFD0002B7FF4E9AEFEF7E7
:10DE700069FC1F4B1F4A1B6AC3F30213D35C03F0F8
:10DE80001F03D840FAE6B3F1804F17D0B3F1A04F8B
:10DE9000BCD0D5E6106810F000603FF4EFAE01A8EA
:10DEA000FFF722FC0298E9E6106810F000503FF4FA
:10DEB000E5AE01A8FFF7D6FC0398DFE60C4B186827
:10DEC00010F480703FF4DAAEB4E7094B186810F034
:10DED00004003FF4D3AE1B680748C3F3C103D84026
:10DEE000CCE6034B186810F000603FF4C7AED6E7ED
:10DEF00000440258348601240090D003F8B501682C
:10DF00000546AB4B99421CD02033994219D003F5FA
:10DF1000787399424ED0203399424BD003F57873F1
:10DF2000994200F02E812033994200F02A81A14BC2
:10DF3000994200F028812033994200F02481012089
:10DF4000F8BD9D4E95F8913003F0FF02002B38D0BC
:10DF50009A4B9B4A1B68A2FB03230A681B0B22F403
:10DF600080329B000A60002B32D00C68013B14F415
:10DF70008034F8D1022385F89130EB68012B00F052
:10DF80004481022B15BF032023200227222715BF1F
:10DF90004FF0010C4FF0210C00222022AB68013B16
:10DFA000042B00F26E81DFE813F0E1001C00E800B2
:10DFB0001B00E40095F89130824E03F0FF02002B25
:10DFC000C6D1284685F89020F6F744FF2968BFE7B8
:10DFD000D5F89430012043F04003C5F89430F8BDE3
:10DFE0003A464FF400672B6A3260002B49D0704BE1
:10DFF000994200F01F817448081AB0FA80F0400975
:10E00000002840F01781714B994200F021812033A4
:10E01000994200F01D816E4B994200F0128120332D
:10E02000994200F00E81634B994200F02181694BC7
:10E03000994200F01781AB69B3F5002F00F0EB8037
:10E04000AA6A00EB8000696CB2F1806F4FEA40036E
:10E05000286A0CBF0222012200FB02F21202B3FB6B
:10E06000F2F35D4AA2FB0302D20802EB8200A3EBAB
:10E070004003092B08BF013204296A6201D152080A
:10E080006A626B6833F002032B6D40F0B980012B9C
:10E0900014BF4FF400740024F8F79CF9696CB0F5D4
:10E0A000005FD5E9003242EA0102A96C42EA0102AE
:10E0B000E96C42EA0102E96A42EA0102696942EA5C
:10E0C0000102C0F09580A96918680A43A96A0A4349
:10E0D00042490140196029690A4319680A43696A7B
:10E0E00042EA01523E493A4322431A605A68286B79
:10E0F0001140EA690243686B5960024359680A4358
:10E1000038495A609A6811406A6E9960E96D98685A
:10E110000A43296E0A43696D01390A43A96D013921
:10E1200042EA012202434FF220009A60D968AA6EA7
:10E130000140D960E96ED8680A43696F42EA01423A
:10E14000296F013942EA0122194902438B42DA6000
:10E150001BD0184A934218D000230122C5F89430EE
:10E16000184685F8912085F89030F8BD4FF4806707
:10E1700039E702464FF4006735E762464FF400671F
:10E1800031E7194EDEE6194EDCE6736C23F001032D
:10E19000736495F83830012BDED1D5E90F23013AAD
:10E1A00043EA02137364736C43F001037364D3E7AF
:10E1B000045801400454005800580140A0050020B4
:10E1C0001BECCB95005C014024580140045C0140ED
:10E1D0000460014024540058CDCCCCCC10C005F0D4
:10E1E000F01FFFFF0080F8FF00600140005400585E
:10E1F000A96918680A43244901401960A96A6BE7B4
:10E20000012B08BF4FF4007446E7132012274FF08C
:10E21000110C1022C2E6696C042930D008291ED0E6
:10E220006A6D00EB80004300286A00FB02F2B3FB3A
:10E23000F2F316E700214FF48070FFF797FC29688E
:10E24000E1E600214FF40070FFF790FC2968EAE650
:10E2500000214FF40070FFF789FC2968DBE64FF4DA
:10E260008072DEE700214FF40060FFF77FFCE2E6FA
:10E2700000214FF48060FFF779FC2968D7E640223F
:10E28000CFE70027AFE600BF10C005F8022938B578
:10E29000044635D9C81E012830D8002023676064A1
:10E2A000E064E065A0664FF6FF706067606830F07C
:10E2B00002000CBF0125002504294FF4003125651B
:10E2C0000CBF01200D2021664FF48021A0656166FE
:10E2D000032A13D8DFE802F03E4F555C2368474A13
:10E2E000934205D002F1C052A2F58232934205D189
:10E2F0006368012B02D1636C002B37D0012038BD3D
:10E30000002023676064E064A066606830F002006B
:10E3100014BF0120002020654FF48030E0654FF6E7
:10E32000FF70606713F00100E8D149B94FF4802015
:10E33000C4E91810032AE1D8DFE802F05546362C6C
:10E3400060664FF400302066032AD7D8DFE802F079
:10E350004B3C2C2280211B014022A1646365E266B4
:10E36000F8F738F894F83830012BB7D02046BDE8DC
:10E370003840FFF7C3BD80225B01A2646365E2669B
:10E38000EEE7C0215B018022A1646365E266E7E7F6
:10E39000E021F7E75B08E02080219A01A0645B019F
:10E3A000E166C4E91523DBE75B08C022802502296A
:10E3B0004FEA8310A2644FEA4313E5666065A365E4
:10E3C000CED10823A366CBE75B08802202294FEA5F
:10E3D0008310A2644FEA4313E266C4E91503BFD178
:10E3E0001023A366BCE75B08802040215A01A0648B
:10E3F0001B01E166C4E91523B2E700BF04580140E0
:10E4000038B590F89030012B61D0324A0546324B36
:10E41000126801680120A3FB023285F89000120BFC
:10E420000B68920023F480330B60F2B10B68013A61
:10E4300013F48033F9D11C460B6823F400330B60CE
:10E4400095F89130122B2DD095F89130222B14D0C5
:10E450002A6801200021536843F00803536085F8BF
:10E460009100204685F8901038BDD5F894300124ED
:10E4700043F04003C5F89430DEE7D5F88400002867
:10E48000E6D0F9F759FE0028E2D0D5F884305B6D6C
:10E49000802BDDD0D5F89430012443F08003C5F8FB
:10E4A0009430D5E7D5F880000028CDD0F9F744FEA8
:10E4B0000028C9D0D5F880305B6D802BC4D0D5F84A
:10E4C0009430012443F08003C5F89430BCE7022463
:10E4D000204638BDA00500201BECCB952DE9F84364
:10E4E0000F4604461546F7F75DFF002F61D0B5FAD9
:10E4F00085F84FEA5818002D5BD094F89130012B25
:10E500005FFA83F950D194F89030012B4CD04346F8
:10E51000C4F894800646D4F8800065F30F0322689F
:10E5200084F89090394665F31F43A7671C32E36770
:10E530002B46122584F891502E4DC0F8508005646A
:10E540002D4DC5632D4DC564F9F754FC00283ED10F
:10E55000636C082B636831D005216122023B012BDB
:10E5600098BF1146226813690B431361136843F483
:10E570000033136006E0F7F715FF831BB3F57A7FCE
:10E580002AD82268556915F4E025F4D01368DB0316
:10E5900003D4136843F4803313600023994684F84E
:10E5A00090304846BDE8F8834FF002094846BDE880
:10E5B000F8834FF001094846BDE8F88323F00202D2
:10E5C000012A0BBF1521052171226122C6E74846A9
:10E5D00084F89080BDE8F883D4F894304FF00309B4
:10E5E00084F8905043F040034846C4F89430BDE8A6
:10E5F000F88300BF3DE70024D5E60024BDE70024F2
:10E60000F8B500294ED0B2FA82F513466D09002AFA
:10E6100048D090F891200446012AD6B23FD190F814
:10E620009020012A3BD081670A462946222780F89C
:10E63000906063F30F01C0F8945063F31F41C1670A
:10E64000D0F8840084F891701E4F216807641E4F33
:10E650001C310565C7631D4FC764F9F7CBFB20BBB1
:10E66000636C6268082B24D0052161202368023A7C
:10E67000012A98BF01461A690A431A611A6842F4CE
:10E6800000321A601A68D20303D41A6842F4803246
:10E690001A6000231E4684F890303046F8BD0226EA
:10E6A0003046F8BD01263046F8BD304684F890501B
:10E6B000F8BD22F00203012B0BBF152105217120AB
:10E6C0006120D3E7ADE7002449E70024BDE700243B
:10E6D000704700BF08B5C369806BB3F5807F1BD05E
:10E6E00003684FF0000C416C1A680829A0F87EC03E
:10E6F00022F400321A60426811D06FF0610C6FF0A2
:10E700000501023A012A98BF61461A694FF0010CCF
:10E710000A401A6180F891C0FFF7DAFF08BD22F0C5
:10E72000020101290BBF6FF0710C6FF0610C6FF0EB
:10E7300015016FF00501E4E7704700BF806B08B575
:10E74000FFF7FAFF08BD00BF08B5C369806BB3F5DA
:10E75000807F1BD003684FF0000C416C1A680829B9
:10E7600022F400321A604268A0F87EC011D06FF027
:10E77000610C6FF00501023A012A98BF61461A69DF
:10E780004FF0010C0A401A6180F891C0F6F768FC5E
:10E7900008BD22F0020101290BBF6FF0710C6FF070
:10E7A000610C6FF015016FF00501E4E7806B08B5AF
:10E7B000F6F71AFC08BD00BF704700BF10B5846BA8
:10E7C000FAF74CFA022823D0D4F89420216842F0BA
:10E7D0008002134B1348C4F894201B680A68A0FBFE
:10E7E000030322F400321B0B0A600A689B0022F428
:10E7F00080320A606BB10A68013BD203FAD401226D
:10E800000023204684F89120A4F87E30FFF7D4FF3F
:10E8100010BDD4F8943043F04003C4F89430EEE7D0
:10E82000A00500201BECCB9518B338B590F82C3020
:10E8300004460D4603F0FF02B3B12146022384F8DB
:10E840002C3051F8040B00F099FB626829462068CF
:10E8500000F0D2FB084A01210020136843F0004376
:10E86000136084F82C1038BD80F82D20F3F790F950
:10E87000E3E70120704700BF0040005270B590F8F8
:10E880002C300446022BD8B204D000F0FB06012E37
:10E8900001D0012070BD02230D46206884F82C3081
:10E8A00000F0F6FB2B68022B03D0002084F82C60CC
:10E8B00070BD0523002084F82C3070BD38B590F869
:10E8C0002C300446022BD8B205D094F82C30012B02
:10E8D000DDB201D0012038BD0223206884F82C303D
:10E8E00000F0EEFB002084F82C5038BD002800F02A
:10E8F000A58038B590F83D30044603F0FF02002BA8
:10E9000076D0226802234E49B2F1804F84F83D3020
:10E91000A2EB01011368B1FA81F14FEA511127D03E
:10E9200031BB4848484D824267D000F58060824242
:10E9300063D0551B00F58060B5FA85F582424FEA39
:10E94000551563D0002D61D1404841498A4218BF16
:10E95000824265D001F580618A4261D0A06923F0CE
:10E960008003E168034313606368D162936223E02C
:10E97000354D23F07003A068551B0343B5FA85F5A8
:10E980006D09206923F440730343A06923F08003D9
:10E9900003431360E368D3626368936251B94DB96E
:10E9A0002A492B4B9A4218BF8A4203D003F5806351
:10E9B0009A4201D16369136301230020536184F8F3
:10E9C000483084F83E3084F83F3084F8403084F892
:10E9D000413084F8423084F8433084F8443084F87D
:10E9E000453084F8463084F8473084F83D3038BDEF
:10E9F00080F83C2003F030FC83E7551B23F07003C4
:10EA0000A068B5FA85F503436D09BAE7A06823F05D
:10EA1000700303430F488242B3D0002DB1D193E776
:10EA2000206923F44073A1690343E06823F0800365
:10EA30000B4361681360D0629162B1E701207047B7
:10EA4000000001400004004000040140004001407B
:10EA500000440140000C004090F83D30012B3DD1B6
:10EA60000268234B2349B2F1804F18BF9A4230B459
:10EA70000CBF01230023204D0224AA4208BF43F00B
:10EA8000010380F83D401D4C8A4208BF43F001035A
:10EA90001B4801F58051A24208BF43F001038242A6
:10EAA00008BF43F001038A4208BF43F0010333B9B2
:10EAB00000F57050101AB0FA80F0400998B19168D2
:10EAC000104B0B40062B0BD0B3F5803F08D01368DA
:10EAD000002043F00103136030BC704701207047F1
:10EAE000002030BC7047136843F001031360F3E764
:10EAF000000001400008004000040040000C0040FD
:10EB0000000401400700010090F83D30012B41D185
:10EB100002680221244BB2F1804F18BF9A4230B4F0
:10EB20000CBF01230023214D214CAA4208BF43F012
:10EB3000010380F83D10D168A24208BF43F00103F1
:10EB400004F5806441F001011A48A24208BF43F075
:10EB50000103D160824208BF43F0010316498A4293
:10EB600008BF43F0010333B900F57050101AB0FA32
:10EB700080F0400998B19168104B0B40062B0BD0E8
:10EB8000B3F5803F08D01368002043F00103136001
:10EB900030BC704701207047002030BC70471368BC
:10EBA00043F001031360F3E700000140000400405C
:10EBB0000008004000040140001800400700010068
:10EBC00090F83C30012B00F081800246022370B4A3
:10EBD0000468012082F83D3082F83C005A4BA56859
:10EBE0002B40A3600B68702B00F09C8025D8502B25
:10EBF0006ED039D9602B18D1206A4D6820F01000F2
:10EC0000C96820620020A36923F4704343EA0133FA
:10EC1000216A21F0A001A3614C4B41EA0511216258
:10EC2000A1680B4043F06703A3600121002382F831
:10EC30003D1082F83C3070BC7047B3F5005F60D087
:10EC400033D943498B4206D029D942498B4202D05D
:10EC500010318B42E9D1A0683C49014000200B43B0
:10EC600043F00703A360E0E7402B23D1236A256A22
:10EC7000486823F00A0325F00105CE681843334B9A
:10EC80002562A16921F0F00141EA0611A16120622B
:10EC90000020A1680B4043F04703A360C5E723F0C1
:10ECA0001001B1F5801FC0D1D5E7B3F5805018BF72
:10ECB0000120BAE7B9D8202BCDD003D9302BCAD048
:10ECC0000120B2E733F01001AFD1C4E70220704752
:10ECD000236A256A486823F00A0325F00105CE68F7
:10ECE00018431A4B2562A16921F0F00141EA06118F
:10ECF000A16120620020A1680B4043F05703A3608C
:10ED000093E7D1E90153A0682B43CD6820F47F41FC
:10ED1000002043EA05230B43A360A36843F4804328
:10ED2000A36082E7D1E90153A0682B43CD6820F4AA
:10ED30007F41002043EA05230B43A360A36843F00F
:10ED40007703A36071E700BF8800CEFF8FFFCFFF7E
:10ED50002000100030001000704700BF704700BF57
:10ED6000704700BF704700BF036870B5DE68054696
:10ED70001C69A10701D5B20754D4620701D57307F6
:10ED80003DD4200701D5310727D4E30601D5F0068D
:10ED900010D4E10701D5F20762D4230652D530061C
:10EDA00066D4600601D5710673D4A20601D5B306F8
:10EDB0004DD470BD2B686FF0100228461A610822EE
:10EDC0002A77DB6913F4407F74D1FFF7C5FF28462B
:10EDD000FFF7C6FF00232B77DBE72B686FF00802F5
:10EDE00028461A6104222A77DB699A075FD1FFF768
:10EDF000B3FF2846FFF7B4FF00232B77C5E72B6846
:10EE00006FF0040228461A6102222A779B6913F4E4
:10EE1000407F49D1FFF7A0FF2846FFF7A1FF00235D
:10EE20002B77AEE76FF002021A61012202779B692D
:10EE3000990736D1FFF790FF2846FFF791FF00238F
:10EE40002B779AE7E205ACD533061AD4A9E72B68ED
:10EE50006FF0200228461A61BDE8704000F088B8C3
:10EE60002B686FF0010228461A6103F0E5FA94E777
:10EE70002B686FF0800228461A6100F07BF8E105EC
:10EE80008FD52B686FF4807228461A6100F074F8F1
:10EE900087E72B686FF0400228461A61FFF762FF90
:10EEA00083E7FFF75BFFCAE7FFF758FFB7E7FFF716
:10EEB00055FFA1E7FFF752FF8CE700BF90F83C3009
:10EEC000012B4BD003680246022030B4244D82F857
:10EED0003D00AB4258689C6829D005F58065AB427F
:10EEE00025D0204D20F07000AB4218BFB3F1804F09
:10EEF00005F580650CBF4FF0010C4FF0000CAB42E4
:10EF000008BF4CF0010C05F58065AB4208BF4CF022
:10EF1000010C0D682843144D5860AB4214BF604685
:10EF20004CF0010060B91148834209D00DE04D68F2
:10EF300020F4700028430D6820F0700028435860CA
:10EF4000896824F080040C439C600023012118464A
:10EF500082F83D1082F83C3030BC70470220704788
:10EF60000000014000040040001800400040014043
:10EF7000704700BF704700BF704700BF0B6810B4F8
:10EF8000D3B90468A3F500434A6823401343D1E989
:10EF9000024223431343D1E9044223431343D1E9FB
:10EFA000064223431343D1E9084223435DF8044B4F
:10EFB00013430360002070470268D1E9074322F43D
:10EFC000F84222434C6A1A430A4B224302604268C9
:10EFD0001340D1E9014223431343D1E903422343C0
:10EFE0001343D1E9054223435DF8044B13434360C7
:10EFF000002070470080FFFF30B40ABB8368D1E96E
:10F00000002403F07043013C013A43EA0413134324
:10F01000D1E90224013A013C43EA022343EA0432E3
:10F02000D1E904348969013B013C013942EA0343D7
:10F0300043EA045343EA016330BC83600020704715
:10F040008268CC68114B013C13404A6943EA04339F
:10F05000541E43EA0454D1E900258460C3686C1E41
:10F06000013A03F0704343EA04130C691A438B68B6
:10F07000013C8969013B013942EA032343EA044325
:10F0800043EA016330BCC36000207047FF0F0FFFED
:10F0900010B4D1E90034024600692343D1E90214D7
:10F0A00043EA4423054C01390440002023435DF822
:10F0B000044B43EA41131361704700BF0000C0FFD7
:10F0C0000246054B002010B4546923405DF8044B00
:10F0D00043EA41015161704701C0FFFF84B084469B
:10F0E00000B583B00DF1140E8EE80E000A9B012BC3
:10F0F0003ED1826BA3F14213119922F4803201298F
:10F100008263C26803EA0203C360C36823F4401346
:10F11000C3607CD00023404A009303E0DCF8103049
:10F12000002B41DB009B01330093009B9342F5D9F8
:10F130000320079B012B16D1DCF85C20374B92B2E1
:10F14000CCF85C20DCF85C201343CCF85C30DCF8B5
:10F15000083043F00603CCF80830DCF8083043F000
:10F160002003CCF8083003B05DF804EB04B070471E
:10F17000C3680021284A43F04003C360019103E0C3
:10F18000DCF81030002B2CDB019B01330193019B39
:10F190009342F5D903200E9BE3B9DCF8383043F4F1
:10F1A0008033CCF83830C4E700231B4A0093DCF8E6
:10F1B000103043F00103CCF8103004E0DCF810000C
:10F1C00010F00100B5D0009B01330093009B9342E7
:10F1D000F4D9ADE7DCF8383023F48033CCF838309C
:10F1E000A7E700230C4A0193DCF8103043F0010339
:10F1F000CCF8103004E0DCF8100010F00100CAD0A8
:10F20000019B01330193019B9342F4D9C2E7C36888
:10F2100043F48013C3607DE7400D03000000EE035C
:10F22000022A03460BD04FF4105CD968002021F469
:10F230007051D960DA6842EA0C02DA607047234AFA
:10F2400023480A4482422CD9224A23480A44824253
:10F250002AD9224A22480A44824228D9214A2248ED
:10F260000A44824226D3214A21480A44824224D9B0
:10F27000204A21480A44824222D3204A20480A4494
:10F280008242D0D31F4A20480A4482421BD31F4ADD
:10F290001F480A44824234BF4FF4E05C4FF4C05C24
:10F2A000C3E74FF4705CC0E74FF4605CBDE74FF418
:10F2B000505CBAE74FF4405CB7E74FF4305CB4E71A
:10F2C0004FF4205CB1E74FF4005CAEE7405327FFFA
:10F2D000FF340C00401E1BFF3F420F0000DC0BFF01
:10F2E0007F4F1200808CF9FE20D6130060B6E5FE39
:10F2F0005FE3160000D3CEFE40771B00C05BB3FE79
:10F30000C091210000CA91FE20753800E05459FEDA
:10F31000E09C4100034600209A6842F001029A6096
:10F32000704700BF034600209A6822F001029A60ED
:10F33000704700BF38B5C3680129054623F0C043B4
:10F34000C36017D0A1B9C3680C4643F08043C360C3
:10F3500001E0322C0CD001200444F7F729F86B6946
:10F36000DB07F6D4A4F13200B0FA80F0400938BDD2
:10F37000012038BDC368002443F00053C36001E09E
:10F38000322CF5D001200444F7F712F86B69DA0744
:10F39000F6D5A4F13200B0FA80F04009E7E700BFEB
:10F3A00084B02DE9F04383B00BAC159D84E80E00CA
:10F3B00000230C46C0F80431C0F80831C0F80C3105
:10F3C000C0F81031C0F81431C0F81831C0F81C3141
:10F3D000C0F82031C0F82431C0F82831C0F82C31F1
:10F3E000C0F83031C0F83431C0F83831C0F83C31A1
:10F3F000002D40F0A780D0F8043800F5006C43F0F1
:10F400000203CCF80430836B23F400138363036896
:10F4100043F040030360036843F08003036000236C
:10F42000C0F8003E109B012B00F09980DCF8003002
:10F4300043F00303CCF800300023624A009303E05A
:10F440000369002BC0F2A380009B01330093009B53
:10F450009342F5D9012100235A4A019303E003693D
:10F46000002BC0F28380019B01330193019B9342E7
:10F47000F5D901210022CCF81020CCF81420CCF8CA
:10F480001C20DCB100F510634FF090484FF000698C
:10F4900017464FF67F3E07E01F6001321F61C3F839
:10F4A00008E02033944230D01E68002EF4DA12B106
:10F4B000C3F80080F1E7C3F80090EEE7DCF8103005
:10F4C000002223F48073CCF810306FF08043826107
:10F4D00043610D9B1BB9836943F01003836182690B
:10F4E000394B1343119A83611AB1836943F00803BE
:10F4F0008361012D03D18269344B13438361084634
:10F5000003B0BDE8F04304B07047002200F530635B
:10F510004FF090484FF0006917464FF67F3E07E0E6
:10F520001F6001321F61C3F808E020339442C5D048
:10F530001E68002EF4DA12B1C3F80080F1E7C3F8B8
:10F540000090EEE7836B00F5006C43F400138363D7
:10F550000023C0F8003E109B012B7FF467AF0E9B89
:10F5600043BBDCF80030CCF8003065E70023154AD7
:10F5700001931023036103E00369DB067FF57AAF93
:10F58000019B01330193019B9342F5D971E700235D
:10F590000C4A00934FF48463036104E0016911F0A5
:10F5A00020013FF458AF009B01330093009B93422E
:10F5B000F4D94FE7DCF8003043F00103CCF8003019
:10F5C0003AE700BF400D030000383C8004000040D3
:10F5D00082B00023124A019302E00369002B08DB8A
:10F5E000019B01330193019B9342F6D9032002B0A2
:10F5F0007047890100230A4A41F02001019301610B
:10F6000003E0036913F0200306D0019B013301934B
:10F61000019B9342F5D9E9E7184602B0704700BF55
:10F62000400D030082B00023114A019302E00369F8
:10F63000002B08DB019B01330193019B9342F6D918
:10F64000032002B0704700211023094A0191036191
:10F6500003E0036913F0100306D0019B013301930B
:10F66000019B9342F5D9EBE7184602B0704700BF03
:10F67000400D0300D0F8083813F0060004D013F052
:10F68000020F14BF02200F20704700BF30B44B7828
:10F690000A78012B20D002F00F0C4FF48033D0F801
:10F6A0001C4800EB421203FA0CF32343C0F81C3849
:10F6B000D2F8003B1B040CD48B68D2F8004BC3F388
:10F6C0000A0308791449234343EA80431943C2F8E3
:10F6D000001B002030BC704700F5006402F00F05ED
:10F6E00000EB4210AB40E5692B43E361D0F80039F1
:10F6F0001C04EED48B68D0F80059C3F30A030C79CC
:10F7000005492B4343EA844343EA8252114330BC08
:10F71000C0F8001900207047008000104A780B786C
:10F72000012A00EB431C2AD0DCF8002B002A19DB4D
:10F730004FF4803203F00F03D0F83C1802FA03F3C1
:10F74000234A21EA0301C0F83C18D0F81C1821EA2A
:10F750000303C0F81C380020DCF8003B1A40CCF84A
:10F76000002B7047DCF8002B42F00062CCF8002B35
:10F77000DCF8002B42F08042CCF8002BD8E7DCF814
:10F780000029002A0BDADCF8002942F00062CCF8EC
:10F790000029DCF8002942F08042CCF8002903F06F
:10F7A0000F020123D0F83C1893400A4A21EA0301D2
:10F7B000C0F83C18D0F81C1821EA0303C0F81C3824
:10F7C0000020DCF800391A40CCF80029704700BF4F
:10F7D0000078F3EF007833EC2DE9F0414B780C78AA
:10F7E000012B45D000EB44139A4E9B4DD3F8107B70
:10F7F00003F5306C3E40C3F8106BD3F8106B354006
:10F80000C3F8105B7CBB0C69002C40F093808C68C3
:10F810000C62DCF81050C4F31204012A44EA050417
:10F82000CCF81040DCF8104044F40024CCF8104030
:10F8300000F0A1800A79012A0CD1D0F8082812F42E
:10F84000807FD3F8002B0CBF42F0005242F0805270
:10F85000C3F8002BD3F8002B002042F00442C3F879
:10F86000002BBDE8F0810C69002C66D18C68D0E7D4
:10F870000B6900EB44162BBBD6F810C9012A764F52
:10F88000744D0CEA0707C6F81079D6F8107947F4DA
:10F890000027C6F81079D6F8107905EA0705C6F8EA
:10F8A000105906F510650F7900F0B180D6F800C93F
:10F8B000012F4CF0044CC6F800C900F088800020ED
:10F8C000BDE8F081D6F810C9624F634D0CEA070716
:10F8D000C6F81079D6F810793D40C6F8105906F5EB
:10F8E0001065002C4ED18F68BB4200F2A0802F69BA
:10F8F00047F400272F61D5F810C0C3F3120747EA79
:10F900000C072F610F79012F4DD0012A00F08A805A
:10F91000D6F8002942F00442C6F80029002BCED0C8
:10F9200004F00F020124D0F8343894401C43C0F88E
:10F930003448C4E78C680C616AE78D68012A474E39
:10F940002C4404F1FF34B4FBF5F4A4B204FB05F538
:10F9500006EAC444DCF810600D62C5F3120544EAFF
:10F960000604CCF81040DCF8104045EA0405CCF859
:10F9700010507FF45FAFCA68002A3FF45BAFCCF849
:10F98000142057E7D1F808E0344F03EB0E0CD5F8FC
:10F9900010800CF1FF3CBCFBFEFC07EACC4747EAB9
:10F9A00008072F61A7E7D5F810C0012A2CF0C04C3A
:10F9B000C5F810C0D5F810C04CF0005CC5F810C0F8
:10F9C00038D0D6F8007947F00447C6F80079D0F867
:10F9D000086816F4807F2E680CBF46F0005646F08B
:10F9E00080562E60002A7FF46AAF9BB203339A08D8
:10F9F0003FF465AFCB6800EB043003EB820100F508
:10FA0000805053F8042B8B420260FAD157E7CB6940
:10FA10005BB9012F11D02B68002043F004432B6009
:10FA2000BDE8F081CB69002BF5D06B61F1E73B4677
:10FA30000F615CE7CB69002BF7D1D0F8083813F4DD
:10FA4000807F2B680CBF43F0005343F080532B6042
:10FA5000E1E700BF0000F8FFFFFF07E00000F81F2C
:10FA6000002382B001934B78012B0B7820D000F556
:10FA7000306000EB43100368002B02DB002002B073
:10FA80007047036842F2107243F00063036003683A
:10FA900043F08043036002E00368002BEEDA019B31
:10FAA00001330193019B9342F6D9012002B07047C4
:10FAB00000F5106000EB43131A68002ADEDA1A68BA
:10FAC00042F2107142F000621A601A6842F08042FD
:10FAD0001A6002E01A68002AD0DA019A0132019213
:10FAE000019A8A42F6D9E0E710B49DF8044064B95F
:10FAF00003339B0809D0013201EB830300EB023092
:10FB000051F8042B8B420260FAD100205DF8044BBF
:10FB1000704700BF5FEA920C70B5054602F003061D
:10FB20001CD000F5805E0A4600230133DEF8004059
:10FB30009C4542F8044BF8D101EB8C006EB105F501
:10FB40008055731E2A689BB202702BB1110A012BDB
:10FB5000417001D0120C8270304470BD0846EDE750
:10FB60004A780B78012A00EB43100CD0D0F8002B18
:10FB70000BB1002A14DAD0F8003B43F40013C0F8AC
:10FB8000003B00207047D0F80029002A00DB73B941
:10FB9000D0F8003943F40013C0F800390020704752
:10FBA000D0F8003B23F08043C0F8003BE3E7D0F8F7
:10FBB000003923F08043C0F80039D0F8003943F40D
:10FBC0000013C0F80039E9E74A780B78012A00EB06
:10FBD000431013D0D0F8003B23F40013C0F8003BCF
:10FBE0000B79023B012B01D900207047D0F8003B74
:10FBF00043F08053C0F8003B00207047D0F8003934
:10FC000023F40013C0F800390B79023B012BEBD829
:10FC1000D0F8003943F08053C0F800390020704715
:10FC2000034609010020D3F8002801F4FE6122F404
:10FC3000FE62C3F80028D3F800281143C3F8001867
:10FC4000704700BF03460020D3F8002E03F5006183
:10FC500022F00302C3F8002ED3F8043823F0020385
:10FC60004B60704703460020D3F8002E03F5006177
:10FC700022F00302C3F8002ED3F8043843F0020345
:10FC80004B607047426980691040704700EB41113A
:10FC9000D1F80805D1F80C3518407047D0F818385D
:10FCA000D0F81C081840000C704700BFD0F8183876
:10FCB000D0F81C08184080B2704700BF00EB41111B
:10FCC00000F50060D1F8082B40691040704700BF74
:10FCD000D0F81028D0F8343800EB411001F00F01B3
:10FCE000D0F80809CB40DB01DBB213431840704762
:10FCF000406900F0010070470346094A002003F5FF
:10FD0000006110B4D3F8004922405DF8044BC3F8F9
:10FD10000029D3F8043843F480734B60704700BF68
:10FD200000F8FFFF144B10B4046C9C421AD800F585
:10FD30003060002301290361036943F40023036158
:10FD4000036943F018030361036943F0C04303618F
:10FD500004D14261036843F08023036000205DF812
:10FD6000044B7047D0F8003B00F53060002BE0DA20
:10FD700000205DF8044B70470A30544FD0F800243F
:10FD800001F00303012900F5806C22F00302C0F8A2
:10FD90000024D0F8002443EA0203C0F8003409D05C
:10FDA000022905D141F270730020CCF8043070476D
:10FDB000012070474BF680330020CCF804307047A8
:10FDC000D0F8140480B2704700EB4111002310B446
:10FDD00083B001F5A06C0193D1F80035D1F800454E
:10FDE00082689B0C920601D5002C25DA13F0010FD6
:10FDF000D1F8003543F08043C1F8003521D0D0F868
:10FE0000103413F47F0FD1F800353AD123F00043BA
:10FE1000C1F80035D1F8003543F00043C1F8003592
:10FE200003E0DCF80030002B06DA019B013301937C
:10FE3000019BB3F57A7FF4D9002003B05DF8044B41
:10FE4000704783689B0625D4C36A13F47F0FD1F8EB
:10FE5000003516D123F00043C1F80035D1F8003544
:10FE600043F00043C1F8003503E0DCF80030002B1C
:10FE7000E2DA019B01330193019BB3F57A7FF4D958
:10FE8000DAE743F000430020C1F8003503B05DF825
:10FE9000044B7047D1F80035002043F00043C1F80F
:10FEA000003503B05DF8044B704700BF10B4002468
:10FEB00085B0764A01460194836823F0010383608C
:10FEC000029403E00B69002BC0F2BB80029B01335C
:10FED0000293029B9342F5D9012000236B4A0393BE
:10FEE00003E00B69002BC0F2BF80039B0133039337
:10FEF000039B9342F5D90120D1F8003501F5A062AA
:10FF000001F5E06C23F0802343F08043C1F8003515
:10FF1000D1F8203523F0802343F08043C1F8203509
:10FF2000D1F8403523F0802343F08043C1F84035B9
:10FF3000D1F8603523F0802343F08043C1F8603569
:10FF4000D1F8803523F0802343F08043C1F8803519
:10FF5000D1F8A03523F0802343F08043C1F8A035C9
:10FF6000D1F8C03523F0802343F08043C1F8C03579
:10FF7000D1F8E03523F0802343F08043C1F8E03529
:10FF8000D1F8003623F0802343F08043C1F80036D7
:10FF9000D1F8203623F0802343F08043C1F8203687
:10FFA000D1F8403623F0802343F08043C1F8403637
:10FFB000D1F8603623F0802343F08043C1F86036E7
:10FFC000D1F8803623F0802343F08043C1F8803697
:10FFD000D1F8A03623F0802343F08043C1F8A03647
:10FFE000D1F8C03623F0802343F08043C1F8C036F7
:10FFF000D1F8E03623F0802343F08043C1F8E036A7
:020000042401D5
:10000000136823F4004343F04043136002E0136895
:10001000002B06DA019B01330193019BB3F57A7F34
:10002000F5D920326245EBD14FF0FF33C1F81434DB
:100030004B618B6843F001038B6005B05DF8044BA6
:10004000704700204FF48463104A02900B6104E073
:10005000086910F020003FF440AF029B0133029387
:10006000029B9342F4D937E700241023074A0394F4
:100070000B6103E00B69DB067FF53EAF039B0133A9
:100080000393039B9342F5D935E700BF400D03006E
:10009000D0F8D43200EB830010B5D0F8C04294B150
:1000A000D0F8C4326BB194F80002FF2809D09B68E5
:1000B000214694F801229847FF23002084F800325B
:1000C00010BD002010BD032010BD00BF054A03462F
:1000D000054912780548012A12BF432265220846C5
:1000E0001A80704790130020180200204001002061
:1000F000054A0346054912780548012A12BF4322E2
:10010000652208461A8070479013002018020020CC
:1001100084010020054A0346054912780548012A52
:1001200012BF4322652208461A80704790130020B0
:1001300018020020D401002003460A2201481A8038
:10014000704700BFC801002038B5D0F8D432B033B2
:1001500050F8235095B10446F5F7ECFE05F5037110
:10016000D4F8D432C5F80C0204EB8304D5F80402A9
:10017000D4F8C432DB689847002038BD032038BD6E
:10018000D0F8D43200EB830C70B5DCF8C0526DB3FC
:1001900001F00F0E0A460EEB8E0600EB8606B369E1
:1001A0006BB9DCF8C43200241B69C5F81442DBB11A
:1001B00005F50471D5F808029847204670BDD0F8BF
:1001C000C8420EEBCE0E04EB8E0EDEF84440B3FBBD
:1001D000F4FE04FB1E34002CE3D123462246B46116
:1001E000F5F78CFE204670BD184670BD032070BD2B
:1001F000D0F8D43200EB8303F0B5044683B000207E
:10020000D3F8C0728DF80500ADF80600002F66D057
:1002100091F800C00D461CF060061DD0202E07D0BE
:1002200029462046032600F0E5FD304603B0F0BD28
:10023000CA887AB31CF0800F55D14B783F2A87F8D3
:10024000003260D940231A463946204687F80132E9
:10025000002600F01DFEE8E74B780B2BE0D801A24A
:1002600052F823F0C70201242B02012421020124A9
:10027000210201242102012421020124210201245E
:10028000210201242102012421020124B1020124BE
:10029000A7020124D3F8C432164648789B689847D1
:1002A000304603B0F0BD94F89C32032BBDD0B7E7C5
:1002B00094F89C32032BB3D101220DF105012046A5
:1002C00000F0CEFDB1E794F89C22032AA8D10222C7
:1002D0000DF1060120461E4600F0C2FDA5E70326EB
:1002E000304603B0F0BDD3F8C432394606466878CC
:1002F0009B689847EA8839462046072A28BF072284
:1003000000F0AEFD91E7D3B29EE700BF38B50446DA
:1003100000258121F5F7A6FD012120462587F5F767
:10032000A1FD82212046A4F87851F5F79BFDD4F871
:10033000D432E56404EB8303D3F8C0228AB1D3F846
:10034000C4325B689847D4F8D432B03354F82300F1
:1003500005F03AF8D4F8D432B03344F82350C4F856
:10036000BC52002038BD00BF2DE9F04104460121F8
:100370004FF4077004F0E6FFD4F8D43205460028A5
:1003800058D0B03344F82300237CC4F8BC02CBB36C
:100390004023022281212046F5F752FD0126402309
:1003A0003146022226872046F5F74AFD1023032214
:1003B0008221A4F878612046A4F84E300823F5F78E
:1003C0003FFDD4F8D43200264FF0010804EB83033C
:1003D000A4F84C80D3F8C432C5F804621B6898476F
:1003E000D5F80422C5F81462C5F81862F2B1277C6A
:1003F0009FB94FF4007341462046F5F78DFD38460E
:10040000BDE8F0814FF40073022281212046F5F708
:1004100017FD01264FF40073C2E7374640234146DB
:100420002046F5F779FD3846BDE8F08102273846C9
:10043000BDE8F081B033022744F82300DFE700BFB6
:10044000034639B1D0F8D422002003EB8203C3F86D
:10045000C412704703207047D0F8D432B03350F83C
:1004600023302BB10020C3F80812C3F810227047C4
:1004700003207047D0F8D432B03350F823301BB18A
:100480000020C3F80412704703207047D0F8D4321C
:10049000B03350F8232092B110B5D2F814420CB109
:1004A000012010BD01238121C2F81432D2F810328C
:1004B000D2F80822C362F5F721FD204610BD0320C3
:1004C000704700BFD0F8D422B03250F8222010B5C7
:1004D0009AB1047C44B100244023D2F804220121C3
:1004E000F5F71AFD204610BD4FF40073D2F8042230
:1004F0000121F5F711FD204610BD0324204610BD53
:1005000008B588B10023C0F8B832C0F8C432C0F8CA
:10051000D03209B1C0F8B4120123027080F89C32C5
:10052000BDE80840F5F70CBC054805F063FC05483C
:1005300005F060FC0A2005F075FC032008BD00BF33
:1005400098850124A085012410B5002382B0ADF860
:10055000063089B1CB6A0446C0F8B81223B10DF158
:1005600006009847C4F8D002D4F8D83200200133EE
:10057000C4F8D83202B010BD054805F03BFC054870
:1005800005F038FC0A2005F04DFC0320F2E700BF1F
:1005900098850124B8850124F5F744BCD0F8B83219
:1005A0000BB11B6818471846704700BF08B5D0F854
:1005B000B8325B689847002818BF032008BD00BF09
:1005C00038B500F2AA250446284600F007FCB4F826
:1005D000B03294F8AA120122C4F8983201F01F0335
:1005E000C4F89422934209D0022B13D063B1204661
:1005F00001F08001BDE83840F5F742BC29462046AD
:10060000BDE8384000F0F8BA29462046BDE8384039
:1006100000F042B929462046BDE8384000F02EBB24
:1006200070B5044631B90B46D0F89412032910D0A6
:10063000002070BD90F89C32032BF9D1D0F8B8326D
:100640009B69002BF4D00022BDE87040C0F8D42292
:100650001847D0E95715A94208D890F89C22032AD8
:100660000FD0204600F02CFC002070BD4B1B114623
:100670002A469D42C0F85C3128BF1A4600F016FC9D
:10068000D6E7D0F8B8221269002AEAD0C0F8D432EE
:100690009047E6E770B5044659B9D0F89432022B7A
:1006A00016D094F8A03213B1002384F8A0320020B1
:1006B00070BD90F89C32032BF9D1D0F8B8325B6949
:1006C000002BF4D00022BDE87040C0F8D4221847B7
:1006D000D0E907360D46B34210D81CD094F89C32AE
:1006E000032B2BD080212046F5F7CAFB204600F0D3
:1006F000F3FB94F8A032002BD9D0D5E79B1B114611
:10070000C3611A4600F0BAFB2B462A46294620460A
:10071000F5F702FCC5E782699342DFD8D0F898323A
:100720009A42DBD20A4600F0A9FB2B462A4629460C
:100730002046C4F89852F5F7EFFBB2E7D4F8B83288
:10074000DB68002BCED000222046C4F8D422984784
:10075000C8E700BFF8B500210122D0F8B83204463E
:1007600080F89C224160C0F89412C0F8A41280F86E
:10077000A0121BB15B680BB19847B0B900274023AA
:100780000022012620461D461146F5F759FB00229E
:100790002B4680212046A4F86461C4F86051F5F727
:1007A0004FFB3846A6842562F8BD0327E7E700BF64
:1007B000034600201974704790F89C220346042ACF
:1007C00004D090F89C22D2B280F89D22042200200E
:1007D00083F89C22704700BF90F89C32042B04D110
:1007E00090F89D32DBB280F89C320020704700BF49
:1007F00090F89C22032A01D00020704708B5D0F859
:10080000B83213B1DB6903B19847002008BD00BFBF
:10081000D0F8D422AE3250F822205AB108B590F860
:100820009C32032B01D0002008BD136A23B19847E6
:10083000002008BD03207047184608BDD0F8D42218
:10084000AE3250F822205AB108B590F89C32032BF2
:1008500001D0002008BD536A23B19847002008BD8D
:1008600003207047184608BD002070470121D0F8CA
:10087000B82280F89C1242B15268017908B59047BD
:1008800008B9002008BD032008BD0020704700BF44
:100890000020704700207047F0B50C7883B00E46FA
:1008A000054604F06004202C0ED0402C0CD0BCB1C6
:1008B00080212846F5F7E4FA002128460C46F5F792
:1008C000DFFA204603B0F0BDD5F8D43231462846D1
:1008D000AE3355F823309B6803B0BDE8F0401847AD
:1008E0004B78092BE4D801A252F823F04D090124DA
:1008F0007B090124B108012499090124B1080124CC
:10090000BB090124F3090124B1080124250A0124AB
:10091000150901248978B34E0129317000F2508104
:1009200090F89C32022BDFB200F00E81032F00F012
:100930001F8180210324F5F7A3FA00212846F5F74B
:100940009FFA31782846FFF731FEBAE790F89C22EB
:10095000013A022A26D8CA88022A23D10121D0F8D6
:10096000A422C1600AB10322C260022205F10C0177
:1009700028461C4600F074FAA3E790F89C32013B2D
:10098000022B0FD84B88012B9BD100232846C5F89A
:10099000A43200F095FA94E74B88012BF6D0022B95
:1009A00000F0078180212846F5F76AFA00212846E1
:1009B000F5F766FA204603B0F0BD8B88002BF1D125
:1009C000CB88002BEED14E887F2EEBD890F89C324E
:1009D000032BE7D0F1B280F89E12F5F781FA284692
:1009E00000F06EFA002E40F0E080012385F89C3282
:1009F00067E700234A88ADF80630130A013B062B4F
:100A0000D0D801A151F823F0B10A0124970A01249A
:100A1000C10A0124A5090124A5090124830A01248E
:100A20004B0A0124CA88012ABCD190F89C120229E1
:100A3000CBB200F28280002B3FF43AAF0146002394
:100A400041F8083F00F00CFA3BE7037C002BA9D1EA
:100A5000D0F8B8320DF106001B6B9847072343709E
:100A6000F288002A65D0BDF80630002B9AD09A4251
:100A70000146284628BF1A46ADF8062000F0F0F9D6
:100A80001FE7037C002B8DD1D0F8B8320DF10600A2
:100A90005B6B9847E4E7037C002B40F09A80D0F82A
:100AA000B8320DF106009B6A984702234370D7E7DE
:100AB000D0F8B4320DF10601007C1B689847CFE7EF
:100AC000D2B2052A3FF66EAFDFE802F026201A14F4
:100AD0000E03D0F8B4329B69002B3FF463AF0DF1E5
:100AE0000601287C9847BBE7D0F8B4325B69002B3D
:100AF000F5D157E7D0F8B4321B69002BEFD151E79D
:100B0000D0F8B432DB68002BE9D14BE7D0F8B4322F
:100B10009B68002BE3D145E7D0F8B4325B68002B2B
:100B2000DDD13FE7022341600C4680F89C32FFF79D
:100B30003DFD284600F0C4F9C3E6032B7FF4B8AEB0
:100B4000011D00F08DF9BCE60029F2D001214160C1
:100B5000FFF724FD0446002846D080212846F5F7FB
:100B60008FF900212846F5F78BF985F89C72A8E6E5
:100B70000029D7D041680129DBD0C9B2FFF716FDA3
:100B8000317828466960FFF709FD06460028D0D075
:100B900080212846F5F774F9002128463446F5F7F8
:100BA0006FF929792846FFF701FD022385F89C3269
:100BB00087E68B881B0A80F8A03200F081F980E676
:100BC00080210324F5F75CF900212846F5F758F950
:100BD00077E6D0F8B8320DF10600DB6A98470223B9
:100BE00043703DE7A8530020284600F069F903232D
:100BF00085F89C3265E600BF38B50B780D46044693
:100C000003F06002402A0BD05B0609D50025802145
:100C1000F5F736F920462946F5F732F9284638BD6A
:100C200094F89C32013B022B02D8297901290AD978
:100C300080212046F5F724F9002120460D46F5F7DE
:100C40001FF9284638BD2046FFF722FE90B9D4F898
:100C5000B8329B6873B12946C4F8D402204698473D
:100C6000EB880546002BD9D10028D7D1204600F0CB
:100C700027F9D3E70325284638BD00BF30B50C4619
:100C80008A8883B005462378D1B203F06003202B15
:100C90001ED0402B1CD06BB380212846F5F7F0F80E
:100CA00000212846F5F7ECF8002003B030BD90F89D
:100CB0009C32022BDAB259D0032AEDD16388002B83
:100CC000F2D14B067ED12846019100F0F9F8019946
:100CD0002846FFF7DFFD0028E6D1D5F8B832C5F881
:100CE000D4029B68002BDFD02146284603B0BDE824
:100CF000304018476378012BD9D0032B24D0002B28
:100D0000CAD190F89C32022BD8B238D00328C3D174
:100D100001F00F03120603EB830305EB83033FD4BB
:100D2000B3F86431002BB7D001F07F03142404FB27
:100D3000035404F5AA74002B3ED1236002222146FD
:100D4000284600F08DF8AFE790F89C32022BDAB21B
:100D50000CD0032AA0D1638823B9480602D0E388C7
:100D6000002B36D0284600F0ABF89DE74A0693D01A
:100D7000F5F786F880212846F5F782F894E74806CB
:100D80008AD111064FF000034FF0020228464CBFF3
:100D900005F1140105F5AA710B6000F061F883E715
:100DA0009B8C002B3FF478AF01F07F035C1C04EBBD
:100DB000840405EB8404BEE72846F5F77DF830B1DE
:100DC0000123BAE70191F5F769F801997BE7206003
:100DD000B4E72846F5F754F8C4E700BF0B78037072
:100DE0004B7843704B8843808B888380CB88C3804B
:100DF000704700BF10B504468021F5F741F8002187
:100E00002046BDE81040F5F73BB800BF18B30378A3
:100E100030B40BB30446C0F1010C04EB0C0314F81E
:100E2000015FDBB2002DF8D101335B00DCB213802F
:100E300003230C704B7004785CB1022300255A1C0C
:100E4000CC540233D2B2DBB28D5410F8014F002CD7
:100E5000F5D130BC7047704702242346E7E700BF56
:100E600010B5134602240A460021C0F89442C0E996
:100E70000633F5F743F8002010BD00BF8C46002173
:100E800008B513466246F5F739F8002008BD00BFE3
:100E900010B5134603240A460021C0F89442C0E965
:100EA0005633F5F739F8002010BD00BF8C460021FD
:100EB00008B513466246F5F72FF8002008BD00BFBD
:100EC000002310B504241A461946C0F89442F5F7D9
:100ED00015F8002010BD00BF002310B505241A46E8
:100EE0001946C0F89442F5F717F8002010BD00BF6E
:100EF000D0F8C8230132C0F8C82302780B2A00D0EA
:100F00007047D0F88033002BFAD09B69184700BF98
:100F1000012380F823337047002380F82333704780
:100F2000034600220121104683F8201383F8212371
:100F300083F82223704700BF38B5012300250446FB
:100F400080F8213380F8235380F82053F5F7B8F95F
:100F50002179204600F006F86179204600F002F879
:100F6000284638BD0A2907D800EB8100D0F888331D
:100F7000C3F30E03C0F88833002070470C4A82B0D8
:100F80000C4BD2F8DC1041F04001C2F8DC10D2F872
:100F9000DC2002F040020192019A1A6822F020023D
:100FA0001A601A6842F004021A6002B0704700BF6B
:100FB000004402580018024870B5002304464FF45C
:100FC000806204214FF440353448C4F83821C4F815
:100FD000D410C4F83431C4F84C113149C4F8B0000D
:100FE000C4F82811C4E92F32C4E93133C4E93335D8
:100FF000C4E93733C4E94F33C4E95135C4E9553343
:10100000A2680323C4F8D830C4F85031042A0AD89F
:10101000DFE802F01F262D34030055225623C4F8C2
:10102000B420C4F82C310022402304F1B005C4F8E8
:10103000B8202846C4F83031F6F76EFC08B1FFBE80
:10104000FEE704F594763046F6F766FCE8B1FFBE9D
:10105000FEE725222623C4F8B420C4F82C31E2E7A9
:1010600027222823C4F8B420C4F82C31DBE73D2222
:101070003E23C4F8B420C4F82C31D4E753225423BF
:10108000C4F8B420C4F82C31CDE704F12803C4E936
:101090002865C4F8E830C4F8603170BD40040240EF
:1010A000580402402DE9F04F814683B00E461746A2
:1010B0001D4600F12804204603F058F90128824615
:1010C000F9D14846FFF778FF8046002835D1EFF385
:1010D0001083019372B6DFF888B00C9B99F9082051
:1010E000DFF880A0DFF88090CBF800300D9B89F806
:1010F0000020CAF800300DB11846A847BAB23146F0
:10110000204602F0C5FC30B9019B03B962B64046E7
:1011100003B0BDE8F08F0023CBF80030CAF80030F0
:10112000FF2389F800300C9B8BB101210D98884674
:101130009847019B002BEAD1E8E70C9B53B1D046BE
:101140000D9851469847404603B0BDE8F08F4FF0E8
:101150000108D9E7D046404603B0BDE8F08F00BF94
:10116000CC5D0020D45D0020D05D00202DE9F04F43
:10117000814683B00E4617461D4600F128042046DE
:1011800003F0F4F801288246F9D14846FFF714FF2E
:101190008046002835D1EFF31083019372B6DFF853
:1011A00088B00C9B99F90820DFF880A0DFF88090C8
:1011B000CBF800300D9B89F80020CAF800300DB143
:1011C0001846A847BAB23146204602F021FD30B990
:1011D000019B03B962B6404603B0BDE8F08F00231F
:1011E000CBF80030CAF80030FF2389F800300C9BA0
:1011F0008BB101210D9888469847019B002BEAD1BD
:10120000E8E70C9B53B1D0460D98514698474046AD
:1012100003B0BDE8F08F4FF00108D9E7D046404653
:1012200003B0BDE8F08F00BFCC5D0020D45D00208E
:10123000D05D00202DE9F04F814683B00F46164661
:10124000984600F12804204603F090F80128FAD1CE
:1012500082464846FFF7B0FE0546002838D1EFF336
:101260001083019372B699F90830DFF88890DFF89F
:1012700088B089F800300D9BDFF880A0CBF80030F3
:101280000E9BCAF800300C9B0BB10E9898471FFAC2
:1012900088F33A463146204602F084FD30B9019B7E
:1012A00003B962B6284603B0BDE8F08F0023CBF83F
:1012B0000030CAF80030FF2389F800300D9B8BB155
:1012C00001210E980D469847019B002BEAD1E8E7D3
:1012D0000D9B4BB155460E9851469847284603B092
:1012E000BDE8F08F0125DAE75546284603B0BDE892
:1012F000F08F00BFD05D0020CC5D0020D45D0020C9
:101300002DE9F041022286B00026044605690496C4
:10131000CDE90226D0E90272BF000AB3022D00F027
:10132000C8802078B5FA85F50126D4F820800B28EE
:101330004FEA551521D1A0780B2801D0002E3AD1C3
:1013400020790B2801D0002D5ED1A079B8F1000FD3
:1013500002D00B2840F08480002006B0BDE8F08168
:1013600035F002032078D4F820800CBF0126002637
:10137000023D18BF01250B28DDD0764B617853F86C
:1013800027301A780B2A02D0904200F09A80DA783F
:1013900003F1030C0B2A02D0824200F0A2809A795A
:1013A00003F1060C824202D10B2A40F0A0800120FA
:1013B00006B0BDE8F0817A1C664BE17853F8223024
:1013C0001A780B2A02D0904200F09A80DA78DE1C5C
:1013D0000B2A02D0904200F0AC809A799E1D904278
:1013E000E5D10B2AE3D0DB798B42E0D133469B7801
:1013F0000A28059340F28980002001238B4001A92F
:101400000193F7F72DFC9BE7BA1C524B617953F817
:1014100022301A780B2A01D090427AD0DA78DD1C7B
:101420000B2A02D0904200F08A809A799D1D90424A
:10143000BDD10B2ABBD0DB798B42B8D12B469B7830
:101440000A28059369D9002001238B4001A9019343
:10145000F7F706FCA079B8F1000F7FF47AAF7BE7CD
:101460003C4B0337E47953F827301A780B2A01D024
:10147000904256D0DA78D91C0B2A01D0904264D021
:101480009A79991D904292D10B2A90D0DB79A34290
:101490008DD10B469B780A28059346D9002001235D
:1014A00001A9A3400193F7F7DBFB002006B0BDE8DC
:1014B000F08100780125D4F820800B283FF440AF5C
:1014C0005BE75A788A427FF462AF9B780A280593DB
:1014D00012D9002001238B4001A90193F7F7C0FB2B
:1014E00029E71A798A427FF45AAF6346EDE7DB7940
:1014F0008B427FF45CAFF8E7174B03EB8020E9E702
:101500005A788A427FF462AF71E7134B03EB802075
:1015100073E75A788A4281D191E70F4B03EB802021
:1015200092E75A78A242A5D1B4E70B4B03EB802097
:10153000B5E71A798A427FF450AF334657E71A79F4
:101540008A427FF472AF2B4679E71A79A24297D18B
:101550000B469FE7D485012400000258B04A036877
:10156000934200F05F83A2F57842934200F05C83DF
:1015700002F58062934200F0598302F5784293426B
:1015800000F0568302F5E052934200F05383A54ADF
:10159000934240F051830521A34B10B54FF4D07412
:1015A000B2B001FB04F41A5D1C440A2A19D8DFE822
:1015B00012F02B03AB02B902C902D702E502F30213
:1015C00001030F031D030B00984AD2F8E00040F41A
:1015D0008060C2F8E000D2F8E02002F4806231922C
:1015E000319AA2780A2A19D8DFE812F0E200F00056
:1015F000FE000C0122013001CA01D801E601F4010C
:101600000B008A4AD2F8E00040F48060C2F8E000A3
:10161000D2F8E02002F480622692269A22790A2AE1
:1016200019D8DFE812F0E501F30101020F021D02F3
:101630002B0239024702550263020B007B4AD2F8A3
:10164000E00040F48060C2F8E000D2F8E02002F44C
:1016500080621B921B9AA2790A2A19D8DFE812F03D
:1016600020012E013C014A015801660174018201EA
:10167000040112010B006D4AD2F8E00040F48060D2
:10168000C2F8E000D2F8E02002F480621092109AD2
:101690004FF4D07202FB01339B68052B11D8DFE8B1
:1016A00003F0192F455B7103604BD3F8F42042F02F
:1016B0002002C3F8F420D3F8F43003F0200305939C
:1016C000059B2046FFF71CFE012801D032B010BD5B
:1016D000FFBEFEE7554B00222320D3F8F01041F463
:1016E0008051C3F8F0101146D3F8F03003F4805362
:1016F0000093009BF5F75EFD2320F5F799FDE0E7E9
:101700004A4B00222420D3F8E81041F48041C3F86A
:10171000E8101146D3F8E83003F480430193019BAD
:10172000F5F748FD2420F5F783FDCAE73F4B00227B
:101730003320D3F8E81041F40041C3F8E810114613
:10174000D3F8E83003F400430293029BF5F732FD2F
:101750003320F5F76DFDB4E7344B00225420D3F865
:10176000F01041F40051C3F8F0101146D3F8F030F6
:1017700003F400530393039BF5F71CFD5420F5F786
:1017800057FD9EE7294B00225520D3F8F01041F475
:101790008011C3F8F0101146D3F8F03003F4801331
:1017A0000493049BF5F706FD5520F5F741FD88E706
:1017B0001E4AD2F8E00040F00100C2F8E000D2F882
:1017C000E02002F001021C921C9A27E7174AD2F887
:1017D000E00040F00200C2F8E000D2F8E02002F0A1
:1017E00002021D921D9A19E7104AD2F8E00040F05B
:1017F0000400C2F8E000D2F8E02002F004021E92D9
:101800001E9A0BE7094AD2F8E00040F00800C2F83F
:10181000E000D2F8E02002F008021F921F9AFDE6D5
:101820000030014000140058AC530020004402581E
:10183000C34AD2F8E00040F01000C2F8E000D2F84D
:10184000E02002F010022092209AE7E6BC4AD2F88B
:10185000E00040F02000C2F8E000D2F8E02002F002
:1018600020022192219AD9E6B54AD2F8E00040F44C
:101870008070C2F8E000D2F8E02002F480720E928C
:101880000E9A05E7AE4AD2F8E00040F40070C2F8C4
:10189000E000D2F8E02002F400720F920F9AF7E60F
:1018A000A74AD2F8E00040F00100C2F8E000D2F808
:1018B000E02002F001020692069AE9E6A04AD2F878
:1018C000E00040F00200C2F8E000D2F8E02002F0B0
:1018D00002020792079ADBE6994AD2F8E00040F04C
:1018E0000400C2F8E000D2F8E02002F004020892FE
:1018F000089ACDE6924AD2F8E00040F00800C2F81B
:10190000E000D2F8E02002F008020992099ABFE64E
:101910008B4AD2F8E00040F01000C2F8E000D2F8A4
:10192000E02002F010020A920A9AB1E6844AD2F844
:10193000E00040F02000C2F8E000D2F8E02002F021
:1019400020020B920B9AA3E67D4AD2F8E00040F009
:101950004000C2F8E000D2F8E02002F040020C9211
:101960000C9A95E6764AD2F8E00040F08000C2F882
:10197000E000D2F8E02002F080020D920D9A87E696
:101980006F4AD2F8E00040F04000C2F8E000D2F820
:10199000E02002F040022292229A3FE6684AD2F802
:1019A000E00040F08000C2F8E000D2F8E02002F051
:1019B00080022392239A31E6614AD2F8E00040F493
:1019C0008070C2F8E000D2F8E02002F48072249225
:1019D000249A23E65A4AD2F8E00040F40070C2F894
:1019E000E000D2F8E02002F400722592259A15E674
:1019F000534AD2F8E00040F00100C2F8E000D2F80B
:101A0000E02002F001021192119A24E64C4AD2F829
:101A1000E00040F00200C2F8E000D2F8E02002F05E
:101A200002021292129A16E6454AD2F8E00040F0FD
:101A30000400C2F8E000D2F8E02002F004021392A1
:101A4000139A08E63E4AD2F8E00040F00800C2F8D7
:101A5000E000D2F8E02002F008021492149AFAE5AD
:101A6000374AD2F8E00040F01000C2F8E000D2F8A7
:101A7000E02002F010021592159AECE5304AD2F8F7
:101A8000E00040F02000C2F8E000D2F8E02002F0D0
:101A900020021692169ADEE5294AD2F8E00040F0BC
:101AA0004000C2F8E000D2F8E02002F040021792B5
:101AB000179AD0E5224AD2F8E00040F08000C2F840
:101AC000E000D2F8E02002F080021892189AC2E5F5
:101AD0001B4AD2F8E00040F48070C2F8E000D2F86F
:101AE000E02002F480721992199AB4E5144AD2F8EF
:101AF000E00040F40070C2F8E000D2F8E02002F408
:101B000000721A921A9AA6E50D4AD2F8E00040F047
:101B10000200C2F8E000D2F8E02002F002022892AF
:101B2000289A5EE5064AD2F8E00040F00400C2F8C8
:101B3000E000D2F8E02002F004022992299A50E550
:101B4000004402583E4AD2F8E00040F00800C2F8D3
:101B5000E000D2F8E02002F008022A922A9A40E53A
:101B6000374AD2F8E00040F01000C2F8E000D2F8A6
:101B7000E02002F010022B922B9A32E5304AD2F884
:101B8000E00040F02000C2F8E000D2F8E02002F0CF
:101B900020022C922C9A24E5294AD2F8E00040F049
:101BA0004000C2F8E000D2F8E02002F040022D929E
:101BB0002D9A16E5224AD2F8E00040F08000C2F8E3
:101BC000E000D2F8E02002F080022E922E9A08E582
:101BD0001B4AD2F8E00040F48070C2F8E000D2F86E
:101BE000E02002F480722F922F9AFAE4144AD2F87D
:101BF000E00040F40070C2F8E000D2F8E02002F407
:101C000000723092309AECE40D4AD2F8E00040F0D5
:101C10000100C2F8E000D2F8E02002F001022792B1
:101C2000279ADEE40021B7E40121B5E40221B3E400
:101C30000321B1E40421AFE400231B78FFDE00BFE1
:101C4000004402582DE9F043002289B01B4B0121CA
:101C50000DF1040C9E461A4B0791E146E04667469B
:101C60000EF11C060EF138050EF15404CDE90122E7
:101C7000CDE90322CDE90522FF221A70BCE80F004E
:101C8000AEE80F009CE807008EE80700B9E80F00F7
:101C90000FC69CE8070086E80700B8E80F000FC5EC
:101CA0009CE8070085E807000FCF0FC49CE80700F9
:101CB00084E8070009B0BDE8F08300BF40030020BE
:101CC000D05D0020014802F047BA00BFD453002085
:101CD000014802F041BA00BF74550020014802F0EB
:101CE0003BBA00BF14570020014802F035BA00BFCC
:101CF000B4580020014802F02FBA00BF545A002007
:101D000010B5EFF3108472B6084B1A78120602D59C
:101D100004B962B610BD1B784FF4D07204485BB2B0
:101D200002FB0300B030F6F749FCF1E7D05D00207C
:101D3000AC53002010B5EFF3108472B6094B1A783B
:101D4000120602D504B962B610BD1B784FF4D072EA
:101D500005485BB202FB030000F59470F6F72EFC19
:101D6000F0E700BFD05D0020AC5300202DE9F0412A
:101D700084B0EFF3108772B6284AFF21284C13680D
:101D8000217023B100211160264A106898472378FA
:101D90001B061CD5DFF894800025234E444621689D
:101DA00079B162686AB1A369012B22D0A3B96369D2
:101DB0003046019323690093E3682289FFF7D6F93F
:101DC00018B301351C3406F5D076042DE7D107B9D8
:101DD00062B604B0BDE8F081D4E90430CDE9013049
:101DE000E068238900903046FFF724FA0028E8D104
:101DF0000BE0D4E904301146CDE900303046E36809
:101E00002289FFF74FF90028DBD1C5EBC50508EBA8
:101E1000850348F825005860D9E700BFCC5D002055
:101E2000D05D0020D45D0020AC5300204003002092
:101E30002DE9F04184B0EFF3108772B6284AFF21F4
:101E4000284C1368217023B100211160264A1068C4
:101E5000984723781B061CD5DFF894800025234E75
:101E60004446216879B162686AB1A369012B22D026
:101E7000A3B963693046019323690093E36822891B
:101E8000FFF774F918B301351C3406F5D076042D2C
:101E9000E7D107B962B604B0BDE8F081D4E90430F7
:101EA000CDE90130E068238900903046FFF7C2F9A0
:101EB0000028E8D10BE0D4E904301146CDE9003028
:101EC0003046E3682289FFF7EDF80028DBD1C5EB47
:101ED000C50508EB850348F825005860D9E700BF21
:101EE000CC5D0020D05D0020D45D0020AC530020EC
:101EF000400300202DE9F04184B0EFF3108772B663
:101F0000284AFF21284C1368217023B10021116059
:101F1000264A1068984723781B061CD5DFF8948062
:101F20000025234E4446216879B162686AB1A369ED
:101F3000012B22D0A3B96369304601932369009332
:101F4000E3682289FFF712F918B301351C3406F54E
:101F5000D076042DE7D107B962B604B0BDE8F081B0
:101F6000D4E90430CDE90130E0682389009030469F
:101F7000FFF760F90028E8D10BE0D4E904301146FE
:101F8000CDE900303046E3682289FFF78BF800285E
:101F9000DBD1C5EBC50508EB850348F82500586083
:101FA000D9E700BFCC5D0020D05D0020D45D0020CB
:101FB000AC530020400300202DE9F04184B0EFF342
:101FC000108772B601F090FC284A294CFF21136853
:101FD00021702BB1002111600121264A1068984719
:101FE00023781B061CD5DFF894800025224E44463A
:101FF000216879B162686AB1A369012B22D0A3B9C3
:1020000063693046019323690093E3682289FFF7EF
:10201000ADF818B301351C3406F5D076042DE7D1A0
:1020200007B962B604B0BDE8F081D4E90430CDE967
:102030000130E068238900903046FFF7FBF8002864
:10204000E8D10BE0D4E904301146CDE90030304648
:10205000E3682289FFF726F80028DBD1C5EBC50528
:1020600008EB850348F825005860D9E7CC5D0020CF
:10207000D05D0020D45D0020AC5300204003002040
:102080005E4B00226FF0F411022030B40824DA61B4
:102090005862C3F8BC21C3F8C401C3F85C23C3F879
:1020A0006403C3F8E014C3F8E414C3F8F444C3F8B9
:1020B000F824C3F8FC24C3F80405C3F88016C3F859
:1020C0008416C3F89446C3F89826C3F89C26C3F830
:1020D000A406C3F820184A4DC3E90542C3E96D427E
:1020E000C3E9D542C3E90011C3E96811C3E9D011BE
:1020F000C3F824184349C3F83448C3F83828424C7D
:10210000C3F83C28C3F844080A888B783F482372F8
:10211000E280C28003723E4C3E48E280A0F8032079
:1021200023724371C28003723B4C3C480968E280D1
:102130002372A0F803203A4C4371C28003723948DD
:10214000E2802372A0F80320374C4371C2800372EF
:10215000080C2180EA802B72A070A4F80320637120
:10216000E2802372314C2180A070A4F803206371B7
:10217000E28023722E4C2180A070A4F803206371AA
:10218000E28023722B4C2180A070A4F8032063719D
:10219000E2802372284C2180A070A4F80320637190
:1021A000E2802372254C2180A070A4F80320637183
:1021B000E2802372224C2180A070E2802372A4F876
:1021C000032063711F4C21801F49A070E2801F48CB
:1021D0002372A1F803204B71CA800B72A4F803206C
:1021E0001B4963711B4CC280E28023720372A1F809
:1021F00003204B71CA800B7230BC7047AC53002077
:1022000004030020D0850124C8020020BC02002065
:1022100080020020EC020020D402002010030020E5
:10222000F8020020980200209C5D0020845D0020C0
:10223000905D00206C5D0020C05D0020A85D002046
:10224000B45D0020785D00203403002028030020C6
:10225000A40200201C030020714A036811698B420C
:1022600000B587B04BD0516F8B4200F0B680D2F8EA
:10227000D8108B4200F0B380D2F83C118B4200F0B2
:10228000B080B3F1804F1ED0664A93420DD0664AAB
:10229000934200F0A880654A934200F0B280644AFD
:1022A00093421ED007B05DF804FB624BD3F8E820E0
:1022B00042F00202C3F8E820D3F8E83003F002034A
:1022C0000293029BEEE75B4BD3F8E82042F0010259
:1022D000C3F8E820D3F8E83003F001030193019B31
:1022E000E0E7544BD3F8E82042F01002C3F8E820AE
:1022F000D3F8E83003F010030593059BD2E70020E4
:102300006421B3F1804F01FB0022127B1ED04549AE
:102310008B4235D044498B4248D044498B42BED190
:10232000444BD3F8E81041F00801C3F8E810D3F8A3
:10233000E83003F008030493049B002AB2D0322053
:1023400000220F21F4F736FF322014E0394BD3F886
:10235000E81041F00101C3F8E810D3F8E83003F0C9
:1023600001030193019B002A9CD01C2000220F2115
:10237000F4F720FF1C2007B05DF804EBF4F758BF1A
:102380002C4BD3F8E81041F00201C3F8E810D3F861
:10239000E83003F002030293029B002A82D01D2042
:1023A00000220F21F4F706FF1D20E4E7214BD3F8AC
:1023B000E81041F00401C3F8E810D3F8E83003F066
:1023C00004030393039B002A3FF46CAF1E200022FA
:1023D0000F21F4F7EFFE1E20CDE7012090E7022049
:1023E0008EE703208CE7134BD3F8E82042F0040279
:1023F000C3F8E820D3F8E83003F004030393039B09
:1024000050E70C4BD3F8E82042F00802C3F8E8206C
:10241000D3F8E83003F008030493049B42E700BFBD
:10242000D85D00200004004000080040000C00407F
:1024300000100040004402580F4B026819698A429C
:102440000BD0596F8A4211D0D3F8D8108A420FD0DE
:10245000D3F83C118A420DD070470021642202FB60
:102460000133DA6D002AF7D0186E10470121F5E725
:102470000221F3E70321F1E7D85D00200148FCF7D2
:1024800073BC00BFE85D00200148FCF76DBC00BFD5
:102490004C5E00200148FCF767BC00BFB05E002026
:1024A0000148FCF761BC00BF145F0020F0B54FF09D
:1024B000640C0F682E4D8DB00CFB07FC032F05EB51
:1024C0000C06066047DC0B460868344649689A6883
:1024D00007C41B7B237004AC7268264B002A4FF0A4
:1024E0000002726118BF1022B2610FCB84E80F00A6
:1024F0000CAB03EB870353F8203CB3F1804F3361FF
:1025000024D01D4A934221D030890CF11004642359
:102510000021802203FB07532C44C3E907019A6280
:102520002046FCF7E3F9034600B1FEE74FF4805282
:1025300008A92046099301930892CDE90A33CDE911
:102540000233FCF73DFB034640B1FEE7642303FB87
:1025500007539868D9E701200DB0F0BD01A92046C6
:1025600001930393FCF7AAFC0028F5D0FEE700BF17
:10257000D85D0020AC810124000C0040006808B543
:10258000037B10302BB1FCF7BFFA003818BF0120D5
:1025900008BDFCF761FA003818BF012008BD00BF74
:1025A0000C4B00224FF0FF311A739960D96683F803
:1025B0007020C3F8D01083F8D420C3F8341183F806
:1025C0003821C3E90022C3E91922C3E93222C3E951
:1025D0004B227047D85D00201F4BC1680268F0B5E0
:1025E000D3F88C5083B00369ADB24D1BA2B1AB429E
:1025F00012D00446866811D2F018E91ACDE900100D
:1026000001F0EAF80023DDE90010D4E90062B047E8
:10261000E3682561AB421BD003B0F0BDF018C91AC6
:10262000CDE9000101F0D8F80023DDE90001D4E98B
:102630000072B8473046294601F0CEF800233046F4
:10264000626829462668B047E3682561AB42E3D15A
:102650000023236103B0F0BD000002402DE9F84FD4
:1026600004460F4690461E4600F13405284602F007
:1026700085F92028FAD14FF480630020C4F8D830BF
:10268000C4F850314FF44033C4F8D400C4F8E830F3
:10269000C4F860314E4BC4F8E400C4F8C83003F508
:1026A0007A73C4F8EC00C4F840314023C4F8D00079
:1026B000C4F84831E369C4F84C01C4F85C01C4F8BB
:1026C0006401C4E93700C4E95500072B0BD8DFE8E3
:1026D00003F061535A373E454C045123C4F8CC30C3
:1026E0005223C4F8443104F5A0794846F5F714F9AB
:1026F00008B1FFBEFEE7C4F8B090C4F87851EFF31C
:10270000108972B6DFF8D0B094F91C30DFF8CCA095
:102710008BF800300A9B2F4CCAF800300B9B2360CB
:102720000EB11846B0471FFA88F23946284601F024
:1027300021FEB0BBB9F1000F00D162B6BDE8F88F41
:102740003F23C4F8CC304023C4F84431CBE74123C5
:10275000C4F8CC304223C4F84431C4E74723C4F85A
:10276000CC304823C4F84431BDE74F23C4F8CC3003
:102770005023C4F84431B6E72B23C4F8CC302C23C3
:10278000C4F84431AFE72D23C4F8CC302E23C4F86D
:102790004431A8E72923C4F8CC302A23C4F84431B3
:1027A000A1E7FF238BF800300023CAF80030236034
:1027B0000A9B3BB10B98012198470120B9F1000F0A
:1027C000BCD1BAE70120B9F1000FB7D1B5E700BF1E
:1027D00088000240E86E0020E46E0020E06E0020D9
:1027E0002DE9F84F04460F4690461E4600F1340589
:1027F000284602F0C3F82028FAD14FF48063002065
:10280000C4F8D830C4F850314FF44033C4F8D40081
:10281000C4F8E830C4F860314E4BC4F8E400C4F8A2
:10282000C83003F57A73C4F8EC00C4F84031402393
:10283000C4F8D000C4F84831E369C4F84C01C4F8C6
:102840005C01C4F86401C4E93700C4E95500072BF2
:102850000BD8DFE803F061535A373E454C0451234F
:10286000C4F8CC305223C4F8443104F1C8094846B6
:10287000F5F752F808B1FFBEFEE7C4F8B490C4F80B
:102880000051EFF3108972B6DFF8D0B094F91C3024
:10289000DFF8CCA08BF800300A9B2F4CCAF8003030
:1028A0000B9B23600EB11846B0471FFA88F23946D9
:1028B000284602F011FDB0BBB9F1000F00D162B69D
:1028C000BDE8F88F3F23C4F8CC304023C4F844312E
:1028D000CBE74123C4F8CC304223C4F84431C4E7E9
:1028E0004723C4F8CC304823C4F84431BDE74F2314
:1028F000C4F8CC305023C4F84431B6E72B23C4F8D5
:10290000CC302C23C4F84431AFE72D23C4F8CC30AD
:102910002E23C4F84431A8E72923C4F8CC302A2355
:10292000C4F84431A1E7FF238BF800300023CAF834
:10293000003023600A9B3BB10B980121984701208E
:10294000B9F1000FBCD1BAE70120B9F1000FB7D13E
:10295000B5E700BF88000240E86E0020E46E00206A
:10296000E06E00202DE9F0410D4682B0EFF31087B4
:1029700072B6002948D1FF23254A264C23701368DC
:102980002BB1002029461060234A1068984723780D
:102990001B0625D5DFF888800025204E444605E03B
:1029A00001351C3406F5DC76092D19D0A369012BFD
:1029B0001BD0002BF4D1216830460029F0D0636988
:1029C000019323690093E3682289FFF709FF002838
:1029D000E6D1C5EBC50508EB850348F8250058602E
:1029E00007B962B602B0BDE8F08161680029D7D0AE
:1029F00063693046019323690093E3682289FFF7F6
:102A00002DFE0028CCD1E4E702F0E0FBB3E700BFE5
:102A1000E06E0020E46E0020E86E0020685F002079
:102A2000B0030020F0B5002387B0022204460493CF
:102A3000CDE90223C369007E5D000B2821D1A07E71
:102A40000B2802D1002007B0F0BD454A6B1C454958
:102A500052F823304D780A781978E47E8A424CD0B7
:102A600088425AD0D978DE1C91424ED088426DD02F
:102A700099799E1D8A4265D088426CD0012007B0AA
:102A8000F0BD374B374953F825300A7891F801E00B
:102A9000197894F819C08A4222D0884225D0D97872
:102AA000DE1C8A4225D0884233D099799E1D8A4205
:102AB00027D08842E2D1DB796345DFD133469B786A
:102AC0000A28059308D90020012301A903FA0CF371
:102AD0000193F6F7C5F8B2E7234B03EB8020F3E749
:102AE0005E787645DBD08842D9D159786145D6D118
:102AF000E5E71F797745D6D1D7E75E78AE42AFD10B
:102B0000B0E7DA797245D4D1B8E71F79AF42ADD1D9
:102B1000AEE719796145C8D1D0E75978A142A1D172
:102B20009B780A28059309D90020012301A9A34015
:102B30000193F6F795F8002007B0F0BD0A4B03EBC0
:102B40008020F2E7DA79AA4296D197E71979A14273
:102B50008ED13346E4E7DB79A3428FD13346DFE7FA
:102B6000C8040020C404002000000258B34A0368CF
:102B7000934270B5A4B000F03D82A2F54C4293425E
:102B800000F03A8202F58062934200F0378202F54B
:102B90008062934200F0348202F58062934200F03A
:102BA000338202F54442934200F02C82A2F51C428B
:102BB000934200F02B8202F58062934200F028825B
:102BC0009F4A934240F0268208259E4C4FF4DC70C9
:102BD00000FB0540837E0A2B19D8DFE813F0B7010C
:102BE000C501D301E101EF01FD017F018D019B01D1
:102BF000A9010B00944BD3F8E02042F48062C3F8A3
:102C0000E020D3F8E03003F480631E931E9B037E24
:102C10000A2B19D8DFE813F0380146015401CB0024
:102C2000D900E700F50003011C012A010B00864BC7
:102C3000D3F8E02042F48062C3F8E020D3F8E0301B
:102C400003F480631393139B4FF4DC7303FB05437E
:102C5000DB69082B13D8DFE803F03A48566472802A
:102C60008E9C0500784BD3F8F42042F00802C3F89C
:102C7000F420D3F8F43003F008030893089BFFF71F
:102C8000D1FE012801D1FFBEFEE74FF4DC7324AA78
:102C90006E4E0DF17C0C03FB0544E36902EB43052A
:102CA0000FCEACE80F0033680022ACF800301146BC
:102CB00035F9140CF4F77EFAE36924AA02EB430316
:102CC00033F9140C24B0BDE87040F4F7B1BA5E4B90
:102CD000D3F8F02042F01002C3F8F020D3F8F0301F
:102CE00003F010030093009BC9E7574BD3F8E8208B
:102CF00042F40032C3F8E820D3F8E83003F400339C
:102D00000193019BBBE7504BD3F8E82042F48022AB
:102D1000C3F8E820D3F8E83003F480230293029B41
:102D2000ADE7494BD3F8E82042F40022C3F8E8208D
:102D3000D3F8E83003F400230393039B9FE7424B4F
:102D4000D3F8E82042F48012C3F8E820D3F8E83042
:102D500003F480130493049B91E73B4BD3F8F020DA
:102D600042F02002C3F8F020D3F8F03003F0200343
:102D70000593059B83E7344BD3F8E82042F080426B
:102D8000C3F8E820D3F8E83003F080430693069BAD
:102D900075E72D4BD3F8E82042F00042C3F8E82055
:102DA000D3F8E83003F000430793079B67E7264B0F
:102DB000D3F8E02042F00802C3F8E020D3F8E03076
:102DC00003F008030C930C9B3EE71F4BD3F8E02065
:102DD00042F01002C3F8E020D3F8E03003F0100313
:102DE0000D930D9B30E7184BD3F8E02042F0200202
:102DF000C3F8E020D3F8E03003F020030E930E9BDD
:102E000022E7114BD3F8E02042F04002C3F8E02063
:102E1000D3F8E03003F040030F930F9B14E70A4B05
:102E2000D3F8E02042F08002C3F8E020D3F8E0308D
:102E300003F080031093109B06E700BF00100140D1
:102E4000000C0058685F002000440258BC81012437
:102E5000724BD3F8E02042F48072C3F8E020D3F83C
:102E6000E03003F480731193119BEDE66B4BD3F8C4
:102E7000E02042F40072C3F8E020D3F8E03003F41D
:102E800000731293129BDFE6644BD3F8E02042F00C
:102E90000102C3F8E020D3F8E03003F00103099306
:102EA000099BD1E65D4BD3F8E02042F00202C3F863
:102EB000E020D3F8E03003F002030A930A9BC3E654
:102EC000564BD3F8E02042F00402C3F8E020D3F8D8
:102ED000E03003F004030B930B9BB5E64F4BD3F8A4
:102EE000E02042F04002C3F8E020D3F8E03003F0E5
:102EF00040031A931A9B8AE6484BD3F8E02042F02D
:102F00008002C3F8E020D3F8E03003F080031B9385
:102F10001B9B7CE6414BD3F8E02042F48072C3F85F
:102F2000E020D3F8E03003F480731C931C9B6EE622
:102F30003A4BD3F8E02042F40072C3F8E020D3F813
:102F4000E03003F400731D931D9B60E6334BD3F810
:102F5000E02042F00102C3F8E020D3F8E03003F0B3
:102F600001031493149B52E62C4BD3F8E02042F05B
:102F70000202C3F8E020D3F8E03003F00203159317
:102F8000159B44E6254BD3F8E02042F00402C3F839
:102F9000E020D3F8E03003F004031693169B36E6E6
:102FA0001E4BD3F8E02042F00802C3F8E020D3F82B
:102FB000E03003F008031793179B28E6174BD3F86C
:102FC000E02042F01002C3F8E020D3F8E03003F034
:102FD00010031893189B1AE6104BD3F8E02042F028
:102FE0002002C3F8E020D3F8E03003F02003199367
:102FF000199B0CE60025E8E50125E6E50225E4E558
:103000000325E2E50525E0E50425DEE50625DCE50A
:103010000725DAE500239B7EFFDE00BF004402584F
:103020002DE9F04F91B0002301223F490DF1240A10
:1030300009938B4601F11C09CAF8143001F13808D4
:10304000CDF800A001F15407CDF804A001F17006FD
:10305000CDF808A001F18C05CDF80CA001F1A80471
:10306000CDF810A001F1C40ECDF814A001F1E00CD0
:10307000CAE90133CAE903330F92FF222B4BCDE992
:1030800006AA1A70BAE80F00ABE80F009AE807002A
:10309000009B8BE807009B46BBE80F00A9E80F00E8
:1030A0009AE80700019B89E807009946B9E80F00F4
:1030B000A8E80F009AE80700029B88E807009846F6
:1030C000B8E80F000FC79AE80700039B87E80700DE
:1030D0001F460FCF0FC69AE80700049B86E807003B
:1030E0001E460FCE0FC59AE80700059B85E807002E
:1030F0001D460FCD0FC49AE80700069B84E8070021
:103100001C460FCCAEE80F00079B9AE807001C4650
:103110008EE807000FCCACE80F009AE807008CE8B7
:10312000070011B0BDE8F08FB0030020E46E00206E
:1031300010B5094C04F1340001F002FA237D1BB1F3
:10314000636BDB69DB0600D410BD2046FFF744FA51
:10315000636B10221A6210BD685F002010B50B4C23
:1031600004F5F67001F0ECF994F8CC3123B1D4F801
:10317000EC31DB69DB0600D410BD04F5DC70FFF731
:103180002BFAD4F8EC3110221A6210BD685F0020CF
:1031900010B50B4C04F5697001F0D2F994F8843342
:1031A00023B1D4F8A433DB69DB0600D410BD04F5E9
:1031B0005C70FFF711FAD4F8A43310221A6210BD24
:1031C000685F002010B50B4C04F25C5001F0B8F9B8
:1031D00094F83C3523B1D4F85C35DB69DB0600D4C8
:1031E00010BD04F5A560FFF7F7F9D4F85C3510229F
:1031F0001A6210BD685F002010B50B4C04F2147009
:1032000001F09EF994F8F43623B1D4F81437DB6951
:10321000DB0600D410BD04F5DC60FFF7DDF9D4F85F
:10322000143710221A6210BD685F002010B50B4CD5
:1032300004F6CC0001F084F994F8AC3823B1D4F84A
:10324000CC38DB69DB0600D410BD04F69800FFF72C
:10325000C3F9D4F8CC3810221A6210BD685F002080
:1032600010B50B4C04F6842001F06AF994F8643A26
:1032700023B1D4F8843ADB69DB0600D410BD04F531
:103280002560FFF7A9F9D4F8843A10221A6210BD1C
:10329000685F002010B50B4C04F63C4001F050F97B
:1032A00094F81C3C23B1D4F83C3CDB69DB0600D429
:1032B00010BD04F60840FFF78FF9D4F83C3C10220B
:1032C0001A6210BD685F002010B50B4C04F6F45074
:1032D00001F036F994F8D43D23B1D4F8F43DDB691C
:1032E000DB0600D410BD04F55C60FFF775F9D4F877
:1032F000F43D10221A6210BD685F002010B5EFF394
:10330000108472B6084B1A78120602D504B962B658
:1033100010BD1B784FF4DC7204485BB202FB030063
:10332000C830F5F74BF9F1E7E46E0020685F002044
:1033300010B5EFF3108472B6094B1A78120602D555
:1033400004B962B610BD1B784FF4DC7205485BB25D
:1033500002FB030000F5A070F5F730F9F0E700BFBD
:10336000E46E0020685F00200021FFF7FBBA00BF79
:10337000214A036893422BD0A2F54C42934229D0B4
:1033800002F58062934227D002F58062934225D0F5
:1033900002F58062934223D002F54442934221D049
:1033A000A2F51C4293421FD002F5806293421DD0C9
:1033B000124A93421CD108224FF4DC71104B01FBDE
:1033C0000233197D11B11846FFF706B9FFF7CABAE3
:1033D0000022F1E70122EFE70222EDE70322EBE70B
:1033E0000422E9E70522E7E70622E5E70722E3E70B
:1033F00000231B7DFFDE00BF00100140000C0058C1
:10340000685F0020204A0368934229D0A2F54C420D
:10341000934227D002F58062934225D002F5806264
:10342000934223D002F58062934221D002F54442B8
:1034300093421FD0A2F51C4293421DD002F5806238
:1034400093421BD0114A93421AD1082310484FF4DB
:10345000DC7202FB0300037D03B97047FFF7BCB8C1
:103460000023F3E70123F1E70223EFE70323EDE76E
:103470000423EBE70523E9E70623E7E70723E5E76E
:1034800000231B7DFFDE00BF00100140000C005830
:10349000685F0020214A036893422BD0A2F54C427A
:1034A000934229D002F58062934227D002F58062D0
:1034B000934225D002F58062934223D002F5444224
:1034C000934221D0A2F51C4293421FD002F58062A4
:1034D00093421DD0124A93421CD108224FF4DC7152
:1034E000104B4FF0000C01FB0233012183F814C094
:1034F000FFF738BA0022F1E70122EFE70222EDE7F9
:103500000322EBE70422E9E70522E7E70622E5E7E5
:103510000722E3E700231B75FFDE00BF0010014018
:10352000000C0058685F00205A4B0122002147F62A
:10353000122030B46FF0F4141A6259629C61C3F81F
:10354000D041C3F88843C3F84045C3F84825C3F8C1
:103550004C15C3F85425C3F85805C3F8F846C3F80A
:103560000027C3F80417C3F80C27C3F81007C3F8E3
:10357000B048C3F8B828C3F8BC18C3F8C428C3F8C7
:10358000C808C3F8684A444DC3E90B20C3E9762153
:10359000C3E97920C3E9E421C3E9E720C3F8702A2D
:1035A000C3F8204CC3F8D84D3C4CC3F8741AC3F888
:1035B0007C2AC3F8800AC3F8282CC3F82C1CC3F853
:1035C000342CC3F8380CC3F8E02DC3F8E41DC3F85D
:1035D000EC2D2188A278C3F8F00D314B3148A3F8C7
:1035E00003105A71D9801A722F4B2A72E980A3F8FE
:1035F00003102E4D5A71D9801A722D4BE9802A7210
:10360000A0F803104271C1800272A3F803105A712E
:10361000D98020681A72040C264B274D1880A3F815
:1036200003105A71D9801A729C70244BE980A3F858
:1036300003105A71D9801A72214B2A72A3F8031011
:103640005A71D9801A721F4B18809C70A3F803100E
:103650005A71D9801A721C4B18809C70A3F8031001
:103660005A71D9801A72194B18809C701848A3F8A7
:1036700003105A71D9801A72164BA0F803104271C8
:10368000C1800272A3F803105A71D9801A7230BC3B
:10369000704700BF685F002058050020C404002068
:1036A0007005002064050020880500204C050020DE
:1036B0007C050020106F00203405002094050020B8
:1036C00040050020EC6E0020046F0020F86E002002
:1036D000B8040020AC0400203E4B00220B20114611
:1036E00010B5D3F8D84082B044F00104C3F8D840F4
:1036F000D3F8D84004F001040094009CD3F8D840DB
:1037000044F00204C3F8D840D3F8D83003F00203E1
:103710000193019BF3F74EFD0B20F3F789FD002287
:103720000C201146F3F746FD0C20F3F781FD002233
:103730000D201146F3F73EFD0D20F3F779FD002231
:103740000E201146F3F736FD0E20F3F771FD00222F
:103750000F201146F3F72EFD0F20F3F769FD00222D
:1037600010201146F3F726FD1020F3F761FD00222B
:103770003C201146F3F71EFD3C20F3F759FD0022D3
:1037800011201146F3F716FD1120F3F751FD002229
:1037900038201146F3F70EFD3820F3F749FD0022DB
:1037A00039201146F3F706FD3920F3F741FD0022D9
:1037B0003A201146F3F7FEFC3A20F3F739FD0022D8
:1037C0003B201146F3F7F6FC3B2002B0BDE8104069
:1037D000F3F72EBD00440258203100290FDD20F000
:1037E0001F00BFF34F8F064A0144C2F85C0220302D
:1037F0000B1A002BF9DCBFF34F8FBFF36F8F7047AD
:1038000000ED00E0034688B190F83D20022A03D085
:10381000802201209A66704702680421002083F804
:103820003D10D36823F00103D36070470120704737
:1038300003682C495A6910B49C6944F008049C61DF
:103840009C6944F010049C611C6824F001041C6015
:103850001C6921401961996821F44041996090F8F0
:103860008110042901D0910630D490F881100329E9
:1038700001D054061FD4910509D5D0F8841041F029
:103880000101C0F88410996941F400719961D20571
:1038900009D5D0F8842042F00802C0F884209A6943
:1038A00042F480729A6100235DF8044BA0F8623004
:1038B000A0F86A307047D0F8841041F00401C0F8D5
:1038C0008410996941F040019961D4E7D0F88410DF
:1038D00041F08001C0F88410996941F0200199619C
:1038E000C3E700BF90FCFFFF002800F0C980664AD4
:1038F00000212DE9F843036804468162934217D002
:10390000A2F57842934213D002F580629342C268D6
:1039100000F0AE800F2A08D8C06B02F108014509FB
:10392000C90805FB0111082916D90120BDE8F88353
:10393000E268E06B02F10801534E4509C90805FB36
:103940000111524DAB4218BFB34203D005F580655B
:10395000AB4201D11029E8D894F8811001F0FF059D
:1039600000297AD04FF000080221A769A56B84F8DE
:103970008110B7F1806F196821F001011960996811
:1039800001F4F81C616858D011F4800901D0062AAE
:1039900049D8D3F800E02EF4807EC3F800E0666BCF
:1039A00042EA08023743666A374326693743666945
:1039B0003743266A3743E66C3743A6683743A66C1D
:1039C0003743E66932431043A26D3A4340EA0C00A4
:1039D0000A4398601543DD60B9B99A6822F4C05271
:1039E00042F400629A609A6822F4C06242F48062F3
:1039F0009A601A6D22F001021A6500200123C4F8B2
:103A0000840084F88130BDE8F8831A6D22F0010249
:103A10001A65B9F1000FF0D0DA68616D22F000424A
:103A20000A43DA60E9E7D3F800E0266D2EF4807EE1
:103A30004EEA060EC3F800E0B1E7B1F5800F06D0FC
:103A40000029A1D1B5F1805F02D08946A1E7CDB9A7
:103A50001E6846F480561E6096E7204684F8805023
:103A6000FDF77CFD2368E268D4F82880E06B7BE7F3
:103A7000C06B02F108014509C90805FB011169E79E
:103A800001207047894682E700300140003800403D
:103A9000F8B590F88030012B00F0928090F88130DA
:103AA000154601220446DEB2934280F880206BD195
:103AB000002964D0B5FA85F35B09002D5FD003229D
:103AC0004366A0F8683080F88120C0F88430A0F800
:103AD0006250A0F86A300268C165A0F86050C0E981
:103AE0001C338368B3F5C02F65D0D36823F4C0239B
:103AF00043F40033D360E368A06F0F2B4AD9836986
:103B0000B3F5804F3BD13E4F203252F8183C07644A
:103B10003C4F23F40043C7633B4FC764002707654E
:103B200042F8183CB4F862309BB2F4F763F900280D
:103B300049D1A36F354ADB69B3F5807F23685968A3
:103B400002EA010218BF2A435A609A68616842F487
:103B50000042B1F5800F9A601A6942F448721A6106
:103B60001A6842F001021A6003D11A6842F4007226
:103B70001A6000231E4684F880303046F8BD0023CA
:103B800084F880303046F8BD0023022680F880306B
:103B90003046F8BD072B836921D8B3F5005F27D0E5
:103BA000B3F5804FAFD1B4F862309BB203339B08BA
:103BB000A4F86230A7E7136843F4006313609AE740
:103BC00002263046F8BDD4F88430012284F8807093
:103BD00043F01003C4F8843084F88120D2E7B3F5B1
:103BE000804F05D0B3F5005FC9D1B3F5804F8AD1BE
:103BF000B4F862309BB201335B08A4F8623082E70C
:103C000035400124B93F0124614001240000FFFF39
:103C1000F8B590F88030012B00F0968090F8813054
:103C2000154601220446DEB2934280F880206AD114
:103C3000002963D0B5FA85F35B09002D5ED004221C
:103C4000A0F86030416680F88120C0F88430A0F888
:103C50006A50A0F86230A0F86850C0E91C3383684D
:103C6000B3F5C02F03686AD0DA6822F4C02242F4A8
:103C70008022DA60E2680F2A4BD9E06F8269B2F5E0
:103C8000804F3BD19A6822F480429A60414F0A46A5
:103C900003F13001B4F86A3007643F4F9BB2C76349
:103CA0003E4FC76400270765F4F7A4F800284ED1FB
:103CB000E36F3B4ADB69B3F5807F2368596802EA0A
:103CC000010218BF2A435A609A68616842F4804230
:103CD000B1F5800F9A601A6942F450721A611A683D
:103CE00042F001021A6003D11A6842F400721A60AD
:103CF00000231E4684F880303046F8BD002384F847
:103D000080303046F8BD0023022680F880303046EF
:103D1000F8BD072A27D89A68E06F22F480429A609B
:103D20008269B2F5005F2DD0B2F5804FAED1B4F804
:103D30006A2092B203329208A4F86A20A6E71A68B1
:103D400022F400621A6095E702263046F8BDD4F8E6
:103D50008430012284F8807043F01003C4F884306A
:103D600084F88120CDE7E06F8769B7F5804F02D0F6
:103D7000B7F5005FC2D19A68B7F5804F22F4804250
:103D80009A6083D1B4F86A2092B201325208A4F842
:103D90006A207BE745400124E13F01246140012482
:103DA0000000FFFF2DE9F8431D4690F88030012BFD
:103DB00000F083800123044680F8803090F8813041
:103DC000012BDEB251D1002D18BF002A47D0B1FA25
:103DD00081F35B09002942D0C165A0F860500168F9
:103DE0004266A0F86850C0E91C33052084F88100C1
:103DF000C4F88430A4F86250A4F86A50CB6823F465
:103E0000C023CB608B6823F440438B60E3680F2BA7
:103E100032D9E06F8369B3F5804F20D1624F4FF004
:103E20000008B4F86A3030310764DFF888919BB23B
:103E30005E4FC0F84C90C763C0F85080F3F7DAFFCC
:103E4000074600283DD0D4F88430012284F88080D1
:103E500043F01003C4F8843084F8812002E000238A
:103E600084F880303046BDE8F8830023022680F8CD
:103E700080303046BDE8F883072B5DD8A36F9B697F
:103E8000B3F5005F78D0B3F5804F06D1B4F8623057
:103E90009BB203339B08A4F86230E06F8369B3F5EB
:103EA000005F61D0B3F5804FB8D1B4F86A309BB2EF
:103EB00003339B08A4F86A30B0E702263046BDE819
:103EC000F8832268A06F93682032E16D43F4804349
:103ED00042F8183CB4F86230C0F84C909BB20765C9
:103EE000C0E90F77F3F786FF00284DD1A36F304A62
:103EF000DB69B3F5807F2368596802EA010218BFC5
:103F00002A435A609A68616842F40042B1F5800F12
:103F10009A601A6942F458721A611A6842F00102F2
:103F20001A6004D000231E4684F880309AE71A688D
:103F300042F400721A60F5E7E06F8369B3F5804FD1
:103F400002D0B3F5005F8AD1A76FBF69B7F5804F84
:103F500006D1B4F86270BFB201377F08A4F862706E
:103F6000B3F5804F7FF45AAFB4F86A309BB2013397
:103F70005B08A4F86A3051E7B4F862309BB20133B1
:103F80005B08A4F8623088E7E06FF4F7D5F8D4F85E
:103F90008430012284F8807043F01003C4F8843028
:103FA00084F881205EE700BF5540012409400124C8
:103FB0000000FFFF61400124806B08B590F881305C
:103FC000072B09D0836FDB69B3F5807F05D00268CA
:103FD000136943F00803136108BDFDF7C7FE08BD70
:103FE000806B08B590F88130072B09D0C36FDB696F
:103FF000B3F5807F05D00268136943F008031361AD
:1040000008BDFDF715FF08BD806B08B590F881303D
:10401000072B09D0836FDB69B3F5807F05D0026879
:10402000136943F00803136108BDFDF763FF08BD82
:10403000704700BF806B08B5FFF7FAFF08BD00BFEF
:10404000704700BF806B08B5FFF7FAFF08BD00BFDF
:10405000704700BF806B08B5FFF7FAFF08BD00BFCF
:1040600010B5846BF4F7FAFD022800D110BD236867
:1040700030495A69986940F008009861986940F0A1
:1040800010009861186820F001001860186901405C
:104090001961996821F44041996094F881100429CC
:1040A00001D091063AD494F88110032901D050062A
:1040B00029D4910509D5D4F8841041F00101C4F840
:1040C0008410996941F400719961D20509D5D4F839
:1040D000842042F00802C4F884209A6942F4807275
:1040E0009A61002301222046A4F86230A4F86A30C5
:1040F000D4F8843043F01003C4F8843084F881206D
:10410000FDF75AFF10BDD4F8841041F00401C4F843
:104110008410996941F040019961CAE7D4F884108C
:1041200041F08001C4F88410996941F0200199613F
:10413000B9E700BF90FCFFFF08B5806B00230122A8
:10414000A0F86A30A0F8623080F88120FDF734FFD3
:1041500008BD00BF704700BF036819695A692DE99F
:10416000F0419F6801EA020590F88160120504465B
:10417000F6B202D5090700F1D28005F06402042AE4
:104180003ED005F04502012A44D005F02602022A5D
:1041900000F0DC802A075CD59A6942F008029A6137
:1041A0009A6942F010029A619A6942F400629A6137
:1041B0001A6922F008021A619A6812F4404F33D14A
:1041C000B4F86A2092B27AB3616E0EE02268126B84
:1041D00041F8042B6166B4F86A20013A92B2A4F85F
:1041E0006A20B4F86A2092B2F2B1E2680F2AEDD8E0
:1041F000072A40F2A3801A8E21F8022B6166EAE7B3
:104200002046636F9847236F2046984705F0450383
:10421000012B02D1236F2046984705F02605022D79
:1042200000F09480BDE8F0812046FFF701FB0123F8
:1042300084F88130D4F88430002B7CD1052E00F036
:104240008A80042E00F08A80032EEBD1FDF78EFDCC
:10425000E8E715F4587FE5D06E0609D5D4F8842038
:1042600042F00402C4F884209A6942F040029A6144
:10427000A80509D5D4F8842042F00102C4F88420AE
:104280009A6942F400729A61E90509D5D4F884204C
:1042900042F00802C4F884209A6942F480729A615C
:1042A000AA0609D5D4F8842042F08002C4F88420FC
:1042B0009A6942F020029A61D4F88420002AB1D091
:1042C000196807F44047274A21F00101B7F5404F2C
:1042D0001960196902EA01021A6128D19A68E06F2F
:1042E00022F440429A6050B11F4B0365F4F79CF8EA
:1042F00028B1D4F8843043F04003C4F88430A06F70
:1043000000288FD0184B0365F4F78EF8002889D069
:10431000D4F8843043F04003C4F8843082E79A69CB
:1043200042F400629A61FFF715FFBDE8F0810123B6
:10433000204684F88130FDF73FFE73E7226892F84B
:1043400030200A70616E0131616644E7636F204678
:10435000BDE8F0411847FDF7CDFD63E7FDF768FDC7
:1043600060E700BF94FCFFFF3941012490F8810011
:10437000704700BF70B5D0F88860202E31D171B37E
:10438000B2FA82F56D0952B32123A0F856200446F3
:10439000C0F890500165A0F85420C0F88830C06F74
:1043A00060B105651346134D2268C563124D28326E
:1043B0000564124DC564F3F71DFDA0B922684023C2
:1043C000136202F1080353E8003F43F0800302F157
:1043D000080040E800310029F3D1002070BD012021
:1043E00070BD022070BD10230120C4F89030C4F8C5
:1043F000886070BD014401244944012455440124CE
:1044000008B5C369806BB3F5807F18D000230268BC
:10441000A0F8563002F1080353E8003F23F0800370
:1044200002F1080040E800310029F3D152E8003FD2
:1044300043F0400342E800310029F7D108BDFEF700
:1044400093FF08BD704700BF806B08B5FFF7FAFF08
:1044500008BD00BF806B0368D0F8881010B5D0F895
:104460008C409A68120601D521290DD09A6852060F
:1044700001D5222C23D0D0F8903043F01003C0F89F
:104480009030FFF707F810BD0022A0F8562053E83F
:10449000002F22F0C00243E800210029F7D103F1E8
:1044A000080252E8002F22F4000203F1080C4CE845
:1044B00000210029F3D12022C0F88820D6E700226D
:1044C000A0F85E2053E8002F22F4907243E8002108
:1044D0000029F7D1134C03F1080252E8002F2240C3
:1044E00003F1080C4CE800210029F4D1C26E012A26
:1044F00006D0002320224367C0F88C20C366BAE7A9
:1045000053E8002F22F0100243E800210029F0D0E8
:1045100053E8002F22F0100243E800210029EFD1D8
:10452000E7E700BFFEFFFFEF08B5806B0023A0F8B0
:104530005E30A0F85630FEF7ADFF08BD704700BFF3
:10454000036840F60F0CDA6912EA0C0F70B51D68AB
:104550000446996800F02181B14EB24805EA060C84
:1045600008405CEA000640F08980E06E012822D015
:10457000D00202D54E0200F13981100606D501F4B1
:10458000000105F08000014340F02881510667D505
:104590006E0665D553E8002F22F0400243E8002163
:1045A0000029F7D1202200232046C4F88820A367E1
:1045B000FEF7DAFE70BDD006DAD5EE06D8D51022A9
:1045C0001A629A68550640F13C81D4F8800001686F
:1045D0004A6892B2002AEDD0B4F85C109142E9D951
:1045E000A4F85E20C269B2F5807F2FD053E8002F77
:1045F00022F4807243E800210029F7D103F1080278
:1046000052E8002F22F0010203F1080545E80021DD
:104610000029F3D103F1080252E8002F22F04002F2
:1046200003F1080545E800210029F3D12022C4F850
:104630008C20E16653E8002F22F0100243E80021AD
:104640000029F7D1F3F778FDB4F85C100223204677
:104650002367B4F85E30C91A89B2FFF76FFF70BDE7
:10466000100202D5690000F1E780D301A2D5002D28
:10467000A0DA2046BDE8704000F054BED60709D548
:10468000EE0507D501261E62D4F8906046F00106BB
:10469000C4F89060960740F19280CE070AD50226B2
:1046A0001E62D4F8906046F00406C4F89060560785
:1046B00000F18B8016070BD505F02006304307D09C
:1046C00008201862D4F8900040F00800C4F8900068
:1046D00016050AD5680108D54FF400601862D4F8B1
:1046E000900040F02000C4F89000D4F8900000281A
:1046F0003FF460AF96060BD505F0200501F0805120
:1047000055EA010204D0626F12B120469047236837
:10471000D4F890509A6805F0280502F0400215433D
:1047200000F0C58053E8002F22F4907243E8002186
:104730000029F7D13C4803F1080252E8002F02405B
:1047400003F1080545E800210029F4D1E26E012AB1
:1047500054D000222021C4F88C10E2669968626768
:104760004D0665D503F1080252E8002F22F0400201
:1047700003F1080040E800210029F3D1D4F88000BB
:10478000002855D0294B0365F3F74EFE00283FF46F
:1047900011AFD4F88000036D0EE096067FF5E5AE0C
:1047A00005F0200601F0805C56EA0C063FF4DDAE11
:1047B000436F002B3FF4FEAEBDE87040184756072C
:1047C0007FF578AFCE077FF575AF04261E62D4F86B
:1047D000906046F00206C4F890606BE7A36F002B70
:1047E0003FF4E8AE2046BDE8704018474FF4801211
:1047F00020461A62BDE8704000F092BD53E8002FD9
:1048000022F0100243E800210029A2D053E8002F33
:1048100022F0100243E800210029EFD199E700BF00
:104820002001000401000010FEFFFFEF29450124D4
:104830002046FEF72FFE70BD2046BDE8704000F018
:1048400073BDB4F85E00B4F85C10B4F85E20091AC9
:1048500092B289B2002A3FF4ADAE00293FF4AAAE6D
:1048600053E8002F22F4907243E800200028F7D18B
:10487000124D03F1080252E8002F2A4003F1080606
:1048800046E800200028F4D120226067C4F88C207C
:10489000E06653E8002F22F0100243E800200028D1
:1048A000F7D1022320462367FFF748FE70BD20465C
:1048B000FEF7F0FDC4F8905070BD00BFFEFFFFEFA3
:1048C000806B08B501230367C36E012B02D0FEF78E
:1048D00099FD08BDB0F85C104908FFF72FFE08BD30
:1048E00008B5C369806BB3F5807F29D000220368C7
:1048F000A0F85E2053E8002F22F4807243E80021E4
:104900000029F7D103F1080252E8002F22F001023A
:1049100003F1080C4CE800210029F3D103F108024F
:1049200052E8002F22F0400203F1080C4CE800216D
:104930000029F3D12022C0F88C20C26E012A07D0B2
:1049400000230367C36E012B13D0FEF711FD08BDD2
:1049500053E8002F22F0100243E800210029EFD095
:1049600053E8002F22F0100243E800210029EFD184
:10497000E6E7B0F85C10FFF7E1FD08BDD0F888204D
:10498000D0F88C00104370470169826803680A43BD
:10499000C04930B545690446C06987B02A431D68DF
:1049A00002432940BC4D0A43E168AB421A605A6891
:1049B00022F4405242EA0102A1695A6000F0E0800C
:1049C000226A9D681143B54A2A40656A114399607D
:1049D000DA6A22F00F022A43DA62B14A934223D004
:1049E000B04A934276D0B04A934200F08F81AF4AEA
:1049F000934200F0E181AE4A934200F02181AD4A3A
:104A0000934200F0E381AC4A934200F03482AB4A17
:104A1000934200F0E781012000234FF00112636709
:104A2000A266A36707B030BDA54B5B6D03F03803EA
:104A3000282BF0D8A34AD35CB0F5004F55D0202BDB
:104A400000F24A81202BE6D801A252F823F000BFE1
:104A50008F4C0124894C0124174A0124174A012450
:104A6000794C0124174A0124174A0124174A0124CA
:104A70006B4C0124174A0124174A0124174A0124C8
:104A8000174A0124174A0124174A0124174A01240E
:104A9000554C0124174A0124174A0124174A0124BE
:104AA000174A0124174A0124174A0124174A0124EE
:104AB000174A0124174A0124174A0124174A0124DE
:104AC000174A0124174A0124174A0124174A0124CE
:104AD000F94D01247A4B5B6D03F00703052B9AD83F
:104AE000794AB0F5004FD35CA9D1202B00F2458163
:104AF000202B90D801A252F823F000BF634E01246E
:104B00005D4E0124174A0124174A0124694E0124ED
:104B1000174A0124174A0124174A01244B4E012445
:104B2000174A0124174A0124174A0124174A01246D
:104B3000174A0124174A0124174A0124374E012439
:104B4000174A0124174A0124174A0124174A01244D
:104B5000174A0124174A0124174A0124174A01243D
:104B6000174A0124174A0124174A0124174A01242D
:104B7000174A0124174A0124174A0124734E0124BD
:104B80009868464A02404E480A439A60DA6A616A67
:104B900022F00F020A43DA62836D03F00703052B4C
:104BA0003FF639AF494AD35C202B00F2B980012B84
:104BB0007FF631AF023B1E2B3FF62DAF01A252F81C
:104BC00023F000BF2D4E0124174A0124234E012457
:104BD000174A0124174A0124174A0124114E0124BF
:104BE000174A0124174A0124174A0124174A0124AD
:104BF000174A0124174A0124174A0124FD4D0124B4
:104C0000174A0124174A0124174A0124174A01248C
:104C1000174A0124174A0124174A0124174A01247C
:104C2000174A0124174A0124174A0124174A01246C
:104C3000174A0124174A0124174A0124334E01243C
:104C40001F4B5B6D03F00703052B3FF6E4AE204AD4
:104C5000D35CF1E61A4B1A68920640F1C1801B68DA
:104C60001C48C3F3C103D8403BE003A8F8F7FAFDA2
:104C7000049838B90020CFE66846F8F735FD01986A
:104C80000028F7D0656A2CE0F7F7E4FDF1E7F7F7C5
:104C900099FDEEE7F369FFCF000C0058FFF4FF1118
:104CA000001001400044004000480040004C00401B
:104CB000005000400014014000780040007C00409B
:104CC0000044025844860124708601247886012419
:104CD000708601240090D003402B7FF49CAE4FF4EB
:104CE00000406C4B4FF6EF71626833F81530B0FB43
:104CF000F3F303EB5203B3FBF2F3A3F110028A4286
:104D00003FF689AE22680020D36085E6624B5B6D7A
:104D100003F00703052B3FF67EAE604AD35C8BE6BB
:104D2000402B7FF478AE4FF400405A4B656833F85F
:104D3000112005EB4501B0FBF2F399423FF66BAE53
:104D4000B3EB053F3FF667AE00231946EBF720FBB8
:104D50002A460902030241EA1061680818184FF058
:104D6000000341F10001EBF713FB4D4AA0F5407140
:104D7000034691423FF64FAEC4E7402B7FF44BAE63
:104D8000444B626833F815105308B0FBF1F003EBA5
:104D900040004FF6EF73B0FBF2F0A0F110029A4220
:104DA0003FF639AE20F00F03C0F3420022689BB2F9
:104DB00003430020D3602FE6374B5B6D03F00703FE
:104DC000052B3FF628AE374AD35C35E6324B5B6D98
:104DD00003F03803282B3FF61EAE334AD35C2BE694
:104DE00032487EE72C4B5B6D03F00703052B3FF643
:104DF00012AE2F4AD35C1FE62E4872E7264B1A6884
:104E0000900642D51B682948C3F3C103D8408CE7FC
:104E100003A8F8F727FD049800283FF42BAF616A38
:104E200083E76846F8F760FC0198F5E7F8F74AFC75
:104E3000F2E7204879E7184B1A68910627D51B68D6
:104E40001A48C3F3C103D8409AE703A8F8F70AFD4C
:104E5000049800283FF40EAF656A91E7F7F7FAFC73
:104E6000F7E7F7F7AFFCF4E76846F8F73DFC019881
:104E7000EFE7104884E7084B5B6D03F00703052B51
:104E80003FF6C9AD0C4AD35CD6E508484DE7074864
:104E900076E700BF80860124004402587086012412
:104EA000FFFC0F0070860124448601240090D0038B
:104EB0007086012400093D0070860124836A1A0768
:104EC00010B406D50168846B4A6822F4004222437C
:104ED0004A60DC0706D50168C46A4A6822F40032D9
:104EE00022434A60990706D50168046B4A6822F498
:104EF000803222434A605A0706D50168446B4A68EB
:104F000022F4802222434A60DC0606D50168C46B85
:104F10008A6822F4805222438A60990606D5016885
:104F2000046C8A6822F4005222438A605A060AD529
:104F30000168446C4A68B4F5801F22F4801242EA8A
:104F400004024A600BD01B0606D50268C16C536888
:104F500023F400230B4353605DF8044B70474A6809
:104F6000846C22F4C00222434A60ECE738B5002387
:104F70000446C0F89030F1F715FA22680546136828
:104F80001B070ED41368590732D400232022184679
:104F9000C4F8882084F88430C4F88C20E366236742
:104FA00038BDD3699802EDD40CE019681A46490758
:104FB00005D5D96908074FD4D96909057AD4DB69C1
:104FC0009802DFD4F1F7EEF9431BB3F1007F2368B9
:104FD000EBD353E8002F22F0800243E800210029A0
:104FE000F7D12023032084F88410C4F8883038BD1A
:104FF000D3695B02C9D40DE01A68500707D5DA6996
:10500000110700F18580DA69120500F1AF80DB69D4
:105010005B02BAD4F1F7C6F9431BB3F1007F2368F2
:10502000EAD353E8002F22F4907243E800210029CC
:10503000F7D103F1080252E8002F22F0010203F138
:10504000080040E800210029F3D12023032084F840
:105050008410C4F88C3038BD08221A6253E8002F3F
:1050600022F4907243E800210029F7D1564803F159
:10507000080252E8002F024003F1080545E800212C
:105080000029F4D1E26E012A0BD000222020082151
:10509000C4F88C006267E26684F88420C4F890103B
:1050A00097E753E8002F22F0100243E8002100297F
:1050B000F7D1EAE74FF400621A6253E8002F22F4B6
:1050C000907243E800210029F7D13F4803F108021C
:1050D00052E8002F024003F1080545E800210029AD
:1050E000F4D1E26E012A0AD0002220216267C4F8BE
:1050F0008C1084F88420E266C4F8901069E753E8C5
:10510000002F22F0100243E800210029F7D1EBE73D
:1051100008221A6253E8002F22F4907243E800211B
:105120000029F7D1284803F1080252E8002F024075
:1051300003F1080545E800210029F4D1E26E012AB7
:105140000BD0002220200821C4F88C006267E266A0
:1051500084F88420C4F8901063E753E8002F22F00D
:10516000100243E800210029F7D1EAE74FF400627A
:105170001A6253E8002F22F4907243E800210029BC
:10518000F7D1114803F1080252E8002F024003F161
:10519000080545E800210029F4D1E26E012A0AD071
:1051A000002220216267C4F88C1084F88420E26613
:1051B000C4F8901035E753E8002F22F0100243E8BE
:1051C00000210029F7D1EBE7FEFFFFEF80B3D0F815
:1051D000883010B5044633B322682423A16AC4F88A
:1051E0008830136823F001031360C1B92046FFF72C
:1051F000CBFB012811D0236820465A6822F4904244
:105200005A609A6822F02A029A601A6842F00102F3
:10521000BDE810401A60FFF7A9BE012010BD20466E
:10522000FFF74CFEE2E780F88430FDF79FFCD3E700
:105230000120704738B5044600232220C4F890307E
:10524000C4F88C00D4F88000A165A4F85C2070B18B
:105250002568036513460A4605F124011B4DC56305
:105260001B4D05641B4DC564F2F7C4FD28BB2369C3
:105270004BB1236853E8002F42F4807243E80021C9
:105280000029F7D100E0236803F1080252E8002F5B
:1052900042F0010203F1080040E800210029F3D1A7
:1052A00003F1080252E8002F42F0400203F1080126
:1052B00041E800200028F3D138BD1022202301202E
:1052C000C4F89020C4F88C3038BD00BFE1480124F8
:1052D000C148012455440124D0F88C30202B1AD128
:1052E000B9B1B2FA82F35B099AB130B40468C3660B
:1052F0000A4B9C420AD063681B0207D554E8003F62
:1053000043F0806344E80035002DF7D130BCFFF74F
:1053100091BF012070470220704700BF000C005869
:10532000704700BF704700BF704700BF0B46014683
:10533000184600F00FB808B5062000F0C1FD0120A6
:1053400002F016FF024B0A460146186800F05AB8F0
:10535000A805002010B5054C13462CB10A4601469D
:105360000220AFF3008010BD2046FCE700000000E3
:1053700070B50D4D0D4C641BA4100026A64209D13A
:105380000B4D0C4C03F09AFB641BA4100026A642A4
:1053900005D170BD55F8043B98470136EEE755F846
:1053A000043B98470136F2E7DC8A0124DC8A0124B9
:1053B000DC8A0124148B0124024B0146186800F09A
:1053C0007DB800BFA8050020024B0146186800F018
:1053D00029B800BFA80500200A44914200F1FF331C
:1053E00000D1704710B511F8014B03F8014F9142FD
:1053F000F9D110BD02440346934200D1704703F82F
:10540000011BF9E713B54A431146019200F056F823
:10541000044618B1019A0021FFF7ECFF204602B0C4
:1054200010BD000037B5002944D051F8043C01906C
:10543000002BA1F10404B8BFE41801F0A3FC1E4A3C
:105440000198136833B96360146003B0BDE830405D
:1054500001F09EBCA34208D9256861198B4201BFA7
:1054600019685B6849192160EDE71A465B680BB162
:10547000A342FAD911685518A5420BD124682144DA
:105480005418A3421160E0D11C685B68536021444A
:105490001160DAE702D90C230360D6E725686119A9
:1054A0008B4204BF19685B68636004BF49192160BF
:1054B0005460CAE703B030BD1C6F0020F8B5CD1CA6
:1054C00025F0030508350C2D38BF0C25002D0646A8
:1054D00001DBA94203D90C2333600020F8BD01F0A1
:1054E00051FC21490A6814469CB9204F3B6823B9F6
:1054F0002146304600F0ACFC38602946304600F0CA
:10550000A7FC431C23D10C233360304601F040FC40
:10551000E3E723685B1B17D40B2B03D923601C44E0
:10552000256004E06368A2420CBF0B605360304604
:1055300001F02EFC04F10B00231D20F00700C21A1D
:10554000CCD01B1AA350C9E722466468CCE7C41C20
:1055500024F00304A042E3D0211A304600F078FC86
:105560000130DDD1CFE700BF1C6F0020206F00208D
:10557000F0B52DED028BB0EE408B85B017460D9D3A
:105580000C9E18EE902A25F02005002AB6BF2D2289
:105590000022B1EE408B462D0C461A7004D0452DEA
:1055A00000D10134022100E0032103AB019302ABDF
:1055B000009322463346B0EE480B00F075FD472DB0
:1055C00001D1FB071AD5462D00EB04020CD103785C
:1055D000302B07D1B5EE408BF1EE10FA1CBFC4F1B1
:1055E0000104346033681A44B5EE408BF1EE10FAD2
:1055F00008BF03923021039B934207D3039B0E9A6B
:105600001B1A136005B0BDEC028BF0BD5C1C03944B
:105610001970F0E7F7B503460029B8BF494203F80F
:10562000022BB4BF2D222B22092942702ADD0DF155
:105630000704A4460A27A6460A4691FBF7F607FB8D
:1056400016153035632A04F1FF340EF8015C31463B
:10565000F1DC3031AEF1020504F8011C441C29468E
:1056600061450AD30DF10902A2EB0E02654588BF20
:1056700000221344181A03B0F0BD11F8012B04F8EE
:10568000012FEDE7302330318370C170031DF1E746
:105690002DE9F04F8BB00C46DDF8508016461F46C2
:1056A000054601F067FBD0F800B05846EAF718FE4F
:1056B00000230893D8F8003094F818902268073334
:1056C00023F0070303F10801C8F800108246D3E96C
:1056D0000001C4E912019FED987B94ED120BB0EE2E
:1056E000C06BB4EE476BF1EE10FA24DDB5EEC00BE3
:1056F000F1EE10FA02D52D2384F84330904B9148F7
:10570000B9F1470F94BF984680460323236122F0E6
:1057100004020023226004930097334609AA21461D
:10572000284600F0D3F9013040F08A804FF0FF3076
:105730000BB0BDE8F08FB4EE400BF1EE10FA09D7D4
:1057400010EE903A002BBCBF2D2384F843307E48E6
:105750007E4BD5E7636809F0DF010491591C3CD109
:10576000062363600023039308ABCDE9019342F461
:10577000806207AB6168009322600DF11B0328462D
:10578000FFF7F6FE049B0799472B804608D1C81CFB
:1057900002DB6368994241DDA9F102095FFA89F9E8
:1057A000B9F1650F20D801394A4604F1500007913C
:1057B000FFF730FF089A04901318012A236102DCD6
:1057C0002268D20701D5013323619DF81B30002BDD
:1057D000A2D02D2384F843309EE704994729C1D1F4
:1057E000002BBFD10123BCE7B9F1660F18D1002906
:1057F00063680BDD216113B92268D00702D501333C
:105800000B4423610023A1650493DEE713B92268EA
:10581000D20701D50233F4E70123F2E74FF067091D
:10582000089B994205DB23682161D807EAD54B1C08
:10583000E7E70029D4BFC1F1020201221344E0E7E7
:1058400023685A0507D42369424631462846B8479B
:1058500001302AD16AE7B9F1650F40F2E28094ED98
:10586000127BB5EE407BF1EE10FA33D1384A0123BA
:1058700031462846B84701303FF458AFDDE90723E9
:105880009A4202DB2368D8070FD553465A46314661
:105890002846B84701303FF449AF4FF0000804F103
:1058A0001A09089B013B434509DC23689B0700F16B
:1058B0000881E068099B9842B8BF184638E7012381
:1058C0004A4631462846B84701303FF42FAF08F129
:1058D0000108E6E7079B002B3CDC1D4A012331460B
:1058E0002846B84701303FF421AFDDE907231343D1
:1058F00002D12368D907D8D553465A46314628469F
:10590000B84701303FF412AF4FF0000904F11A0A12
:10591000079B5B424B4501DC089B95E70123524600
:1059200031462846B84701303FF400AF09F101097C
:10593000EEE700BFAFF30080FFFFFFFFFFFFEF7F49
:105940009C860124A0860124A8860124A486012423
:10595000AC860124089AA36D9A42A8BF1A46002A71
:10596000914638DC0023059329EAE97904F11A020B
:10597000A36D05990493A3EB09038B4233DCDDE9A6
:1059800007239A423CDB2368DA0739D4089B049A40
:1059900007999A1AA3EB01099145A8BF9146B9F15D
:1059A000000F35DC4FF0000829EAE97904F11A0A02
:1059B000DDE907239B1AA3EB090343457FF775AF86
:1059C0000123524631462846B84701303FF4AEAE77
:1059D00008F10108ECE71346314642462846B8472D
:1059E0000130BFD1A2E60123314628460492B847D0
:1059F00001303FF49BAE059B049A01330593B7E752
:105A000053465A4631462846B8470130BED18DE646
:105A1000049A4B46424431462846B8470130C1D12A
:105A200084E6089A012A01DCDB0737D501234246C8
:105A300031462846B84701303FF478AE53465A46BF
:105A400031462846B84701303FF470AE94ED127BE2
:105A5000B5EE407BF1EE10FA1BD0089B08F1010275
:105A6000013B31462846B84701300ED15EE601239E
:105A70004A4631462846B84701303FF457AE08F150
:105A80000108089B013B4345F1DC049B04F15002F3
:105A9000DBE64FF0000804F11A09F2E70123424661
:105AA000DFE701234A4631462846B84701303FF434
:105AB0003DAE08F10108E36809995B1A4345F0DC43
:105AC000F7E64FF0000804F11909F4E72DE9F04773
:105AD000164699468A680B69DDF820809342B8BF64
:105AE0001346336091F8432007460C460AB1013350
:105AF00033602368990642BF3368023333602568F8
:105B000015F0060506D104F1190AE36832689B1AFC
:105B1000AB4226DC94F84320131E226818BF0123F1
:105B200092062BD404F1430249463846C04701305F
:105B30001ED02368E568326803F00603042B08BF13
:105B4000AD1AA36822690CBF25EAE57500259342CA
:105B5000C4BF9B1AED1800261A34B5421AD1002092
:105B600008E00123524649463846C047013003D178
:105B70004FF0FF30BDE8F0870135C6E7E1185A1C49
:105B8000302081F84300224494F8451082F84310F5
:105B90000233C7E70123224649463846C047013051
:105BA000E6D00136D9E700002DE9FF470F7E0C9DB6
:105BB000782F914680460C469A4601F1430207D859
:105BC000622F0AD8002F00F0D880582F00F0A38051
:105BD00004F1420584F842703AE0A7F16303152B03
:105BE000F6D801A151F823F0415C0124555C012451
:105BF000D15B0124D15B0124D15B0124D15B012461
:105C0000555C0124D15B0124D15B0124D15B0124CB
:105C1000D15B0124615D0124855C0124435D012485
:105C2000D15B0124D15B0124835D0124D15B01247C
:105C3000855C0124D15B0124D15B01244B5D0124EF
:105C40002B681A1D1B682A6004F1420584F8423053
:105C50000123A3E020682968060601F104030AD5A0
:105C60000E682B60002E03DA2D23764284F8433031
:105C70005E480A2319E00E682B6010F0400F18BF31
:105C800036B2EFE72B682068191D2960010601D59F
:105C90001E6802E04606FBD51E8854486F2F0CBFD5
:105CA00008230A23002184F843106568A560002DAD
:105CB000A2BF216821F0040121600EB9002D4DD052
:105CC0001546B6FBF3F103FB1167C75D05F8017DCF
:105CD0003746BB420E46F4D9082B0BD12368DE07AA
:105CE00008D5236961689942DEBF302305F8013C7D
:105CF00005F1FF35521B2261CDF800A04B4603AAE7
:105D000021464046FFF7E2FE01304CD14FF0FF3014
:105D100004B0BDE8F087354881F8457029682368EC
:105D200051F8046B29601D0614D5DF0744BF43F00A
:105D3000200323601EB9236823F02003236010236F
:105D4000B0E7236843F0200323607823284884F8D1
:105D50004530E3E7590648BFB6B2E6E71546BBE76C
:105D60002B6826686169181D286035061B6801D5F7
:105D7000196002E07006FBD51980002323611546E7
:105D8000BAE72B681A1D2A601D6862680021284640
:105D9000EAF7AEFA08B1401B606063682361002334
:105DA00084F84330A8E723692A4649464046D0474D
:105DB0000130ABD023689B0713D4E068039B984263
:105DC000B8BF1846A4E70123324649464046D047AB
:105DD00001309BD00135E36803995B1AAB42F2DCDA
:105DE000EBE7002504F11906F5E700BFAE860124B4
:105DF000BF8601240FB40A4B13B51C6824B1A369F4
:105E000013B9204600F018FF05AB049AA16801936E
:105E1000204601F0CDFC02B0BDE8104004B0704750
:105E2000A8050020094B13B51C68014634B1A369CD
:105E300023B90190204600F0FFFE0199A268204698
:105E400002B0BDE8104001F0E3BD00BFA80500208E
:105E500038B5064D0023044608462B6002F072F95F
:105E6000431C02D12B6803B1236038BD286F00208A
:105E70001F2938B504460D4604D9162303604FF098
:105E8000FF3038BD426C12B152F821304BB9204678
:105E900000F030F82A4601462046BDE8384000F0C0
:105EA00017B8012B0AD0591C03D116230360012017
:105EB000E7E7002442F82540284698470020E0E71D
:105EC000024B01461868FFF7D3BF00BFA8050020AA
:105ED00038B5074D00230446084611462B6002F0F2
:105EE00019F9431C02D12B6803B1236038BD00BFF0
:105EF000286F002002F0FEB830B51446002C9BB08D
:105F000005461A4605DA8B2303604FF0FF301BB0BD
:105F100030BD4FF40273ADF80C3014BF04F1FF3301
:105F20002346029305934FF6FF7300910491ADF859
:105F30000E3069461E9B01F011FB431CBCBF8B2336
:105F40002B60002CE3D0009B00221A70DFE70000DA
:105F500007B5009313460A46014603480068FFF759
:105F6000CBFF03B05DF804FBA805002038B5074D52
:105F700004460846114600222A601A4602F0F0F84C
:105F8000431C02D12B6803B1236038BD286F002069
:105F90002DE9F74F03690C69A3420746C0F28180DF
:105FA000013C01F1140800F1140505EB8403019391
:105FB00058F8243055F8242001339A424FEA840BD4
:105FC00008EB8409B2FBF3F631D34FF0000E4046E4
:105FD000AC46F24650F8042B93B206FB03E34FEABB
:105FE000134E9BB2AAEB0303120CDCF800A006FBD5
:105FF00002E213FA8AF34FEA124E1FFA82FADCF831
:106000000020CAEB124202EB23429BB243EA024356
:1060100081454CF8043B4FEA224ADBD255F80B305D
:106020002BB9019B043B9D421A462ED33C61384656
:1060300001F036F9002824DB013628464FF0000C29
:1060400058F8042BD0F800E093B2ACEB0303120C29
:1060500013FA8EF3C2EB1E4202EB23429BB243EAD9
:106060000243C14540F8043B4FEA224CE8D255F8C0
:10607000242005EB840322B9043B9D421A460AD32F
:106080003C61304603B0BDE8F08F1268043B002A43
:10609000CCD1013CC7E71268043B002AF0D1013C97
:1060A000EBE70020EEE700002DE9F04F2DED028B2D
:1060B000456A91B08DED020B59EC108B1C9C06913A
:1060C000064608920C9375B91020FFF775F9024641
:1060D000706220B9AA4BEA21AA4801F0E5FDC0E9A7
:1060E00001550560C560736A196851B15A684A6004
:1060F000012393408B60304600F090FE736A0022CB
:106100001A60B9F10003BBBF23F0004303930023DF
:106110000122ACBF236022609B4B039CA3431CD194
:106120000C9A42F20F731360C4F3130353EA08038B
:1061300000F0FE841D9B63B9944B1FE0944B0193C8
:1061400008331D9A1360019811B0BDEC028BBDE8B5
:10615000F08F8E4B01930333F3E79DED028BB5EE89
:10616000408BF1EE10FA0BD10C9A012313601D9BAA
:10617000002B00F0DA8487481860431E0193E2E7A1
:106180000FA90EAA3046B0EE480B01F02FF9C4F368
:106190000A5105460E98002946D018EE904AC4F3DD
:1061A000130453EC182B44F07F5343F44013A1F233
:1061B000FF31002443EC162BB7EE087B9FED6A5BA2
:1061C00036EE477B9FED6A6BA7EE056B9FED6A5B32
:1061D00007EE901AB8EEE74BB0EE467BA4EE057BD7
:1061E000FDEEC76BB5EEC07BF1EE10FA16EE90BA7D
:1061F0000A9408D5B8EEE66BB4EE476BF1EE10FAF0
:1062000018BF0BF1FF3BBBF1160F2FD8624B03EB0E
:10621000CB0393ED007BB4EEC78BF1EE10FA01D502
:106220000BF1FF3B002322E00F99014401F23243BE
:10623000202BC1BFC3F1400304FA03F301F212445F
:1062400028FA04F8D6BFC3F1200343EA080808FA85
:1062500003F807EE908AB8EE677B013917EE904A93
:1062600053EC172BA4F1F8730124A3E701230B933C
:10627000431A5A1E45BFC3F10103049300230023B0
:10628000059254BF04930593BBF1000F18DB059BE7
:10629000CDF824B05B4405930023069A092A49D817
:1062A000052AC4BF043A0692069AA2F10202CCBFA4
:1062B00000240124032A48D8DFE802F00B2E2C3AF0
:1062C000049B0022A3EB0B0304930992CBF1000380
:1062D000E3E700220792089A002A39DC4FF0010A0E
:1062E000D1465246CDF820A0776A0021796004207B
:1062F00000F1140C944579682FD930460D9300F0C5
:106300004DFD0D9B01900246002849D1234B4FF4CF
:10631000D571E1E60122DDE700220792089A0BEB36
:10632000020A0AF101094A46012AB8BF0122DBE745
:106330000122F2E701240022CDE906244FF0FF3AC2
:106340000021D14612220891CEE701220792F5E7FB
:10635000DDF820A0D1465246C6E701317960400001
:10636000C6E700BFAFF3008061436F63A787D23FEA
:10637000B3C8608B288AC63FFB799F501344D33F34
:10638000DD860124F48601240000F07FD9860124F3
:10639000D0860124AD8601249088012471870124D0
:1063A000726A01991160B9F10E0F6CD8002C6AD095
:1063B000BBF1000F40F3A080C1490BF00F0201EBCD
:1063C000C2021BF4807F92ED007B4FEA2B1100F09C
:1063D0008780BC4A92ED086B88EE066B8DED026BF0
:1063E00001F00F010322B74800297BD19DED026B1C
:1063F00086EE077B8DED027B0B99002900F0A280D1
:10640000B7EE006B9DED027BB4EEC67BF1EE10FAA9
:1064100040F19880B9F1000F00F09480BAF1000FBC
:106420002FDDB2EE046B27EE067B8DED027B0BF1C8
:10643000FF37013250469DED026BB1EE0C5B07EE6B
:10644000902AB8EEE77BA7EE065B15EE904A52EC79
:10645000151BA4F15072002877D1B1EE047B36EE03
:10646000476B42EC171BB4EEC76BF1EE10FA00F36A
:106470006482B1EE477BB4EEC76BF1EE10FA00F127
:1064800059828DED028B0F9A002AC0F21D81BBF15B
:106490000E0F00F319818A4B03EBCB0393ED006BD6
:1064A000089B002B80F2B780B9F1000F00F3B38096
:1064B00040F04082B1EE047B26EE076B9DED027B3F
:1064C000B4EEC76BF1EE10FA4C464F4680F21682DE
:1064D000DDF80480312308F8013B0BF1010B12E2D7
:1064E000022280E7CC0704D590ED006B013227EE45
:1064F000067B4910083077E722D0CBF10001704AC3
:1065000001F00F0002EBC00292ED007B28EE077B4A
:106510008DED027B6B4809110024022229B9002C61
:106520003FF46AAF8DED027B66E7CF0705D590EDAE
:10653000006B0132012427EE067B49100830EDE79D
:10654000022259E75F46484675E742EC171B5C4A52
:1065500002EBC00212ED024B019A1418079A52B3D3
:10656000B6EE003BB7EE002BDDF8048083EE045B53
:10657000B2EE043B35EE477BFDEEC64B14EE902A9F
:10658000B8EEE45B303236EE456BB4EEC76BF1EE3D
:1065900010FA08F8012B39D432EE465BB4EEC75B33
:1065A000F1EE10FA72D4A0453FF46BAF27EE037BF7
:1065B00026EE036BE0E7DDF8048027EE047B21463E
:1065C000B2EE043BFDEEC64B14EE902A303208F8D2
:1065D000012BA045B8EEE45B36EE456B18D1B6EE64
:1065E000005B37EE054BB4EEC46BF1EE10FA4DDCF8
:1065F00035EE477BB4EEC76BF1EE10FA7FF541AF95
:106600008846013918F8013C302BF9D0BB462AE006
:1066100026EE036BD6E79DED027BB2EE044BDDF870
:10662000048087EE065BBDEEC55B15EE103A303395
:1066300008F8013B019BA8EB03039945B8EEC53B65
:10664000A3EE467B33D137EE077BB4EEC67BF1EE8B
:1066500010FA1ADCB4EE467BF1EE10FA03D115EE17
:10666000103AD90711D42946304600F0D7FB002351
:106670000C9A88F800300BF1010313601D9B002B6E
:106680003FF461ADC3F800805DE55F464346984640
:1066900013F8012D392A06D1019A9A42F7D10199AE
:1066A000302201370A701A7801321A70AEE727EEED
:1066B000047BB5EE407BF1EE10FAB2D1D3E700BF18
:1066C00090880124688801240799002900F0D1806E
:1066D0000699012900F3B4800A99002900F0AC80E2
:1066E00002F23342DDF810801C460A93049B1344E7
:1066F0000493059B012113443046059300F046FCAA
:106700000A9B0746B8F1000F0DDD059A002A0ADD45
:1067100042450499A8BF4246891A04910599A8EBFD
:1067200002088A1A059203B3079A002A00F0A6808D
:10673000002C13DD3946224630460D9300F0E6FC6E
:106740002A4601460746304600F036FC29460A90A4
:10675000304600F063FB0A9A0D9B15461A1B04D0C5
:106760002946304600F0D2FC05460121304600F0B3
:106770000DFC099B002B044640F382801A4601461B
:10678000304600F0C3FC069B012B04467BDD002352
:106790000A93226904EB8202106900F0A7FBC0F1A2
:1067A0002000059B184410F01F0000F08D80C0F100
:1067B0002002042A40F38680C0F11C00049B03449D
:1067C0000493059B034480440593049B002B05DD43
:1067D00029461A46304600F0F3FC0546059B002B7F
:1067E00005DD21461A46304600F0EAFC04460B9BC4
:1067F000002B6BD02146284600F052FD002865DAB8
:10680000002329460A22304600F02AFB079B0BF1A1
:10681000FF3B0546002B00F09281394600230A22F7
:10682000304600F01DFBBAF1000F074600F38E80E2
:10683000069B022B51DC89E00E9AC2F1360251E729
:1068400009F1FF34A342BFBF099AE31AD2181346D5
:10685000B7BF09931C1B23460024B9F1000FB5BF35
:10686000049ADDF81080A2EB09084A46B8BF00225E
:106870003BE7DDF81080079F1C4643E71A466FE7A9
:10688000069B012B18DC029BB3B9039BC3F31302D5
:10689000A2B923F00042120D12058AB1049B013304
:1068A0000493059B0133059301230A93099B002B55
:1068B0007FF46FAF012074E70023F6E7029BF4E753
:1068C0000A92F3E781D010461C3077E7B9F1000F48
:1068D00037DC069B022B34DDCA46BAF1000F0DD11E
:1068E000214653460522304600F0BAFA01460446D6
:1068F000284600F0D5FC00283FF7EAAD089BDDF8FC
:1069000004806FEA030B4FF000092146304600F087
:1069100085FA002F3FF4A7AEB9F1000F05D0B945B5
:1069200003D04946304600F079FA3946304600F047
:1069300075FA98E600242746E0E7BB46044607467A
:10694000C6E5079BCA46002B00F00081B8F1000F96
:1069500005DD39464246304600F032FC07460A9BC8
:10696000002B5DD07968304600F018FA804628B9CF
:10697000824B024640F2EA21FFF7AEBB3A6902328F
:10698000920007F10C010C30FEF726FD0122414672
:10699000304600F015FC019B01330493019B5344E6
:1069A0000893029B03F00103B94607930746049B33
:1069B0002146013B28460293FFF7EAFA03463033AB
:1069C000059049462846099300F06AFC3A468246FB
:1069D0002146304600F080FCC268099B80460ABB15
:1069E0000146284600F05CFC099B024641463046C1
:1069F000CDE9093200F012FA069B0A9ADDF8108000
:106A000043EA0201079B0B43099B0DD1392B29D087
:106A1000BAF1000F01DD059B3133029A137074E760
:106A20003846B8E70122E1E7BAF1000F06DB069924
:106A300041EA0A0A07995AEA010120D1002AECDD4D
:106A4000294601223046049300F0BAFB2146054650
:106A500000F026FC0028049B02DCDED1DA07DCD53E
:106A6000392BD8D1029A3923137043469846013BFB
:106A700018F8012C392A51D001321A7045E7002A42
:106A800003DD392BEED00133C7E7049A089902F8E9
:106A9000013C8A422BD0294600230A22304600F0CE
:106AA000DFF9B94505464FF000034FF00A024946A9
:106AB000304607D100F0D4F981460746049B0133E4
:106AC000049374E700F0CCF93946814600230A228A
:106AD000304600F0C5F90746F0E7BAF1000F019A19
:106AE000CCBFD0464FF0010890444FF00009294632
:106AF00001223046029300F063FB2146054600F078
:106B0000CFFB0028B1DC02D1029BDB07ADD44346AA
:106B1000984613F8012D302AFAD0F6E6019A9A42E7
:106B2000A4D10BF1010B312378E7154BFFF726BBFE
:106B30001D9B002B7FF402AB124BFFF71FBBBAF17A
:106B4000000F03DC069B022B3FF7C7AEDDF8048085
:106B500021462846FFF71CFA00F1300308F8013BF4
:106B6000019AA8EB02029245B7DD294600230A22CA
:106B7000304600F075F90546EAE700BF7187012449
:106B8000AC860124D0860124002310B50446C0E958
:106B90000033C0E90433836081814366C28183612D
:106BA000194608225C30FEF725FC054B6362054B55
:106BB000A362054BE362054B2462236310BD00BF53
:106BC000A17A0124C37A0124FB7A01241F7B0124CA
:106BD000014900F0AFB800BF117E012470B56822F2
:106BE0004D1E55430E4605F17401FEF767FC044641
:106BF00040B10021C0E900160C30A06005F1680228
:106C0000FEF7F8FB204670BD014800F0B8B800BFA1
:106C1000256F0020014800F0B3B800BF256F0020A9
:106C2000014800F0ACB800BF266F0020014800F01A
:106C3000A7B800BF266F002010B50446FFF7F0FF8D
:106C4000A3691BB1BDE81040FFF7F0BFC4E91233E0
:106C50002365134B134A1B68A262A34204BF01239E
:106C6000A361204600F020F86060204600F01CF888
:106C7000A060204600F018F80022E060042160685F
:106C8000FFF782FFA06801220921FFF77DFFE0687E
:106C900002221221FFF778FF0123A361D2E700BF90
:106CA00098860124D16B0124F8B50746FFF7ACFFA5
:106CB0001E4B1E68B36913B93046FFF7BDFF483657
:106CC000D6E90134013B03D533680BB33668F7E7E7
:106CD000B4F90C50D5B9164BE36004F15800656661
:106CE00000F04CF8FFF796FFC4E90155C4E90455DC
:106CF0002560A5610822294604F15C00FEF77AFBB5
:106D0000C4E90D55C4E912552046F8BD6834D9E7E9
:106D100004213846FFF762FF044630600028D5D1D1
:106D2000FFF778FF0C233B60EEE700BF9886012455
:106D30000100FFFF2DE9F8430646884600F14804AC
:106D40000027D4E90195B9F1010905D52468002C83
:106D5000F7D13846BDE8F883AB89012B07D9B5F9DF
:106D60000E30013303D029463046C047074368350B
:106D7000E9E7000000487047FC06002070477047B4
:106D8000704700000148FFF7FABF00BF246F0020E2
:106D90000148FFF7F5BF00BF246F002070B5466AB9
:106DA00004460D4676B91020FEF706FB02466062E7
:106DB00020B9184B1848662100F076FFC0E901663B
:106DC0000660C660666AF36883B1636ADB6853F87D
:106DD0002500B8B9012101FA05F6721D920020467E
:106DE000FEF710FB60B1C0E901560EE0212204213C
:106DF0002046FEF707FB636AF060DB68002BE4D1F6
:106E0000002070BD026843F825200023C0E9033349
:106E1000F7E700BFDD860124E487012470B5466AE8
:106E200005460C4676B91020FEF7C6FA024668629F
:106E300020B9094B09488A2100F036FFC0E90166F4
:106E40000660C6603CB16B6A6268DB6853F822106A
:106E5000216043F8224070BDDD860124E4870124CF
:106E60002DE9F0410D6907460C461E4601F1140C50
:106E70000020DCF8003099B202FB01611E0C0B0C03
:106E800002FB063389B2013001EB034185424CF825
:106E9000041B4FEA1346ECDC0EB3A368AB4219DCCB
:106EA000616838460131FFF779FF804628B902460C
:106EB0000C4B0D48B52100F0F7FE2269023204F1B7
:106EC0000C0192000C30FEF787FA21463846FFF796
:106ED000A5FF444604EB850301355E61256120462C
:106EE000BDE8F08171870124E4870124030C1B04B1
:106EF000D3B90004102310F07F4F04BF0002083301
:106F000010F0704F04BF0001043310F0404F04BF75
:106F100080000233002805DB10F0804F03F10103ED
:106F200008BF2023184670470023E4E7036813F0E6
:106F3000070201460BD0DA0723D4980749BF5B0844
:106F40009B0801200B605CBF0B600220704798B269
:106F5000A8B91B0C1020DAB20AB908301B0A1A07AC
:106F600004BF1B0904309A0704BF9B080230DA07EC
:106F700003D45B0800F1010005D00B607047104698
:106F8000E9E70020704720207047000010B50C464C
:106F90000121FFF703FF024628B9054B05484FF4CE
:106FA000A07100F081FE01234461036110BD00BFA8
:106FB00071870124E48701242DE9F04F91460A6985
:106FC000D9F810309A42B8BF0B460C46BCBF4C46AD
:106FD00099462769D9F810A0A368616807EB0A06EB
:106FE000B34285B0B8BF0131FFF7D8FE30B90246D1
:106FF000444B454840F25D1100F056FE00F1140587
:1070000005EB86082B460022434521D304F11403E7
:1070100003EB870709F1140303EB8A0202923A1B80
:10702000153A22F00302043204F115018F4238BFF1
:1070300004220192029A03939A420CD8002E03DD97
:1070400058F8043D002B5AD0066105B0BDE8F08F1A
:1070500043F8042BD8E7B3F800A0BAF1000F24D00E
:1070600004F1140EA9464FF0000C5EF8042BD9F879
:1070700000101FFA82FB89B20AFB0B114FEA124B78
:10708000D9F8002061444FEA124C0AFB0BC202EB14
:10709000114289B241EA0241774549F8041B4FEA9F
:1070A000124CE2D8019A45F802C0039AB2F8029055
:1070B0000433B9F1000F20D0296804F1140CAE4656
:1070C0004FF0000ABCF800B0BEF8022009FB0B220A
:1070D000924489B241EA0A414EF8041B5CF8042B41
:1070E000BEF80010120C09FB021101EB1A416745B2
:1070F0004FEA114AE6D8019AA95004359AE7013EB1
:107100009CE700BF71870124E48701242DE9F8433F
:10711000154612F0030206460F4607D0254C013AE9
:10712000002354F82220FFF79BFE0746AD103DD008
:10713000746A7CB91020FEF73FF90246706228B9E4
:107140001D4B1E484FF4D77100F0AEFDC0E901445D
:107150000460C460D6F82480D8F808404CB940F2E6
:1071600071213046FFF712FF0023C8F808000446DB
:1071700003604FF00009EB070AD539462246304636
:10718000FFF71AFF394680463046FFF747FE47466D
:107190006D100BD0206838B9224621463046FFF7E3
:1071A0000BFF2060C0F800900446E4E73846BDE8D5
:1071B000F88300BF58890124DD860124E487012477
:1071C0002DE9F0470C464968236903EB6218A36870
:1071D000074691464FEA621A08F10106B3420BDBFB
:1071E0003846FFF7DBFD054648B902462A4B2B48D7
:1071F00040F2D91100F058FD01315B00EEE70023A9
:1072000000F1140100F110021846534537DB2069E4
:107210002AEAEA7A04F1140319F01F0901EB8A0142
:1072200003EB80002FD0C9F1200E8A464FF0000CEE
:107230001A6802FA09F242EA0C024AF8042B53F8DF
:10724000042B984222FA0EFCF2D8031B153B23F0C4
:107250000303043304F11502904238BF042341F8BC
:1072600003C0BCF1000F01D008F10206013E384610
:107270002E612146FFF7D2FD2846BDE8F08742F88F
:10728000040F0133C1E7043953F8042B41F8042FEC
:107290009842F9D8EAE700BF71870124E487012406
:1072A00030B502690C69121B0ED100F114031431C0
:1072B00003EB840001EB840150F8045D51F8044DA8
:1072C000A54203D005D30122104630BD8342F3D33B
:1072D000FAE74FF0FF32F7E72DE9F84F0C46064684
:1072E000114620469046FFF7DBFF051E10D12946C8
:1072F0003046FFF753FD30B93A4B024640F2322197
:10730000394800F0D1FC0123C0E90435BDE8F88F0D
:10731000A4BF4346A0463046D8F80410A6BF1C467A
:1073200000250125FFF73AFD20B92E4B02464FF408
:107330001071E5E7D8F810702669C56004F11409EA
:1073400008F1140500F1140E05EB870C09EB860615
:1073500008F11002F246002159F8043B52F804BF2C
:107360001FFA83F811FA8BF11B0CA1EB0808C3EB91
:107370001B4303EB28431FFA88F819144E4548EACB
:1073800003434AF8043BE7D8331B153B23F00303C0
:1073900004331534A64238BF04231D4473449E466B
:1073A0002E4666450ED30CF10302521B22F0030257
:1073B000033DAC4538BF00221A4452F8043D7BB16E
:1073C0000761A3E756F8048B11FA88F2141404EB52
:1073D000184492B242EA04424EF8042B2114E0E72A
:1073E000013FEAE771870124E48701242DE9F7438F
:1073F0008946012157EC106B9046FFF7CFFC0446FD
:1074000030B90246254B264840F20A3100F04CFCC8
:10741000C7F30A55C7F3130335BB002E019328D0D9
:1074200068460096FFF782FD009900B3019AC0F10B
:10743000200302FA03F30B43C24063610192019BF4
:10744000A361002B14BF022201222261D5B1A5F253
:1074500033450544C9F80050C0F13500C8F80000B4
:10746000204603B0BDE8F08343F48013D5E76161A3
:10747000E5E701A8FFF75AFD019B63610122226144
:107480002030E3E704EB8203A0F23240C9F80000A9
:107490001869FFF72BFDC0EB4210DFE7718701246D
:1074A000E48701242DE9F0478E689E4282460C460F
:1074B00090461F4638D88A8912F4906F32D02568DA
:1074C0000969A5EB0109656905EB450505EBD5756E
:1074D00001334B446D109D4238BF1D46530531D5D5
:1074E0002946FDF7EBFF064650B90C23CAF80030D9
:1074F000A38943F04003A3814FF0FF30BDE8F0873C
:1075000021694A46FDF768FFA38923F4906343F09D
:107510008003A381266165614E44A5EB09052660C1
:10752000A5603E46BE4200D93E46206832464146EE
:1075300000F046FDA3689B1BA360236833442360CF
:107540000020DBE72A4600F055FD06460028E1D181
:1075500021695046FDF766FFC7E700002DE9F04FAF
:1075600098468B891B069DB007460D4614460ED5DE
:107570000B6963B94021FDF7A1FF2860286120B99C
:107580000C233B604FF0FF30D1E040236B610023C0
:10759000099320238DF82930CDF80C803023DFF8B3
:1075A000A8818DF82A304FF0010923469A4613F836
:1075B000012B0AB1252AF9D1BAEB040B0BD05B469B
:1075C000224629463846FFF76DFF013000F0AA80B9
:1075D000099A5A4409929AF80030002B00F0A280D0
:1075E00000234FF0FF32CDE905230AF1010A04938D
:1075F00007938DF853301A935446052214F8011B53
:107600005148E8F775FE049AD8B9D00644BF202344
:107610008DF85330110744BF2B238DF853309AF85F
:1076200000302A2B15D0079A544600204FF00A0C40
:10763000214611F8013B303B092B4ED9B0B10792DE
:1076400014E0A0EB080309FA03F313430493A246E2
:10765000D2E7039B191D1B680391002BBBBF5B4244
:1076600042F0020207930793B8BF049223782E2BAF
:107670000CD163782A2B35D1039B1A1D1B6803920A
:10768000002BB8BF4FF0FF3302340593DFF8C8A0DA
:10769000217803225046E8F72BFE40B14023A0EBAF
:1076A0000A0003FA00F0049B03430134049314F826
:1076B000011B26488DF828100622E8F719FE00283D
:1076C00038D0234B1BBB039B073323F0070308333E
:1076D0000393099B3344099367E70CFB02320C4682
:1076E0000120A5E700230134059319464FF00A0C49
:1076F000204610F8012B303A092A03D9002BC5D0B7
:107700000591C3E70CFB012104460123F0E703AB1D
:1077100000932A460F4B04A93846FDF7B9FF421CD7
:107720000646D6D1AB895B063FF52CAF09981DB054
:10773000BDE8F08F03AB00932A46064B04A93846F8
:10774000FEF732FAEBE700BF648901246E89012459
:1077500091560124A57401246A8901249368013B90
:10776000002B10B4936008DA9469A34201DB0A2964
:1077700003D15DF8044B00F0D7B91368581C1060B2
:10778000197008465DF8044B7047F8B506460F4679
:107790001446D518AC4201D1002007E014F8011BB3
:1077A0003A463046FFF7DAFF431CF3D1F8BD00003C
:1077B0002DE9F04F0D469DB014469846064618B187
:1077C00083690BB9FFF738FA894B9D421BD1756865
:1077D0006B6ED90705D4AB899A0502D4A86DFFF763
:1077E000CEFAAB891B0701D52B69EBB92946304688
:1077F00000F0ECF9C0B16B6EDC070ED54FF0FF3036
:107800001DB0BDE8F08F7B4B9D4201D1B568DFE72D
:10781000794B9D4208BFF568DAE7AB899805EDD44E
:10782000A86DFFF7ADFAE9E70023099320238DF84F
:107830002930CDF80C803023DFF8C0818DF82A3054
:107840004FF0010923469A4613F8012B0AB1252A65
:10785000F9D1BAEB040B0BD05B46224629463046E1
:10786000FFF793FF013000F0AA80099A5A44099269
:107870009AF80030002B00F0A28000234FF0FF3276
:10788000CDE905230AF1010A049307938DF85330DB
:107890001A935446052214F8011B5848E8F728FDAE
:1078A000049AD8B9D10644BF20238DF8533013076A
:1078B00044BF2B238DF853309AF800302A2B15D073
:1078C000079A544600204FF00A0C214611F8013B5C
:1078D000303B092B4ED9B0B1079214E0A0EB08035E
:1078E00009FA03F313430493A246D2E7039B191D3D
:1078F0001B680391002BBBBF5B4242F0020207935F
:107900000793B8BF049223782E2B0CD163782A2BCF
:1079100035D1039B1A1D1B680392002BB8BF4FF093
:10792000FF3302340593DFF8E4A0217803225046A8
:10793000E8F7DEFC40B14023A0EB0A0003FA00F0B8
:10794000049B03430134049314F8011B2C488DF865
:1079500028100622E8F7CCFC00283FD0294B1BBB9F
:10796000039B073323F0070308330393099B3B442E
:10797000099367E70CFB02320C460120A5E70023C0
:107980000134059319464FF00A0C204610F8012BDC
:10799000303A092A03D9002BC5D00591C3E70CFB67
:1079A000012104460123F0E703AB00932A46164B5E
:1079B00004A93046FDF76CFE0746781CD6D16B6EE5
:1079C000D90705D4AB899A0502D4A86DFFF7D8F979
:1079D000AB895B063FF512AF099811E703AB009343
:1079E0002A46094B04A93046FEF7DEF8E4E700BF5B
:1079F000A4870124C4870124848701246489012485
:107A00006E890124915601248B7701246A8901240F
:107A100070B50D461446064618B183690BB9FFF7D9
:107A20000BF91C4B9C4224D17468636ED80705D4B3
:107A3000A389990502D4A06DFFF7A1F9A368013BC2
:107A4000002BA36005DAA26993421CDBEBB20A2B80
:107A500019D023685A1C22601D70EDB2636EDA07DC
:107A600005D4A3899B0502D4A06DFFF789F92846A8
:107A700070BD094B9C4201D1B468D6E7074B9C42CC
:107A800008BFF468D1E729462246304600F04CF89A
:107A90000546E3E7A4870124C487012484870124E1
:107AA00010B50C46B1F90E1000F0CAFA0028ABBFB1
:107AB000636DA3891B1823F48053ACBF6365A38156
:107AC00010BD2DE9F0411F468B89DB0505460C46AC
:107AD000164605D5B1F90E100223002200F0E6F992
:107AE000A389B4F90E1023F48053A38132463B4698
:107AF0002846BDE8F041FEF739BA10B50C46B1F999
:107B00000E1000F0D3F9431CA38915BF606523F460
:107B1000805343F48053A38118BFA38110BDB1F9F2
:107B20000E1000F0DFB80000F8B50E46144605460A
:107B300018B183690BB9FFF77FF8214B9C422BD119
:107B40006C68A369A360A3891A072FD523696BB357
:107B500023692068C01A6369F6B28342374604DCA1
:107B60002146284600F054F930BBA368013BA360CE
:107B700023685A1C22601E7063690130834204D05E
:107B8000A389DB0706D50A2E04D12146284600F03A
:107B90003FF988B93846F8BD0A4B9C4201D1AC6820
:107BA000CFE7094B9C4208BFEC68CAE7214628464C
:107BB00000F00CF80028CBD04FF0FF37EAE700BF09
:107BC000A4870124C487012484870124324B70B523
:107BD0001D6806460C4625B1AB6913B92846FFF768
:107BE0002BF82E4B9C420FD16C68A389B4F90C2062
:107BF00019072CD4DD0611D40923336042F0400369
:107C0000A3814FF0FF303EE0254B9C4201D1AC6890
:107C1000EBE7244B9C4208BFEC68E6E7580712D517
:107C2000616B41B104F14403994202D03046FDF743
:107C3000F9FB00236363A38923F02403A3810023BA
:107C4000636023692360A38943F00803A381236948
:107C50004BB9A38903F42073B3F5007F03D0214609
:107C6000304600F05BF9A089B4F90C2010F0010354
:107C70000AD00023A36063695B42A361236943B90F
:107C800010F08000BAD170BD810758BF6369A3604E
:107C9000F4E70020F7E700BFA8050020A48701242F
:107CA000C4870124848701241FB514461A46094B52
:107CB0001B680546D8684CB1074B0091CDE90134EB
:107CC00006492B4600F0E0F8FDF735FB044B1C4657
:107CD000F3E700BFA80500207589012482890124EB
:107CE000B089012438B5064D0023044608462B60B0
:107CF00000F0F0F9431C02D12B6803B1236038BDBA
:107D0000286F00208A892DE9F041054610070C46AE
:107D100058D44B68002B05DC0B6C002B02DC0020D8
:107D2000BDE8F081E66A002EF9D0002312F48052FB
:107D30002F682B6032D0606DA3895A0705D5636820
:107D4000C01A636B0BB1236CC01A00230246E66AAB
:107D5000216A2846B047431CA38906D129681D29FA
:107D60002CD82A4ACA40D60728D500226260D904F6
:107D70002269226004D5421C01D12B6803B96065D9
:107D8000616B2F600029CAD004F14403994202D0EC
:107D90002846FDF747FB00206063C1E7216A012305
:107DA0002846B047411CC7D12B68002BC4D01D2BDF
:107DB00001D0162B01D12F60B1E7A38943F0400316
:107DC000A381ADE70F69002FA9D093070E6808BF04
:107DD0004B690F6018BF0023A6EB07088B60B8F152
:107DE000000F9CDD216AA66A43463A462846B04702
:107DF000002806DCA38943F04003A3814FF0FF3045
:107E00008EE70744A8EB0008E9E700BF0100402027
:107E100038B50B6905460C4613B90025284638BD10
:107E200018B183690BB9FEF707FF144B9C421BD1B5
:107E30006C68B4F90C30002BEFD0626ED00704D41C
:107E4000990502D4A06DFEF79AFF28462146FFF758
:107E500059FF636EDA070546E0D4A3899B05DDD49C
:107E6000A06DFEF78DFFD9E7054B9C4201D1AC68B0
:107E7000DFE7044B9C4208BFEC68DAE7A4870124E3
:107E8000C4870124848701240EB403B5014603ABE3
:107E9000054853F8042B00680193FFF789FC02B0F2
:107EA0005DF804EB03B07047A805002038B5074D16
:107EB00004460846114600222A601A4600F032F9AC
:107EC000431C02D12B6803B1236038BD286F00200A
:107ED00070B50E46B1F90E10002996B014461D4635
:107EE00008DAB6F90C3000222A601A0610D44FF4D2
:107EF00080630EE06A4600F0C3F80028F1DB019AC7
:107F000002F47042A2F500535A425A412A60EEE749
:107F100040230020236016B070BD00008B8973B52C
:107F20009D0706460C4607D504F1470323602361ED
:107F30000123636102B070BD01AB6A46FFF7C8FF61
:107F4000009905463046FDF7B9FA48B9B4F90C3046
:107F50009A05EFD423F0030343F00203A381E3E780
:107F60000D4BB362A389206043F08003A381009B83
:107F70006361019B20615BB1B4F90E10304600F0E3
:107F800091F828B1A38923F0030343F00103A381EF
:107F9000A0890543A581CDE7D16B012482B001B949
:107FA00001A942B14BB113780B601278101E18BFB3
:107FB000012002B070471046FBE76FF00100F8E7C0
:107FC000884210B501EB020402D98442234607D847
:107FD000431EA14208D011F8012B03F8012FF8E746
:107FE000024401468A4200D110BD13F8014D02F847
:107FF000014DF7E7F8B5074614460E4621B9BDE82E
:10800000F8401146FDF75ABA22B9FDF70BFA25469A
:108010002846F8BD00F056F8A0420FD22146384657
:10802000FDF74CFA05460028F2D031462246FDF70E
:10803000D3F931463846FDF7F5F9E9E73546E7E784
:1080400038B5074D04460846114600222A601A46F4
:1080500000F070F8431C02D12B6803B1236038BDD7
:10806000286F002049B1FF2A85BF8A2303600A7068
:108070004FF0FF3098BF012070470846704700005E
:1080800038B5074D00230446084611462B6000F022
:1080900029F8431C02D12B6803B1236038BD00BF0F
:1080A000286F002038B5064D0023044608462B6093
:1080B00000F028F8431C02D12B6803B1236038BDBF
:1080C000286F002051F8043C181F002BBCBF0B5830
:1080D000C0187047024B58221A604FF0FF307047AB
:1080E000286F0020024B58221A604FF0FF30704773
:1080F000286F0020024B58221A604FF0FF30704763
:10810000286F0020024B58221A600020704700BFE1
:10811000286F0020024B58221A604FF0FF30704742
:10812000286F0020024B58221A604FF0FF30704732
:10813000286F0020024B58221A604FF0FF30704722
:10814000286F0020044A05491368002B08BF0B461E
:1081500018441060184670472C6F002000800030D3
:10816000024B58221A604FF0FF307047286F0020F2
:10817000FEE700BF30000000030000000000803F69
:108180000000803F00030006000200070201020019
:108190000101020400010000020302020054004039
:1081A00000580040005C0040001C005800000040E7
:1081B0000004004000080040000C0040250026009C
:1081C0002700340035004700520053008E000000A5
:1081D00043565F4F55545F320000000043565F4FD7
:1081E00055545F3100000000506C616E7465722060
:1081F000737461727465642E2054657374204265D3
:1082000067696E6E696E6700504C414E5445525F0F
:1082100053455249414C3D256400000043414C20E8
:1082200073657269616C3D2564000000232323237C
:10823000232323232323232323232323232323230E
:1082400023230000416E616C6F67204F75743A0004
:1082500043414C4942524154494E473A202573000C
:1082600056414C2043565F4F55545F484947483A62
:108270002025312E3366000056414C2043565F4F77
:1082800055545F4D49443A2025312E336600000095
:1082900056414C2043565F4F55545F4C4F573A2040
:1082A00025312E3366000000416E616C6F672049F6
:1082B0006E3A000043414C204356313A2025312E7E
:1082C00034660000524157204356313A2025312E62
:1082D0003466000043414C204356323A2025312E6B
:1082E00034660000524157204356323A2025312E41
:1082F0003466000043414C204356333A2025312E4A
:1083000034660000524157204356333A2025312E1F
:108310003466000043414C204356343A2025312E28
:1083200034660000524157204356343A2025312EFE
:10833000346600004B6E6F62733A000043414C207C
:108340004B6E6F62313A2025312E346600000000FA
:10835000524157204B6E6F62313A2025312E3466E0
:108360000000000043414C204B6E6F62323A2025E2
:10837000312E346600000000524157204B6E6F6270
:10838000323A2025312E34660000000043414C2053
:108390004B6E6F62333A2025312E346600000000A8
:1083A000524157204B6E6F62333A2025312E34668E
:1083B0000000000043414C204B6E6F62343A202590
:1083C000312E346600000000524157204B6E6F6220
:1083D000343A2025312E34660000000043414C2001
:1083E0004B6E6F62353A2025312E34660000000056
:1083F000524157204B6E6F62353A2025312E34663C
:108400000000000043414C204B6E6F62363A20253D
:10841000312E346600000000524157204B6E6F62CF
:10842000363A2025312E3466000000007AA54C3FF4
:10843000832F4C3FBF0E4C3FF1634C3FD044D83BA1
:1084400027A0093C2497FF3BB37B723B0000000050
:108450000000000039D6253FCBA1253F9487253F5A
:108460004625253F0000803F0000803F68B34ABF9B
:10847000DFE04BBF68224CBF3A924BBF3480B73B22
:1084800017B7D13A5F294B3BE71DA73B020E00000F
:10849000020D00000108000001090000060E0000A6
:1084A000010400000202000002030000060D0000AB
:1084B00003030000020700004461697379206973B7
:1084C000206F6E6C696E65003D3D3D3D3D3D3D3D1F
:1084D0003D3D3D3D3D3D3D00060000000C000000DF
:1084E000120000001800000000010000060100005A
:1084F0000C01000012010000180100000002000041
:10850000060200000C020000120200001802000027
:1085100000030000060300000A0A0909090A000016
:108520000000FA4500007A460000FA4600803B470A
:108530000080BB4700030103456C656374726F7371
:108540006D697468000000004461697379205365A7
:1085500065642045787465726E616C004344432005
:10856000436F6E666967000043444320496E74653B
:108570007266616365000000446169737920536528
:108580006564204275696C7420496E000002010226
:1085900000061016000610164552524F523A20009F
:1085A000496E76616C69642044657669636520680C
:1085B000616E646C65000000496E76616C696420D0
:1085C000436C6173732068616E646C650000000029
:1085D0000B00FF00C8020020B0020020BC020020F7
:1085E00080020020EC020020D4020020E0020020E3
:1085F0008C02002010030020F80200200403002059
:10860000980200209C5D0020845D0020905D002089
:108610006C5D0020C05D0020A85D0020B45D0020DE
:10862000785D0020340300201C0300202803002074
:10863000A402002000000000010203040102030460
:108640000607080901808080808080800480808007
:108650008080808008808080808080801080808002
:10866000808080802080808080808080400000002A
:108670000004081020400000020408102040000000
:10868000010002000400060008000A000C001000AF
:108690002000400080000001AC050020494E46004B
:1086A000696E66004E414E006E616E0030003031E2
:1086B0003233343536373839414243444546003049
:1086C0003132333435363738396162636465660078
:1086D000496E66696E697479004E614E0052454577
:1086E0004E54206D616C6C6F6320737563636565B8
:1086F000646564002F6D6E742F776F726B73706199
:1087000063652F776F726B73706163652F474343A7
:108710002D31302D706970656C696E652F6A656EDC
:108720006B696E732D4743432D31302D7069706531
:108730006C696E652D34385F32303230313132340D
:108740005F313630363138303634312F7372632F23
:108750006E65776C69622F6E65776C69622F6C69E4
:1087600062632F7374646C69622F64746F612E632B
:108770000042616C6C6F632073756363656564654B
:108780006400000000000000000000000000000085
:1087900000000000000000000000000000000000D9
:1087A00000000000000000000000000000000000C9
:1087B00000000000000000000000000000000000B9
:1087C00000000000000000000000000000000000A9
:1087D0000000000000000000000000000000000099
:1087E000000000002F6D6E742F776F726B737061D5
:1087F00063652F776F726B73706163652F474343B7
:108800002D31302D706970656C696E652F6A656EEB
:108810006B696E732D4743432D31302D7069706540
:108820006C696E652D34385F32303230313132341C
:108830005F313630363138303634312F7372632F32
:108840006E65776C69622F6E65776C69622F6C69F3
:1088500062632F7374646C69622F6D707265632E2E
:1088600063000000000000000080E03779C341434E
:10887000176E05B5B5B89346F5F93FE9034F384D86
:10888000321D30F94877825A3CBF737FDD4F157532
:10889000000000000000F03F000000000000244045
:1088A00000000000000059400000000000408F4020
:1088B000000000000088C34000000000006AF8408B
:1088C0000000000080842E4100000000D0126341AF
:1088D0000000000084D797410000000065CDCD4125
:1088E000000000205FA00242000000E87648374206
:1088F000000000A2941A6D42000040E59C30A242A4
:108900000000901EC4BCD64200003426F56B0C4318
:108910000080E03779C3414300A0D88557347643BF
:1089200000C84E676DC1AB43003D9160E458E14320
:10893000408CB5781DAF154450EFE2D6E41A4B4495
:1089400092D54D06CFF08044F64AE1C7022DB544DA
:10895000B49DD9794378EA4405000000190000006D
:108960007D000000232D302B2000686C4C006566D4
:1089700067454647002C2066756E6374696F6E3AD2
:108980002000617373657274696F6E2022257322F3
:10899000206661696C65643A2066696C65202225F1
:1089A00073222C206C696E65202564257325730A5B
:1089B000004300504F534958002E00002020202033
:1089C000202020202028282828282020202020207F
:1089D000202020202020202020202020881010105F
:1089E00010101010101010101010101004040404B7
:1089F000040404040404101010101010104141412C
:108A00004141410101010101010101010101010196
:108A10000101010101010110101010101042424229
:108A20004242420202020202020202020202020266
:108A300002020202020202101010102000000000C8
:108A40000000000000000000000000000000000026
:108A50000000000000000000000000000000000016
:108A60000000000000000000000000000000000006
:108A700000000000000000000000000000000000F6
:108A800000000000000000000000000000000000E6
:108A900000000000000000000000000000000000D6
:108AA00000000000000000000000000000000000C6
:108AB000000000000000000000000000F8B500BF4A
:108AC000F8BC08BC9E467047F8B500BFF8BC08BCAF
:048AD0009E46704707
:088AD400EC78FE7F01000000B8
:108ADC00C50200244D0E0024E9180024F5290024B9
:108AEC00FD2C002481350024113A0024BD420024C1
:108AFC00B94C0024C5530024B95900248120012409
:088B0C00A125012429350124F3
:048B1400A102002496
:108B1800000000001000000000000000000000003D
:108B2800000000000000000000000000100000002D
:108B3800000000000000000000000000000000002D
:108B4800000000001000000000000000000000000D
:108B5800000000000000000000000000355A00245A
:108B6800D9590024AD5A0024DD5900240000000022
:108B7800715A0024155B0024E15A0024095A002484
:108B88000000000000C201000000080000C201004F
:108B980000000800495F0024555F0024615F00243D
:108BA800D15F002415600024995F0024B55F00247C
:108BB8003D5F0024ED5F0024F95F00247D5F002401
:108BC80039610024796200245D62002412010002E8
:108BD8000202004083044057000201020301000022
:108BE8001201000202020040830440570002010201
:108BF80003010000040309041A0300000000000038
:108C0800000000000000000000000000000000005C
:108C18000000010010000000690301240D03012475
:108C2800F1010124000000009100012481010124C8
:108C380049010124000000000000000000000000BD
:108C4800F1000124CD00012415010124390101247A
:108C580009024300020100C03209040000010202B7
:108C6800010005240010010524010001042402026A
:108C78000524060001070582030800100904010005
:108C8800020A0000000705010240000007058102F2
:108C98004000000009024300020100C0320904003C
:108CA8000001020201000524001001052401000151
:108CB80004240202052406000107058203080010A7
:108CC80009040100020A0000000705010200020071
:108CD80007058102000200000A06000200000040A9
:108CE8000100000009074300020104C03209040022
:108CF8000001020201000524001001052401000101
:108D08000424020205240600010705820308001056
:108D180009040100020A00000007050102400000E2
:108D2800070581024000000009026500020100C039
:108D38005009040000000101000009240100010994
:108D480000010109040100020103000007240100D9
:108D58000141000624020101000624020202000962
:108D68002403010301020100092403020601010191
:108D78000009050102400000000005250101010964
:108D880005810240000000000525010103000000E4
:108D9800060A05000405000000000000010C05019A
:108DA8000407010905000000000406000000000097
:108DB800000000000004080000000000000000009F
:108DC8000104050006050609050000000105050067
:108DD8000705000000000000060B0500050500005F
:108DE80000000000010E050202050000000000005E
:108DF800020105010F050203050000000303050039
:108E08000000000000000000020B0601040600003C
:108E180000000000020C0601050700000000000029
:108E2800020A06000000000000000000010408001B
:108E380006080000000000000105080007080000FF
:108E4800000000000005080000000000000000000D
:108E5800000000000000000000000000000000000A
:108E680000000000000000000100000000000000F9
:108E780000000000000000000000000000000000EA
:108E880000000000010000000000000000000000D9
:108E980000000000000000000000000000000000CA
:108EA80001000000000000000000000000000000B9
:108EB80000000000000000000000000001000000A9
:108EC800000000000000000000000000000000009A
:108ED8000000000000000000010000000000000089
:108EE800000000000000000000000000000000007A
:108EF8000000000001000000000000000000000069
:108F08000000000000000000000000000000000059
:108F18000100000000000000000000000000000048
:108F28000000000000000000000000000100000038
:108F38000000000000000000000000000000000029
:108F48000000000000000000010000000000000018
:108F58000000000000000000000000000000000009
:108F680000000000010000000000000000000000F8
:108F780000000000000000000000000000000000E9
:108F880001000000000000000000000000000000D8
:108F980000000000000000000000000001000000C8
:108FA80000000000000000000000000000000000B9
:108FB8000000000000000000010000000107080098
:108FC800000000000000000001060800000000008A
:108FD800000000000B00FF00580500204C05002091
:108FE8007005002064050020880500207C0500200D
:108FF8001C0500201005002034050020280500204D
:10900800106F00209405002040050020EC6E002021
:10901800046F0020F86E0020B8040020AC04002083
:10902800010808020B0800010800000001090802F5
:109038000A08000008000000010C0E0302080105E0
:109048000E000000020C0801060E000000000000DF
:1090580001040B00000000000000000001070701E8
:109068000F04000000000000010607010E040000C4
:1090780000000000000307000000000000000000DE
:10908800000207000000000000000000020B0700BB
:109098000000000000000000020A070000000000B5
:1090A80000000000060907000000000000000000A2
:1090B8000090D0030090D003AC0500200000000011
:1090C800A4870124C48701248487012400000000A8
:1090D8000000000000000000000000000000000088
:1090E8000000000000000000000000000000000078
:1090F8000000000000000000000000000000000068
:109108000000000000000000000000000000000057
:109118000000000000000000000000004300000004
:109128000000000000000000000000000000000037
:1091380000000000000000000000000043000000E4
:109148000000000000000000000000000000000017
:1091580000000000000000000000000043000000C4
:1091680000000000000000000000000000000000F7
:1091780000000000000000000000000043000000A4
:1091880000000000000000000000000000000000D7
:109198000000000000000000000000004300000084
:1091A80000000000000000000000000000000000B7
:1091B8000000000000000000000000004300000064
:1091C8000000000000000000000000000000000097
:1091D8000000000000000000000000004300000044
:1091E8000000000000000000000000000000000077
:1091F800000000000000000000000000658001245D
:109208009D7F012400000000BB890124B989012445
:10921800B0890124B0890124B0890124B0890124CE
:10922800B0890124B0890124B0890124B0890124BE
:10923800B0890124FFFFFFFFFFFFFFFFFFFFFFFFD4
:10924800FFFF0000010041534349490000000000AE
:109258000000000000000000000000000000000006
:10926800000000000000415343494900000000008D
:1092780000000000000000000000000000000000E6
:089288000000000000000000DE
:04000005240006A12C
:00000001FF
