ARM GAS  C:\Users\isaia\AppData\Local\Temp\ccUIOBkL.s 			page 1


   1              		.cpu cortex-m7
   2              		.eabi_attribute 28, 1
   3              		.eabi_attribute 20, 1
   4              		.eabi_attribute 21, 1
   5              		.eabi_attribute 23, 3
   6              		.eabi_attribute 24, 1
   7              		.eabi_attribute 25, 1
   8              		.eabi_attribute 26, 1
   9              		.eabi_attribute 30, 2
  10              		.eabi_attribute 34, 1
  11              		.eabi_attribute 18, 4
  12              		.file	"CVCalibration.cpp"
  13              		.text
  14              	.Ltext0:
  15              		.cfi_sections	.debug_frame
  16              		.section	.text._ZN5daisy8patch_sm12DaisyPatchSMD2Ev,"axG",%progbits,_ZN5daisy8patch_sm12DaisyPatch
  17              		.align	1
  18              		.p2align 2,,3
  19              		.weak	_ZN5daisy8patch_sm12DaisyPatchSMD2Ev
  20              		.arch armv7e-m
  21              		.syntax unified
  22              		.thumb
  23              		.thumb_func
  24              		.fpu fpv5-d16
  26              	_ZN5daisy8patch_sm12DaisyPatchSMD2Ev:
  27              	.LVL0:
  28              	.LFB2723:
  29              		.file 1 "../../libDaisy//src/daisy_patch_sm.h"
   1:../../libDaisy//src/daisy_patch_sm.h **** #pragma once
   2:../../libDaisy//src/daisy_patch_sm.h **** 
   3:../../libDaisy//src/daisy_patch_sm.h **** #include "daisy.h"
   4:../../libDaisy//src/daisy_patch_sm.h **** 
   5:../../libDaisy//src/daisy_patch_sm.h **** namespace daisy
   6:../../libDaisy//src/daisy_patch_sm.h **** {
   7:../../libDaisy//src/daisy_patch_sm.h **** namespace patch_sm
   8:../../libDaisy//src/daisy_patch_sm.h **** {
   9:../../libDaisy//src/daisy_patch_sm.h ****     /** Accessors for the Analog Controls. 
  10:../../libDaisy//src/daisy_patch_sm.h ****      *  These cover the 8x Bipolar CV inputs
  11:../../libDaisy//src/daisy_patch_sm.h ****      *  as well as the 4x 0-3V3 ADC inputs on
  12:../../libDaisy//src/daisy_patch_sm.h ****      *  the hardware 
  13:../../libDaisy//src/daisy_patch_sm.h ****      * 
  14:../../libDaisy//src/daisy_patch_sm.h ****      *  When reading a value with DaisyPatchSM::GetAdcValue()
  15:../../libDaisy//src/daisy_patch_sm.h ****      * 
  16:../../libDaisy//src/daisy_patch_sm.h ****      *  patch.GetAdcValue(patch_sm::CV_1);
  17:../../libDaisy//src/daisy_patch_sm.h ****      */
  18:../../libDaisy//src/daisy_patch_sm.h ****     enum
  19:../../libDaisy//src/daisy_patch_sm.h ****     {
  20:../../libDaisy//src/daisy_patch_sm.h ****         CV_1 = 0,
  21:../../libDaisy//src/daisy_patch_sm.h ****         CV_2,
  22:../../libDaisy//src/daisy_patch_sm.h ****         CV_3,
  23:../../libDaisy//src/daisy_patch_sm.h ****         CV_4,
  24:../../libDaisy//src/daisy_patch_sm.h ****         CV_5,
  25:../../libDaisy//src/daisy_patch_sm.h ****         CV_6,
  26:../../libDaisy//src/daisy_patch_sm.h ****         CV_7,
  27:../../libDaisy//src/daisy_patch_sm.h ****         CV_8,
  28:../../libDaisy//src/daisy_patch_sm.h ****         ADC_9,
  29:../../libDaisy//src/daisy_patch_sm.h ****         ADC_10,
ARM GAS  C:\Users\isaia\AppData\Local\Temp\ccUIOBkL.s 			page 2


  30:../../libDaisy//src/daisy_patch_sm.h ****         ADC_11,
  31:../../libDaisy//src/daisy_patch_sm.h ****         ADC_12,
  32:../../libDaisy//src/daisy_patch_sm.h ****         ADC_LAST,
  33:../../libDaisy//src/daisy_patch_sm.h ****     };
  34:../../libDaisy//src/daisy_patch_sm.h **** 
  35:../../libDaisy//src/daisy_patch_sm.h ****     /** Enum for addressing the CV Outputs via the WriteCvOut function. */
  36:../../libDaisy//src/daisy_patch_sm.h ****     enum
  37:../../libDaisy//src/daisy_patch_sm.h ****     {
  38:../../libDaisy//src/daisy_patch_sm.h ****         CV_OUT_BOTH = 0,
  39:../../libDaisy//src/daisy_patch_sm.h ****         CV_OUT_1,
  40:../../libDaisy//src/daisy_patch_sm.h ****         CV_OUT_2,
  41:../../libDaisy//src/daisy_patch_sm.h ****     };
  42:../../libDaisy//src/daisy_patch_sm.h **** 
  43:../../libDaisy//src/daisy_patch_sm.h **** 
  44:../../libDaisy//src/daisy_patch_sm.h ****     /** @brief Board support file for DaisyPatchSM hardware
  45:../../libDaisy//src/daisy_patch_sm.h ****      *  @author shensley
  46:../../libDaisy//src/daisy_patch_sm.h ****      *  @ingroup boards
  47:../../libDaisy//src/daisy_patch_sm.h ****      * 
  48:../../libDaisy//src/daisy_patch_sm.h ****      *  Daisy Patch SM is a complete Eurorack module DSP engine.
  49:../../libDaisy//src/daisy_patch_sm.h ****      *  Based on the Daisy Seed, with circuits added for 
  50:../../libDaisy//src/daisy_patch_sm.h ****      *  interfacing directly with eurorack modular synthesizers.
  51:../../libDaisy//src/daisy_patch_sm.h ****      */
  52:../../libDaisy//src/daisy_patch_sm.h ****     class DaisyPatchSM
  53:../../libDaisy//src/daisy_patch_sm.h ****     {
  54:../../libDaisy//src/daisy_patch_sm.h ****       public:
  55:../../libDaisy//src/daisy_patch_sm.h ****         /** Helper for mapping pins, and accessing them using the `GetPin` function */
  56:../../libDaisy//src/daisy_patch_sm.h ****         enum class PinBank
  57:../../libDaisy//src/daisy_patch_sm.h ****         {
  58:../../libDaisy//src/daisy_patch_sm.h ****             A,
  59:../../libDaisy//src/daisy_patch_sm.h ****             B,
  60:../../libDaisy//src/daisy_patch_sm.h ****             C,
  61:../../libDaisy//src/daisy_patch_sm.h ****             D
  62:../../libDaisy//src/daisy_patch_sm.h ****         };
  63:../../libDaisy//src/daisy_patch_sm.h **** 
  64:../../libDaisy//src/daisy_patch_sm.h ****         DaisyPatchSM() {}
  65:../../libDaisy//src/daisy_patch_sm.h ****         ~DaisyPatchSM() {}
  30              		.loc 1 65 9 view -0
  31              		.cfi_startproc
  32              		@ args = 0, pretend = 0, frame = 0
  33              		@ frame_needed = 0, uses_anonymous_args = 0
  34              		@ link register save eliminated.
  35              	.LBB306:
  36              	.LBI306:
  37              		.file 2 "../../libDaisy//src/hid/gatein.h"
   1:../../libDaisy//src/hid/gatein.h **** #pragma once
   2:../../libDaisy//src/hid/gatein.h **** #ifndef DSY_GATEIN_H
   3:../../libDaisy//src/hid/gatein.h **** #define DSY_GATEIN_H
   4:../../libDaisy//src/hid/gatein.h **** #include "per/gpio.h"
   5:../../libDaisy//src/hid/gatein.h **** 
   6:../../libDaisy//src/hid/gatein.h **** namespace daisy
   7:../../libDaisy//src/hid/gatein.h **** {
   8:../../libDaisy//src/hid/gatein.h **** /**
   9:../../libDaisy//src/hid/gatein.h ****    @brief Generic Class for handling gate inputs through GPIO.
  10:../../libDaisy//src/hid/gatein.h ****    @author Stephen Hensley
  11:../../libDaisy//src/hid/gatein.h ****    @date    March 2020
  12:../../libDaisy//src/hid/gatein.h ****    @ingroup controls
  13:../../libDaisy//src/hid/gatein.h **** */
ARM GAS  C:\Users\isaia\AppData\Local\Temp\ccUIOBkL.s 			page 3


  14:../../libDaisy//src/hid/gatein.h **** class GateIn
  15:../../libDaisy//src/hid/gatein.h **** {
  16:../../libDaisy//src/hid/gatein.h ****   public:
  17:../../libDaisy//src/hid/gatein.h ****     /** GateIn Constructor */
  18:../../libDaisy//src/hid/gatein.h ****     GateIn() {}
  19:../../libDaisy//src/hid/gatein.h **** 
  20:../../libDaisy//src/hid/gatein.h ****     /** GateIn Destructor */
  21:../../libDaisy//src/hid/gatein.h ****     ~GateIn() {}
  38              		.loc 2 21 5 view .LVU1
  39              		.loc 2 21 5 is_stmt 0 view .LVU2
  40              	.LBE306:
  41              	.LBB307:
  42              	.LBI307:
  43              		.loc 2 21 5 is_stmt 1 view .LVU3
  44              		.loc 2 21 5 is_stmt 0 view .LVU4
  45              	.LBE307:
  46              	.LBB308:
  47              	.LBI308:
  48              		.file 3 "../../libDaisy//src/dev/codec_pcm3060.h"
   1:../../libDaisy//src/dev/codec_pcm3060.h **** #pragma once
   2:../../libDaisy//src/dev/codec_pcm3060.h **** #ifndef DSY_CODEC_PCM3060_H
   3:../../libDaisy//src/dev/codec_pcm3060.h **** #define DSY_CODEC_PCM3060_H
   4:../../libDaisy//src/dev/codec_pcm3060.h **** #include "per/i2c.h"
   5:../../libDaisy//src/dev/codec_pcm3060.h **** namespace daisy
   6:../../libDaisy//src/dev/codec_pcm3060.h **** {
   7:../../libDaisy//src/dev/codec_pcm3060.h **** /**
   8:../../libDaisy//src/dev/codec_pcm3060.h ****  * @brief Driver for the TI PCM3060 Audio Codec.
   9:../../libDaisy//src/dev/codec_pcm3060.h ****  * @addtogroup codec
  10:../../libDaisy//src/dev/codec_pcm3060.h ****  * 
  11:../../libDaisy//src/dev/codec_pcm3060.h ****  * For now this is a limited interface that uses I2C to communicate with the PCM3060
  12:../../libDaisy//src/dev/codec_pcm3060.h ****  * The device can also be accessed with SPI, which is not yet supported.
  13:../../libDaisy//src/dev/codec_pcm3060.h ****  * 
  14:../../libDaisy//src/dev/codec_pcm3060.h ****  * For now all registers are set to their defaults, and the Init function will 
  15:../../libDaisy//src/dev/codec_pcm3060.h ****  * perform a MRST and SRST before setting the format to 24bit LJ, and disabling 
  16:../../libDaisy//src/dev/codec_pcm3060.h ****  * power save for both the ADC and DAC.
  17:../../libDaisy//src/dev/codec_pcm3060.h ****  *
  18:../../libDaisy//src/dev/codec_pcm3060.h ****  */
  19:../../libDaisy//src/dev/codec_pcm3060.h **** class Pcm3060
  20:../../libDaisy//src/dev/codec_pcm3060.h **** {
  21:../../libDaisy//src/dev/codec_pcm3060.h ****   public:
  22:../../libDaisy//src/dev/codec_pcm3060.h ****     enum class Result
  23:../../libDaisy//src/dev/codec_pcm3060.h ****     {
  24:../../libDaisy//src/dev/codec_pcm3060.h ****         OK,
  25:../../libDaisy//src/dev/codec_pcm3060.h ****         ERR,
  26:../../libDaisy//src/dev/codec_pcm3060.h ****     };
  27:../../libDaisy//src/dev/codec_pcm3060.h **** 
  28:../../libDaisy//src/dev/codec_pcm3060.h ****     Pcm3060() {}
  29:../../libDaisy//src/dev/codec_pcm3060.h ****     ~Pcm3060() {}
  49              		.loc 3 29 5 is_stmt 1 view .LVU5
  50              		.loc 3 29 5 is_stmt 0 view .LVU6
  51              	.LBE308:
  52              	.LBB309:
  53              	.LBI309:
  54              		.file 4 "../../libDaisy//src/hid/usb.h"
   1:../../libDaisy//src/hid/usb.h **** #pragma once
   2:../../libDaisy//src/hid/usb.h **** #ifndef DSY_HID_USB_H
   3:../../libDaisy//src/hid/usb.h **** #define DSY_HID_USB_H
ARM GAS  C:\Users\isaia\AppData\Local\Temp\ccUIOBkL.s 			page 4


   4:../../libDaisy//src/hid/usb.h **** #include <stdint.h>
   5:../../libDaisy//src/hid/usb.h **** #include <stdlib.h>
   6:../../libDaisy//src/hid/usb.h **** 
   7:../../libDaisy//src/hid/usb.h **** namespace daisy
   8:../../libDaisy//src/hid/usb.h **** /** @addtogroup human_interface
   9:../../libDaisy//src/hid/usb.h ****     @{
  10:../../libDaisy//src/hid/usb.h **** */
  11:../../libDaisy//src/hid/usb.h **** 
  12:../../libDaisy//src/hid/usb.h **** {
  13:../../libDaisy//src/hid/usb.h **** /** 
  14:../../libDaisy//src/hid/usb.h ****     @brief Interface for initializing and using the USB Peripherals on the daisy
  15:../../libDaisy//src/hid/usb.h ****     @author Stephen Hensley
  16:../../libDaisy//src/hid/usb.h ****     @date December 2019
  17:../../libDaisy//src/hid/usb.h **** */
  18:../../libDaisy//src/hid/usb.h **** class UsbHandle
  19:../../libDaisy//src/hid/usb.h **** {
  20:../../libDaisy//src/hid/usb.h ****   public:
  21:../../libDaisy//src/hid/usb.h ****     /** Return values for USBHandle Functions */
  22:../../libDaisy//src/hid/usb.h ****     enum class Result
  23:../../libDaisy//src/hid/usb.h ****     {
  24:../../libDaisy//src/hid/usb.h ****         OK,
  25:../../libDaisy//src/hid/usb.h ****         ERR,
  26:../../libDaisy//src/hid/usb.h ****     };
  27:../../libDaisy//src/hid/usb.h **** 
  28:../../libDaisy//src/hid/usb.h ****     /** Specified which of the two USB Peripherals to initialize. */
  29:../../libDaisy//src/hid/usb.h ****     enum UsbPeriph
  30:../../libDaisy//src/hid/usb.h ****     {
  31:../../libDaisy//src/hid/usb.h ****         FS_INTERNAL, /**< Internal pin */
  32:../../libDaisy//src/hid/usb.h ****         FS_EXTERNAL, /**< FS External D+ pin is Pin 38 (GPIO32). FS External D- pin is Pin 37 (GPIO
  33:../../libDaisy//src/hid/usb.h ****         FS_BOTH,     /**< Both */
  34:../../libDaisy//src/hid/usb.h ****     };
  35:../../libDaisy//src/hid/usb.h **** 
  36:../../libDaisy//src/hid/usb.h **** 
  37:../../libDaisy//src/hid/usb.h ****     /** Function called upon reception of a buffer */
  38:../../libDaisy//src/hid/usb.h ****     typedef void (*ReceiveCallback)(uint8_t* buff, uint32_t* len);
  39:../../libDaisy//src/hid/usb.h **** 
  40:../../libDaisy//src/hid/usb.h ****     UsbHandle() {}
  41:../../libDaisy//src/hid/usb.h **** 
  42:../../libDaisy//src/hid/usb.h ****     ~UsbHandle() {}
  55              		.loc 4 42 5 is_stmt 1 view .LVU7
  56              		.loc 4 42 5 is_stmt 0 view .LVU8
  57              	.LBE309:
  58              	.LBB310:
  59              	.LBI310:
  60              		.file 5 "../../libDaisy//src/per/adc.h"
   1:../../libDaisy//src/per/adc.h **** #pragma once
   2:../../libDaisy//src/per/adc.h **** #ifndef DSY_ADC_H
   3:../../libDaisy//src/per/adc.h **** #define DSY_ADC_H /**< Macro */
   4:../../libDaisy//src/per/adc.h **** #include <stdint.h>
   5:../../libDaisy//src/per/adc.h **** #include <stdlib.h>
   6:../../libDaisy//src/per/adc.h **** #include "daisy_core.h"
   7:../../libDaisy//src/per/adc.h **** #include "per/gpio.h"
   8:../../libDaisy//src/per/adc.h **** 
   9:../../libDaisy//src/per/adc.h **** #define DSY_ADC_MAX_CHANNELS 16 /**< Maximum number of ADC channels */
  10:../../libDaisy//src/per/adc.h **** 
  11:../../libDaisy//src/per/adc.h **** namespace daisy
  12:../../libDaisy//src/per/adc.h **** {
ARM GAS  C:\Users\isaia\AppData\Local\Temp\ccUIOBkL.s 			page 5


  13:../../libDaisy//src/per/adc.h **** /** @addtogroup per_analog
  14:../../libDaisy//src/per/adc.h ****     @{
  15:../../libDaisy//src/per/adc.h **** */
  16:../../libDaisy//src/per/adc.h **** 
  17:../../libDaisy//src/per/adc.h **** /* While there may not be many configuration options here,
  18:../../libDaisy//src/per/adc.h **** using a struct like this allows us to add more configuration
  19:../../libDaisy//src/per/adc.h **** later without breaking existing functionality.
  20:../../libDaisy//src/per/adc.h **** */
  21:../../libDaisy//src/per/adc.h **** 
  22:../../libDaisy//src/per/adc.h **** /** @brief   Configuration Structure for an ADC Channel 
  23:../../libDaisy//src/per/adc.h ****  *  @details This can be used to configure a a single input, 
  24:../../libDaisy//src/per/adc.h ****  *           or a multiplexed input, allowing up to 8 inputs on 
  25:../../libDaisy//src/per/adc.h ****  *           one channel.
  26:../../libDaisy//src/per/adc.h ****  *  @note    Sharing data lines to multiple muxes _is_ possible, but
  27:../../libDaisy//src/per/adc.h ****  *           each channel sharing data lines must be set to the maximum
  28:../../libDaisy//src/per/adc.h ****  *           number of channels, even if some multiplexers have fewer
  29:../../libDaisy//src/per/adc.h ****  *           inputs connected.
  30:../../libDaisy//src/per/adc.h **** */
  31:../../libDaisy//src/per/adc.h **** struct AdcChannelConfig
  32:../../libDaisy//src/per/adc.h **** {
  33:../../libDaisy//src/per/adc.h ****     /** Which pin to use for multiplexing */
  34:../../libDaisy//src/per/adc.h ****     enum MuxPin
  35:../../libDaisy//src/per/adc.h ****     {
  36:../../libDaisy//src/per/adc.h ****         MUX_SEL_0,    /**< & */
  37:../../libDaisy//src/per/adc.h ****         MUX_SEL_1,    /**< & */
  38:../../libDaisy//src/per/adc.h ****         MUX_SEL_2,    /**< & */
  39:../../libDaisy//src/per/adc.h ****         MUX_SEL_LAST, /**< & */
  40:../../libDaisy//src/per/adc.h ****     };
  41:../../libDaisy//src/per/adc.h **** 
  42:../../libDaisy//src/per/adc.h ****     /** \brief per channel conversion speed added to fixed time based on bitdepth, etc. */
  43:../../libDaisy//src/per/adc.h ****     enum ConversionSpeed
  44:../../libDaisy//src/per/adc.h ****     {
  45:../../libDaisy//src/per/adc.h ****         SPEED_1CYCLES_5,
  46:../../libDaisy//src/per/adc.h ****         SPEED_2CYCLES_5,
  47:../../libDaisy//src/per/adc.h ****         SPEED_8CYCLES_5,
  48:../../libDaisy//src/per/adc.h ****         SPEED_16CYCLES_5,
  49:../../libDaisy//src/per/adc.h ****         SPEED_32CYCLES_5,
  50:../../libDaisy//src/per/adc.h ****         SPEED_64CYCLES_5,
  51:../../libDaisy//src/per/adc.h ****         SPEED_387CYCLES_5,
  52:../../libDaisy//src/per/adc.h ****         SPEED_810CYCLES_5,
  53:../../libDaisy//src/per/adc.h ****     };
  54:../../libDaisy//src/per/adc.h **** 
  55:../../libDaisy//src/per/adc.h ****     /** Initializes a single ADC pin as an ADC. 
  56:../../libDaisy//src/per/adc.h ****     \param pin Pin to init.
  57:../../libDaisy//src/per/adc.h ****     \param speed conversion speed for this pin defaults to 8.5 cycles
  58:../../libDaisy//src/per/adc.h ****      */
  59:../../libDaisy//src/per/adc.h ****     void InitSingle(Pin pin, ConversionSpeed speed = SPEED_8CYCLES_5);
  60:../../libDaisy//src/per/adc.h **** 
  61:../../libDaisy//src/per/adc.h ****     /** 
  62:../../libDaisy//src/per/adc.h ****     Initializes a single ADC pin as a Multiplexed ADC.
  63:../../libDaisy//src/per/adc.h ****     Requires a CD405X Multiplexer connected to the pin.
  64:../../libDaisy//src/per/adc.h ****     You only need to supply the mux pins that are required,
  65:../../libDaisy//src/per/adc.h ****     e.g. a 4052 mux would only require mux_0 and mux_1.
  66:../../libDaisy//src/per/adc.h ****     Internal Callbacks handle the pin addressing.
  67:../../libDaisy//src/per/adc.h ****     \param adc_pin &
  68:../../libDaisy//src/per/adc.h ****     \param mux_channels must be 1-8
  69:../../libDaisy//src/per/adc.h ****     \param mux_0 First mux pin
ARM GAS  C:\Users\isaia\AppData\Local\Temp\ccUIOBkL.s 			page 6


  70:../../libDaisy//src/per/adc.h ****     \param mux_1 Second mux pin
  71:../../libDaisy//src/per/adc.h ****     \param mux_2 Third mux pin
  72:../../libDaisy//src/per/adc.h ****     \param speed conversion speed for this pin defaults to 8.5 cycles
  73:../../libDaisy//src/per/adc.h ****     */
  74:../../libDaisy//src/per/adc.h ****     void InitMux(Pin             adc_pin,
  75:../../libDaisy//src/per/adc.h ****                  size_t          mux_channels,
  76:../../libDaisy//src/per/adc.h ****                  Pin             mux_0,
  77:../../libDaisy//src/per/adc.h ****                  Pin             mux_1 = Pin(PORTX, 0),
  78:../../libDaisy//src/per/adc.h ****                  Pin             mux_2 = Pin(PORTX, 0),
  79:../../libDaisy//src/per/adc.h ****                  ConversionSpeed speed = SPEED_8CYCLES_5);
  80:../../libDaisy//src/per/adc.h **** 
  81:../../libDaisy//src/per/adc.h ****     GPIO            pin_;                   /**< & */
  82:../../libDaisy//src/per/adc.h ****     GPIO            mux_pin_[MUX_SEL_LAST]; /**< & */
  83:../../libDaisy//src/per/adc.h ****     uint8_t         mux_channels_;          /**< & */
  84:../../libDaisy//src/per/adc.h ****     ConversionSpeed speed_;
  85:../../libDaisy//src/per/adc.h **** };
  86:../../libDaisy//src/per/adc.h **** 
  87:../../libDaisy//src/per/adc.h **** /**
  88:../../libDaisy//src/per/adc.h ****    @brief Handler for analog to digital conversion
  89:../../libDaisy//src/per/adc.h **** */
  90:../../libDaisy//src/per/adc.h **** class AdcHandle
  91:../../libDaisy//src/per/adc.h **** {
  92:../../libDaisy//src/per/adc.h ****   public:
  93:../../libDaisy//src/per/adc.h ****     /** Supported oversampling amounts */
  94:../../libDaisy//src/per/adc.h ****     enum OverSampling
  95:../../libDaisy//src/per/adc.h ****     {
  96:../../libDaisy//src/per/adc.h ****         OVS_NONE, /**< & */
  97:../../libDaisy//src/per/adc.h ****         OVS_4,    /**< & */
  98:../../libDaisy//src/per/adc.h ****         OVS_8,    /**< & */
  99:../../libDaisy//src/per/adc.h ****         OVS_16,   /**< & */
 100:../../libDaisy//src/per/adc.h ****         OVS_32,   /**< & */
 101:../../libDaisy//src/per/adc.h ****         OVS_64,   /**< & */
 102:../../libDaisy//src/per/adc.h ****         OVS_128,  /**< & */
 103:../../libDaisy//src/per/adc.h ****         OVS_256,  /**< & */
 104:../../libDaisy//src/per/adc.h ****         OVS_512,  /**< & */
 105:../../libDaisy//src/per/adc.h ****         OVS_1024, /**< & */
 106:../../libDaisy//src/per/adc.h ****         OVS_LAST, /**< & */
 107:../../libDaisy//src/per/adc.h ****     };
 108:../../libDaisy//src/per/adc.h **** 
 109:../../libDaisy//src/per/adc.h ****     AdcHandle() {}
 110:../../libDaisy//src/per/adc.h ****     ~AdcHandle() {}
  61              		.loc 5 110 5 is_stmt 1 view .LVU9
  62              		.loc 5 110 5 is_stmt 0 view .LVU10
  63              	.LBE310:
  64              	.LBB311:
  65              	.LBI311:
  66              		.file 6 "../../libDaisy//src/hid/audio.h"
   1:../../libDaisy//src/hid/audio.h **** #ifndef DSY_AUDIO_H
   2:../../libDaisy//src/hid/audio.h **** #define DSY_AUDIO_H /**< & */
   3:../../libDaisy//src/hid/audio.h **** 
   4:../../libDaisy//src/hid/audio.h **** #include "per/sai.h"
   5:../../libDaisy//src/hid/audio.h **** 
   6:../../libDaisy//src/hid/audio.h **** namespace daisy
   7:../../libDaisy//src/hid/audio.h **** {
   8:../../libDaisy//src/hid/audio.h **** /** @brief Audio Engine Handle
   9:../../libDaisy//src/hid/audio.h ****  *  @ingroup audio 
  10:../../libDaisy//src/hid/audio.h ****  *  @details This class allows for higher level access to an audio engine.
ARM GAS  C:\Users\isaia\AppData\Local\Temp\ccUIOBkL.s 			page 7


  11:../../libDaisy//src/hid/audio.h ****  *           If you're using a SOM like the DaisySeed or DaisyPatchSM (or any 
  12:../../libDaisy//src/hid/audio.h ****  *            board that includes one of those objects) then the intialization
  13:../../libDaisy//src/hid/audio.h ****  *            is already taken  care of.
  14:../../libDaisy//src/hid/audio.h ****  *           If you're setting up your own custom hardware, or need to make changes
  15:../../libDaisy//src/hid/audio.h ****  *           you will have to take the following steps:
  16:../../libDaisy//src/hid/audio.h ****  *             1. Create and Initialize an SaiHandle or two depending on your requirements
  17:../../libDaisy//src/hid/audio.h ****  *             2. Initialize the Audio Handle with the desired settings and the Initialized SaiHand
  18:../../libDaisy//src/hid/audio.h ****  *             3. If the connected codec requires special configuration or initialization, do so
  19:../../libDaisy//src/hid/audio.h ****  *             4. Write a callback method using either the AudioCallback or the InterleavingAudioCa
  20:../../libDaisy//src/hid/audio.h ****  *             5. Start the Audio using one of the StartAudio function
  21:../../libDaisy//src/hid/audio.h ****  */
  22:../../libDaisy//src/hid/audio.h **** class AudioHandle
  23:../../libDaisy//src/hid/audio.h **** {
  24:../../libDaisy//src/hid/audio.h ****   public:
  25:../../libDaisy//src/hid/audio.h ****     /** Manually configurable details about the Audio Engine */
  26:../../libDaisy//src/hid/audio.h ****     /** TODO: Figure out how to get samplerate in here. */
  27:../../libDaisy//src/hid/audio.h ****     struct Config
  28:../../libDaisy//src/hid/audio.h ****     {
  29:../../libDaisy//src/hid/audio.h ****         /** number of samples to process per callback */
  30:../../libDaisy//src/hid/audio.h ****         size_t blocksize = 48;
  31:../../libDaisy//src/hid/audio.h **** 
  32:../../libDaisy//src/hid/audio.h ****         /**< Sample rate of audio */
  33:../../libDaisy//src/hid/audio.h ****         SaiHandle::Config::SampleRate samplerate
  34:../../libDaisy//src/hid/audio.h ****             = SaiHandle::Config::SampleRate::SAI_48KHZ;
  35:../../libDaisy//src/hid/audio.h **** 
  36:../../libDaisy//src/hid/audio.h ****         /** factor for adjustment before and after callback for hardware that may have extra headro
  37:../../libDaisy//src/hid/audio.h ****         float postgain = 1.f;
  38:../../libDaisy//src/hid/audio.h **** 
  39:../../libDaisy//src/hid/audio.h ****         /** factor for additional one-sided compensation to audio path for hardware that may
  40:../../libDaisy//src/hid/audio.h ****          *  have unequal input/output ranges
  41:../../libDaisy//src/hid/audio.h ****          */
  42:../../libDaisy//src/hid/audio.h ****         float output_compensation = 1.f;
  43:../../libDaisy//src/hid/audio.h ****     };
  44:../../libDaisy//src/hid/audio.h **** 
  45:../../libDaisy//src/hid/audio.h ****     enum class Result
  46:../../libDaisy//src/hid/audio.h ****     {
  47:../../libDaisy//src/hid/audio.h ****         OK,
  48:../../libDaisy//src/hid/audio.h ****         ERR,
  49:../../libDaisy//src/hid/audio.h ****     };
  50:../../libDaisy//src/hid/audio.h **** 
  51:../../libDaisy//src/hid/audio.h ****     /** Non-Interleaving input buffer
  52:../../libDaisy//src/hid/audio.h ****      * Buffer arranged by float[chn][sample] 
  53:../../libDaisy//src/hid/audio.h ****      * const so that the user can't modify the input
  54:../../libDaisy//src/hid/audio.h ****      */
  55:../../libDaisy//src/hid/audio.h ****     typedef const float* const* InputBuffer;
  56:../../libDaisy//src/hid/audio.h **** 
  57:../../libDaisy//src/hid/audio.h ****     /** Non-Interleaving output buffer
  58:../../libDaisy//src/hid/audio.h ****      * Arranged by float[chn][sample] 
  59:../../libDaisy//src/hid/audio.h ****      */
  60:../../libDaisy//src/hid/audio.h ****     typedef float** OutputBuffer;
  61:../../libDaisy//src/hid/audio.h **** 
  62:../../libDaisy//src/hid/audio.h ****     /** Type for a Non-Interleaving audio callback 
  63:../../libDaisy//src/hid/audio.h ****      * Non-Interleaving audio callbacks in daisy will be of this type
  64:../../libDaisy//src/hid/audio.h ****      */
  65:../../libDaisy//src/hid/audio.h ****     typedef void (*AudioCallback)(InputBuffer  in,
  66:../../libDaisy//src/hid/audio.h ****                                   OutputBuffer out,
  67:../../libDaisy//src/hid/audio.h ****                                   size_t       size);
ARM GAS  C:\Users\isaia\AppData\Local\Temp\ccUIOBkL.s 			page 8


  68:../../libDaisy//src/hid/audio.h **** 
  69:../../libDaisy//src/hid/audio.h ****     /** Interleaving Input buffer
  70:../../libDaisy//src/hid/audio.h ****      ** audio is prepared as { L0, R0, L1, R1, . . . LN, RN }]
  71:../../libDaisy//src/hid/audio.h ****      ** this is const, as the user shouldn't modify it
  72:../../libDaisy//src/hid/audio.h ****     */
  73:../../libDaisy//src/hid/audio.h ****     typedef const float* InterleavingInputBuffer;
  74:../../libDaisy//src/hid/audio.h **** 
  75:../../libDaisy//src/hid/audio.h ****     /** Interleaving Output buffer 
  76:../../libDaisy//src/hid/audio.h ****      ** audio is prepared as { L0, R0, L1, R1, . . . LN, RN }
  77:../../libDaisy//src/hid/audio.h ****     */
  78:../../libDaisy//src/hid/audio.h ****     typedef float* InterleavingOutputBuffer;
  79:../../libDaisy//src/hid/audio.h **** 
  80:../../libDaisy//src/hid/audio.h ****     /** Interleaving Audio Callback 
  81:../../libDaisy//src/hid/audio.h ****      * Interleaving audio callbacks in daisy must be of this type
  82:../../libDaisy//src/hid/audio.h ****      */
  83:../../libDaisy//src/hid/audio.h ****     typedef void (*InterleavingAudioCallback)(InterleavingInputBuffer  in,
  84:../../libDaisy//src/hid/audio.h ****                                               InterleavingOutputBuffer out,
  85:../../libDaisy//src/hid/audio.h ****                                               size_t                   size);
  86:../../libDaisy//src/hid/audio.h **** 
  87:../../libDaisy//src/hid/audio.h ****     AudioHandle() : pimpl_(nullptr) {}
  88:../../libDaisy//src/hid/audio.h ****     ~AudioHandle() {}
  67              		.loc 6 88 5 is_stmt 1 view .LVU11
  68              		.loc 6 88 5 is_stmt 0 view .LVU12
  69              	.LBE311:
  70              	.LBB312:
  71              	.LBI312:
  72              		.file 7 "../../libDaisy//src/sys/system.h"
   1:../../libDaisy//src/sys/system.h **** #ifndef DSY_SYSTEM_H
   2:../../libDaisy//src/sys/system.h **** #define DSY_SYSTEM_H
   3:../../libDaisy//src/sys/system.h **** 
   4:../../libDaisy//src/sys/system.h **** #ifndef UNIT_TEST // for unit tests, a dummy implementation is provided below
   5:../../libDaisy//src/sys/system.h **** 
   6:../../libDaisy//src/sys/system.h **** #include <cstdint>
   7:../../libDaisy//src/sys/system.h **** #include "per/tim.h"
   8:../../libDaisy//src/sys/system.h **** 
   9:../../libDaisy//src/sys/system.h **** namespace daisy
  10:../../libDaisy//src/sys/system.h **** {
  11:../../libDaisy//src/sys/system.h **** /** A handle for interacting with the Core System.
  12:../../libDaisy//src/sys/system.h ****  ** This includes the Clock tree, MPU, global DMA initialization,
  13:../../libDaisy//src/sys/system.h ****  ** cache handling, and any other necessary global initiailzation
  14:../../libDaisy//src/sys/system.h ****  **
  15:../../libDaisy//src/sys/system.h ****  ** @author shensley
  16:../../libDaisy//src/sys/system.h ****  ** @ingroup system
  17:../../libDaisy//src/sys/system.h ****  */
  18:../../libDaisy//src/sys/system.h **** class System
  19:../../libDaisy//src/sys/system.h **** {
  20:../../libDaisy//src/sys/system.h ****   public:
  21:../../libDaisy//src/sys/system.h ****     /** Contains settings for initializing the System */
  22:../../libDaisy//src/sys/system.h ****     struct Config
  23:../../libDaisy//src/sys/system.h ****     {
  24:../../libDaisy//src/sys/system.h ****         /** Specifies the system clock frequency that feeds APB/AHB clocks, etc. */
  25:../../libDaisy//src/sys/system.h ****         enum class SysClkFreq
  26:../../libDaisy//src/sys/system.h ****         {
  27:../../libDaisy//src/sys/system.h ****             FREQ_400MHZ,
  28:../../libDaisy//src/sys/system.h ****             FREQ_480MHZ,
  29:../../libDaisy//src/sys/system.h ****         };
  30:../../libDaisy//src/sys/system.h **** 
ARM GAS  C:\Users\isaia\AppData\Local\Temp\ccUIOBkL.s 			page 9


  31:../../libDaisy//src/sys/system.h ****         /** Method to call on the struct to set to defaults
  32:../../libDaisy//src/sys/system.h ****          ** CPU Freq set to 400MHz
  33:../../libDaisy//src/sys/system.h ****          ** Cache Enabled
  34:../../libDaisy//src/sys/system.h ****          ** */
  35:../../libDaisy//src/sys/system.h ****         void Defaults()
  36:../../libDaisy//src/sys/system.h ****         {
  37:../../libDaisy//src/sys/system.h ****             cpu_freq    = SysClkFreq::FREQ_400MHZ;
  38:../../libDaisy//src/sys/system.h ****             use_dcache  = true;
  39:../../libDaisy//src/sys/system.h ****             use_icache  = true;
  40:../../libDaisy//src/sys/system.h ****             skip_clocks = false;
  41:../../libDaisy//src/sys/system.h ****         }
  42:../../libDaisy//src/sys/system.h **** 
  43:../../libDaisy//src/sys/system.h ****         /** Method to call on the struct to set to boost mode:
  44:../../libDaisy//src/sys/system.h ****          ** CPU Freq set to 480MHz
  45:../../libDaisy//src/sys/system.h ****          ** Cache Enabled
  46:../../libDaisy//src/sys/system.h ****          ** */
  47:../../libDaisy//src/sys/system.h ****         void Boost()
  48:../../libDaisy//src/sys/system.h ****         {
  49:../../libDaisy//src/sys/system.h ****             cpu_freq    = SysClkFreq::FREQ_480MHZ;
  50:../../libDaisy//src/sys/system.h ****             use_dcache  = true;
  51:../../libDaisy//src/sys/system.h ****             use_icache  = true;
  52:../../libDaisy//src/sys/system.h ****             skip_clocks = false;
  53:../../libDaisy//src/sys/system.h ****         }
  54:../../libDaisy//src/sys/system.h **** 
  55:../../libDaisy//src/sys/system.h ****         SysClkFreq cpu_freq;
  56:../../libDaisy//src/sys/system.h ****         bool       use_dcache;
  57:../../libDaisy//src/sys/system.h ****         bool       use_icache;
  58:../../libDaisy//src/sys/system.h ****         bool       skip_clocks;
  59:../../libDaisy//src/sys/system.h ****     };
  60:../../libDaisy//src/sys/system.h **** 
  61:../../libDaisy//src/sys/system.h ****     /** Describes the different regions of memory available to the Daisy */
  62:../../libDaisy//src/sys/system.h ****     enum MemoryRegion
  63:../../libDaisy//src/sys/system.h ****     {
  64:../../libDaisy//src/sys/system.h ****         INTERNAL_FLASH = 0,
  65:../../libDaisy//src/sys/system.h ****         ITCMRAM,
  66:../../libDaisy//src/sys/system.h ****         DTCMRAM,
  67:../../libDaisy//src/sys/system.h ****         SRAM_D1,
  68:../../libDaisy//src/sys/system.h ****         SRAM_D2,
  69:../../libDaisy//src/sys/system.h ****         SRAM_D3,
  70:../../libDaisy//src/sys/system.h ****         SDRAM,
  71:../../libDaisy//src/sys/system.h ****         QSPI,
  72:../../libDaisy//src/sys/system.h ****         INVALID_ADDRESS,
  73:../../libDaisy//src/sys/system.h ****     };
  74:../../libDaisy//src/sys/system.h **** 
  75:../../libDaisy//src/sys/system.h ****     /** Bootloader struct for controlling bootloading parameters */
  76:../../libDaisy//src/sys/system.h ****     struct BootInfo
  77:../../libDaisy//src/sys/system.h ****     {
  78:../../libDaisy//src/sys/system.h ****         enum class Type : uint32_t
  79:../../libDaisy//src/sys/system.h ****         {
  80:../../libDaisy//src/sys/system.h ****             INVALID      = 0x00000000,
  81:../../libDaisy//src/sys/system.h ****             JUMP         = 0xDEADBEEF,
  82:../../libDaisy//src/sys/system.h ****             SKIP_TIMEOUT = 0x5AFEB007,
  83:../../libDaisy//src/sys/system.h ****             INF_TIMEOUT  = 0xB0074EFA,
  84:../../libDaisy//src/sys/system.h ****         } status;
  85:../../libDaisy//src/sys/system.h ****         uint32_t data;
  86:../../libDaisy//src/sys/system.h ****         enum class Version : uint32_t
  87:../../libDaisy//src/sys/system.h ****         {
ARM GAS  C:\Users\isaia\AppData\Local\Temp\ccUIOBkL.s 			page 10


  88:../../libDaisy//src/sys/system.h ****             LT_v6_0 = 0, // Less than v6.0
  89:../../libDaisy//src/sys/system.h ****             NONE,        // No bootloader present
  90:../../libDaisy//src/sys/system.h ****             v6_0,        // v6.0
  91:../../libDaisy//src/sys/system.h ****             v6_1,        // v6.1 or greater
  92:../../libDaisy//src/sys/system.h ****             LAST
  93:../../libDaisy//src/sys/system.h ****         } version;
  94:../../libDaisy//src/sys/system.h ****     };
  95:../../libDaisy//src/sys/system.h **** 
  96:../../libDaisy//src/sys/system.h ****     System() {}
  97:../../libDaisy//src/sys/system.h ****     ~System() {}
  73              		.loc 7 97 5 is_stmt 1 view .LVU13
  74              		.loc 7 97 5 is_stmt 0 view .LVU14
  75              	.LBE312:
  76              		.loc 1 65 26 view .LVU15
  77 0000 7047     		bx	lr
  78              		.cfi_endproc
  79              	.LFE2723:
  81              		.weak	_ZN5daisy8patch_sm12DaisyPatchSMD1Ev
  82              		.thumb_set _ZN5daisy8patch_sm12DaisyPatchSMD1Ev,_ZN5daisy8patch_sm12DaisyPatchSMD2Ev
  83 0002 00BF     		.section	.text._ZN7daisysp10OscillatorD2Ev,"axG",%progbits,_ZN7daisysp10OscillatorD5Ev,comdat
  84              		.align	1
  85              		.p2align 2,,3
  86              		.weak	_ZN7daisysp10OscillatorD2Ev
  87              		.syntax unified
  88              		.thumb
  89              		.thumb_func
  90              		.fpu fpv5-d16
  92              	_ZN7daisysp10OscillatorD2Ev:
  93              	.LVL1:
  94              	.LFB4412:
  95              		.file 8 "../../DaisySP//Source/Synthesis/oscillator.h"
   1:../../DaisySP//Source/Synthesis/oscillator.h **** /*
   2:../../DaisySP//Source/Synthesis/oscillator.h **** Copyright (c) 2020 Electrosmith, Corp
   3:../../DaisySP//Source/Synthesis/oscillator.h **** 
   4:../../DaisySP//Source/Synthesis/oscillator.h **** Use of this source code is governed by an MIT-style
   5:../../DaisySP//Source/Synthesis/oscillator.h **** license that can be found in the LICENSE file or at
   6:../../DaisySP//Source/Synthesis/oscillator.h **** https://opensource.org/licenses/MIT.
   7:../../DaisySP//Source/Synthesis/oscillator.h **** */
   8:../../DaisySP//Source/Synthesis/oscillator.h **** 
   9:../../DaisySP//Source/Synthesis/oscillator.h **** #pragma once
  10:../../DaisySP//Source/Synthesis/oscillator.h **** #ifndef DSY_OSCILLATOR_H
  11:../../DaisySP//Source/Synthesis/oscillator.h **** #define DSY_OSCILLATOR_H
  12:../../DaisySP//Source/Synthesis/oscillator.h **** #include <stdint.h>
  13:../../DaisySP//Source/Synthesis/oscillator.h **** #include "Utility/dsp.h"
  14:../../DaisySP//Source/Synthesis/oscillator.h **** #ifdef __cplusplus
  15:../../DaisySP//Source/Synthesis/oscillator.h **** 
  16:../../DaisySP//Source/Synthesis/oscillator.h **** namespace daisysp
  17:../../DaisySP//Source/Synthesis/oscillator.h **** {
  18:../../DaisySP//Source/Synthesis/oscillator.h **** /** Synthesis of several waveforms, including polyBLEP bandlimited waveforms.
  19:../../DaisySP//Source/Synthesis/oscillator.h **** */
  20:../../DaisySP//Source/Synthesis/oscillator.h **** class Oscillator
  21:../../DaisySP//Source/Synthesis/oscillator.h **** {
  22:../../DaisySP//Source/Synthesis/oscillator.h ****   public:
  23:../../DaisySP//Source/Synthesis/oscillator.h ****     Oscillator() {}
  24:../../DaisySP//Source/Synthesis/oscillator.h ****     ~Oscillator() {}
  96              		.loc 8 24 5 is_stmt 1 view -0
  97              		.cfi_startproc
ARM GAS  C:\Users\isaia\AppData\Local\Temp\ccUIOBkL.s 			page 11


  98              		@ args = 0, pretend = 0, frame = 0
  99              		@ frame_needed = 0, uses_anonymous_args = 0
 100              		@ link register save eliminated.
 101              		.loc 8 24 20 is_stmt 0 view .LVU17
 102 0000 7047     		bx	lr
 103              		.cfi_endproc
 104              	.LFE4412:
 106              		.weak	_ZN7daisysp10OscillatorD1Ev
 107              		.thumb_set _ZN7daisysp10OscillatorD1Ev,_ZN7daisysp10OscillatorD2Ev
 108              		.section	.text._ZN9anachrome7planterD2Ev,"axG",%progbits,_ZN9anachrome7planterD5Ev,comdat
 109              		.align	1
 110              		.p2align 2,,3
 111              		.weak	_ZN9anachrome7planterD2Ev
 112              		.syntax unified
 113              		.thumb
 114              		.thumb_func
 115              		.fpu fpv5-d16
 117              	_ZN9anachrome7planterD2Ev:
 118              	.LVL2:
 119              	.LFB5479:
 120              		.file 9 "../../Planter/planter.h"
   1:../../Planter/planter.h **** #pragma once
   2:../../Planter/planter.h **** 
   3:../../Planter/planter.h **** #include "daisy_patch_sm.h"
   4:../../Planter/planter.h **** #include "planter_cal.h"
   5:../../Planter/planter.h **** 
   6:../../Planter/planter.h **** using daisy::AdcChannelConfig;
   7:../../Planter/planter.h **** using daisy::AnalogControl;
   8:../../Planter/planter.h **** using daisy::AudioHandle;
   9:../../Planter/planter.h **** //using daisy::patch_sm;
  10:../../Planter/planter.h **** using daisy::GPIO;
  11:../../Planter/planter.h **** using daisy::Pin;
  12:../../Planter/planter.h **** using daisy::SaiHandle;
  13:../../Planter/planter.h **** using daisy::Switch;
  14:../../Planter/planter.h **** 
  15:../../Planter/planter.h **** namespace anachrome
  16:../../Planter/planter.h **** {
  17:../../Planter/planter.h **** /**
  18:../../Planter/planter.h ****  * Minimal Planter platform (wrapper around daisy::patch_sm::DaisyPatchSM).
  19:../../Planter/planter.h ****  * This provides a small, extendable class with a `patch` member and a single
  20:../../Planter/planter.h ****  * maintained helper: WriteCvOutBipolar. Add features later (knobs, switches)
  21:../../Planter/planter.h ****  * as needed.
  22:../../Planter/planter.h ****  */
  23:../../Planter/planter.h **** class planter
  24:../../Planter/planter.h **** {
  25:../../Planter/planter.h ****     public:
  26:../../Planter/planter.h ****     enum
  27:../../Planter/planter.h ****     {
  28:../../Planter/planter.h ****         /** Knobs */
  29:../../Planter/planter.h ****         KNOB_1 = 4, 
  30:../../Planter/planter.h ****         KNOB_2, 
  31:../../Planter/planter.h ****         KNOB_3, 
  32:../../Planter/planter.h ****         KNOB_4, 
  33:../../Planter/planter.h ****         KNOB_5, 
  34:../../Planter/planter.h ****         KNOB_6, 
  35:../../Planter/planter.h ****         KNOB_LAST
  36:../../Planter/planter.h ****     };
ARM GAS  C:\Users\isaia\AppData\Local\Temp\ccUIOBkL.s 			page 12


  37:../../Planter/planter.h **** 
  38:../../Planter/planter.h ****     enum
  39:../../Planter/planter.h ****     {
  40:../../Planter/planter.h ****         /** User LEDs */
  41:../../Planter/planter.h ****         LED_1, 
  42:../../Planter/planter.h ****         LED_2, 
  43:../../Planter/planter.h ****     };
  44:../../Planter/planter.h **** 
  45:../../Planter/planter.h **** 
  46:../../Planter/planter.h ****     public:
  47:../../Planter/planter.h ****         void StartAudio(AudioHandle::InterleavingAudioCallback cb);
  48:../../Planter/planter.h **** 
  49:../../Planter/planter.h ****         void StartAudio(AudioHandle::AudioCallback cb);
  50:../../Planter/planter.h **** 
  51:../../Planter/planter.h ****         void StopAdc();
  52:../../Planter/planter.h **** 
  53:../../Planter/planter.h ****         planter() = default;
  54:../../Planter/planter.h ****         ~planter() = default;
 121              		.loc 9 54 9 is_stmt 1 view -0
 122              		.cfi_startproc
 123              		@ args = 0, pretend = 0, frame = 0
 124              		@ frame_needed = 0, uses_anonymous_args = 0
 125              		@ link register save eliminated.
 126              	.LBB313:
 127              	.LBI313:
 128              		.loc 1 65 9 view .LVU19
 129              	.LBB314:
 130              	.LBI314:
 131              		.loc 2 21 5 view .LVU20
 132              		.loc 2 21 5 is_stmt 0 view .LVU21
 133              	.LBE314:
 134              	.LBB315:
 135              	.LBI315:
 136              		.loc 2 21 5 is_stmt 1 view .LVU22
 137              		.loc 2 21 5 is_stmt 0 view .LVU23
 138              	.LBE315:
 139              	.LBB316:
 140              	.LBI316:
 141              		.loc 3 29 5 is_stmt 1 view .LVU24
 142              		.loc 3 29 5 is_stmt 0 view .LVU25
 143              	.LBE316:
 144              	.LBB317:
 145              	.LBI317:
 146              		.loc 4 42 5 is_stmt 1 view .LVU26
 147              		.loc 4 42 5 is_stmt 0 view .LVU27
 148              	.LBE317:
 149              	.LBB318:
 150              	.LBI318:
 151              		.loc 5 110 5 is_stmt 1 view .LVU28
 152              		.loc 5 110 5 is_stmt 0 view .LVU29
 153              	.LBE318:
 154              	.LBB319:
 155              	.LBI319:
 156              		.loc 6 88 5 is_stmt 1 view .LVU30
 157              		.loc 6 88 5 is_stmt 0 view .LVU31
 158              	.LBE319:
 159              	.LBB320:
ARM GAS  C:\Users\isaia\AppData\Local\Temp\ccUIOBkL.s 			page 13


 160              	.LBI320:
 161              		.loc 7 97 5 is_stmt 1 view .LVU32
 162              		.loc 7 97 5 is_stmt 0 view .LVU33
 163              	.LBE320:
 164              	.LBE313:
 165              	.LBB321:
 166              	.LBI321:
 167              		.file 10 "../../libDaisy//src/hid/switch.h"
   1:../../libDaisy//src/hid/switch.h **** #pragma once
   2:../../libDaisy//src/hid/switch.h **** #ifndef DSY_SWITCH_H
   3:../../libDaisy//src/hid/switch.h **** #define DSY_SWITCH_H
   4:../../libDaisy//src/hid/switch.h **** #include "daisy_core.h"
   5:../../libDaisy//src/hid/switch.h **** #include "per/gpio.h"
   6:../../libDaisy//src/hid/switch.h **** #include "sys/system.h"
   7:../../libDaisy//src/hid/switch.h **** 
   8:../../libDaisy//src/hid/switch.h **** namespace daisy
   9:../../libDaisy//src/hid/switch.h **** {
  10:../../libDaisy//src/hid/switch.h **** /** 
  11:../../libDaisy//src/hid/switch.h ****     Generic Class for handling momentary/latching switches \n 
  12:../../libDaisy//src/hid/switch.h ****     Inspired/influenced by Mutable Instruments (pichenettes) Switch classes
  13:../../libDaisy//src/hid/switch.h ****     @author Stephen Hensley
  14:../../libDaisy//src/hid/switch.h ****     @date December 2019
  15:../../libDaisy//src/hid/switch.h ****     @ingroup controls
  16:../../libDaisy//src/hid/switch.h **** */
  17:../../libDaisy//src/hid/switch.h **** class Switch
  18:../../libDaisy//src/hid/switch.h **** {
  19:../../libDaisy//src/hid/switch.h ****   public:
  20:../../libDaisy//src/hid/switch.h ****     /** Specifies the expected behavior of the switch */
  21:../../libDaisy//src/hid/switch.h ****     enum Type
  22:../../libDaisy//src/hid/switch.h ****     {
  23:../../libDaisy//src/hid/switch.h ****         TYPE_TOGGLE,    /**< & */
  24:../../libDaisy//src/hid/switch.h ****         TYPE_MOMENTARY, /**< & */
  25:../../libDaisy//src/hid/switch.h ****     };
  26:../../libDaisy//src/hid/switch.h ****     /** Specifies whether the pressed is HIGH or LOW. */
  27:../../libDaisy//src/hid/switch.h ****     enum Polarity
  28:../../libDaisy//src/hid/switch.h ****     {
  29:../../libDaisy//src/hid/switch.h ****         POLARITY_NORMAL,   /**< & */
  30:../../libDaisy//src/hid/switch.h ****         POLARITY_INVERTED, /**< & */
  31:../../libDaisy//src/hid/switch.h ****     };
  32:../../libDaisy//src/hid/switch.h **** 
  33:../../libDaisy//src/hid/switch.h ****     Switch() {}
  34:../../libDaisy//src/hid/switch.h ****     ~Switch() {}
 168              		.loc 10 34 5 is_stmt 1 view .LVU34
 169              		.loc 10 34 5 is_stmt 0 view .LVU35
 170              	.LBE321:
 171              	.LBB322:
 172              	.LBI322:
 173              		.loc 10 34 5 is_stmt 1 view .LVU36
 174              		.loc 10 34 5 is_stmt 0 view .LVU37
 175              	.LBE322:
 176              	.LBB323:
 177              	.LBI323:
 178              		.loc 10 34 5 is_stmt 1 view .LVU38
 179              		.loc 10 34 5 is_stmt 0 view .LVU39
 180              	.LBE323:
 181              	.LBB324:
 182              	.LBI324:
ARM GAS  C:\Users\isaia\AppData\Local\Temp\ccUIOBkL.s 			page 14


 183              		.loc 10 34 5 is_stmt 1 view .LVU40
 184              		.loc 10 34 5 is_stmt 0 view .LVU41
 185              	.LBE324:
 186              		.loc 9 54 9 view .LVU42
 187 0000 7047     		bx	lr
 188              		.cfi_endproc
 189              	.LFE5479:
 191              		.weak	_ZN9anachrome7planterD1Ev
 192              		.thumb_set _ZN9anachrome7planterD1Ev,_ZN9anachrome7planterD2Ev
 193 0002 00BF     		.section	.text._Z13AudioCallbackPKPKfPPfj,"ax",%progbits
 194              		.align	1
 195              		.p2align 2,,3
 196              		.global	_Z13AudioCallbackPKPKfPPfj
 197              		.syntax unified
 198              		.thumb
 199              		.thumb_func
 200              		.fpu fpv5-d16
 202              	_Z13AudioCallbackPKPKfPPfj:
 203              	.LVL3:
 204              	.LFB4906:
 205              		.file 11 "CVCalibration.cpp"
   1:CVCalibration.cpp **** #include "daisy_patch_sm.h"
   2:CVCalibration.cpp **** #include "daisysp.h"
   3:CVCalibration.cpp **** #include "planter.h"
   4:CVCalibration.cpp **** 
   5:CVCalibration.cpp **** using namespace daisy;
   6:CVCalibration.cpp **** using namespace patch_sm;
   7:CVCalibration.cpp **** using namespace daisysp;
   8:CVCalibration.cpp **** using namespace anachrome;
   9:CVCalibration.cpp **** 
  10:CVCalibration.cpp **** DaisyPatchSM   hw;
  11:CVCalibration.cpp **** // Switch         button, toggle1, toggle2, toggle3;
  12:CVCalibration.cpp **** // #define DSY_TEXT __attribute__((section(".text")))
  13:CVCalibration.cpp **** // DSY_TEXT FIL            file; /**< Can't be made on the stack (DTCMRAM) */
  14:CVCalibration.cpp **** // DSY_TEXT FatFSInterface fsi;
  15:CVCalibration.cpp **** // MidiUsbHandler midi;
  16:CVCalibration.cpp **** Oscillator     osc;
  17:CVCalibration.cpp **** // dsy_gpio led_1, led_2;
  18:CVCalibration.cpp **** planter euro;
  19:CVCalibration.cpp **** 
  20:CVCalibration.cpp **** void AudioCallback(AudioHandle::InputBuffer  in,
  21:CVCalibration.cpp ****                    AudioHandle::OutputBuffer out,
  22:CVCalibration.cpp ****                    size_t                    size)
  23:CVCalibration.cpp **** {
 206              		.loc 11 23 1 is_stmt 1 view -0
 207              		.cfi_startproc
 208              		@ args = 0, pretend = 0, frame = 0
 209              		@ frame_needed = 0, uses_anonymous_args = 0
  24:CVCalibration.cpp ****     euro.patch.ProcessAllControls();
 210              		.loc 11 24 5 view .LVU44
 211              	.LBB325:
 212              	.LBI325:
  66:../../libDaisy//src/daisy_patch_sm.h **** 
  67:../../libDaisy//src/daisy_patch_sm.h ****         /** Initializes the memories, and core peripherals for the Daisy Patch SM */
  68:../../libDaisy//src/daisy_patch_sm.h ****         void Init();
  69:../../libDaisy//src/daisy_patch_sm.h **** 
  70:../../libDaisy//src/daisy_patch_sm.h ****         /** Starts a non-interleaving audio callback */
ARM GAS  C:\Users\isaia\AppData\Local\Temp\ccUIOBkL.s 			page 15


  71:../../libDaisy//src/daisy_patch_sm.h ****         void StartAudio(AudioHandle::AudioCallback cb);
  72:../../libDaisy//src/daisy_patch_sm.h **** 
  73:../../libDaisy//src/daisy_patch_sm.h ****         /** Starts an interleaving audio callback */
  74:../../libDaisy//src/daisy_patch_sm.h ****         void StartAudio(AudioHandle::InterleavingAudioCallback cb);
  75:../../libDaisy//src/daisy_patch_sm.h **** 
  76:../../libDaisy//src/daisy_patch_sm.h ****         /** Changes the callback that is executing.
  77:../../libDaisy//src/daisy_patch_sm.h ****          *  This may cause clicks if done while audio is processing.
  78:../../libDaisy//src/daisy_patch_sm.h ****          */
  79:../../libDaisy//src/daisy_patch_sm.h ****         void ChangeAudioCallback(AudioHandle::AudioCallback cb);
  80:../../libDaisy//src/daisy_patch_sm.h **** 
  81:../../libDaisy//src/daisy_patch_sm.h ****         /** Changes the callback that is executing.
  82:../../libDaisy//src/daisy_patch_sm.h ****          *  This may cause clicks if done while audio is processing.
  83:../../libDaisy//src/daisy_patch_sm.h ****          */
  84:../../libDaisy//src/daisy_patch_sm.h ****         void ChangeAudioCallback(AudioHandle::InterleavingAudioCallback cb);
  85:../../libDaisy//src/daisy_patch_sm.h **** 
  86:../../libDaisy//src/daisy_patch_sm.h ****         /** Stops the transmission of audio. */
  87:../../libDaisy//src/daisy_patch_sm.h ****         void StopAudio();
  88:../../libDaisy//src/daisy_patch_sm.h **** 
  89:../../libDaisy//src/daisy_patch_sm.h ****         /** Sets the number of samples processed in an audio callback. 
  90:../../libDaisy//src/daisy_patch_sm.h ****          *  This will only take effect on the next invocation of `StartAudio`
  91:../../libDaisy//src/daisy_patch_sm.h ****          */
  92:../../libDaisy//src/daisy_patch_sm.h ****         void SetAudioBlockSize(size_t size);
  93:../../libDaisy//src/daisy_patch_sm.h **** 
  94:../../libDaisy//src/daisy_patch_sm.h ****         /** Sets the samplerate for the audio engine 
  95:../../libDaisy//src/daisy_patch_sm.h ****          *  This will set it to the closest valid samplerate. Options being:
  96:../../libDaisy//src/daisy_patch_sm.h ****          *  8kHz, 16kHz, 32kHz, 48kHz, and 96kHz
  97:../../libDaisy//src/daisy_patch_sm.h ****          */
  98:../../libDaisy//src/daisy_patch_sm.h ****         void SetAudioSampleRate(float sr);
  99:../../libDaisy//src/daisy_patch_sm.h **** 
 100:../../libDaisy//src/daisy_patch_sm.h ****         void SetAudioSampleRate(SaiHandle::Config::SampleRate sample_rate);
 101:../../libDaisy//src/daisy_patch_sm.h **** 
 102:../../libDaisy//src/daisy_patch_sm.h ****         /** Returns the number of samples processed in an audio callback */
 103:../../libDaisy//src/daisy_patch_sm.h ****         size_t AudioBlockSize();
 104:../../libDaisy//src/daisy_patch_sm.h **** 
 105:../../libDaisy//src/daisy_patch_sm.h ****         /** Returns the audio engine's samplerate in Hz */
 106:../../libDaisy//src/daisy_patch_sm.h ****         float AudioSampleRate();
 107:../../libDaisy//src/daisy_patch_sm.h **** 
 108:../../libDaisy//src/daisy_patch_sm.h ****         /** Returns the rate at which the audio callback will be called in Hz */
 109:../../libDaisy//src/daisy_patch_sm.h ****         float AudioCallbackRate();
 110:../../libDaisy//src/daisy_patch_sm.h **** 
 111:../../libDaisy//src/daisy_patch_sm.h ****         /** Starts the Control ADCs 
 112:../../libDaisy//src/daisy_patch_sm.h ****          * 
 113:../../libDaisy//src/daisy_patch_sm.h ****          *  This is started automatically when Init() is called.
 114:../../libDaisy//src/daisy_patch_sm.h ****          */
 115:../../libDaisy//src/daisy_patch_sm.h ****         void StartAdc();
 116:../../libDaisy//src/daisy_patch_sm.h **** 
 117:../../libDaisy//src/daisy_patch_sm.h ****         /** Stops the Control ADCs */
 118:../../libDaisy//src/daisy_patch_sm.h ****         void StopAdc();
 119:../../libDaisy//src/daisy_patch_sm.h **** 
 120:../../libDaisy//src/daisy_patch_sm.h ****         /** Reads and filters all of the analog control inputs */
 121:../../libDaisy//src/daisy_patch_sm.h ****         void ProcessAnalogControls();
 122:../../libDaisy//src/daisy_patch_sm.h **** 
 123:../../libDaisy//src/daisy_patch_sm.h ****         /** Reads and debounces any of the digital control inputs 
 124:../../libDaisy//src/daisy_patch_sm.h ****          *  This does nothing on this board at this time.
 125:../../libDaisy//src/daisy_patch_sm.h ****          */
 126:../../libDaisy//src/daisy_patch_sm.h ****         void ProcessDigitalControls();
 127:../../libDaisy//src/daisy_patch_sm.h **** 
ARM GAS  C:\Users\isaia\AppData\Local\Temp\ccUIOBkL.s 			page 16


 128:../../libDaisy//src/daisy_patch_sm.h ****         /** Does both of the above */
 129:../../libDaisy//src/daisy_patch_sm.h ****         void ProcessAllControls()
 213              		.loc 1 129 14 view .LVU45
 214              	.LBB326:
 130:../../libDaisy//src/daisy_patch_sm.h ****         {
 131:../../libDaisy//src/daisy_patch_sm.h ****             ProcessAnalogControls();
 215              		.loc 1 131 13 view .LVU46
 216              	.LBE326:
 217              	.LBE325:
  23:CVCalibration.cpp ****     euro.patch.ProcessAllControls();
 218              		.loc 11 23 1 is_stmt 0 view .LVU47
 219 0000 10B5     		push	{r4, lr}
 220              		.cfi_def_cfa_offset 8
 221              		.cfi_offset 4, -8
 222              		.cfi_offset 14, -4
 223              	.LBB328:
 224              	.LBB327:
 225              		.loc 1 131 34 view .LVU48
 226 0002 0D4C     		ldr	r4, .L7
 227 0004 04F1B800 		add	r0, r4, #184
 228              	.LVL4:
 229              		.loc 1 131 34 view .LVU49
 230 0008 FFF7FEFF 		bl	_ZN5daisy8patch_sm12DaisyPatchSM21ProcessAnalogControlsEv
 231              	.LVL5:
 132:../../libDaisy//src/daisy_patch_sm.h ****             ProcessDigitalControls();
 232              		.loc 1 132 13 is_stmt 1 view .LVU50
 233              		.loc 1 132 35 is_stmt 0 view .LVU51
 234 000c 04F1B800 		add	r0, r4, #184
 235 0010 FFF7FEFF 		bl	_ZN5daisy8patch_sm12DaisyPatchSM22ProcessDigitalControlsEv
 236              	.LVL6:
 237              		.loc 1 132 35 view .LVU52
 238              	.LBE327:
 239              	.LBE328:
  25:CVCalibration.cpp ****     euro.button.Debounce();
 240              		.loc 11 25 5 is_stmt 1 view .LVU53
 241              		.loc 11 25 25 is_stmt 0 view .LVU54
 242 0014 04F12800 		add	r0, r4, #40
 243 0018 FFF7FEFF 		bl	_ZN5daisy6Switch8DebounceEv
 244              	.LVL7:
  26:CVCalibration.cpp ****     euro.toggle1.Debounce();
 245              		.loc 11 26 5 is_stmt 1 view .LVU55
 246              		.loc 11 26 26 is_stmt 0 view .LVU56
 247 001c 04F14C00 		add	r0, r4, #76
 248 0020 FFF7FEFF 		bl	_ZN5daisy6Switch8DebounceEv
 249              	.LVL8:
  27:CVCalibration.cpp ****     euro.toggle2.Debounce();
 250              		.loc 11 27 5 is_stmt 1 view .LVU57
 251              		.loc 11 27 26 is_stmt 0 view .LVU58
 252 0024 04F17000 		add	r0, r4, #112
 253 0028 FFF7FEFF 		bl	_ZN5daisy6Switch8DebounceEv
 254              	.LVL9:
  28:CVCalibration.cpp ****     euro.toggle3.Debounce();
 255              		.loc 11 28 5 is_stmt 1 view .LVU59
 256              		.loc 11 28 26 is_stmt 0 view .LVU60
 257 002c 04F19400 		add	r0, r4, #148
  29:CVCalibration.cpp ****     // for(size_t i = 0; i < size; i++)
  30:CVCalibration.cpp ****     // {
ARM GAS  C:\Users\isaia\AppData\Local\Temp\ccUIOBkL.s 			page 17


  31:CVCalibration.cpp ****     //     out[0][i] = in[0][i];
  32:CVCalibration.cpp ****     //     out[1][i] = in[1][i];
  33:CVCalibration.cpp ****     // }
  34:CVCalibration.cpp **** }
 258              		.loc 11 34 1 view .LVU61
 259 0030 BDE81040 		pop	{r4, lr}
 260              		.cfi_restore 14
 261              		.cfi_restore 4
 262              		.cfi_def_cfa_offset 0
  28:CVCalibration.cpp ****     euro.toggle3.Debounce();
 263              		.loc 11 28 26 view .LVU62
 264 0034 FFF7FEBF 		b	_ZN5daisy6Switch8DebounceEv
 265              	.LVL10:
 266              	.L8:
 267              		.align	2
 268              	.L7:
 269 0038 00000000 		.word	.LANCHOR0
 270              		.cfi_endproc
 271              	.LFE4906:
 273              		.section	.text._ZN9anachrome7planter4InitEv,"axG",%progbits,_ZN9anachrome7planter4InitEv,comdat
 274              		.align	1
 275              		.p2align 2,,3
 276              		.weak	_ZN9anachrome7planter4InitEv
 277              		.syntax unified
 278              		.thumb
 279              		.thumb_func
 280              		.fpu fpv5-d16
 282              	_ZN9anachrome7planter4InitEv:
 283              	.LVL11:
 284              	.LFB4899:
  55:../../Planter/planter.h **** 
  56:../../Planter/planter.h **** 
  57:../../Planter/planter.h ****         void Init() {
 285              		.loc 9 57 14 is_stmt 1 view -0
 286              		.cfi_startproc
 287              		@ args = 0, pretend = 0, frame = 0
 288              		@ frame_needed = 0, uses_anonymous_args = 0
  58:../../Planter/planter.h ****         // Initialize the hardware.
  59:../../Planter/planter.h ****         patch.Init();
 289              		.loc 9 59 9 view .LVU64
  57:../../Planter/planter.h ****         // Initialize the hardware.
 290              		.loc 9 57 14 is_stmt 0 view .LVU65
 291 0000 30B5     		push	{r4, r5, lr}
 292              		.cfi_def_cfa_offset 12
 293              		.cfi_offset 4, -12
 294              		.cfi_offset 5, -8
 295              		.cfi_offset 14, -4
 296              		.loc 9 59 19 view .LVU66
 297 0002 00F1B805 		add	r5, r0, #184
  57:../../Planter/planter.h ****         // Initialize the hardware.
 298              		.loc 9 57 14 view .LVU67
 299 0006 0446     		mov	r4, r0
 300 0008 83B0     		sub	sp, sp, #12
 301              		.cfi_def_cfa_offset 24
 302              		.loc 9 59 19 view .LVU68
 303 000a 2846     		mov	r0, r5
 304              	.LVL12:
ARM GAS  C:\Users\isaia\AppData\Local\Temp\ccUIOBkL.s 			page 18


 305              		.loc 9 59 19 view .LVU69
 306 000c FFF7FEFF 		bl	_ZN5daisy8patch_sm12DaisyPatchSM4InitEv
 307              	.LVL13:
  60:../../Planter/planter.h ****         
  61:../../Planter/planter.h ****         InitLeds();
 308              		.loc 9 61 9 is_stmt 1 view .LVU70
 309              		.loc 9 61 17 is_stmt 0 view .LVU71
 310 0010 2046     		mov	r0, r4
 311 0012 FFF7FEFF 		bl	_ZN9anachrome7planter8InitLedsEv
 312              	.LVL14:
  62:../../Planter/planter.h ****         button.Init(daisy::patch_sm::DaisyPatchSM::B7, patch.AudioCallbackRate());
 313              		.loc 9 62 9 is_stmt 1 view .LVU72
 314              		.loc 9 62 20 is_stmt 0 view .LVU73
 315 0016 2846     		mov	r0, r5
 316 0018 FFF7FEFF 		bl	_ZN5daisy8patch_sm12DaisyPatchSM17AudioCallbackRateEv
 317              	.LVL15:
 318 001c 254B     		ldr	r3, .L11
 319 001e 04F12800 		add	r0, r4, #40
 320 0022 1A78     		ldrb	r2, [r3]	@ zero_extendqisi2
 321 0024 5978     		ldrb	r1, [r3, #1]	@ zero_extendqisi2
 322 0026 42EA0121 		orr	r1, r2, r1, lsl #8
 323 002a FFF7FEFF 		bl	_ZN5daisy6Switch4InitENS_3PinEf
 324              	.LVL16:
  63:../../Planter/planter.h ****         toggle1.Init(daisy::patch_sm::DaisyPatchSM::B8, patch.AudioCallbackRate());
 325              		.loc 9 63 9 is_stmt 1 view .LVU74
 326              		.loc 9 63 21 is_stmt 0 view .LVU75
 327 002e 2846     		mov	r0, r5
 328 0030 FFF7FEFF 		bl	_ZN5daisy8patch_sm12DaisyPatchSM17AudioCallbackRateEv
 329              	.LVL17:
 330 0034 204B     		ldr	r3, .L11+4
 331 0036 04F14C00 		add	r0, r4, #76
 332 003a 1A78     		ldrb	r2, [r3]	@ zero_extendqisi2
 333 003c 5978     		ldrb	r1, [r3, #1]	@ zero_extendqisi2
 334 003e 42EA0121 		orr	r1, r2, r1, lsl #8
 335 0042 FFF7FEFF 		bl	_ZN5daisy6Switch4InitENS_3PinEf
 336              	.LVL18:
  64:../../Planter/planter.h ****         toggle2.Init(daisy::patch_sm::DaisyPatchSM::D1, patch.AudioCallbackRate());
 337              		.loc 9 64 9 is_stmt 1 view .LVU76
 338              		.loc 9 64 21 is_stmt 0 view .LVU77
 339 0046 2846     		mov	r0, r5
 340 0048 FFF7FEFF 		bl	_ZN5daisy8patch_sm12DaisyPatchSM17AudioCallbackRateEv
 341              	.LVL19:
 342 004c 1B4B     		ldr	r3, .L11+8
 343 004e 04F17000 		add	r0, r4, #112
 344 0052 1A78     		ldrb	r2, [r3]	@ zero_extendqisi2
 345 0054 5978     		ldrb	r1, [r3, #1]	@ zero_extendqisi2
 346 0056 42EA0121 		orr	r1, r2, r1, lsl #8
 347 005a FFF7FEFF 		bl	_ZN5daisy6Switch4InitENS_3PinEf
 348              	.LVL20:
  65:../../Planter/planter.h ****         toggle3.Init(daisy::patch_sm::DaisyPatchSM::D10, patch.AudioCallbackRate());    
 349              		.loc 9 65 9 is_stmt 1 view .LVU78
 350              		.loc 9 65 21 is_stmt 0 view .LVU79
 351 005e 2846     		mov	r0, r5
 352 0060 FFF7FEFF 		bl	_ZN5daisy8patch_sm12DaisyPatchSM17AudioCallbackRateEv
 353              	.LVL21:
 354 0064 164B     		ldr	r3, .L11+12
 355 0066 04F19400 		add	r0, r4, #148
ARM GAS  C:\Users\isaia\AppData\Local\Temp\ccUIOBkL.s 			page 19


 356 006a 1A78     		ldrb	r2, [r3]	@ zero_extendqisi2
 357 006c 5978     		ldrb	r1, [r3, #1]	@ zero_extendqisi2
 358 006e 42EA0121 		orr	r1, r2, r1, lsl #8
 359 0072 FFF7FEFF 		bl	_ZN5daisy6Switch4InitENS_3PinEf
 360              	.LVL22:
  66:../../Planter/planter.h ****         
  67:../../Planter/planter.h ****         // InitSwitches();
  68:../../Planter/planter.h ****         // InitAnalogControls();
  69:../../Planter/planter.h ****         patch.SetAudioBlockSize(48);
 361              		.loc 9 69 9 is_stmt 1 view .LVU80
 362              		.loc 9 69 32 is_stmt 0 view .LVU81
 363 0076 2846     		mov	r0, r5
 364 0078 3021     		movs	r1, #48
  70:../../Planter/planter.h **** 
  71:../../Planter/planter.h ****         /** Init Gate Outputs */
  72:../../Planter/planter.h ****         patch.gate_out_1.Init(patch.B5, GPIO::Mode::OUTPUT);
 365              		.loc 9 72 30 view .LVU82
 366 007a 0025     		movs	r5, #0
  69:../../Planter/planter.h **** 
 367              		.loc 9 69 32 view .LVU83
 368 007c FFF7FEFF 		bl	_ZN5daisy8patch_sm12DaisyPatchSM17SetAudioBlockSizeEj
 369              	.LVL23:
 370              		.loc 9 72 9 is_stmt 1 view .LVU84
 371              		.loc 9 72 30 is_stmt 0 view .LVU85
 372 0080 104B     		ldr	r3, .L11+16
 373 0082 0095     		str	r5, [sp]
 374 0084 04F52A70 		add	r0, r4, #680
 375 0088 1A78     		ldrb	r2, [r3]	@ zero_extendqisi2
 376 008a 5978     		ldrb	r1, [r3, #1]	@ zero_extendqisi2
 377 008c 2B46     		mov	r3, r5
 378 008e 42EA0121 		orr	r1, r2, r1, lsl #8
 379 0092 0122     		movs	r2, #1
 380 0094 FFF7FEFF 		bl	_ZN5daisy4GPIO4InitENS_3PinENS0_4ModeENS0_4PullENS0_5SpeedE
 381              	.LVL24:
  73:../../Planter/planter.h ****         patch.gate_out_2.Init(patch.B6, GPIO::Mode::OUTPUT);
 382              		.loc 9 73 9 is_stmt 1 view .LVU86
 383              		.loc 9 73 30 is_stmt 0 view .LVU87
 384 0098 0B4B     		ldr	r3, .L11+20
 385 009a 0095     		str	r5, [sp]
 386 009c 04F52F70 		add	r0, r4, #700
 387 00a0 1A78     		ldrb	r2, [r3]	@ zero_extendqisi2
 388 00a2 5978     		ldrb	r1, [r3, #1]	@ zero_extendqisi2
 389 00a4 2B46     		mov	r3, r5
 390 00a6 42EA0121 		orr	r1, r2, r1, lsl #8
 391 00aa 0122     		movs	r2, #1
 392 00ac FFF7FEFF 		bl	_ZN5daisy4GPIO4InitENS_3PinENS0_4ModeENS0_4PullENS0_5SpeedE
 393              	.LVL25:
  74:../../Planter/planter.h ****         }
 394              		.loc 9 74 9 view .LVU88
 395 00b0 03B0     		add	sp, sp, #12
 396              		.cfi_def_cfa_offset 12
 397              		@ sp needed
 398 00b2 30BD     		pop	{r4, r5, pc}
 399              	.LVL26:
 400              	.L12:
 401              		.loc 9 74 9 view .LVU89
 402              		.align	2
ARM GAS  C:\Users\isaia\AppData\Local\Temp\ccUIOBkL.s 			page 20


 403              	.L11:
 404 00b4 00000000 		.word	_ZN5daisy8patch_sm12DaisyPatchSM2B7E
 405 00b8 00000000 		.word	_ZN5daisy8patch_sm12DaisyPatchSM2B8E
 406 00bc 00000000 		.word	_ZN5daisy8patch_sm12DaisyPatchSM2D1E
 407 00c0 00000000 		.word	_ZN5daisy8patch_sm12DaisyPatchSM3D10E
 408 00c4 00000000 		.word	_ZN5daisy8patch_sm12DaisyPatchSM2B5E
 409 00c8 00000000 		.word	_ZN5daisy8patch_sm12DaisyPatchSM2B6E
 410              		.cfi_endproc
 411              	.LFE4899:
 413              		.section	.rodata.main.str1.4,"aMS",%progbits,1
 414              		.align	2
 415              	.LC0:
 416 0000 43565F4F 		.ascii	"CV_OUT_2\000"
 416      55545F32 
 416      00
 417 0009 000000   		.align	2
 418              	.LC1:
 419 000c 43565F4F 		.ascii	"CV_OUT_1\000"
 419      55545F31 
 419      00
 420 0015 000000   		.align	2
 421              	.LC2:
 422 0018 506C616E 		.ascii	"Planter started. Test Beginning\000"
 422      74657220 
 422      73746172 
 422      7465642E 
 422      20546573 
 423              		.align	2
 424              	.LC3:
 425 0038 504C414E 		.ascii	"PLANTER_SERIAL=%d\000"
 425      5445525F 
 425      53455249 
 425      414C3D25 
 425      6400
 426 004a 0000     		.align	2
 427              	.LC4:
 428 004c 43414C20 		.ascii	"CAL serial=%d\000"
 428      73657269 
 428      616C3D25 
 428      6400
 429 005a 0000     		.align	2
 430              	.LC5:
 431 005c 23232323 		.ascii	"######################\000"
 431      23232323 
 431      23232323 
 431      23232323 
 431      23232323 
 432 0073 00       		.align	2
 433              	.LC6:
 434 0074 416E616C 		.ascii	"Analog Out:\000"
 434      6F67204F 
 434      75743A00 
 435              		.align	2
 436              	.LC7:
 437 0080 43414C49 		.ascii	"CALIBRATING: %s\000"
 437      42524154 
 437      494E473A 
ARM GAS  C:\Users\isaia\AppData\Local\Temp\ccUIOBkL.s 			page 21


 437      20257300 
 438              		.align	2
 439              	.LC8:
 440 0090 56414C20 		.ascii	"VAL CV_OUT_HIGH: %1.3f\000"
 440      43565F4F 
 440      55545F48 
 440      4947483A 
 440      2025312E 
 441 00a7 00       		.align	2
 442              	.LC9:
 443 00a8 56414C20 		.ascii	"VAL CV_OUT_MID: %1.3f\000"
 443      43565F4F 
 443      55545F4D 
 443      49443A20 
 443      25312E33 
 444 00be 0000     		.align	2
 445              	.LC10:
 446 00c0 56414C20 		.ascii	"VAL CV_OUT_LOW: %1.3f\000"
 446      43565F4F 
 446      55545F4C 
 446      4F573A20 
 446      25312E33 
 447 00d6 0000     		.align	2
 448              	.LC11:
 449 00d8 416E616C 		.ascii	"Analog In:\000"
 449      6F672049 
 449      6E3A00
 450 00e3 00       		.align	2
 451              	.LC12:
 452 00e4 43414C20 		.ascii	"CAL CV1: %1.4f\000"
 452      4356313A 
 452      2025312E 
 452      346600
 453 00f3 00       		.align	2
 454              	.LC13:
 455 00f4 52415720 		.ascii	"RAW CV1: %1.4f\000"
 455      4356313A 
 455      2025312E 
 455      346600
 456 0103 00       		.align	2
 457              	.LC14:
 458 0104 43414C20 		.ascii	"CAL CV2: %1.4f\000"
 458      4356323A 
 458      2025312E 
 458      346600
 459 0113 00       		.align	2
 460              	.LC15:
 461 0114 52415720 		.ascii	"RAW CV2: %1.4f\000"
 461      4356323A 
 461      2025312E 
 461      346600
 462 0123 00       		.align	2
 463              	.LC16:
 464 0124 43414C20 		.ascii	"CAL CV3: %1.4f\000"
 464      4356333A 
 464      2025312E 
 464      346600
ARM GAS  C:\Users\isaia\AppData\Local\Temp\ccUIOBkL.s 			page 22


 465 0133 00       		.align	2
 466              	.LC17:
 467 0134 52415720 		.ascii	"RAW CV3: %1.4f\000"
 467      4356333A 
 467      2025312E 
 467      346600
 468 0143 00       		.align	2
 469              	.LC18:
 470 0144 43414C20 		.ascii	"CAL CV4: %1.4f\000"
 470      4356343A 
 470      2025312E 
 470      346600
 471 0153 00       		.align	2
 472              	.LC19:
 473 0154 52415720 		.ascii	"RAW CV4: %1.4f\000"
 473      4356343A 
 473      2025312E 
 473      346600
 474 0163 00       		.align	2
 475              	.LC20:
 476 0164 4B6E6F62 		.ascii	"Knobs:\000"
 476      733A00
 477 016b 00       		.align	2
 478              	.LC21:
 479 016c 43414C20 		.ascii	"CAL Knob1: %1.4f\000"
 479      4B6E6F62 
 479      313A2025 
 479      312E3466 
 479      00
 480 017d 000000   		.align	2
 481              	.LC22:
 482 0180 52415720 		.ascii	"RAW Knob1: %1.4f\000"
 482      4B6E6F62 
 482      313A2025 
 482      312E3466 
 482      00
 483 0191 000000   		.align	2
 484              	.LC23:
 485 0194 43414C20 		.ascii	"CAL Knob2: %1.4f\000"
 485      4B6E6F62 
 485      323A2025 
 485      312E3466 
 485      00
 486 01a5 000000   		.align	2
 487              	.LC24:
 488 01a8 52415720 		.ascii	"RAW Knob2: %1.4f\000"
 488      4B6E6F62 
 488      323A2025 
 488      312E3466 
 488      00
 489 01b9 000000   		.align	2
 490              	.LC25:
 491 01bc 43414C20 		.ascii	"CAL Knob3: %1.4f\000"
 491      4B6E6F62 
 491      333A2025 
 491      312E3466 
 491      00
ARM GAS  C:\Users\isaia\AppData\Local\Temp\ccUIOBkL.s 			page 23


 492 01cd 000000   		.align	2
 493              	.LC26:
 494 01d0 52415720 		.ascii	"RAW Knob3: %1.4f\000"
 494      4B6E6F62 
 494      333A2025 
 494      312E3466 
 494      00
 495 01e1 000000   		.align	2
 496              	.LC27:
 497 01e4 43414C20 		.ascii	"CAL Knob4: %1.4f\000"
 497      4B6E6F62 
 497      343A2025 
 497      312E3466 
 497      00
 498 01f5 000000   		.align	2
 499              	.LC28:
 500 01f8 52415720 		.ascii	"RAW Knob4: %1.4f\000"
 500      4B6E6F62 
 500      343A2025 
 500      312E3466 
 500      00
 501 0209 000000   		.align	2
 502              	.LC29:
 503 020c 43414C20 		.ascii	"CAL Knob5: %1.4f\000"
 503      4B6E6F62 
 503      353A2025 
 503      312E3466 
 503      00
 504 021d 000000   		.align	2
 505              	.LC30:
 506 0220 52415720 		.ascii	"RAW Knob5: %1.4f\000"
 506      4B6E6F62 
 506      353A2025 
 506      312E3466 
 506      00
 507 0231 000000   		.align	2
 508              	.LC31:
 509 0234 43414C20 		.ascii	"CAL Knob6: %1.4f\000"
 509      4B6E6F62 
 509      363A2025 
 509      312E3466 
 509      00
 510 0245 000000   		.align	2
 511              	.LC32:
 512 0248 52415720 		.ascii	"RAW Knob6: %1.4f\000"
 512      4B6E6F62 
 512      363A2025 
 512      312E3466 
 512      00
 513              		.section	.text.startup.main,"ax",%progbits
 514              		.align	1
 515              		.p2align 2,,3
 516              		.global	main
 517              		.syntax unified
 518              		.thumb
 519              		.thumb_func
 520              		.fpu fpv5-d16
ARM GAS  C:\Users\isaia\AppData\Local\Temp\ccUIOBkL.s 			page 24


 522              	main:
 523              	.LFB4907:
  35:CVCalibration.cpp **** 
  36:CVCalibration.cpp **** int main(void)
  37:CVCalibration.cpp **** {
 524              		.loc 11 37 1 is_stmt 1 view -0
 525              		.cfi_startproc
 526              		@ args = 0, pretend = 0, frame = 0
 527              		@ frame_needed = 0, uses_anonymous_args = 0
  38:CVCalibration.cpp ****     euro.Init();    
 528              		.loc 11 38 5 view .LVU91
  37:CVCalibration.cpp ****     euro.Init();    
 529              		.loc 11 37 1 is_stmt 0 view .LVU92
 530 0000 2DE9F047 		push	{r4, r5, r6, r7, r8, r9, r10, lr}
 531              		.cfi_def_cfa_offset 32
 532              		.cfi_offset 4, -32
 533              		.cfi_offset 5, -28
 534              		.cfi_offset 6, -24
 535              		.cfi_offset 7, -20
 536              		.cfi_offset 8, -16
 537              		.cfi_offset 9, -12
 538              		.cfi_offset 10, -8
 539              		.cfi_offset 14, -4
 540              		.loc 11 38 14 view .LVU93
 541 0004 1848     		ldr	r0, .L71
  39:CVCalibration.cpp ****     euro.StartLog(true);
  40:CVCalibration.cpp ****     System::Delay(1000);
  41:CVCalibration.cpp ****     euro.PrintLine("Planter started. Test Beginning");
  42:CVCalibration.cpp ****     euro.PrintLine("PLANTER_SERIAL=%d", PLANTER_SERIAL);
  43:CVCalibration.cpp ****     euro.PrintLine("CAL serial=%d", anachrome::calibration::CAL.serial);
  44:CVCalibration.cpp **** 
  45:CVCalibration.cpp ****     System::Delay(1000);
  46:CVCalibration.cpp **** 
  47:CVCalibration.cpp ****     euro.patch.StartAudio(AudioCallback);
  48:CVCalibration.cpp **** 
  49:CVCalibration.cpp ****     uint32_t now, usbt;
  50:CVCalibration.cpp ****     usbt = now = System::GetNow();
  51:CVCalibration.cpp **** 
  52:CVCalibration.cpp ****     bool led1_state = true;
  53:CVCalibration.cpp ****     bool led2_state = false;
  54:CVCalibration.cpp ****     bool cv_out_state = true;
  55:CVCalibration.cpp ****     bool last_button_state = false;
 542              		.loc 11 55 10 view .LVU94
 543 0006 4FF00008 		mov	r8, #0
  52:CVCalibration.cpp ****     bool led2_state = false;
 544              		.loc 11 52 10 view .LVU95
 545 000a 0127     		movs	r7, #1
 546 000c 164C     		ldr	r4, .L71
  53:CVCalibration.cpp ****     bool cv_out_state = true;
 547              		.loc 11 53 10 view .LVU96
 548 000e C246     		mov	r10, r8
  37:CVCalibration.cpp ****     euro.Init();    
 549              		.loc 11 37 1 view .LVU97
 550 0010 2DED068B 		vpush.64	{d8, d9, d10}
 551              		.cfi_def_cfa_offset 56
 552              		.cfi_offset 80, -56
 553              		.cfi_offset 81, -52
ARM GAS  C:\Users\isaia\AppData\Local\Temp\ccUIOBkL.s 			page 25


 554              		.cfi_offset 82, -48
 555              		.cfi_offset 83, -44
 556              		.cfi_offset 84, -40
 557              		.cfi_offset 85, -36
  38:CVCalibration.cpp ****     euro.StartLog(true);
 558              		.loc 11 38 14 view .LVU98
 559 0014 FFF7FEFF 		bl	_ZN9anachrome7planter4InitEv
 560              	.LVL27:
  39:CVCalibration.cpp ****     System::Delay(1000);
 561              		.loc 11 39 5 is_stmt 1 view .LVU99
 562              	.LBB329:
 563              	.LBI329:
  75:../../Planter/planter.h **** 
  76:../../Planter/planter.h ****         /** Convert bipolar (-5..+5V) to 0..5V and write to the specified channel */
  77:../../Planter/planter.h ****         void WriteCvOutBipolar(const int channel, float bipolar_voltage);
  78:../../Planter/planter.h **** 
  79:../../Planter/planter.h ****         /** Read CV input (0-3 for CV_1 through CV_4) and return calibrated voltage (-5..+5V) */
  80:../../Planter/planter.h ****         float GetCvIn(int channel);
  81:../../Planter/planter.h **** 
  82:../../Planter/planter.h ****         /** Init LED gpio*/
  83:../../Planter/planter.h ****         GPIO led_1;
  84:../../Planter/planter.h ****         GPIO led_2;
  85:../../Planter/planter.h ****         void InitLeds();
  86:../../Planter/planter.h ****         /** Toggle LEDs, idx LED enum*/
  87:../../Planter/planter.h ****         void SetLed(const int idx, bool state);
  88:../../Planter/planter.h **** 
  89:../../Planter/planter.h ****         float GetKnobValue(int index);
  90:../../Planter/planter.h **** 
  91:../../Planter/planter.h ****         void BootloaderResetCheck();
  92:../../Planter/planter.h ****         
  93:../../Planter/planter.h ****         /** Print formatted debug log message
  94:../../Planter/planter.h ****          */
  95:../../Planter/planter.h ****         template <typename... VA>
  96:../../Planter/planter.h ****         static void Print(const char* format, VA... va)
  97:../../Planter/planter.h ****         {
  98:../../Planter/planter.h ****             LoggerT::Print(format, va...);
  99:../../Planter/planter.h ****         }
 100:../../Planter/planter.h **** 
 101:../../Planter/planter.h ****         /** Print formatted debug log message with automatic line termination
 102:../../Planter/planter.h ****          */
 103:../../Planter/planter.h ****         template <typename... VA>
 104:../../Planter/planter.h ****         static void PrintLine(const char* format, VA... va)
 105:../../Planter/planter.h ****         {
 106:../../Planter/planter.h ****             LoggerT::PrintLine(format, va...);
 107:../../Planter/planter.h ****         }
 108:../../Planter/planter.h **** 
 109:../../Planter/planter.h ****         /** Start the logging session. Optionally wait for terminal connection before proceeding.
 110:../../Planter/planter.h ****          */
 111:../../Planter/planter.h ****         static void StartLog(bool wait_for_pc = false)
 564              		.loc 9 111 21 view .LVU100
 565              	.LBB330:
 112:../../Planter/planter.h ****         {
 113:../../Planter/planter.h ****             LoggerT::StartLog(wait_for_pc);
 566              		.loc 9 113 13 view .LVU101
 567              		.loc 9 113 30 is_stmt 0 view .LVU102
 568 0018 0120     		movs	r0, #1
 569 001a FFF7FEFF 		bl	_ZN5daisy6LoggerILNS_17LoggerDestinationE2EE8StartLogEb
ARM GAS  C:\Users\isaia\AppData\Local\Temp\ccUIOBkL.s 			page 26


 570              	.LVL28:
 571              		.loc 9 113 30 view .LVU103
 572              	.LBE330:
 573              	.LBE329:
  40:CVCalibration.cpp ****     euro.PrintLine("Planter started. Test Beginning");
 574              		.loc 11 40 5 is_stmt 1 view .LVU104
  40:CVCalibration.cpp ****     euro.PrintLine("Planter started. Test Beginning");
 575              		.loc 11 40 18 is_stmt 0 view .LVU105
 576 001e 4FF47A70 		mov	r0, #1000
 577 0022 FFF7FEFF 		bl	_ZN5daisy6System5DelayEm
 578              	.LVL29:
  41:CVCalibration.cpp ****     euro.PrintLine("PLANTER_SERIAL=%d", PLANTER_SERIAL);
 579              		.loc 11 41 5 is_stmt 1 view .LVU106
 580              	.LBB331:
 581              	.LBI331:
 104:../../Planter/planter.h ****         {
 582              		.loc 9 104 21 view .LVU107
 583              	.LBB332:
 106:../../Planter/planter.h ****         }
 584              		.loc 9 106 31 is_stmt 0 view .LVU108
 585 0026 1148     		ldr	r0, .L71+4
 586 0028 FFF7FEFF 		bl	_ZN5daisy6LoggerILNS_17LoggerDestinationE2EE9PrintLineEPKcz
 587              	.LVL30:
 106:../../Planter/planter.h ****         }
 588              		.loc 9 106 31 view .LVU109
 589              	.LBE332:
 590              	.LBE331:
  42:CVCalibration.cpp ****     euro.PrintLine("CAL serial=%d", anachrome::calibration::CAL.serial);
 591              		.loc 11 42 5 is_stmt 1 view .LVU110
 592              	.LBB333:
 593              	.LBI333:
 104:../../Planter/planter.h ****         {
 594              		.loc 9 104 21 view .LVU111
 595              	.LBB334:
 106:../../Planter/planter.h ****         }
 596              		.loc 9 106 31 is_stmt 0 view .LVU112
 597 002c 0221     		movs	r1, #2
 598 002e 1048     		ldr	r0, .L71+8
 599 0030 FFF7FEFF 		bl	_ZN5daisy6LoggerILNS_17LoggerDestinationE2EE9PrintLineEPKcz
 600              	.LVL31:
 106:../../Planter/planter.h ****         }
 601              		.loc 9 106 31 view .LVU113
 602              	.LBE334:
 603              	.LBE333:
  43:CVCalibration.cpp **** 
 604              		.loc 11 43 5 is_stmt 1 view .LVU114
 605              	.LBB335:
 606              	.LBI335:
 104:../../Planter/planter.h ****         {
 607              		.loc 9 104 21 view .LVU115
 608              	.LBB336:
 106:../../Planter/planter.h ****         }
 609              		.loc 9 106 31 is_stmt 0 view .LVU116
 610 0034 0221     		movs	r1, #2
 611 0036 0F48     		ldr	r0, .L71+12
 612 0038 FFF7FEFF 		bl	_ZN5daisy6LoggerILNS_17LoggerDestinationE2EE9PrintLineEPKcz
 613              	.LVL32:
ARM GAS  C:\Users\isaia\AppData\Local\Temp\ccUIOBkL.s 			page 27


 106:../../Planter/planter.h ****         }
 614              		.loc 9 106 31 view .LVU117
 615              	.LBE336:
 616              	.LBE335:
  45:CVCalibration.cpp **** 
 617              		.loc 11 45 5 is_stmt 1 view .LVU118
  45:CVCalibration.cpp **** 
 618              		.loc 11 45 18 is_stmt 0 view .LVU119
 619 003c 4FF47A70 		mov	r0, #1000
 620 0040 FFF7FEFF 		bl	_ZN5daisy6System5DelayEm
 621              	.LVL33:
  47:CVCalibration.cpp **** 
 622              		.loc 11 47 5 is_stmt 1 view .LVU120
  47:CVCalibration.cpp **** 
 623              		.loc 11 47 26 is_stmt 0 view .LVU121
 624 0044 0C49     		ldr	r1, .L71+16
 625 0046 0D48     		ldr	r0, .L71+20
 626 0048 FFF7FEFF 		bl	_ZN5daisy8patch_sm12DaisyPatchSM10StartAudioEPFvPKPKfPPfjE
 627              	.LVL34:
  49:CVCalibration.cpp ****     usbt = now = System::GetNow();
 628              		.loc 11 49 5 is_stmt 1 view .LVU122
  50:CVCalibration.cpp **** 
 629              		.loc 11 50 5 view .LVU123
  50:CVCalibration.cpp **** 
 630              		.loc 11 50 32 is_stmt 0 view .LVU124
 631 004c FFF7FEFF 		bl	_ZN5daisy6System6GetNowEv
 632              	.LVL35:
  56:CVCalibration.cpp **** 
  57:CVCalibration.cpp ****     euro.SetLed(1, led1_state);
 633              		.loc 11 57 16 view .LVU125
 634 0050 0122     		movs	r2, #1
  50:CVCalibration.cpp **** 
 635              		.loc 11 50 32 view .LVU126
 636 0052 8146     		mov	r9, r0
 637              		.loc 11 57 16 view .LVU127
 638 0054 0448     		ldr	r0, .L71
 639 0056 1146     		mov	r1, r2
 640              	.LVL36:
  52:CVCalibration.cpp ****     bool led2_state = false;
 641              		.loc 11 52 5 is_stmt 1 view .LVU128
  53:CVCalibration.cpp ****     bool cv_out_state = true;
 642              		.loc 11 53 5 view .LVU129
  54:CVCalibration.cpp ****     bool last_button_state = false;
 643              		.loc 11 54 5 view .LVU130
  55:CVCalibration.cpp **** 
 644              		.loc 11 55 5 view .LVU131
 645              		.loc 11 57 5 view .LVU132
 646              		.loc 11 57 16 is_stmt 0 view .LVU133
 647 0058 FFF7FEFF 		bl	_ZN9anachrome7planter6SetLedEib
 648              	.LVL37:
  58:CVCalibration.cpp ****     euro.SetLed(2, led2_state);
 649              		.loc 11 58 5 is_stmt 1 view .LVU134
 650              		.loc 11 58 16 is_stmt 0 view .LVU135
 651 005c 4246     		mov	r2, r8
 652 005e 0221     		movs	r1, #2
 653 0060 0148     		ldr	r0, .L71
 654 0062 FFF7FEFF 		bl	_ZN9anachrome7planter6SetLedEib
ARM GAS  C:\Users\isaia\AppData\Local\Temp\ccUIOBkL.s 			page 28


 655              	.LVL38:
 656 0066 A8E1     		b	.L32
 657              	.L72:
 658              		.align	2
 659              	.L71:
 660 0068 00000000 		.word	.LANCHOR0
 661 006c 18000000 		.word	.LC2
 662 0070 38000000 		.word	.LC3
 663 0074 4C000000 		.word	.LC4
 664 0078 00000000 		.word	_Z13AudioCallbackPKPKfPPfj
 665 007c B8000000 		.word	.LANCHOR0+184
 666              	.LVL39:
 667              	.L21:
 668              	.LBB337:
 669              	.LBB338:
 670              	.LBI338:
  35:../../libDaisy//src/hid/switch.h **** 
  36:../../libDaisy//src/hid/switch.h ****     /** 
  37:../../libDaisy//src/hid/switch.h ****     Initializes the switch object with a given port/pin combo.
  38:../../libDaisy//src/hid/switch.h ****     \param pin port/pin object to tell the switch which hardware pin to use.
  39:../../libDaisy//src/hid/switch.h ****     \param update_rate Does nothing. Backwards compatibility until next breaking update.
  40:../../libDaisy//src/hid/switch.h ****     \param t switch type -- Default: TYPE_MOMENTARY
  41:../../libDaisy//src/hid/switch.h ****     \param pol switch polarity -- Default: POLARITY_INVERTED
  42:../../libDaisy//src/hid/switch.h ****     \param pu switch pull up/down -- Default: PULL_UP
  43:../../libDaisy//src/hid/switch.h ****     */
  44:../../libDaisy//src/hid/switch.h ****     void Init(Pin        pin,
  45:../../libDaisy//src/hid/switch.h ****               float      update_rate,
  46:../../libDaisy//src/hid/switch.h ****               Type       t,
  47:../../libDaisy//src/hid/switch.h ****               Polarity   pol,
  48:../../libDaisy//src/hid/switch.h ****               GPIO::Pull pu = GPIO::Pull::PULLUP);
  49:../../libDaisy//src/hid/switch.h **** 
  50:../../libDaisy//src/hid/switch.h ****     /**
  51:../../libDaisy//src/hid/switch.h ****        Simplified Init.
  52:../../libDaisy//src/hid/switch.h ****        \param pin port/pin object to tell the switch which hardware pin to use.
  53:../../libDaisy//src/hid/switch.h ****        \param update_rate Left for backwards compatibility until next breaking change.
  54:../../libDaisy//src/hid/switch.h ****     */
  55:../../libDaisy//src/hid/switch.h ****     void Init(Pin pin, float update_rate = 0.f);
  56:../../libDaisy//src/hid/switch.h **** 
  57:../../libDaisy//src/hid/switch.h ****     /** 
  58:../../libDaisy//src/hid/switch.h ****     Called at update_rate to debounce and handle timing for the switch.
  59:../../libDaisy//src/hid/switch.h ****     In order for events not to be missed, its important that the Edge/Pressed checks
  60:../../libDaisy//src/hid/switch.h ****     be made at the same rate as the debounce function is being called.
  61:../../libDaisy//src/hid/switch.h ****     */
  62:../../libDaisy//src/hid/switch.h ****     void Debounce();
  63:../../libDaisy//src/hid/switch.h **** 
  64:../../libDaisy//src/hid/switch.h ****     /** \return true if a button was just pressed. */
  65:../../libDaisy//src/hid/switch.h ****     inline bool RisingEdge() const { return updated_ ? state_ == 0x7f : false; }
  66:../../libDaisy//src/hid/switch.h **** 
  67:../../libDaisy//src/hid/switch.h ****     /** \return true if the button was just released */
  68:../../libDaisy//src/hid/switch.h ****     inline bool FallingEdge() const
  69:../../libDaisy//src/hid/switch.h ****     {
  70:../../libDaisy//src/hid/switch.h ****         return updated_ ? state_ == 0x80 : false;
  71:../../libDaisy//src/hid/switch.h ****     }
  72:../../libDaisy//src/hid/switch.h **** 
  73:../../libDaisy//src/hid/switch.h ****     /** \return true if the button is held down (or if the toggle is on) */
  74:../../libDaisy//src/hid/switch.h ****     inline bool Pressed() const { return state_ == 0xff; }
 671              		.loc 10 74 17 is_stmt 1 view .LVU136
ARM GAS  C:\Users\isaia\AppData\Local\Temp\ccUIOBkL.s 			page 29


 672              	.LBB339:
 673              		.loc 10 74 35 view .LVU137
 674              		.loc 10 74 35 is_stmt 0 view .LVU138
 675              	.LBE339:
 676              	.LBE338:
  59:CVCalibration.cpp **** 
  60:CVCalibration.cpp ****     while(1)
  61:CVCalibration.cpp ****     {
  62:CVCalibration.cpp ****         now = System::GetNow();
  63:CVCalibration.cpp **** 
  64:CVCalibration.cpp ****         // Detect rising edge by comparing button state frame-to-frame, rising edge detect without 
  65:CVCalibration.cpp ****         bool current_button_state = euro.button.Pressed();
  66:CVCalibration.cpp ****         if(current_button_state && !last_button_state)
  67:CVCalibration.cpp ****         {
  68:CVCalibration.cpp ****             led1_state = !led1_state;
  69:CVCalibration.cpp ****             led2_state = !led2_state;
  70:CVCalibration.cpp ****             euro.SetLed(1, led1_state);
  71:CVCalibration.cpp ****             euro.SetLed(2, led2_state);
  72:CVCalibration.cpp ****             cv_out_state = !cv_out_state;
  73:CVCalibration.cpp ****         }
  74:CVCalibration.cpp ****         last_button_state = current_button_state;
  75:CVCalibration.cpp **** 
  76:CVCalibration.cpp ****         // WHEN LED RED, CV_OUT_1 IS BEING CONTROLLED BY KNOBS and CV_OUT_2 IS CAL TESTED
  77:CVCalibration.cpp ****         // WHEN LED BLUE, CV_OUT_2 IS BEING CONTROLLED BY KNOBS AND CV_OUT_1 IS CAL TESTED
  78:CVCalibration.cpp **** 
  79:CVCalibration.cpp ****         if(euro.toggle1.Pressed() == true && euro.toggle2.Pressed() == false && euro.toggle3.Presse
  80:CVCalibration.cpp ****             if(cv_out_state)
  81:CVCalibration.cpp ****             {
  82:CVCalibration.cpp ****                 euro.WriteCvOutBipolar(CV_OUT_1, 5);
  83:CVCalibration.cpp ****                 euro.patch.WriteCvOut(CV_OUT_2, euro.GetKnobValue(planter::KNOB_1) + (euro.GetKnobV
  84:CVCalibration.cpp ****             }
  85:CVCalibration.cpp ****             else
  86:CVCalibration.cpp ****             {
  87:CVCalibration.cpp ****                 euro.WriteCvOutBipolar(CV_OUT_2, 5);
  88:CVCalibration.cpp ****                 euro.patch.WriteCvOut(CV_OUT_1, euro.GetKnobValue(planter::KNOB_1) + (euro.GetKnobV
  89:CVCalibration.cpp ****             }
  90:CVCalibration.cpp ****         }
  91:CVCalibration.cpp ****         if(euro.toggle1.Pressed() == false && euro.toggle2.Pressed() == true && euro.toggle3.Presse
 677              		.loc 11 91 44 view .LVU139
 678 0080 94F88C30 		ldrb	r3, [r4, #140]	@ zero_extendqisi2
 679 0084 FF2B     		cmp	r3, #255
 680 0086 00F03182 		beq	.L69
 681              	.L17:
 682              	.LVL40:
 683              	.LBB340:
 684              	.LBI340:
 685              		.loc 10 74 17 is_stmt 1 view .LVU140
 686              	.LBB341:
 687              		.loc 10 74 35 view .LVU141
 688              		.loc 10 74 35 is_stmt 0 view .LVU142
 689              	.LBE341:
 690              	.LBE340:
  92:CVCalibration.cpp ****             if(cv_out_state)
  93:CVCalibration.cpp ****             {
  94:CVCalibration.cpp ****                 euro.WriteCvOutBipolar(CV_OUT_1, 0);
  95:CVCalibration.cpp ****                 euro.patch.WriteCvOut(CV_OUT_2, euro.GetKnobValue(planter::KNOB_2) + (euro.GetKnobV
  96:CVCalibration.cpp ****             }
ARM GAS  C:\Users\isaia\AppData\Local\Temp\ccUIOBkL.s 			page 30


  97:CVCalibration.cpp ****             else
  98:CVCalibration.cpp ****             {
  99:CVCalibration.cpp ****                 euro.WriteCvOutBipolar(CV_OUT_2, 0);
 100:CVCalibration.cpp ****                 euro.patch.WriteCvOut(CV_OUT_1, euro.GetKnobValue(planter::KNOB_2) + (euro.GetKnobV
 101:CVCalibration.cpp ****             }
 102:CVCalibration.cpp ****         }
 103:CVCalibration.cpp **** 
 104:CVCalibration.cpp ****         if(euro.toggle1.Pressed() == false && euro.toggle2.Pressed() == false && euro.toggle3.Press
 691              		.loc 11 104 79 view .LVU143
 692 008a 94F8B030 		ldrb	r3, [r4, #176]	@ zero_extendqisi2
 693 008e FF2B     		cmp	r3, #255
 694 0090 00F06082 		beq	.L70
 695              	.L26:
 696              	.LVL41:
 697              	.LBB342:
 698              	.LBI342:
 699              		.loc 10 74 17 is_stmt 1 view .LVU144
 700              	.LBB343:
 701              		.loc 10 74 35 view .LVU145
 702              		.loc 10 74 35 is_stmt 0 view .LVU146
 703              	.LBE343:
 704              	.LBE342:
 105:CVCalibration.cpp ****             if(cv_out_state)
 106:CVCalibration.cpp ****             {
 107:CVCalibration.cpp ****                 euro.WriteCvOutBipolar(CV_OUT_1, -5); 
 108:CVCalibration.cpp ****                 euro.patch.WriteCvOut(CV_OUT_2, euro.GetKnobValue(planter::KNOB_3) + (euro.GetKnobV
 109:CVCalibration.cpp ****             }
 110:CVCalibration.cpp ****             else
 111:CVCalibration.cpp ****             {
 112:CVCalibration.cpp ****                 euro.WriteCvOutBipolar(CV_OUT_2, -5); 
 113:CVCalibration.cpp ****                 euro.patch.WriteCvOut(CV_OUT_1, euro.GetKnobValue(planter::KNOB_3) + (euro.GetKnobV
 114:CVCalibration.cpp ****             }
 115:CVCalibration.cpp ****         }
 116:CVCalibration.cpp **** 
 117:CVCalibration.cpp ****         if(euro.toggle1.Pressed() == false && euro.toggle2.Pressed() == false && euro.toggle3.Press
 705              		.loc 11 117 79 view .LVU147
 706 0094 94F8B030 		ldrb	r3, [r4, #176]	@ zero_extendqisi2
 707 0098 FF2B     		cmp	r3, #255
 708 009a 3FD0     		beq	.L33
 118:CVCalibration.cpp ****                 euro.patch.WriteCvOut(CV_OUT_2, (euro.GetKnobValue(planter::KNOB_4) *4) + euro.GetK
 709              		.loc 11 118 17 is_stmt 1 view .LVU148
 710              		.loc 11 118 67 is_stmt 0 view .LVU149
 711 009c 0721     		movs	r1, #7
 712 009e D848     		ldr	r0, .L73+8
 713 00a0 FFF7FEFF 		bl	_ZN9anachrome7planter12GetKnobValueEi
 714              	.LVL42:
 715              		.loc 11 118 89 view .LVU150
 716 00a4 F1EE009A 		vmov.f32	s19, #4.0e+0
 717              		.loc 11 118 67 view .LVU151
 718 00a8 B0EE409A 		vmov.f32	s18, s0
 719              		.loc 11 118 108 view .LVU152
 720 00ac 0821     		movs	r1, #8
 721 00ae D448     		ldr	r0, .L73+8
 722 00b0 FFF7FEFF 		bl	_ZN9anachrome7planter12GetKnobValueEi
 723              	.LVL43:
 724              		.loc 11 118 146 view .LVU153
 725 00b4 0921     		movs	r1, #9
ARM GAS  C:\Users\isaia\AppData\Local\Temp\ccUIOBkL.s 			page 31


 726              		.loc 11 118 89 view .LVU154
 727 00b6 A9EE290A 		vfma.f32	s0, s18, s19
 728              		.loc 11 118 146 view .LVU155
 729 00ba D148     		ldr	r0, .L73+8
 730              		.loc 11 118 126 view .LVU156
 731 00bc 9FEDCEAB 		vldr.64	d10, .L73
 732              		.loc 11 118 89 view .LVU157
 733 00c0 B0EE408A 		vmov.f32	s16, s0
 734              		.loc 11 118 146 view .LVU158
 735 00c4 FFF7FEFF 		bl	_ZN9anachrome7planter12GetKnobValueEi
 736              	.LVL44:
 737 00c8 B7EEC00A 		vcvt.f64.f32	d0, s0
 738              		.loc 11 118 38 view .LVU159
 739 00cc 0221     		movs	r1, #2
 740 00ce CD48     		ldr	r0, .L73+12
 741              		.loc 11 118 89 view .LVU160
 742 00d0 B7EEC87A 		vcvt.f64.f32	d7, s16
 743              		.loc 11 118 126 view .LVU161
 744 00d4 A0EE0A7B 		vfma.f64	d7, d0, d10
 745              		.loc 11 118 38 view .LVU162
 746 00d8 B7EEC70B 		vcvt.f32.f64	s0, d7
 747 00dc FFF7FEFF 		bl	_ZN5daisy8patch_sm12DaisyPatchSM10WriteCvOutEif
 748              	.LVL45:
 119:CVCalibration.cpp ****                 euro.patch.WriteCvOut(CV_OUT_1, (euro.GetKnobValue(planter::KNOB_1) *4) + euro.GetK
 749              		.loc 11 119 17 is_stmt 1 view .LVU163
 750              		.loc 11 119 67 is_stmt 0 view .LVU164
 751 00e0 0421     		movs	r1, #4
 752 00e2 C748     		ldr	r0, .L73+8
 753 00e4 FFF7FEFF 		bl	_ZN9anachrome7planter12GetKnobValueEi
 754              	.LVL46:
 755 00e8 B0EE409A 		vmov.f32	s18, s0
 756              		.loc 11 119 108 view .LVU165
 757 00ec 0521     		movs	r1, #5
 758 00ee C448     		ldr	r0, .L73+8
 759 00f0 FFF7FEFF 		bl	_ZN9anachrome7planter12GetKnobValueEi
 760              	.LVL47:
 761              		.loc 11 119 146 view .LVU166
 762 00f4 0621     		movs	r1, #6
 763              		.loc 11 119 89 view .LVU167
 764 00f6 A9EE290A 		vfma.f32	s0, s18, s19
 765              		.loc 11 119 146 view .LVU168
 766 00fa C148     		ldr	r0, .L73+8
 767              		.loc 11 119 89 view .LVU169
 768 00fc B0EE408A 		vmov.f32	s16, s0
 769              		.loc 11 119 146 view .LVU170
 770 0100 FFF7FEFF 		bl	_ZN9anachrome7planter12GetKnobValueEi
 771              	.LVL48:
 772 0104 B7EEC00A 		vcvt.f64.f32	d0, s0
 773              		.loc 11 119 38 view .LVU171
 774 0108 0121     		movs	r1, #1
 775 010a BE48     		ldr	r0, .L73+12
 776              		.loc 11 119 89 view .LVU172
 777 010c B7EEC87A 		vcvt.f64.f32	d7, s16
 778              		.loc 11 119 126 view .LVU173
 779 0110 A0EE0A7B 		vfma.f64	d7, d0, d10
 780              		.loc 11 119 38 view .LVU174
 781 0114 B7EEC70B 		vcvt.f32.f64	s0, d7
ARM GAS  C:\Users\isaia\AppData\Local\Temp\ccUIOBkL.s 			page 32


 782 0118 FFF7FEFF 		bl	_ZN5daisy8patch_sm12DaisyPatchSM10WriteCvOutEif
 783              	.LVL49:
 784              	.L33:
 120:CVCalibration.cpp ****         }
 121:CVCalibration.cpp **** 
 122:CVCalibration.cpp ****         if(now - usbt > 100)
 785              		.loc 11 122 9 is_stmt 1 view .LVU175
 786              	.LBB344:
 787              		.loc 11 122 16 is_stmt 0 view .LVU176
 788 011c A5EB0903 		sub	r3, r5, r9
 789              		.loc 11 122 9 view .LVU177
 790 0120 642B     		cmp	r3, #100
 791 0122 40F24681 		bls	.L30
 792              	.LBB345:
 123:CVCalibration.cpp ****         {
 124:CVCalibration.cpp **** 
 125:CVCalibration.cpp ****             euro.PrintLine("######################");
 793              		.loc 11 125 13 is_stmt 1 view .LVU178
 794              	.LVL50:
 795              	.LBB346:
 796              	.LBI346:
 104:../../Planter/planter.h ****         {
 797              		.loc 9 104 21 view .LVU179
 798              	.LBB347:
 106:../../Planter/planter.h ****         }
 799              		.loc 9 106 31 is_stmt 0 view .LVU180
 800 0126 B848     		ldr	r0, .L73+16
 801              	.LBE347:
 802              	.LBE346:
 126:CVCalibration.cpp ****             euro.PrintLine("Analog Out:");
 127:CVCalibration.cpp ****             euro.PrintLine("CALIBRATING: %s", cv_out_state ? "CV_OUT_2" : "CV_OUT_1");
 128:CVCalibration.cpp **** 
 129:CVCalibration.cpp ****             float cal1 = euro.GetKnobValue(planter::KNOB_1) + (euro.GetKnobValue(planter::KNOB_4) *
 130:CVCalibration.cpp ****             euro.PrintLine("VAL CV_OUT_HIGH: %1.3f", cal1);
 131:CVCalibration.cpp **** 
 132:CVCalibration.cpp ****             float cal2 = euro.GetKnobValue(planter::KNOB_2) + (euro.GetKnobValue(planter::KNOB_5) *
 133:CVCalibration.cpp ****             euro.PrintLine("VAL CV_OUT_MID: %1.3f", cal2);
 134:CVCalibration.cpp ****             
 135:CVCalibration.cpp ****             float cal3 = euro.GetKnobValue(planter::KNOB_3) + (euro.GetKnobValue(planter::KNOB_6) *
 136:CVCalibration.cpp ****             euro.PrintLine("VAL CV_OUT_LOW: %1.3f", cal3);
 137:CVCalibration.cpp **** 
 138:CVCalibration.cpp ****             
 139:CVCalibration.cpp ****             euro.PrintLine("Analog In:");
 140:CVCalibration.cpp **** 
 141:CVCalibration.cpp ****             euro.PrintLine("CAL CV1: %1.4f", euro.GetCvIn(CV_1));
 142:CVCalibration.cpp ****             euro.PrintLine("RAW CV1: %1.4f", euro.patch.GetAdcValue(CV_1));
 143:CVCalibration.cpp **** 
 144:CVCalibration.cpp ****             euro.PrintLine("CAL CV2: %1.4f", euro.GetCvIn(CV_2));
 145:CVCalibration.cpp ****             euro.PrintLine("RAW CV2: %1.4f", euro.patch.GetAdcValue(CV_2));
 146:CVCalibration.cpp **** 
 147:CVCalibration.cpp ****             euro.PrintLine("CAL CV3: %1.4f", euro.GetCvIn(CV_3));
 148:CVCalibration.cpp ****             euro.PrintLine("RAW CV3: %1.4f", euro.patch.GetAdcValue(CV_3));
 149:CVCalibration.cpp **** 
 150:CVCalibration.cpp ****             euro.PrintLine("CAL CV4: %1.4f", euro.GetCvIn(CV_4));
 151:CVCalibration.cpp ****             euro.PrintLine("RAW CV4: %1.4f", euro.patch.GetAdcValue(CV_4));
 152:CVCalibration.cpp **** 
 153:CVCalibration.cpp ****             euro.PrintLine("Knobs:");
ARM GAS  C:\Users\isaia\AppData\Local\Temp\ccUIOBkL.s 			page 33


 154:CVCalibration.cpp **** 
 155:CVCalibration.cpp ****             euro.PrintLine("CAL Knob1: %1.4f", euro.GetKnobValue(planter::KNOB_1));
 156:CVCalibration.cpp ****             euro.PrintLine("RAW Knob1: %1.4f", euro.patch.GetAdcValue(planter::KNOB_1));
 157:CVCalibration.cpp **** 
 158:CVCalibration.cpp ****             euro.PrintLine("CAL Knob2: %1.4f", euro.GetKnobValue(planter::KNOB_2));
 159:CVCalibration.cpp ****             euro.PrintLine("RAW Knob2: %1.4f", euro.patch.GetAdcValue(planter::KNOB_2));
 160:CVCalibration.cpp **** 
 161:CVCalibration.cpp ****             euro.PrintLine("CAL Knob3: %1.4f", euro.GetKnobValue(planter::KNOB_3));
 162:CVCalibration.cpp ****             euro.PrintLine("RAW Knob3: %1.4f", euro.patch.GetAdcValue(planter::KNOB_3));
 163:CVCalibration.cpp **** 
 164:CVCalibration.cpp ****             euro.PrintLine("CAL Knob4: %1.4f", euro.GetKnobValue(planter::KNOB_4));
 165:CVCalibration.cpp ****             euro.PrintLine("RAW Knob4: %1.4f", euro.patch.GetAdcValue(planter::KNOB_4));
 166:CVCalibration.cpp **** 
 167:CVCalibration.cpp ****             euro.PrintLine("CAL Knob5: %1.4f", euro.GetKnobValue(planter::KNOB_5));
 168:CVCalibration.cpp ****             euro.PrintLine("RAW Knob5: %1.4f", euro.patch.GetAdcValue(planter::KNOB_5));
 169:CVCalibration.cpp **** 
 170:CVCalibration.cpp ****             euro.PrintLine("CAL Knob6: %1.4f", euro.GetKnobValue(planter::KNOB_6));
 171:CVCalibration.cpp ****             euro.PrintLine("RAW Knob6: %1.4f", euro.patch.GetAdcValue(planter::KNOB_6));
 172:CVCalibration.cpp **** 
 173:CVCalibration.cpp ****             usbt = now;
 803              		.loc 11 173 18 view .LVU181
 804 0128 A946     		mov	r9, r5
 805              	.LVL51:
 806              	.LBB349:
 807              	.LBB348:
 106:../../Planter/planter.h ****         }
 808              		.loc 9 106 31 view .LVU182
 809 012a FFF7FEFF 		bl	_ZN5daisy6LoggerILNS_17LoggerDestinationE2EE9PrintLineEPKcz
 810              	.LVL52:
 106:../../Planter/planter.h ****         }
 811              		.loc 9 106 31 view .LVU183
 812              	.LBE348:
 813              	.LBE349:
 126:CVCalibration.cpp ****             euro.PrintLine("Analog Out:");
 814              		.loc 11 126 13 is_stmt 1 view .LVU184
 815              	.LBB350:
 816              	.LBI350:
 104:../../Planter/planter.h ****         {
 817              		.loc 9 104 21 view .LVU185
 818              	.LBB351:
 106:../../Planter/planter.h ****         }
 819              		.loc 9 106 31 is_stmt 0 view .LVU186
 820 012e B748     		ldr	r0, .L73+20
 821 0130 FFF7FEFF 		bl	_ZN5daisy6LoggerILNS_17LoggerDestinationE2EE9PrintLineEPKcz
 822              	.LVL53:
 106:../../Planter/planter.h ****         }
 823              		.loc 9 106 31 view .LVU187
 824              	.LBE351:
 825              	.LBE350:
 127:CVCalibration.cpp **** 
 826              		.loc 11 127 13 is_stmt 1 view .LVU188
 127:CVCalibration.cpp **** 
 827              		.loc 11 127 27 is_stmt 0 view .LVU189
 828 0134 B64B     		ldr	r3, .L73+24
 829 0136 B749     		ldr	r1, .L73+28
 830              	.LVL54:
 831              	.LBB352:
ARM GAS  C:\Users\isaia\AppData\Local\Temp\ccUIOBkL.s 			page 34


 832              	.LBI352:
 104:../../Planter/planter.h ****         {
 833              		.loc 9 104 21 is_stmt 1 view .LVU190
 834              	.LBB353:
 106:../../Planter/planter.h ****         }
 835              		.loc 9 106 31 is_stmt 0 view .LVU191
 836 0138 B748     		ldr	r0, .L73+32
 837 013a 002F     		cmp	r7, #0
 838 013c 08BF     		it	eq
 839 013e 1946     		moveq	r1, r3
 840              	.LVL55:
 106:../../Planter/planter.h ****         }
 841              		.loc 9 106 31 view .LVU192
 842 0140 FFF7FEFF 		bl	_ZN5daisy6LoggerILNS_17LoggerDestinationE2EE9PrintLineEPKcz
 843              	.LVL56:
 106:../../Planter/planter.h ****         }
 844              		.loc 9 106 31 view .LVU193
 845              	.LBE353:
 846              	.LBE352:
 129:CVCalibration.cpp ****             euro.PrintLine("VAL CV_OUT_HIGH: %1.3f", cal1);
 847              		.loc 11 129 13 is_stmt 1 view .LVU194
 129:CVCalibration.cpp ****             euro.PrintLine("VAL CV_OUT_HIGH: %1.3f", cal1);
 848              		.loc 11 129 43 is_stmt 0 view .LVU195
 849 0144 0421     		movs	r1, #4
 850 0146 AE48     		ldr	r0, .L73+8
 851 0148 FFF7FEFF 		bl	_ZN9anachrome7planter12GetKnobValueEi
 852              	.LVL57:
 853 014c B0EE408A 		vmov.f32	s16, s0
 129:CVCalibration.cpp ****             euro.PrintLine("VAL CV_OUT_HIGH: %1.3f", cal1);
 854              		.loc 11 129 81 view .LVU196
 855 0150 0721     		movs	r1, #7
 856 0152 AB48     		ldr	r0, .L73+8
 857 0154 FFF7FEFF 		bl	_ZN9anachrome7planter12GetKnobValueEi
 858              	.LVL58:
 859 0158 B7EEC00A 		vcvt.f64.f32	d0, s0
 129:CVCalibration.cpp ****             euro.PrintLine("VAL CV_OUT_HIGH: %1.3f", cal1);
 860              		.loc 11 129 43 view .LVU197
 861 015c B7EEC87A 		vcvt.f64.f32	d7, s16
 862              	.LBB354:
 863              	.LBB355:
 106:../../Planter/planter.h ****         }
 864              		.loc 9 106 31 view .LVU198
 865 0160 AE48     		ldr	r0, .L73+36
 866              	.LBE355:
 867              	.LBE354:
 129:CVCalibration.cpp ****             euro.PrintLine("VAL CV_OUT_HIGH: %1.3f", cal1);
 868              		.loc 11 129 61 view .LVU199
 869 0162 9FEDA59B 		vldr.64	d9, .L73
 870 0166 A0EE097B 		vfma.f64	d7, d0, d9
 871              	.LVL59:
 130:CVCalibration.cpp **** 
 872              		.loc 11 130 13 is_stmt 1 view .LVU200
 873              	.LBB357:
 874              	.LBI354:
 104:../../Planter/planter.h ****         {
 875              		.loc 9 104 21 view .LVU201
 876              	.LBE357:
ARM GAS  C:\Users\isaia\AppData\Local\Temp\ccUIOBkL.s 			page 35


 129:CVCalibration.cpp ****             euro.PrintLine("VAL CV_OUT_HIGH: %1.3f", cal1);
 877              		.loc 11 129 105 is_stmt 0 view .LVU202
 878 016a B7EEC77B 		vcvt.f32.f64	s14, d7
 879              	.LVL60:
 880              	.LBB358:
 881              	.LBB356:
 106:../../Planter/planter.h ****         }
 882              		.loc 9 106 31 view .LVU203
 883 016e B7EEC77A 		vcvt.f64.f32	d7, s14
 884              	.LVL61:
 106:../../Planter/planter.h ****         }
 885              		.loc 9 106 31 view .LVU204
 886 0172 53EC172B 		vmov	r2, r3, d7
 887 0176 FFF7FEFF 		bl	_ZN5daisy6LoggerILNS_17LoggerDestinationE2EE9PrintLineEPKcz
 888              	.LVL62:
 106:../../Planter/planter.h ****         }
 889              		.loc 9 106 31 view .LVU205
 890              	.LBE356:
 891              	.LBE358:
 132:CVCalibration.cpp ****             euro.PrintLine("VAL CV_OUT_MID: %1.3f", cal2);
 892              		.loc 11 132 13 is_stmt 1 view .LVU206
 132:CVCalibration.cpp ****             euro.PrintLine("VAL CV_OUT_MID: %1.3f", cal2);
 893              		.loc 11 132 43 is_stmt 0 view .LVU207
 894 017a 0521     		movs	r1, #5
 895 017c A048     		ldr	r0, .L73+8
 896 017e FFF7FEFF 		bl	_ZN9anachrome7planter12GetKnobValueEi
 897              	.LVL63:
 898 0182 B0EE408A 		vmov.f32	s16, s0
 132:CVCalibration.cpp ****             euro.PrintLine("VAL CV_OUT_MID: %1.3f", cal2);
 899              		.loc 11 132 81 view .LVU208
 900 0186 0821     		movs	r1, #8
 901 0188 9D48     		ldr	r0, .L73+8
 902 018a FFF7FEFF 		bl	_ZN9anachrome7planter12GetKnobValueEi
 903              	.LVL64:
 904 018e B7EEC00A 		vcvt.f64.f32	d0, s0
 132:CVCalibration.cpp ****             euro.PrintLine("VAL CV_OUT_MID: %1.3f", cal2);
 905              		.loc 11 132 43 view .LVU209
 906 0192 B7EEC87A 		vcvt.f64.f32	d7, s16
 907              	.LBB359:
 908              	.LBB360:
 106:../../Planter/planter.h ****         }
 909              		.loc 9 106 31 view .LVU210
 910 0196 A248     		ldr	r0, .L73+40
 911              	.LBE360:
 912              	.LBE359:
 132:CVCalibration.cpp ****             euro.PrintLine("VAL CV_OUT_MID: %1.3f", cal2);
 913              		.loc 11 132 106 view .LVU211
 914 0198 B0EE006B 		vmov.f64	d6, #2.0e+0
 132:CVCalibration.cpp ****             euro.PrintLine("VAL CV_OUT_MID: %1.3f", cal2);
 915              		.loc 11 132 61 view .LVU212
 916 019c A0EE097B 		vfma.f64	d7, d0, d9
 917              	.LVL65:
 133:CVCalibration.cpp ****             
 918              		.loc 11 133 13 is_stmt 1 view .LVU213
 919              	.LBB362:
 920              	.LBI359:
 104:../../Planter/planter.h ****         {
ARM GAS  C:\Users\isaia\AppData\Local\Temp\ccUIOBkL.s 			page 36


 921              		.loc 9 104 21 view .LVU214
 922              	.LBE362:
 132:CVCalibration.cpp ****             euro.PrintLine("VAL CV_OUT_MID: %1.3f", cal2);
 923              		.loc 11 132 106 is_stmt 0 view .LVU215
 924 01a0 37EE067B 		vadd.f64	d7, d7, d6
 925              	.LVL66:
 132:CVCalibration.cpp ****             euro.PrintLine("VAL CV_OUT_MID: %1.3f", cal2);
 926              		.loc 11 132 108 view .LVU216
 927 01a4 B7EEC77B 		vcvt.f32.f64	s14, d7
 928              	.LVL67:
 929              	.LBB363:
 930              	.LBB361:
 106:../../Planter/planter.h ****         }
 931              		.loc 9 106 31 view .LVU217
 932 01a8 B7EEC77A 		vcvt.f64.f32	d7, s14
 933              	.LVL68:
 106:../../Planter/planter.h ****         }
 934              		.loc 9 106 31 view .LVU218
 935 01ac 53EC172B 		vmov	r2, r3, d7
 936 01b0 FFF7FEFF 		bl	_ZN5daisy6LoggerILNS_17LoggerDestinationE2EE9PrintLineEPKcz
 937              	.LVL69:
 106:../../Planter/planter.h ****         }
 938              		.loc 9 106 31 view .LVU219
 939              	.LBE361:
 940              	.LBE363:
 135:CVCalibration.cpp ****             euro.PrintLine("VAL CV_OUT_LOW: %1.3f", cal3);
 941              		.loc 11 135 13 is_stmt 1 view .LVU220
 135:CVCalibration.cpp ****             euro.PrintLine("VAL CV_OUT_LOW: %1.3f", cal3);
 942              		.loc 11 135 43 is_stmt 0 view .LVU221
 943 01b4 0621     		movs	r1, #6
 944 01b6 9248     		ldr	r0, .L73+8
 945 01b8 FFF7FEFF 		bl	_ZN9anachrome7planter12GetKnobValueEi
 946              	.LVL70:
 947 01bc B0EE408A 		vmov.f32	s16, s0
 135:CVCalibration.cpp ****             euro.PrintLine("VAL CV_OUT_LOW: %1.3f", cal3);
 948              		.loc 11 135 81 view .LVU222
 949 01c0 0921     		movs	r1, #9
 950 01c2 8F48     		ldr	r0, .L73+8
 951 01c4 FFF7FEFF 		bl	_ZN9anachrome7planter12GetKnobValueEi
 952              	.LVL71:
 953 01c8 B7EEC00A 		vcvt.f64.f32	d0, s0
 135:CVCalibration.cpp ****             euro.PrintLine("VAL CV_OUT_LOW: %1.3f", cal3);
 954              		.loc 11 135 43 view .LVU223
 955 01cc B7EEC87A 		vcvt.f64.f32	d7, s16
 956              	.LBB364:
 957              	.LBB365:
 106:../../Planter/planter.h ****         }
 958              		.loc 9 106 31 view .LVU224
 959 01d0 9448     		ldr	r0, .L73+44
 960              	.LBE365:
 961              	.LBE364:
 135:CVCalibration.cpp ****             euro.PrintLine("VAL CV_OUT_LOW: %1.3f", cal3);
 962              		.loc 11 135 107 view .LVU225
 963 01d2 B1EE006B 		vmov.f64	d6, #4.0e+0
 135:CVCalibration.cpp ****             euro.PrintLine("VAL CV_OUT_LOW: %1.3f", cal3);
 964              		.loc 11 135 61 view .LVU226
 965 01d6 A0EE097B 		vfma.f64	d7, d0, d9
ARM GAS  C:\Users\isaia\AppData\Local\Temp\ccUIOBkL.s 			page 37


 966              	.LVL72:
 136:CVCalibration.cpp **** 
 967              		.loc 11 136 13 is_stmt 1 view .LVU227
 968              	.LBB367:
 969              	.LBI364:
 104:../../Planter/planter.h ****         {
 970              		.loc 9 104 21 view .LVU228
 971              	.LBE367:
 135:CVCalibration.cpp ****             euro.PrintLine("VAL CV_OUT_LOW: %1.3f", cal3);
 972              		.loc 11 135 107 is_stmt 0 view .LVU229
 973 01da 37EE067B 		vadd.f64	d7, d7, d6
 974              	.LVL73:
 135:CVCalibration.cpp ****             euro.PrintLine("VAL CV_OUT_LOW: %1.3f", cal3);
 975              		.loc 11 135 109 view .LVU230
 976 01de B7EEC77B 		vcvt.f32.f64	s14, d7
 977              	.LVL74:
 978              	.LBB368:
 979              	.LBB366:
 106:../../Planter/planter.h ****         }
 980              		.loc 9 106 31 view .LVU231
 981 01e2 B7EEC77A 		vcvt.f64.f32	d7, s14
 982              	.LVL75:
 106:../../Planter/planter.h ****         }
 983              		.loc 9 106 31 view .LVU232
 984 01e6 53EC172B 		vmov	r2, r3, d7
 985 01ea FFF7FEFF 		bl	_ZN5daisy6LoggerILNS_17LoggerDestinationE2EE9PrintLineEPKcz
 986              	.LVL76:
 106:../../Planter/planter.h ****         }
 987              		.loc 9 106 31 view .LVU233
 988              	.LBE366:
 989              	.LBE368:
 139:CVCalibration.cpp **** 
 990              		.loc 11 139 13 is_stmt 1 view .LVU234
 991              	.LBB369:
 992              	.LBI369:
 104:../../Planter/planter.h ****         {
 993              		.loc 9 104 21 view .LVU235
 994              	.LBB370:
 106:../../Planter/planter.h ****         }
 995              		.loc 9 106 31 is_stmt 0 view .LVU236
 996 01ee 8E48     		ldr	r0, .L73+48
 997 01f0 FFF7FEFF 		bl	_ZN5daisy6LoggerILNS_17LoggerDestinationE2EE9PrintLineEPKcz
 998              	.LVL77:
 106:../../Planter/planter.h ****         }
 999              		.loc 9 106 31 view .LVU237
 1000              	.LBE370:
 1001              	.LBE369:
 141:CVCalibration.cpp ****             euro.PrintLine("RAW CV1: %1.4f", euro.patch.GetAdcValue(CV_1));
 1002              		.loc 11 141 13 is_stmt 1 view .LVU238
 141:CVCalibration.cpp ****             euro.PrintLine("RAW CV1: %1.4f", euro.patch.GetAdcValue(CV_1));
 1003              		.loc 11 141 27 is_stmt 0 view .LVU239
 1004 01f4 0021     		movs	r1, #0
 1005 01f6 8248     		ldr	r0, .L73+8
 1006 01f8 FFF7FEFF 		bl	_ZN9anachrome7planter7GetCvInEi
 1007              	.LVL78:
 1008              	.LBB371:
 1009              	.LBI371:
ARM GAS  C:\Users\isaia\AppData\Local\Temp\ccUIOBkL.s 			page 38


 104:../../Planter/planter.h ****         {
 1010              		.loc 9 104 21 is_stmt 1 view .LVU240
 1011              	.LBB372:
 106:../../Planter/planter.h ****         }
 1012              		.loc 9 106 31 is_stmt 0 view .LVU241
 1013 01fc B7EEC07A 		vcvt.f64.f32	d7, s0
 1014 0200 8A48     		ldr	r0, .L73+52
 1015 0202 53EC172B 		vmov	r2, r3, d7
 1016 0206 FFF7FEFF 		bl	_ZN5daisy6LoggerILNS_17LoggerDestinationE2EE9PrintLineEPKcz
 1017              	.LVL79:
 106:../../Planter/planter.h ****         }
 1018              		.loc 9 106 31 view .LVU242
 1019              	.LBE372:
 1020              	.LBE371:
 142:CVCalibration.cpp **** 
 1021              		.loc 11 142 13 is_stmt 1 view .LVU243
 142:CVCalibration.cpp **** 
 1022              		.loc 11 142 27 is_stmt 0 view .LVU244
 1023 020a 0021     		movs	r1, #0
 1024 020c 7D48     		ldr	r0, .L73+12
 1025 020e FFF7FEFF 		bl	_ZN5daisy8patch_sm12DaisyPatchSM11GetAdcValueEi
 1026              	.LVL80:
 1027              	.LBB373:
 1028              	.LBI373:
 104:../../Planter/planter.h ****         {
 1029              		.loc 9 104 21 is_stmt 1 view .LVU245
 1030              	.LBB374:
 106:../../Planter/planter.h ****         }
 1031              		.loc 9 106 31 is_stmt 0 view .LVU246
 1032 0212 B7EEC07A 		vcvt.f64.f32	d7, s0
 1033 0216 8648     		ldr	r0, .L73+56
 1034 0218 53EC172B 		vmov	r2, r3, d7
 1035 021c FFF7FEFF 		bl	_ZN5daisy6LoggerILNS_17LoggerDestinationE2EE9PrintLineEPKcz
 1036              	.LVL81:
 106:../../Planter/planter.h ****         }
 1037              		.loc 9 106 31 view .LVU247
 1038              	.LBE374:
 1039              	.LBE373:
 144:CVCalibration.cpp ****             euro.PrintLine("RAW CV2: %1.4f", euro.patch.GetAdcValue(CV_2));
 1040              		.loc 11 144 13 is_stmt 1 view .LVU248
 144:CVCalibration.cpp ****             euro.PrintLine("RAW CV2: %1.4f", euro.patch.GetAdcValue(CV_2));
 1041              		.loc 11 144 27 is_stmt 0 view .LVU249
 1042 0220 0121     		movs	r1, #1
 1043 0222 7748     		ldr	r0, .L73+8
 1044 0224 FFF7FEFF 		bl	_ZN9anachrome7planter7GetCvInEi
 1045              	.LVL82:
 1046              	.LBB375:
 1047              	.LBI375:
 104:../../Planter/planter.h ****         {
 1048              		.loc 9 104 21 is_stmt 1 view .LVU250
 1049              	.LBB376:
 106:../../Planter/planter.h ****         }
 1050              		.loc 9 106 31 is_stmt 0 view .LVU251
 1051 0228 B7EEC07A 		vcvt.f64.f32	d7, s0
 1052 022c 8148     		ldr	r0, .L73+60
 1053 022e 53EC172B 		vmov	r2, r3, d7
 1054 0232 FFF7FEFF 		bl	_ZN5daisy6LoggerILNS_17LoggerDestinationE2EE9PrintLineEPKcz
ARM GAS  C:\Users\isaia\AppData\Local\Temp\ccUIOBkL.s 			page 39


 1055              	.LVL83:
 106:../../Planter/planter.h ****         }
 1056              		.loc 9 106 31 view .LVU252
 1057              	.LBE376:
 1058              	.LBE375:
 145:CVCalibration.cpp **** 
 1059              		.loc 11 145 13 is_stmt 1 view .LVU253
 145:CVCalibration.cpp **** 
 1060              		.loc 11 145 27 is_stmt 0 view .LVU254
 1061 0236 0121     		movs	r1, #1
 1062 0238 7248     		ldr	r0, .L73+12
 1063 023a FFF7FEFF 		bl	_ZN5daisy8patch_sm12DaisyPatchSM11GetAdcValueEi
 1064              	.LVL84:
 1065              	.LBB377:
 1066              	.LBI377:
 104:../../Planter/planter.h ****         {
 1067              		.loc 9 104 21 is_stmt 1 view .LVU255
 1068              	.LBB378:
 106:../../Planter/planter.h ****         }
 1069              		.loc 9 106 31 is_stmt 0 view .LVU256
 1070 023e B7EEC07A 		vcvt.f64.f32	d7, s0
 1071 0242 7D48     		ldr	r0, .L73+64
 1072 0244 53EC172B 		vmov	r2, r3, d7
 1073 0248 FFF7FEFF 		bl	_ZN5daisy6LoggerILNS_17LoggerDestinationE2EE9PrintLineEPKcz
 1074              	.LVL85:
 106:../../Planter/planter.h ****         }
 1075              		.loc 9 106 31 view .LVU257
 1076              	.LBE378:
 1077              	.LBE377:
 147:CVCalibration.cpp ****             euro.PrintLine("RAW CV3: %1.4f", euro.patch.GetAdcValue(CV_3));
 1078              		.loc 11 147 13 is_stmt 1 view .LVU258
 147:CVCalibration.cpp ****             euro.PrintLine("RAW CV3: %1.4f", euro.patch.GetAdcValue(CV_3));
 1079              		.loc 11 147 27 is_stmt 0 view .LVU259
 1080 024c 0221     		movs	r1, #2
 1081 024e 6C48     		ldr	r0, .L73+8
 1082 0250 FFF7FEFF 		bl	_ZN9anachrome7planter7GetCvInEi
 1083              	.LVL86:
 1084              	.LBB379:
 1085              	.LBI379:
 104:../../Planter/planter.h ****         {
 1086              		.loc 9 104 21 is_stmt 1 view .LVU260
 1087              	.LBB380:
 106:../../Planter/planter.h ****         }
 1088              		.loc 9 106 31 is_stmt 0 view .LVU261
 1089 0254 B7EEC07A 		vcvt.f64.f32	d7, s0
 1090 0258 7848     		ldr	r0, .L73+68
 1091 025a 53EC172B 		vmov	r2, r3, d7
 1092 025e FFF7FEFF 		bl	_ZN5daisy6LoggerILNS_17LoggerDestinationE2EE9PrintLineEPKcz
 1093              	.LVL87:
 106:../../Planter/planter.h ****         }
 1094              		.loc 9 106 31 view .LVU262
 1095              	.LBE380:
 1096              	.LBE379:
 148:CVCalibration.cpp **** 
 1097              		.loc 11 148 13 is_stmt 1 view .LVU263
 148:CVCalibration.cpp **** 
 1098              		.loc 11 148 27 is_stmt 0 view .LVU264
ARM GAS  C:\Users\isaia\AppData\Local\Temp\ccUIOBkL.s 			page 40


 1099 0262 0221     		movs	r1, #2
 1100 0264 6748     		ldr	r0, .L73+12
 1101 0266 FFF7FEFF 		bl	_ZN5daisy8patch_sm12DaisyPatchSM11GetAdcValueEi
 1102              	.LVL88:
 1103              	.LBB381:
 1104              	.LBI381:
 104:../../Planter/planter.h ****         {
 1105              		.loc 9 104 21 is_stmt 1 view .LVU265
 1106              	.LBB382:
 106:../../Planter/planter.h ****         }
 1107              		.loc 9 106 31 is_stmt 0 view .LVU266
 1108 026a B7EEC07A 		vcvt.f64.f32	d7, s0
 1109 026e 7448     		ldr	r0, .L73+72
 1110 0270 53EC172B 		vmov	r2, r3, d7
 1111 0274 FFF7FEFF 		bl	_ZN5daisy6LoggerILNS_17LoggerDestinationE2EE9PrintLineEPKcz
 1112              	.LVL89:
 106:../../Planter/planter.h ****         }
 1113              		.loc 9 106 31 view .LVU267
 1114              	.LBE382:
 1115              	.LBE381:
 150:CVCalibration.cpp ****             euro.PrintLine("RAW CV4: %1.4f", euro.patch.GetAdcValue(CV_4));
 1116              		.loc 11 150 13 is_stmt 1 view .LVU268
 150:CVCalibration.cpp ****             euro.PrintLine("RAW CV4: %1.4f", euro.patch.GetAdcValue(CV_4));
 1117              		.loc 11 150 27 is_stmt 0 view .LVU269
 1118 0278 0321     		movs	r1, #3
 1119 027a 6148     		ldr	r0, .L73+8
 1120 027c FFF7FEFF 		bl	_ZN9anachrome7planter7GetCvInEi
 1121              	.LVL90:
 1122              	.LBB383:
 1123              	.LBI383:
 104:../../Planter/planter.h ****         {
 1124              		.loc 9 104 21 is_stmt 1 view .LVU270
 1125              	.LBB384:
 106:../../Planter/planter.h ****         }
 1126              		.loc 9 106 31 is_stmt 0 view .LVU271
 1127 0280 B7EEC07A 		vcvt.f64.f32	d7, s0
 1128 0284 6F48     		ldr	r0, .L73+76
 1129 0286 53EC172B 		vmov	r2, r3, d7
 1130 028a FFF7FEFF 		bl	_ZN5daisy6LoggerILNS_17LoggerDestinationE2EE9PrintLineEPKcz
 1131              	.LVL91:
 106:../../Planter/planter.h ****         }
 1132              		.loc 9 106 31 view .LVU272
 1133              	.LBE384:
 1134              	.LBE383:
 151:CVCalibration.cpp **** 
 1135              		.loc 11 151 13 is_stmt 1 view .LVU273
 151:CVCalibration.cpp **** 
 1136              		.loc 11 151 27 is_stmt 0 view .LVU274
 1137 028e 0321     		movs	r1, #3
 1138 0290 5C48     		ldr	r0, .L73+12
 1139 0292 FFF7FEFF 		bl	_ZN5daisy8patch_sm12DaisyPatchSM11GetAdcValueEi
 1140              	.LVL92:
 1141              	.LBB385:
 1142              	.LBI385:
 104:../../Planter/planter.h ****         {
 1143              		.loc 9 104 21 is_stmt 1 view .LVU275
 1144              	.LBB386:
ARM GAS  C:\Users\isaia\AppData\Local\Temp\ccUIOBkL.s 			page 41


 106:../../Planter/planter.h ****         }
 1145              		.loc 9 106 31 is_stmt 0 view .LVU276
 1146 0296 B7EEC07A 		vcvt.f64.f32	d7, s0
 1147 029a 6B48     		ldr	r0, .L73+80
 1148 029c 53EC172B 		vmov	r2, r3, d7
 1149 02a0 FFF7FEFF 		bl	_ZN5daisy6LoggerILNS_17LoggerDestinationE2EE9PrintLineEPKcz
 1150              	.LVL93:
 106:../../Planter/planter.h ****         }
 1151              		.loc 9 106 31 view .LVU277
 1152              	.LBE386:
 1153              	.LBE385:
 153:CVCalibration.cpp **** 
 1154              		.loc 11 153 13 is_stmt 1 view .LVU278
 1155              	.LBB387:
 1156              	.LBI387:
 104:../../Planter/planter.h ****         {
 1157              		.loc 9 104 21 view .LVU279
 1158              	.LBB388:
 106:../../Planter/planter.h ****         }
 1159              		.loc 9 106 31 is_stmt 0 view .LVU280
 1160 02a4 6948     		ldr	r0, .L73+84
 1161 02a6 FFF7FEFF 		bl	_ZN5daisy6LoggerILNS_17LoggerDestinationE2EE9PrintLineEPKcz
 1162              	.LVL94:
 106:../../Planter/planter.h ****         }
 1163              		.loc 9 106 31 view .LVU281
 1164              	.LBE388:
 1165              	.LBE387:
 155:CVCalibration.cpp ****             euro.PrintLine("RAW Knob1: %1.4f", euro.patch.GetAdcValue(planter::KNOB_1));
 1166              		.loc 11 155 13 is_stmt 1 view .LVU282
 155:CVCalibration.cpp ****             euro.PrintLine("RAW Knob1: %1.4f", euro.patch.GetAdcValue(planter::KNOB_1));
 1167              		.loc 11 155 27 is_stmt 0 view .LVU283
 1168 02aa 0421     		movs	r1, #4
 1169 02ac 5448     		ldr	r0, .L73+8
 1170 02ae FFF7FEFF 		bl	_ZN9anachrome7planter12GetKnobValueEi
 1171              	.LVL95:
 1172              	.LBB389:
 1173              	.LBI389:
 104:../../Planter/planter.h ****         {
 1174              		.loc 9 104 21 is_stmt 1 view .LVU284
 1175              	.LBB390:
 106:../../Planter/planter.h ****         }
 1176              		.loc 9 106 31 is_stmt 0 view .LVU285
 1177 02b2 B7EEC07A 		vcvt.f64.f32	d7, s0
 1178 02b6 6648     		ldr	r0, .L73+88
 1179 02b8 53EC172B 		vmov	r2, r3, d7
 1180 02bc FFF7FEFF 		bl	_ZN5daisy6LoggerILNS_17LoggerDestinationE2EE9PrintLineEPKcz
 1181              	.LVL96:
 106:../../Planter/planter.h ****         }
 1182              		.loc 9 106 31 view .LVU286
 1183              	.LBE390:
 1184              	.LBE389:
 156:CVCalibration.cpp **** 
 1185              		.loc 11 156 13 is_stmt 1 view .LVU287
 156:CVCalibration.cpp **** 
 1186              		.loc 11 156 27 is_stmt 0 view .LVU288
 1187 02c0 0421     		movs	r1, #4
 1188 02c2 5048     		ldr	r0, .L73+12
ARM GAS  C:\Users\isaia\AppData\Local\Temp\ccUIOBkL.s 			page 42


 1189 02c4 FFF7FEFF 		bl	_ZN5daisy8patch_sm12DaisyPatchSM11GetAdcValueEi
 1190              	.LVL97:
 1191              	.LBB391:
 1192              	.LBI391:
 104:../../Planter/planter.h ****         {
 1193              		.loc 9 104 21 is_stmt 1 view .LVU289
 1194              	.LBB392:
 106:../../Planter/planter.h ****         }
 1195              		.loc 9 106 31 is_stmt 0 view .LVU290
 1196 02c8 B7EEC07A 		vcvt.f64.f32	d7, s0
 1197 02cc 6148     		ldr	r0, .L73+92
 1198 02ce 53EC172B 		vmov	r2, r3, d7
 1199 02d2 FFF7FEFF 		bl	_ZN5daisy6LoggerILNS_17LoggerDestinationE2EE9PrintLineEPKcz
 1200              	.LVL98:
 106:../../Planter/planter.h ****         }
 1201              		.loc 9 106 31 view .LVU291
 1202              	.LBE392:
 1203              	.LBE391:
 158:CVCalibration.cpp ****             euro.PrintLine("RAW Knob2: %1.4f", euro.patch.GetAdcValue(planter::KNOB_2));
 1204              		.loc 11 158 13 is_stmt 1 view .LVU292
 158:CVCalibration.cpp ****             euro.PrintLine("RAW Knob2: %1.4f", euro.patch.GetAdcValue(planter::KNOB_2));
 1205              		.loc 11 158 27 is_stmt 0 view .LVU293
 1206 02d6 0521     		movs	r1, #5
 1207 02d8 4948     		ldr	r0, .L73+8
 1208 02da FFF7FEFF 		bl	_ZN9anachrome7planter12GetKnobValueEi
 1209              	.LVL99:
 1210              	.LBB393:
 1211              	.LBI393:
 104:../../Planter/planter.h ****         {
 1212              		.loc 9 104 21 is_stmt 1 view .LVU294
 1213              	.LBB394:
 106:../../Planter/planter.h ****         }
 1214              		.loc 9 106 31 is_stmt 0 view .LVU295
 1215 02de B7EEC07A 		vcvt.f64.f32	d7, s0
 1216 02e2 5D48     		ldr	r0, .L73+96
 1217 02e4 53EC172B 		vmov	r2, r3, d7
 1218 02e8 FFF7FEFF 		bl	_ZN5daisy6LoggerILNS_17LoggerDestinationE2EE9PrintLineEPKcz
 1219              	.LVL100:
 106:../../Planter/planter.h ****         }
 1220              		.loc 9 106 31 view .LVU296
 1221              	.LBE394:
 1222              	.LBE393:
 159:CVCalibration.cpp **** 
 1223              		.loc 11 159 13 is_stmt 1 view .LVU297
 159:CVCalibration.cpp **** 
 1224              		.loc 11 159 27 is_stmt 0 view .LVU298
 1225 02ec 0521     		movs	r1, #5
 1226 02ee 4548     		ldr	r0, .L73+12
 1227 02f0 FFF7FEFF 		bl	_ZN5daisy8patch_sm12DaisyPatchSM11GetAdcValueEi
 1228              	.LVL101:
 1229              	.LBB395:
 1230              	.LBI395:
 104:../../Planter/planter.h ****         {
 1231              		.loc 9 104 21 is_stmt 1 view .LVU299
 1232              	.LBB396:
 106:../../Planter/planter.h ****         }
 1233              		.loc 9 106 31 is_stmt 0 view .LVU300
ARM GAS  C:\Users\isaia\AppData\Local\Temp\ccUIOBkL.s 			page 43


 1234 02f4 B7EEC07A 		vcvt.f64.f32	d7, s0
 1235 02f8 5848     		ldr	r0, .L73+100
 1236 02fa 53EC172B 		vmov	r2, r3, d7
 1237 02fe FFF7FEFF 		bl	_ZN5daisy6LoggerILNS_17LoggerDestinationE2EE9PrintLineEPKcz
 1238              	.LVL102:
 106:../../Planter/planter.h ****         }
 1239              		.loc 9 106 31 view .LVU301
 1240              	.LBE396:
 1241              	.LBE395:
 161:CVCalibration.cpp ****             euro.PrintLine("RAW Knob3: %1.4f", euro.patch.GetAdcValue(planter::KNOB_3));
 1242              		.loc 11 161 13 is_stmt 1 view .LVU302
 161:CVCalibration.cpp ****             euro.PrintLine("RAW Knob3: %1.4f", euro.patch.GetAdcValue(planter::KNOB_3));
 1243              		.loc 11 161 27 is_stmt 0 view .LVU303
 1244 0302 0621     		movs	r1, #6
 1245 0304 3E48     		ldr	r0, .L73+8
 1246 0306 FFF7FEFF 		bl	_ZN9anachrome7planter12GetKnobValueEi
 1247              	.LVL103:
 1248              	.LBB397:
 1249              	.LBI397:
 104:../../Planter/planter.h ****         {
 1250              		.loc 9 104 21 is_stmt 1 view .LVU304
 1251              	.LBB398:
 106:../../Planter/planter.h ****         }
 1252              		.loc 9 106 31 is_stmt 0 view .LVU305
 1253 030a B7EEC07A 		vcvt.f64.f32	d7, s0
 1254 030e 5448     		ldr	r0, .L73+104
 1255 0310 53EC172B 		vmov	r2, r3, d7
 1256 0314 FFF7FEFF 		bl	_ZN5daisy6LoggerILNS_17LoggerDestinationE2EE9PrintLineEPKcz
 1257              	.LVL104:
 106:../../Planter/planter.h ****         }
 1258              		.loc 9 106 31 view .LVU306
 1259              	.LBE398:
 1260              	.LBE397:
 162:CVCalibration.cpp **** 
 1261              		.loc 11 162 13 is_stmt 1 view .LVU307
 162:CVCalibration.cpp **** 
 1262              		.loc 11 162 27 is_stmt 0 view .LVU308
 1263 0318 0621     		movs	r1, #6
 1264 031a 3A48     		ldr	r0, .L73+12
 1265 031c FFF7FEFF 		bl	_ZN5daisy8patch_sm12DaisyPatchSM11GetAdcValueEi
 1266              	.LVL105:
 1267              	.LBB399:
 1268              	.LBI399:
 104:../../Planter/planter.h ****         {
 1269              		.loc 9 104 21 is_stmt 1 view .LVU309
 1270              	.LBB400:
 106:../../Planter/planter.h ****         }
 1271              		.loc 9 106 31 is_stmt 0 view .LVU310
 1272 0320 B7EEC07A 		vcvt.f64.f32	d7, s0
 1273 0324 4F48     		ldr	r0, .L73+108
 1274 0326 53EC172B 		vmov	r2, r3, d7
 1275 032a FFF7FEFF 		bl	_ZN5daisy6LoggerILNS_17LoggerDestinationE2EE9PrintLineEPKcz
 1276              	.LVL106:
 106:../../Planter/planter.h ****         }
 1277              		.loc 9 106 31 view .LVU311
 1278              	.LBE400:
 1279              	.LBE399:
ARM GAS  C:\Users\isaia\AppData\Local\Temp\ccUIOBkL.s 			page 44


 164:CVCalibration.cpp ****             euro.PrintLine("RAW Knob4: %1.4f", euro.patch.GetAdcValue(planter::KNOB_4));
 1280              		.loc 11 164 13 is_stmt 1 view .LVU312
 164:CVCalibration.cpp ****             euro.PrintLine("RAW Knob4: %1.4f", euro.patch.GetAdcValue(planter::KNOB_4));
 1281              		.loc 11 164 27 is_stmt 0 view .LVU313
 1282 032e 0721     		movs	r1, #7
 1283 0330 3348     		ldr	r0, .L73+8
 1284 0332 FFF7FEFF 		bl	_ZN9anachrome7planter12GetKnobValueEi
 1285              	.LVL107:
 1286              	.LBB401:
 1287              	.LBI401:
 104:../../Planter/planter.h ****         {
 1288              		.loc 9 104 21 is_stmt 1 view .LVU314
 1289              	.LBB402:
 106:../../Planter/planter.h ****         }
 1290              		.loc 9 106 31 is_stmt 0 view .LVU315
 1291 0336 B7EEC07A 		vcvt.f64.f32	d7, s0
 1292 033a 4B48     		ldr	r0, .L73+112
 1293 033c 53EC172B 		vmov	r2, r3, d7
 1294 0340 FFF7FEFF 		bl	_ZN5daisy6LoggerILNS_17LoggerDestinationE2EE9PrintLineEPKcz
 1295              	.LVL108:
 106:../../Planter/planter.h ****         }
 1296              		.loc 9 106 31 view .LVU316
 1297              	.LBE402:
 1298              	.LBE401:
 165:CVCalibration.cpp **** 
 1299              		.loc 11 165 13 is_stmt 1 view .LVU317
 165:CVCalibration.cpp **** 
 1300              		.loc 11 165 27 is_stmt 0 view .LVU318
 1301 0344 0721     		movs	r1, #7
 1302 0346 2F48     		ldr	r0, .L73+12
 1303 0348 FFF7FEFF 		bl	_ZN5daisy8patch_sm12DaisyPatchSM11GetAdcValueEi
 1304              	.LVL109:
 1305              	.LBB403:
 1306              	.LBI403:
 104:../../Planter/planter.h ****         {
 1307              		.loc 9 104 21 is_stmt 1 view .LVU319
 1308              	.LBB404:
 106:../../Planter/planter.h ****         }
 1309              		.loc 9 106 31 is_stmt 0 view .LVU320
 1310 034c B7EEC07A 		vcvt.f64.f32	d7, s0
 1311 0350 4648     		ldr	r0, .L73+116
 1312 0352 53EC172B 		vmov	r2, r3, d7
 1313 0356 FFF7FEFF 		bl	_ZN5daisy6LoggerILNS_17LoggerDestinationE2EE9PrintLineEPKcz
 1314              	.LVL110:
 106:../../Planter/planter.h ****         }
 1315              		.loc 9 106 31 view .LVU321
 1316              	.LBE404:
 1317              	.LBE403:
 167:CVCalibration.cpp ****             euro.PrintLine("RAW Knob5: %1.4f", euro.patch.GetAdcValue(planter::KNOB_5));
 1318              		.loc 11 167 13 is_stmt 1 view .LVU322
 167:CVCalibration.cpp ****             euro.PrintLine("RAW Knob5: %1.4f", euro.patch.GetAdcValue(planter::KNOB_5));
 1319              		.loc 11 167 27 is_stmt 0 view .LVU323
 1320 035a 0821     		movs	r1, #8
 1321 035c 2848     		ldr	r0, .L73+8
 1322 035e FFF7FEFF 		bl	_ZN9anachrome7planter12GetKnobValueEi
 1323              	.LVL111:
 1324              	.LBB405:
ARM GAS  C:\Users\isaia\AppData\Local\Temp\ccUIOBkL.s 			page 45


 1325              	.LBI405:
 104:../../Planter/planter.h ****         {
 1326              		.loc 9 104 21 is_stmt 1 view .LVU324
 1327              	.LBB406:
 106:../../Planter/planter.h ****         }
 1328              		.loc 9 106 31 is_stmt 0 view .LVU325
 1329 0362 B7EEC07A 		vcvt.f64.f32	d7, s0
 1330 0366 4248     		ldr	r0, .L73+120
 1331 0368 53EC172B 		vmov	r2, r3, d7
 1332 036c FFF7FEFF 		bl	_ZN5daisy6LoggerILNS_17LoggerDestinationE2EE9PrintLineEPKcz
 1333              	.LVL112:
 106:../../Planter/planter.h ****         }
 1334              		.loc 9 106 31 view .LVU326
 1335              	.LBE406:
 1336              	.LBE405:
 168:CVCalibration.cpp **** 
 1337              		.loc 11 168 13 is_stmt 1 view .LVU327
 168:CVCalibration.cpp **** 
 1338              		.loc 11 168 27 is_stmt 0 view .LVU328
 1339 0370 0821     		movs	r1, #8
 1340 0372 2448     		ldr	r0, .L73+12
 1341 0374 FFF7FEFF 		bl	_ZN5daisy8patch_sm12DaisyPatchSM11GetAdcValueEi
 1342              	.LVL113:
 1343              	.LBB407:
 1344              	.LBI407:
 104:../../Planter/planter.h ****         {
 1345              		.loc 9 104 21 is_stmt 1 view .LVU329
 1346              	.LBB408:
 106:../../Planter/planter.h ****         }
 1347              		.loc 9 106 31 is_stmt 0 view .LVU330
 1348 0378 B7EEC07A 		vcvt.f64.f32	d7, s0
 1349 037c 3D48     		ldr	r0, .L73+124
 1350 037e 53EC172B 		vmov	r2, r3, d7
 1351 0382 FFF7FEFF 		bl	_ZN5daisy6LoggerILNS_17LoggerDestinationE2EE9PrintLineEPKcz
 1352              	.LVL114:
 106:../../Planter/planter.h ****         }
 1353              		.loc 9 106 31 view .LVU331
 1354              	.LBE408:
 1355              	.LBE407:
 170:CVCalibration.cpp ****             euro.PrintLine("RAW Knob6: %1.4f", euro.patch.GetAdcValue(planter::KNOB_6));
 1356              		.loc 11 170 13 is_stmt 1 view .LVU332
 170:CVCalibration.cpp ****             euro.PrintLine("RAW Knob6: %1.4f", euro.patch.GetAdcValue(planter::KNOB_6));
 1357              		.loc 11 170 27 is_stmt 0 view .LVU333
 1358 0386 0921     		movs	r1, #9
 1359 0388 1D48     		ldr	r0, .L73+8
 1360 038a FFF7FEFF 		bl	_ZN9anachrome7planter12GetKnobValueEi
 1361              	.LVL115:
 1362              	.LBB409:
 1363              	.LBI409:
 104:../../Planter/planter.h ****         {
 1364              		.loc 9 104 21 is_stmt 1 view .LVU334
 1365              	.LBB410:
 106:../../Planter/planter.h ****         }
 1366              		.loc 9 106 31 is_stmt 0 view .LVU335
 1367 038e B7EEC07A 		vcvt.f64.f32	d7, s0
 1368 0392 3948     		ldr	r0, .L73+128
 1369 0394 53EC172B 		vmov	r2, r3, d7
ARM GAS  C:\Users\isaia\AppData\Local\Temp\ccUIOBkL.s 			page 46


 1370 0398 FFF7FEFF 		bl	_ZN5daisy6LoggerILNS_17LoggerDestinationE2EE9PrintLineEPKcz
 1371              	.LVL116:
 106:../../Planter/planter.h ****         }
 1372              		.loc 9 106 31 view .LVU336
 1373              	.LBE410:
 1374              	.LBE409:
 171:CVCalibration.cpp **** 
 1375              		.loc 11 171 13 is_stmt 1 view .LVU337
 171:CVCalibration.cpp **** 
 1376              		.loc 11 171 27 is_stmt 0 view .LVU338
 1377 039c 1948     		ldr	r0, .L73+12
 1378 039e 0921     		movs	r1, #9
 1379 03a0 FFF7FEFF 		bl	_ZN5daisy8patch_sm12DaisyPatchSM11GetAdcValueEi
 1380              	.LVL117:
 1381              	.LBB411:
 1382              	.LBI411:
 104:../../Planter/planter.h ****         {
 1383              		.loc 9 104 21 is_stmt 1 view .LVU339
 1384              	.LBB412:
 106:../../Planter/planter.h ****         }
 1385              		.loc 9 106 31 is_stmt 0 view .LVU340
 1386 03a4 B7EEC07A 		vcvt.f64.f32	d7, s0
 1387 03a8 3448     		ldr	r0, .L73+132
 1388 03aa 53EC172B 		vmov	r2, r3, d7
 1389 03ae FFF7FEFF 		bl	_ZN5daisy6LoggerILNS_17LoggerDestinationE2EE9PrintLineEPKcz
 1390              	.LVL118:
 106:../../Planter/planter.h ****         }
 1391              		.loc 9 106 31 view .LVU341
 1392              	.LBE412:
 1393              	.LBE411:
 1394              		.loc 11 173 13 is_stmt 1 view .LVU342
 1395              	.L30:
 1396              		.loc 11 173 13 is_stmt 0 view .LVU343
 1397              	.LBE345:
 1398              	.LBE344:
 174:CVCalibration.cpp ****         }
 175:CVCalibration.cpp **** 
 176:CVCalibration.cpp ****         euro.BootloaderResetCheck();
 1399              		.loc 11 176 9 is_stmt 1 view .LVU344
 1400              		.loc 11 176 34 is_stmt 0 view .LVU345
 1401 03b2 1348     		ldr	r0, .L73+8
 1402              	.LBB413:
 1403              	.LBB414:
 1404              		.loc 10 74 52 view .LVU346
 1405 03b4 B046     		mov	r8, r6
 1406              	.LBE414:
 1407              	.LBE413:
 1408              		.loc 11 176 34 view .LVU347
 1409 03b6 FFF7FEFF 		bl	_ZN9anachrome7planter20BootloaderResetCheckEv
 1410              	.LVL119:
 1411              	.LBE337:
  60:CVCalibration.cpp ****     {
 1412              		.loc 11 60 5 is_stmt 1 view .LVU348
 1413              	.L32:
  60:CVCalibration.cpp ****     {
 1414              		.loc 11 60 5 view .LVU349
 1415              	.LBB437:
ARM GAS  C:\Users\isaia\AppData\Local\Temp\ccUIOBkL.s 			page 47


  62:CVCalibration.cpp **** 
 1416              		.loc 11 62 9 view .LVU350
  62:CVCalibration.cpp **** 
 1417              		.loc 11 62 29 is_stmt 0 view .LVU351
 1418 03ba FFF7FEFF 		bl	_ZN5daisy6System6GetNowEv
 1419              	.LVL120:
 1420              	.LBB417:
 1421              	.LBB415:
 1422              		.loc 10 74 52 view .LVU352
 1423 03be 94F84460 		ldrb	r6, [r4, #68]	@ zero_extendqisi2
 1424              	.LBE415:
 1425              	.LBE417:
  62:CVCalibration.cpp **** 
 1426              		.loc 11 62 29 view .LVU353
 1427 03c2 0546     		mov	r5, r0
 1428              	.LVL121:
  65:CVCalibration.cpp ****         if(current_button_state && !last_button_state)
 1429              		.loc 11 65 9 is_stmt 1 view .LVU354
 1430              	.LBB418:
 1431              	.LBI413:
 1432              		.loc 10 74 17 view .LVU355
 1433              	.LBB416:
 1434              		.loc 10 74 35 view .LVU356
 1435              		.loc 10 74 52 is_stmt 0 view .LVU357
 1436 03c4 A6F1FF06 		sub	r6, #255
 1437 03c8 B6FA86F6 		clz	r6, r6
 1438 03cc 7609     		lsrs	r6, r6, #5
 1439              	.LVL122:
 1440              		.loc 10 74 52 view .LVU358
 1441              	.LBE416:
 1442              	.LBE418:
  66:CVCalibration.cpp ****         {
 1443              		.loc 11 66 9 is_stmt 1 view .LVU359
 1444 03ce B8F1000F 		cmp	r8, #0
 1445 03d2 55D1     		bne	.L14
  66:CVCalibration.cpp ****         {
 1446              		.loc 11 66 9 is_stmt 0 view .LVU360
 1447 03d4 002E     		cmp	r6, #0
 1448 03d6 53D0     		beq	.L14
  68:CVCalibration.cpp ****             led2_state = !led2_state;
 1449              		.loc 11 68 13 is_stmt 1 view .LVU361
  70:CVCalibration.cpp ****             euro.SetLed(2, led2_state);
 1450              		.loc 11 70 24 is_stmt 0 view .LVU362
 1451 03d8 0121     		movs	r1, #1
  68:CVCalibration.cpp ****             led2_state = !led2_state;
 1452              		.loc 11 68 24 view .LVU363
 1453 03da 87F00107 		eor	r7, r7, #1
 1454              	.LVL123:
  69:CVCalibration.cpp ****             euro.SetLed(1, led1_state);
 1455              		.loc 11 69 13 is_stmt 1 view .LVU364
  70:CVCalibration.cpp ****             euro.SetLed(2, led2_state);
 1456              		.loc 11 70 24 is_stmt 0 view .LVU365
 1457 03de 0848     		ldr	r0, .L73+8
 1458              	.LVL124:
  69:CVCalibration.cpp ****             euro.SetLed(1, led1_state);
 1459              		.loc 11 69 24 view .LVU366
 1460 03e0 8AEA010A 		eor	r10, r10, r1
ARM GAS  C:\Users\isaia\AppData\Local\Temp\ccUIOBkL.s 			page 48


 1461              	.LVL125:
  70:CVCalibration.cpp ****             euro.SetLed(2, led2_state);
 1462              		.loc 11 70 13 is_stmt 1 view .LVU367
  70:CVCalibration.cpp ****             euro.SetLed(2, led2_state);
 1463              		.loc 11 70 24 is_stmt 0 view .LVU368
 1464 03e4 3A46     		mov	r2, r7
 1465 03e6 FFF7FEFF 		bl	_ZN9anachrome7planter6SetLedEib
 1466              	.LVL126:
  71:CVCalibration.cpp ****             cv_out_state = !cv_out_state;
 1467              		.loc 11 71 13 is_stmt 1 view .LVU369
  71:CVCalibration.cpp ****             cv_out_state = !cv_out_state;
 1468              		.loc 11 71 24 is_stmt 0 view .LVU370
 1469 03ea 0221     		movs	r1, #2
 1470 03ec 5246     		mov	r2, r10
 1471 03ee 0448     		ldr	r0, .L73+8
 1472 03f0 FFF7FEFF 		bl	_ZN9anachrome7planter6SetLedEib
 1473              	.LVL127:
 1474 03f4 44E0     		b	.L74
 1475              	.L75:
 1476 03f6 00BF     		.align	3
 1477              	.L73:
 1478 03f8 7B14AE47 		.word	1202590843
 1479 03fc E17A943F 		.word	1066695393
 1480 0400 00000000 		.word	.LANCHOR0
 1481 0404 B8000000 		.word	.LANCHOR0+184
 1482 0408 5C000000 		.word	.LC5
 1483 040c 74000000 		.word	.LC6
 1484 0410 0C000000 		.word	.LC1
 1485 0414 00000000 		.word	.LC0
 1486 0418 80000000 		.word	.LC7
 1487 041c 90000000 		.word	.LC8
 1488 0420 A8000000 		.word	.LC9
 1489 0424 C0000000 		.word	.LC10
 1490 0428 D8000000 		.word	.LC11
 1491 042c E4000000 		.word	.LC12
 1492 0430 F4000000 		.word	.LC13
 1493 0434 04010000 		.word	.LC14
 1494 0438 14010000 		.word	.LC15
 1495 043c 24010000 		.word	.LC16
 1496 0440 34010000 		.word	.LC17
 1497 0444 44010000 		.word	.LC18
 1498 0448 54010000 		.word	.LC19
 1499 044c 64010000 		.word	.LC20
 1500 0450 6C010000 		.word	.LC21
 1501 0454 80010000 		.word	.LC22
 1502 0458 94010000 		.word	.LC23
 1503 045c A8010000 		.word	.LC24
 1504 0460 BC010000 		.word	.LC25
 1505 0464 D0010000 		.word	.LC26
 1506 0468 E4010000 		.word	.LC27
 1507 046c F8010000 		.word	.LC28
 1508 0470 0C020000 		.word	.LC29
 1509 0474 20020000 		.word	.LC30
 1510 0478 34020000 		.word	.LC31
 1511 047c 48020000 		.word	.LC32
 1512              	.L74:
  72:CVCalibration.cpp ****         }
ARM GAS  C:\Users\isaia\AppData\Local\Temp\ccUIOBkL.s 			page 49


 1513              		.loc 11 72 13 is_stmt 1 view .LVU371
 1514              	.LVL128:
 1515              	.L14:
  74:CVCalibration.cpp **** 
 1516              		.loc 11 74 9 view .LVU372
  79:CVCalibration.cpp ****             if(cv_out_state)
 1517              		.loc 11 79 9 view .LVU373
 1518              	.LBB419:
 1519              	.LBI419:
 1520              		.loc 10 74 17 view .LVU374
 1521              	.LBB420:
 1522              		.loc 10 74 35 view .LVU375
 1523              		.loc 10 74 35 is_stmt 0 view .LVU376
 1524              	.LBE420:
 1525              	.LBE419:
  79:CVCalibration.cpp ****             if(cv_out_state)
 1526              		.loc 11 79 78 view .LVU377
 1527 0480 94F86830 		ldrb	r3, [r4, #104]	@ zero_extendqisi2
 1528 0484 FF2B     		cmp	r3, #255
 1529 0486 7FF4FBAD 		bne	.L21
 1530              	.LVL129:
 1531              	.LBB421:
 1532              	.LBI421:
 1533              		.loc 10 74 17 is_stmt 1 view .LVU378
 1534              	.LBB422:
 1535              		.loc 10 74 35 view .LVU379
 1536              		.loc 10 74 35 is_stmt 0 view .LVU380
 1537              	.LBE422:
 1538              	.LBE421:
  79:CVCalibration.cpp ****             if(cv_out_state)
 1539              		.loc 11 79 43 view .LVU381
 1540 048a 94F88C30 		ldrb	r3, [r4, #140]	@ zero_extendqisi2
 1541 048e FF2B     		cmp	r3, #255
 1542 0490 3FF444AE 		beq	.L33
 1543              	.LVL130:
 1544              	.LBB423:
 1545              	.LBI423:
 1546              		.loc 10 74 17 is_stmt 1 view .LVU382
 1547              	.LBB424:
 1548              		.loc 10 74 35 view .LVU383
 1549              		.loc 10 74 35 is_stmt 0 view .LVU384
 1550              	.LBE424:
 1551              	.LBE423:
  79:CVCalibration.cpp ****             if(cv_out_state)
 1552              		.loc 11 79 78 view .LVU385
 1553 0494 94F8B030 		ldrb	r3, [r4, #176]	@ zero_extendqisi2
 1554 0498 FF2B     		cmp	r3, #255
 1555 049a 3FF43FAE 		beq	.L33
  80:CVCalibration.cpp ****             {
 1556              		.loc 11 80 13 is_stmt 1 view .LVU386
  82:CVCalibration.cpp ****                 euro.patch.WriteCvOut(CV_OUT_2, euro.GetKnobValue(planter::KNOB_1) + (euro.GetKnobV
 1557              		.loc 11 82 39 is_stmt 0 view .LVU387
 1558 049e B1EE040A 		vmov.f32	s0, #5.0e+0
  80:CVCalibration.cpp ****             {
 1559              		.loc 11 80 13 view .LVU388
 1560 04a2 002F     		cmp	r7, #0
 1561 04a4 00F08580 		beq	.L19
ARM GAS  C:\Users\isaia\AppData\Local\Temp\ccUIOBkL.s 			page 50


  82:CVCalibration.cpp ****                 euro.patch.WriteCvOut(CV_OUT_2, euro.GetKnobValue(planter::KNOB_1) + (euro.GetKnobV
 1562              		.loc 11 82 17 is_stmt 1 view .LVU389
  82:CVCalibration.cpp ****                 euro.patch.WriteCvOut(CV_OUT_2, euro.GetKnobValue(planter::KNOB_1) + (euro.GetKnobV
 1563              		.loc 11 82 39 is_stmt 0 view .LVU390
 1564 04a8 0121     		movs	r1, #1
 1565 04aa 6748     		ldr	r0, .L76+8
 1566 04ac FFF7FEFF 		bl	_ZN9anachrome7planter17WriteCvOutBipolarEif
 1567              	.LVL131:
  83:CVCalibration.cpp ****             }
 1568              		.loc 11 83 17 is_stmt 1 view .LVU391
  83:CVCalibration.cpp ****             }
 1569              		.loc 11 83 66 is_stmt 0 view .LVU392
 1570 04b0 0421     		movs	r1, #4
 1571 04b2 6548     		ldr	r0, .L76+8
 1572 04b4 FFF7FEFF 		bl	_ZN9anachrome7planter12GetKnobValueEi
 1573              	.LVL132:
 1574 04b8 B0EE408A 		vmov.f32	s16, s0
  83:CVCalibration.cpp ****             }
 1575              		.loc 11 83 104 view .LVU393
 1576 04bc 0721     		movs	r1, #7
 1577 04be 6248     		ldr	r0, .L76+8
 1578 04c0 FFF7FEFF 		bl	_ZN9anachrome7planter12GetKnobValueEi
 1579              	.LVL133:
  83:CVCalibration.cpp ****             }
 1580              		.loc 11 83 38 view .LVU394
 1581 04c4 0221     		movs	r1, #2
  83:CVCalibration.cpp ****             }
 1582              		.loc 11 83 66 view .LVU395
 1583 04c6 B7EEC87A 		vcvt.f64.f32	d7, s16
  83:CVCalibration.cpp ****             }
 1584              		.loc 11 83 84 view .LVU396
 1585 04ca 9FED5D6B 		vldr.64	d6, .L76
 1586              	.L66:
  88:CVCalibration.cpp ****             }
 1587              		.loc 11 88 104 view .LVU397
 1588 04ce B7EEC00A 		vcvt.f64.f32	d0, s0
  88:CVCalibration.cpp ****             }
 1589              		.loc 11 88 38 view .LVU398
 1590 04d2 5E48     		ldr	r0, .L76+12
  88:CVCalibration.cpp ****             }
 1591              		.loc 11 88 84 view .LVU399
 1592 04d4 A0EE067B 		vfma.f64	d7, d0, d6
  88:CVCalibration.cpp ****             }
 1593              		.loc 11 88 38 view .LVU400
 1594 04d8 B7EEC70B 		vcvt.f32.f64	s0, d7
 1595 04dc FFF7FEFF 		bl	_ZN5daisy8patch_sm12DaisyPatchSM10WriteCvOutEif
 1596              	.LVL134:
  91:CVCalibration.cpp ****             if(cv_out_state)
 1597              		.loc 11 91 9 is_stmt 1 view .LVU401
 1598              	.LBB425:
 1599              	.LBI425:
 1600              		.loc 10 74 17 view .LVU402
 1601              	.LBB426:
 1602              		.loc 10 74 35 view .LVU403
 1603              		.loc 10 74 35 is_stmt 0 view .LVU404
 1604              	.LBE426:
 1605              	.LBE425:
ARM GAS  C:\Users\isaia\AppData\Local\Temp\ccUIOBkL.s 			page 51


  91:CVCalibration.cpp ****             if(cv_out_state)
 1606              		.loc 11 91 78 view .LVU405
 1607 04e0 94F86830 		ldrb	r3, [r4, #104]	@ zero_extendqisi2
 1608 04e4 FF2B     		cmp	r3, #255
 1609 04e6 3FF419AE 		beq	.L33
 1610 04ea C9E5     		b	.L21
 1611              	.L69:
 1612              	.LVL135:
 1613              	.LBB427:
 1614              	.LBI427:
 1615              		.loc 10 74 17 is_stmt 1 view .LVU406
 1616              	.LBB428:
 1617              		.loc 10 74 35 view .LVU407
 1618              		.loc 10 74 35 is_stmt 0 view .LVU408
 1619              	.LBE428:
 1620              	.LBE427:
  91:CVCalibration.cpp ****             if(cv_out_state)
 1621              		.loc 11 91 78 view .LVU409
 1622 04ec 94F8B030 		ldrb	r3, [r4, #176]	@ zero_extendqisi2
 1623 04f0 FF2B     		cmp	r3, #255
 1624 04f2 3FF413AE 		beq	.L33
  92:CVCalibration.cpp ****             {
 1625              		.loc 11 92 13 is_stmt 1 view .LVU410
  94:CVCalibration.cpp ****                 euro.patch.WriteCvOut(CV_OUT_2, euro.GetKnobValue(planter::KNOB_2) + (euro.GetKnobV
 1626              		.loc 11 94 39 is_stmt 0 view .LVU411
 1627 04f6 9FED560A 		vldr.32	s0, .L76+16
  92:CVCalibration.cpp ****             {
 1628              		.loc 11 92 13 view .LVU412
 1629 04fa 002F     		cmp	r7, #0
 1630 04fc 6DD0     		beq	.L23
  94:CVCalibration.cpp ****                 euro.patch.WriteCvOut(CV_OUT_2, euro.GetKnobValue(planter::KNOB_2) + (euro.GetKnobV
 1631              		.loc 11 94 17 is_stmt 1 view .LVU413
  94:CVCalibration.cpp ****                 euro.patch.WriteCvOut(CV_OUT_2, euro.GetKnobValue(planter::KNOB_2) + (euro.GetKnobV
 1632              		.loc 11 94 39 is_stmt 0 view .LVU414
 1633 04fe 0121     		movs	r1, #1
 1634 0500 5148     		ldr	r0, .L76+8
 1635 0502 FFF7FEFF 		bl	_ZN9anachrome7planter17WriteCvOutBipolarEif
 1636              	.LVL136:
  95:CVCalibration.cpp ****             }
 1637              		.loc 11 95 17 is_stmt 1 view .LVU415
  95:CVCalibration.cpp ****             }
 1638              		.loc 11 95 66 is_stmt 0 view .LVU416
 1639 0506 0521     		movs	r1, #5
 1640 0508 4F48     		ldr	r0, .L76+8
 1641 050a FFF7FEFF 		bl	_ZN9anachrome7planter12GetKnobValueEi
 1642              	.LVL137:
 1643 050e B0EE408A 		vmov.f32	s16, s0
  95:CVCalibration.cpp ****             }
 1644              		.loc 11 95 104 view .LVU417
 1645 0512 0821     		movs	r1, #8
 1646 0514 4C48     		ldr	r0, .L76+8
 1647 0516 FFF7FEFF 		bl	_ZN9anachrome7planter12GetKnobValueEi
 1648              	.LVL138:
  95:CVCalibration.cpp ****             }
 1649              		.loc 11 95 129 view .LVU418
 1650 051a B0EE006B 		vmov.f64	d6, #2.0e+0
  95:CVCalibration.cpp ****             }
ARM GAS  C:\Users\isaia\AppData\Local\Temp\ccUIOBkL.s 			page 52


 1651              		.loc 11 95 66 view .LVU419
 1652 051e B7EEC87A 		vcvt.f64.f32	d7, s16
  95:CVCalibration.cpp ****             }
 1653              		.loc 11 95 38 view .LVU420
 1654 0522 0221     		movs	r1, #2
  95:CVCalibration.cpp ****             }
 1655              		.loc 11 95 104 view .LVU421
 1656 0524 B7EEC00A 		vcvt.f64.f32	d0, s0
  95:CVCalibration.cpp ****             }
 1657              		.loc 11 95 84 view .LVU422
 1658 0528 9FED455B 		vldr.64	d5, .L76
 1659              	.L67:
 100:CVCalibration.cpp ****             }
 1660              		.loc 11 100 84 view .LVU423
 1661 052c A0EE057B 		vfma.f64	d7, d0, d5
 100:CVCalibration.cpp ****             }
 1662              		.loc 11 100 38 view .LVU424
 1663 0530 4648     		ldr	r0, .L76+12
 100:CVCalibration.cpp ****             }
 1664              		.loc 11 100 129 view .LVU425
 1665 0532 37EE060B 		vadd.f64	d0, d7, d6
 100:CVCalibration.cpp ****             }
 1666              		.loc 11 100 38 view .LVU426
 1667 0536 B7EEC00B 		vcvt.f32.f64	s0, d0
 1668 053a FFF7FEFF 		bl	_ZN5daisy8patch_sm12DaisyPatchSM10WriteCvOutEif
 1669              	.LVL139:
 104:CVCalibration.cpp ****             if(cv_out_state)
 1670              		.loc 11 104 9 is_stmt 1 view .LVU427
 1671              	.LBB429:
 1672              	.LBI429:
 1673              		.loc 10 74 17 view .LVU428
 1674              	.LBB430:
 1675              		.loc 10 74 35 view .LVU429
 1676              		.loc 10 74 35 is_stmt 0 view .LVU430
 1677              	.LBE430:
 1678              	.LBE429:
 104:CVCalibration.cpp ****             if(cv_out_state)
 1679              		.loc 11 104 79 view .LVU431
 1680 053e 94F86830 		ldrb	r3, [r4, #104]	@ zero_extendqisi2
 1681 0542 FF2B     		cmp	r3, #255
 1682 0544 3FF4EAAD 		beq	.L33
 1683              	.LVL140:
 1684              	.LBB431:
 1685              	.LBI431:
 1686              		.loc 10 74 17 is_stmt 1 view .LVU432
 1687              	.LBB432:
 1688              		.loc 10 74 35 view .LVU433
 1689              		.loc 10 74 35 is_stmt 0 view .LVU434
 1690              	.LBE432:
 1691              	.LBE431:
 104:CVCalibration.cpp ****             if(cv_out_state)
 1692              		.loc 11 104 44 view .LVU435
 1693 0548 94F88C30 		ldrb	r3, [r4, #140]	@ zero_extendqisi2
 1694 054c FF2B     		cmp	r3, #255
 1695 054e 3FF4E5AD 		beq	.L33
 1696 0552 9AE5     		b	.L17
 1697              	.L70:
ARM GAS  C:\Users\isaia\AppData\Local\Temp\ccUIOBkL.s 			page 53


 105:CVCalibration.cpp ****             {
 1698              		.loc 11 105 13 is_stmt 1 view .LVU436
 107:CVCalibration.cpp ****                 euro.patch.WriteCvOut(CV_OUT_2, euro.GetKnobValue(planter::KNOB_3) + (euro.GetKnobV
 1699              		.loc 11 107 39 is_stmt 0 view .LVU437
 1700 0554 B9EE040A 		vmov.f32	s0, #-5.0e+0
 105:CVCalibration.cpp ****             {
 1701              		.loc 11 105 13 view .LVU438
 1702 0558 002F     		cmp	r7, #0
 1703 055a 56D0     		beq	.L27
 107:CVCalibration.cpp ****                 euro.patch.WriteCvOut(CV_OUT_2, euro.GetKnobValue(planter::KNOB_3) + (euro.GetKnobV
 1704              		.loc 11 107 17 is_stmt 1 view .LVU439
 107:CVCalibration.cpp ****                 euro.patch.WriteCvOut(CV_OUT_2, euro.GetKnobValue(planter::KNOB_3) + (euro.GetKnobV
 1705              		.loc 11 107 39 is_stmt 0 view .LVU440
 1706 055c 0121     		movs	r1, #1
 1707 055e 3A48     		ldr	r0, .L76+8
 1708 0560 FFF7FEFF 		bl	_ZN9anachrome7planter17WriteCvOutBipolarEif
 1709              	.LVL141:
 108:CVCalibration.cpp ****             }
 1710              		.loc 11 108 17 is_stmt 1 view .LVU441
 108:CVCalibration.cpp ****             }
 1711              		.loc 11 108 66 is_stmt 0 view .LVU442
 1712 0564 0621     		movs	r1, #6
 1713 0566 3848     		ldr	r0, .L76+8
 1714 0568 FFF7FEFF 		bl	_ZN9anachrome7planter12GetKnobValueEi
 1715              	.LVL142:
 1716 056c B0EE408A 		vmov.f32	s16, s0
 108:CVCalibration.cpp ****             }
 1717              		.loc 11 108 104 view .LVU443
 1718 0570 0921     		movs	r1, #9
 1719 0572 3548     		ldr	r0, .L76+8
 1720 0574 FFF7FEFF 		bl	_ZN9anachrome7planter12GetKnobValueEi
 1721              	.LVL143:
 108:CVCalibration.cpp ****             }
 1722              		.loc 11 108 130 view .LVU444
 1723 0578 B1EE006B 		vmov.f64	d6, #4.0e+0
 108:CVCalibration.cpp ****             }
 1724              		.loc 11 108 66 view .LVU445
 1725 057c B7EEC87A 		vcvt.f64.f32	d7, s16
 108:CVCalibration.cpp ****             }
 1726              		.loc 11 108 38 view .LVU446
 1727 0580 0221     		movs	r1, #2
 108:CVCalibration.cpp ****             }
 1728              		.loc 11 108 104 view .LVU447
 1729 0582 B7EEC00A 		vcvt.f64.f32	d0, s0
 108:CVCalibration.cpp ****             }
 1730              		.loc 11 108 84 view .LVU448
 1731 0586 9FED2E5B 		vldr.64	d5, .L76
 1732              	.L68:
 113:CVCalibration.cpp ****             }
 1733              		.loc 11 113 84 view .LVU449
 1734 058a A0EE057B 		vfma.f64	d7, d0, d5
 113:CVCalibration.cpp ****             }
 1735              		.loc 11 113 38 view .LVU450
 1736 058e 2F48     		ldr	r0, .L76+12
 113:CVCalibration.cpp ****             }
 1737              		.loc 11 113 130 view .LVU451
 1738 0590 37EE060B 		vadd.f64	d0, d7, d6
ARM GAS  C:\Users\isaia\AppData\Local\Temp\ccUIOBkL.s 			page 54


 113:CVCalibration.cpp ****             }
 1739              		.loc 11 113 38 view .LVU452
 1740 0594 B7EEC00B 		vcvt.f32.f64	s0, d0
 1741 0598 FFF7FEFF 		bl	_ZN5daisy8patch_sm12DaisyPatchSM10WriteCvOutEif
 1742              	.LVL144:
 117:CVCalibration.cpp ****                 euro.patch.WriteCvOut(CV_OUT_2, (euro.GetKnobValue(planter::KNOB_4) *4) + euro.GetK
 1743              		.loc 11 117 9 is_stmt 1 view .LVU453
 1744              	.LBB433:
 1745              	.LBI433:
 1746              		.loc 10 74 17 view .LVU454
 1747              	.LBB434:
 1748              		.loc 10 74 35 view .LVU455
 1749              		.loc 10 74 35 is_stmt 0 view .LVU456
 1750              	.LBE434:
 1751              	.LBE433:
 117:CVCalibration.cpp ****                 euro.patch.WriteCvOut(CV_OUT_2, (euro.GetKnobValue(planter::KNOB_4) *4) + euro.GetK
 1752              		.loc 11 117 79 view .LVU457
 1753 059c 94F86830 		ldrb	r3, [r4, #104]	@ zero_extendqisi2
 1754 05a0 FF2B     		cmp	r3, #255
 1755 05a2 3FF4BBAD 		beq	.L33
 1756              	.LVL145:
 1757              	.LBB435:
 1758              	.LBI435:
 1759              		.loc 10 74 17 is_stmt 1 view .LVU458
 1760              	.LBB436:
 1761              		.loc 10 74 35 view .LVU459
 1762              		.loc 10 74 35 is_stmt 0 view .LVU460
 1763              	.LBE436:
 1764              	.LBE435:
 117:CVCalibration.cpp ****                 euro.patch.WriteCvOut(CV_OUT_2, (euro.GetKnobValue(planter::KNOB_4) *4) + euro.GetK
 1765              		.loc 11 117 44 view .LVU461
 1766 05a6 94F88C30 		ldrb	r3, [r4, #140]	@ zero_extendqisi2
 1767 05aa FF2B     		cmp	r3, #255
 1768 05ac 7FF472AD 		bne	.L26
 1769 05b0 B4E5     		b	.L33
 1770              	.L19:
  87:CVCalibration.cpp ****                 euro.patch.WriteCvOut(CV_OUT_1, euro.GetKnobValue(planter::KNOB_1) + (euro.GetKnobV
 1771              		.loc 11 87 17 is_stmt 1 view .LVU462
  87:CVCalibration.cpp ****                 euro.patch.WriteCvOut(CV_OUT_1, euro.GetKnobValue(planter::KNOB_1) + (euro.GetKnobV
 1772              		.loc 11 87 39 is_stmt 0 view .LVU463
 1773 05b2 0221     		movs	r1, #2
 1774 05b4 2448     		ldr	r0, .L76+8
 1775 05b6 FFF7FEFF 		bl	_ZN9anachrome7planter17WriteCvOutBipolarEif
 1776              	.LVL146:
  88:CVCalibration.cpp ****             }
 1777              		.loc 11 88 17 is_stmt 1 view .LVU464
  88:CVCalibration.cpp ****             }
 1778              		.loc 11 88 66 is_stmt 0 view .LVU465
 1779 05ba 0421     		movs	r1, #4
 1780 05bc 2248     		ldr	r0, .L76+8
 1781 05be FFF7FEFF 		bl	_ZN9anachrome7planter12GetKnobValueEi
 1782              	.LVL147:
 1783 05c2 B0EE408A 		vmov.f32	s16, s0
  88:CVCalibration.cpp ****             }
 1784              		.loc 11 88 104 view .LVU466
 1785 05c6 0721     		movs	r1, #7
 1786 05c8 1F48     		ldr	r0, .L76+8
ARM GAS  C:\Users\isaia\AppData\Local\Temp\ccUIOBkL.s 			page 55


 1787 05ca FFF7FEFF 		bl	_ZN9anachrome7planter12GetKnobValueEi
 1788              	.LVL148:
  88:CVCalibration.cpp ****             }
 1789              		.loc 11 88 38 view .LVU467
 1790 05ce 0121     		movs	r1, #1
  88:CVCalibration.cpp ****             }
 1791              		.loc 11 88 66 view .LVU468
 1792 05d0 B7EEC87A 		vcvt.f64.f32	d7, s16
  88:CVCalibration.cpp ****             }
 1793              		.loc 11 88 84 view .LVU469
 1794 05d4 9FED1A6B 		vldr.64	d6, .L76
 1795 05d8 79E7     		b	.L66
 1796              	.L23:
  99:CVCalibration.cpp ****                 euro.patch.WriteCvOut(CV_OUT_1, euro.GetKnobValue(planter::KNOB_2) + (euro.GetKnobV
 1797              		.loc 11 99 17 is_stmt 1 view .LVU470
  99:CVCalibration.cpp ****                 euro.patch.WriteCvOut(CV_OUT_1, euro.GetKnobValue(planter::KNOB_2) + (euro.GetKnobV
 1798              		.loc 11 99 39 is_stmt 0 view .LVU471
 1799 05da 0221     		movs	r1, #2
 1800 05dc 1A48     		ldr	r0, .L76+8
 1801 05de FFF7FEFF 		bl	_ZN9anachrome7planter17WriteCvOutBipolarEif
 1802              	.LVL149:
 100:CVCalibration.cpp ****             }
 1803              		.loc 11 100 17 is_stmt 1 view .LVU472
 100:CVCalibration.cpp ****             }
 1804              		.loc 11 100 66 is_stmt 0 view .LVU473
 1805 05e2 0521     		movs	r1, #5
 1806 05e4 1848     		ldr	r0, .L76+8
 1807 05e6 FFF7FEFF 		bl	_ZN9anachrome7planter12GetKnobValueEi
 1808              	.LVL150:
 1809 05ea B0EE408A 		vmov.f32	s16, s0
 100:CVCalibration.cpp ****             }
 1810              		.loc 11 100 104 view .LVU474
 1811 05ee 0821     		movs	r1, #8
 1812 05f0 1548     		ldr	r0, .L76+8
 1813 05f2 FFF7FEFF 		bl	_ZN9anachrome7planter12GetKnobValueEi
 1814              	.LVL151:
 100:CVCalibration.cpp ****             }
 1815              		.loc 11 100 129 view .LVU475
 1816 05f6 B0EE006B 		vmov.f64	d6, #2.0e+0
 100:CVCalibration.cpp ****             }
 1817              		.loc 11 100 66 view .LVU476
 1818 05fa B7EEC87A 		vcvt.f64.f32	d7, s16
 100:CVCalibration.cpp ****             }
 1819              		.loc 11 100 38 view .LVU477
 1820 05fe 0121     		movs	r1, #1
 100:CVCalibration.cpp ****             }
 1821              		.loc 11 100 104 view .LVU478
 1822 0600 B7EEC00A 		vcvt.f64.f32	d0, s0
 100:CVCalibration.cpp ****             }
 1823              		.loc 11 100 84 view .LVU479
 1824 0604 9FED0E5B 		vldr.64	d5, .L76
 1825 0608 90E7     		b	.L67
 1826              	.L27:
 112:CVCalibration.cpp ****                 euro.patch.WriteCvOut(CV_OUT_1, euro.GetKnobValue(planter::KNOB_3) + (euro.GetKnobV
 1827              		.loc 11 112 17 is_stmt 1 view .LVU480
 112:CVCalibration.cpp ****                 euro.patch.WriteCvOut(CV_OUT_1, euro.GetKnobValue(planter::KNOB_3) + (euro.GetKnobV
 1828              		.loc 11 112 39 is_stmt 0 view .LVU481
ARM GAS  C:\Users\isaia\AppData\Local\Temp\ccUIOBkL.s 			page 56


 1829 060a 0221     		movs	r1, #2
 1830 060c 0E48     		ldr	r0, .L76+8
 1831 060e FFF7FEFF 		bl	_ZN9anachrome7planter17WriteCvOutBipolarEif
 1832              	.LVL152:
 113:CVCalibration.cpp ****             }
 1833              		.loc 11 113 17 is_stmt 1 view .LVU482
 113:CVCalibration.cpp ****             }
 1834              		.loc 11 113 66 is_stmt 0 view .LVU483
 1835 0612 0621     		movs	r1, #6
 1836 0614 0C48     		ldr	r0, .L76+8
 1837 0616 FFF7FEFF 		bl	_ZN9anachrome7planter12GetKnobValueEi
 1838              	.LVL153:
 1839 061a B0EE408A 		vmov.f32	s16, s0
 113:CVCalibration.cpp ****             }
 1840              		.loc 11 113 104 view .LVU484
 1841 061e 0921     		movs	r1, #9
 1842 0620 0948     		ldr	r0, .L76+8
 1843 0622 FFF7FEFF 		bl	_ZN9anachrome7planter12GetKnobValueEi
 1844              	.LVL154:
 113:CVCalibration.cpp ****             }
 1845              		.loc 11 113 130 view .LVU485
 1846 0626 B1EE006B 		vmov.f64	d6, #4.0e+0
 113:CVCalibration.cpp ****             }
 1847              		.loc 11 113 66 view .LVU486
 1848 062a B7EEC87A 		vcvt.f64.f32	d7, s16
 113:CVCalibration.cpp ****             }
 1849              		.loc 11 113 38 view .LVU487
 1850 062e 0121     		movs	r1, #1
 113:CVCalibration.cpp ****             }
 1851              		.loc 11 113 104 view .LVU488
 1852 0630 B7EEC00A 		vcvt.f64.f32	d0, s0
 113:CVCalibration.cpp ****             }
 1853              		.loc 11 113 84 view .LVU489
 1854 0634 9FED025B 		vldr.64	d5, .L76
 1855 0638 A7E7     		b	.L68
 1856              	.L77:
 1857 063a 00BFAFF3 		.align	3
 1857      0080
 1858              	.L76:
 1859 0640 7B14AE47 		.word	1202590843
 1860 0644 E17A943F 		.word	1066695393
 1861 0648 00000000 		.word	.LANCHOR0
 1862 064c B8000000 		.word	.LANCHOR0+184
 1863 0650 00000000 		.word	0
 1864              	.LBE437:
 1865              		.cfi_endproc
 1866              	.LFE4907:
 1868              		.section	.text.startup._GLOBAL__sub_I_hw,"ax",%progbits
 1869              		.align	1
 1870              		.p2align 2,,3
 1871              		.syntax unified
 1872              		.thumb
 1873              		.thumb_func
 1874              		.fpu fpv5-d16
 1876              	_GLOBAL__sub_I_hw:
 1877              	.LFB5481:
 177:CVCalibration.cpp ****     }
ARM GAS  C:\Users\isaia\AppData\Local\Temp\ccUIOBkL.s 			page 57


 178:CVCalibration.cpp **** 
 179:CVCalibration.cpp **** }
 1878              		.loc 11 179 1 is_stmt 1 view -0
 1879              		.cfi_startproc
 1880              		@ args = 0, pretend = 0, frame = 0
 1881              		@ frame_needed = 0, uses_anonymous_args = 0
 1882              	.LBB633:
 1883              	.LBI633:
 1884              		.loc 11 179 1 view .LVU491
 1885              	.LVL155:
 1886              	.LBB634:
 1887              	.LBB635:
 1888              	.LBI635:
  64:../../libDaisy//src/daisy_patch_sm.h ****         ~DaisyPatchSM() {}
 1889              		.loc 1 64 9 view .LVU492
 1890              	.LBB636:
 1891              	.LBB637:
 1892              	.LBI637:
  96:../../libDaisy//src/sys/system.h ****     ~System() {}
 1893              		.loc 7 96 5 view .LVU493
  96:../../libDaisy//src/sys/system.h ****     ~System() {}
 1894              		.loc 7 96 5 is_stmt 0 view .LVU494
 1895              	.LBE637:
 1896              	.LBB638:
 1897              	.LBI638:
 1898              		.file 12 "../../libDaisy//src/per/qspi.h"
   1:../../libDaisy//src/per/qspi.h **** #ifndef DSY_QSPI
   2:../../libDaisy//src/per/qspi.h **** #define DSY_QSPI /**< Macro */
   3:../../libDaisy//src/per/qspi.h **** 
   4:../../libDaisy//src/per/qspi.h **** #ifndef UNIT_TEST // for unit tests, a dummy implementation
   5:../../libDaisy//src/per/qspi.h **** 
   6:../../libDaisy//src/per/qspi.h **** #include <cstdint>
   7:../../libDaisy//src/per/qspi.h **** #include "daisy_core.h"
   8:../../libDaisy//src/per/qspi.h **** #include "util/hal_map.h"
   9:../../libDaisy//src/per/qspi.h **** 
  10:../../libDaisy//src/per/qspi.h **** #define DSY_QSPI_TEXT       \
  11:../../libDaisy//src/per/qspi.h ****     __attribute__((section( \
  12:../../libDaisy//src/per/qspi.h ****         ".qspiflash_text"))) /**< used for reading memory in memory_mapped mode. */
  13:../../libDaisy//src/per/qspi.h **** #define DSY_QSPI_DATA       \
  14:../../libDaisy//src/per/qspi.h ****     __attribute__((section( \
  15:../../libDaisy//src/per/qspi.h ****         ".qspiflash_data"))) /**< used for reading memory in memory_mapped mode. */
  16:../../libDaisy//src/per/qspi.h **** #define DSY_QSPI_BSS        \
  17:../../libDaisy//src/per/qspi.h ****     __attribute__((section( \
  18:../../libDaisy//src/per/qspi.h ****         ".qspiflash_bss"))) /**< used for reading memory in memory_mapped mode. */
  19:../../libDaisy//src/per/qspi.h **** 
  20:../../libDaisy//src/per/qspi.h **** namespace daisy
  21:../../libDaisy//src/per/qspi.h **** {
  22:../../libDaisy//src/per/qspi.h **** /** @addtogroup serial
  23:../../libDaisy//src/per/qspi.h **** @{
  24:../../libDaisy//src/per/qspi.h **** */
  25:../../libDaisy//src/per/qspi.h **** 
  26:../../libDaisy//src/per/qspi.h **** /**
  27:../../libDaisy//src/per/qspi.h ****  Driver for QSPI peripheral to interface with external flash memory. \n
  28:../../libDaisy//src/per/qspi.h ****     Currently supported QSPI Devices: \n
  29:../../libDaisy//src/per/qspi.h ****     * IS25LP080D
  30:../../libDaisy//src/per/qspi.h **** */
  31:../../libDaisy//src/per/qspi.h **** class QSPIHandle
ARM GAS  C:\Users\isaia\AppData\Local\Temp\ccUIOBkL.s 			page 58


  32:../../libDaisy//src/per/qspi.h **** {
  33:../../libDaisy//src/per/qspi.h ****   public:
  34:../../libDaisy//src/per/qspi.h ****     enum Result
  35:../../libDaisy//src/per/qspi.h ****     {
  36:../../libDaisy//src/per/qspi.h ****         OK = 0,
  37:../../libDaisy//src/per/qspi.h ****         ERR
  38:../../libDaisy//src/per/qspi.h ****     };
  39:../../libDaisy//src/per/qspi.h **** 
  40:../../libDaisy//src/per/qspi.h ****     /** Indicates the current status of the module.
  41:../../libDaisy//src/per/qspi.h ****          *  Warnings are indicated by a leading W.
  42:../../libDaisy//src/per/qspi.h ****          *  Errors are indicated by a leading E and cause an immediate exit.
  43:../../libDaisy//src/per/qspi.h ****          *
  44:../../libDaisy//src/per/qspi.h ****          *  \param GOOD - No errors have been reported.
  45:../../libDaisy//src/per/qspi.h ****          *  \param E_HAL_ERROR - HAL code did not return HAL_OK.
  46:../../libDaisy//src/per/qspi.h ****          *  \param E_SWITCHING_MODES - An error was encountered while switching QSPI peripheral mod
  47:../../libDaisy//src/per/qspi.h ****          *  \param E_INVALID_MODE - QSPI should not be written to while the program is executing fr
  48:../../libDaisy//src/per/qspi.h ****          */
  49:../../libDaisy//src/per/qspi.h ****     enum Status
  50:../../libDaisy//src/per/qspi.h ****     {
  51:../../libDaisy//src/per/qspi.h ****         GOOD = 0,
  52:../../libDaisy//src/per/qspi.h ****         E_HAL_ERROR,
  53:../../libDaisy//src/per/qspi.h ****         E_SWITCHING_MODES,
  54:../../libDaisy//src/per/qspi.h ****         E_INVALID_MODE,
  55:../../libDaisy//src/per/qspi.h ****     };
  56:../../libDaisy//src/per/qspi.h **** 
  57:../../libDaisy//src/per/qspi.h ****     /** Configuration structure for interfacing with QSPI Driver */
  58:../../libDaisy//src/per/qspi.h ****     struct Config
  59:../../libDaisy//src/per/qspi.h ****     {
  60:../../libDaisy//src/per/qspi.h ****         /** Flash Devices supported. (Both of these are more-or-less the same, just different sizes
  61:../../libDaisy//src/per/qspi.h ****         enum Device
  62:../../libDaisy//src/per/qspi.h ****         {
  63:../../libDaisy//src/per/qspi.h ****             IS25LP080D,  /**< & */
  64:../../libDaisy//src/per/qspi.h ****             IS25LP064A,  /**< & */
  65:../../libDaisy//src/per/qspi.h ****             DEVICE_LAST, /**< & */
  66:../../libDaisy//src/per/qspi.h ****         };
  67:../../libDaisy//src/per/qspi.h **** 
  68:../../libDaisy//src/per/qspi.h ****         /**
  69:../../libDaisy//src/per/qspi.h ****         Modes of operation.
  70:../../libDaisy//src/per/qspi.h ****         Memory Mapped mode: QSPI configured so that the QSPI can be
  71:../../libDaisy//src/per/qspi.h ****         read from starting address 0x90000000. Writing is not
  72:../../libDaisy//src/per/qspi.h ****         possible in this mode. \n
  73:../../libDaisy//src/per/qspi.h ****         Indirect Polling mode: Device driver enabled.
  74:../../libDaisy//src/per/qspi.h ****         */
  75:../../libDaisy//src/per/qspi.h ****         enum Mode
  76:../../libDaisy//src/per/qspi.h ****         {
  77:../../libDaisy//src/per/qspi.h ****             MEMORY_MAPPED,    /**< & */
  78:../../libDaisy//src/per/qspi.h ****             INDIRECT_POLLING, /**< & */
  79:../../libDaisy//src/per/qspi.h ****             MODE_LAST,
  80:../../libDaisy//src/per/qspi.h ****         };
  81:../../libDaisy//src/per/qspi.h **** 
  82:../../libDaisy//src/per/qspi.h ****         //SCK,  CE# (active low)
  83:../../libDaisy//src/per/qspi.h ****         struct
  84:../../libDaisy//src/per/qspi.h ****         {
  85:../../libDaisy//src/per/qspi.h ****             Pin io0; /**< & */
  86:../../libDaisy//src/per/qspi.h ****             Pin io1; /**< & */
  87:../../libDaisy//src/per/qspi.h ****             Pin io2; /**< & */
  88:../../libDaisy//src/per/qspi.h ****             Pin io3; /**< & */
ARM GAS  C:\Users\isaia\AppData\Local\Temp\ccUIOBkL.s 			page 59


  89:../../libDaisy//src/per/qspi.h ****             Pin clk; /**< & */
  90:../../libDaisy//src/per/qspi.h ****             Pin ncs; /**< & */
  91:../../libDaisy//src/per/qspi.h ****         } pin_config;
  92:../../libDaisy//src/per/qspi.h **** 
  93:../../libDaisy//src/per/qspi.h ****         Device device;
  94:../../libDaisy//src/per/qspi.h ****         Mode   mode;
  95:../../libDaisy//src/per/qspi.h ****     };
  96:../../libDaisy//src/per/qspi.h **** 
  97:../../libDaisy//src/per/qspi.h ****     /**
  98:../../libDaisy//src/per/qspi.h ****         Initializes QSPI peripheral, and Resets, and prepares memory for access.
  99:../../libDaisy//src/per/qspi.h ****         \param config should be populated with the mode, device and pin_config before calling this 
 100:../../libDaisy//src/per/qspi.h ****         \return Result::OK or Result::ERR
 101:../../libDaisy//src/per/qspi.h ****         */
 102:../../libDaisy//src/per/qspi.h ****     Result Init(const Config& config);
 103:../../libDaisy//src/per/qspi.h **** 
 104:../../libDaisy//src/per/qspi.h ****     /** Returns the current config. */
 105:../../libDaisy//src/per/qspi.h ****     const Config& GetConfig() const;
 106:../../libDaisy//src/per/qspi.h **** 
 107:../../libDaisy//src/per/qspi.h ****     // Couldn't this just be called before anything else in init? That
 108:../../libDaisy//src/per/qspi.h ****     // would make manually calling it unnecessary.
 109:../../libDaisy//src/per/qspi.h ****     /**
 110:../../libDaisy//src/per/qspi.h ****         Deinitializes the peripheral
 111:../../libDaisy//src/per/qspi.h ****         This should be called before reinitializing QSPI in a different mode.
 112:../../libDaisy//src/per/qspi.h ****         \return Result::OK or Result::ERR
 113:../../libDaisy//src/per/qspi.h ****         */
 114:../../libDaisy//src/per/qspi.h ****     Result DeInit();
 115:../../libDaisy//src/per/qspi.h **** 
 116:../../libDaisy//src/per/qspi.h ****     /**
 117:../../libDaisy//src/per/qspi.h ****         Writes a single page to to the specified address on the QSPI chip.
 118:../../libDaisy//src/per/qspi.h ****         For IS25LP*, page size is 256 bytes.
 119:../../libDaisy//src/per/qspi.h ****         \param address Address to write to
 120:../../libDaisy//src/per/qspi.h ****         \param size Buffer size
 121:../../libDaisy//src/per/qspi.h ****         \param buffer Buffer to write
 122:../../libDaisy//src/per/qspi.h ****         \return Result::OK or Result::ERR
 123:../../libDaisy//src/per/qspi.h ****         */
 124:../../libDaisy//src/per/qspi.h ****     Result WritePage(uint32_t address, uint32_t size, uint8_t* buffer);
 125:../../libDaisy//src/per/qspi.h **** 
 126:../../libDaisy//src/per/qspi.h ****     /**
 127:../../libDaisy//src/per/qspi.h ****         Writes data in buffer to to the QSPI. Starting at address to address+size
 128:../../libDaisy//src/per/qspi.h ****         \param address Address to write to
 129:../../libDaisy//src/per/qspi.h ****         \param size Buffer size
 130:../../libDaisy//src/per/qspi.h ****         \param buffer Buffer to write
 131:../../libDaisy//src/per/qspi.h ****         \return Result::OK or Result::ERR
 132:../../libDaisy//src/per/qspi.h ****         */
 133:../../libDaisy//src/per/qspi.h ****     Result Write(uint32_t address, uint32_t size, uint8_t* buffer);
 134:../../libDaisy//src/per/qspi.h **** 
 135:../../libDaisy//src/per/qspi.h ****     /**
 136:../../libDaisy//src/per/qspi.h ****         Erases the area specified on the chip.
 137:../../libDaisy//src/per/qspi.h ****         Erasures will happen by 4K, 32K or 64K increments.
 138:../../libDaisy//src/per/qspi.h ****         Smallest erase possible is 4kB at a time. (on IS25LP*)
 139:../../libDaisy//src/per/qspi.h ****         \param start_addr Address to begin erasing from
 140:../../libDaisy//src/per/qspi.h ****         \param end_addr  Address to stop erasing at
 141:../../libDaisy//src/per/qspi.h ****         \return Result::OK or Result::ERR
 142:../../libDaisy//src/per/qspi.h ****         */
 143:../../libDaisy//src/per/qspi.h ****     Result Erase(uint32_t start_addr, uint32_t end_addr);
 144:../../libDaisy//src/per/qspi.h **** 
 145:../../libDaisy//src/per/qspi.h ****     /**
ARM GAS  C:\Users\isaia\AppData\Local\Temp\ccUIOBkL.s 			page 60


 146:../../libDaisy//src/per/qspi.h ****          Erases a single sector of the chip.
 147:../../libDaisy//src/per/qspi.h ****         TODO: Document the size of this function.
 148:../../libDaisy//src/per/qspi.h ****         \param address Address of sector to erase
 149:../../libDaisy//src/per/qspi.h ****         \return Result::OK or Result::ERR
 150:../../libDaisy//src/per/qspi.h ****         */
 151:../../libDaisy//src/per/qspi.h ****     Result EraseSector(uint32_t address);
 152:../../libDaisy//src/per/qspi.h **** 
 153:../../libDaisy//src/per/qspi.h ****     /** Returns the current class status. Useful for debugging.
 154:../../libDaisy//src/per/qspi.h ****      *  \returns Status
 155:../../libDaisy//src/per/qspi.h ****      */
 156:../../libDaisy//src/per/qspi.h ****     Status GetStatus();
 157:../../libDaisy//src/per/qspi.h **** 
 158:../../libDaisy//src/per/qspi.h ****     /** Returns a pointer to the actual memory used
 159:../../libDaisy//src/per/qspi.h ****      *  The memory at this address is read-only
 160:../../libDaisy//src/per/qspi.h ****      *  to write to it use the Write function.
 161:../../libDaisy//src/per/qspi.h ****      *
 162:../../libDaisy//src/per/qspi.h ****      *  \param offset returns the pointer starting this
 163:../../libDaisy//src/per/qspi.h ****      *                many bytes into the memory
 164:../../libDaisy//src/per/qspi.h ****     */
 165:../../libDaisy//src/per/qspi.h ****     void* GetData(uint32_t offset = 0);
 166:../../libDaisy//src/per/qspi.h **** 
 167:../../libDaisy//src/per/qspi.h ****     QSPIHandle() : pimpl_(nullptr) {}
 1899              		.loc 12 167 5 is_stmt 1 view .LVU495
 1900              		.loc 12 167 5 is_stmt 0 view .LVU496
 1901              	.LBE638:
 1902              	.LBB641:
 1903              	.LBI641:
  87:../../libDaisy//src/hid/audio.h ****     ~AudioHandle() {}
 1904              		.loc 6 87 5 is_stmt 1 view .LVU497
  87:../../libDaisy//src/hid/audio.h ****     ~AudioHandle() {}
 1905              		.loc 6 87 5 is_stmt 0 view .LVU498
 1906              	.LBE641:
 1907              	.LBB644:
 1908              	.LBI644:
 109:../../libDaisy//src/per/adc.h ****     ~AdcHandle() {}
 1909              		.loc 5 109 5 is_stmt 1 view .LVU499
 109:../../libDaisy//src/per/adc.h ****     ~AdcHandle() {}
 1910              		.loc 5 109 5 is_stmt 0 view .LVU500
 1911              	.LBE644:
 1912              	.LBB645:
 1913              	.LBI645:
  40:../../libDaisy//src/hid/usb.h **** 
 1914              		.loc 4 40 5 is_stmt 1 view .LVU501
  40:../../libDaisy//src/hid/usb.h **** 
 1915              		.loc 4 40 5 is_stmt 0 view .LVU502
 1916              	.LBE645:
 1917              	.LBB646:
 1918              	.LBI646:
  28:../../libDaisy//src/dev/codec_pcm3060.h ****     ~Pcm3060() {}
 1919              		.loc 3 28 5 is_stmt 1 view .LVU503
 1920              	.LBB647:
 1921              	.LBB648:
 1922              	.LBI648:
 1923              		.file 13 "../../libDaisy//src/per/i2c.h"
   1:../../libDaisy//src/per/i2c.h **** #pragma once
   2:../../libDaisy//src/per/i2c.h **** #include "util/hal_map.h"
   3:../../libDaisy//src/per/i2c.h **** #include "daisy_core.h"
ARM GAS  C:\Users\isaia\AppData\Local\Temp\ccUIOBkL.s 			page 61


   4:../../libDaisy//src/per/i2c.h **** 
   5:../../libDaisy//src/per/i2c.h **** namespace daisy
   6:../../libDaisy//src/per/i2c.h **** {
   7:../../libDaisy//src/per/i2c.h **** /** A handle for interacting with an I2C peripheral. This is a dumb
   8:../../libDaisy//src/per/i2c.h ****  *  gateway that internally points to one of the four I2C peripherals
   9:../../libDaisy//src/per/i2c.h ****  *  after it was initialised. It can then be copied and passed around.
  10:../../libDaisy//src/per/i2c.h ****  *  Use an I2CHandle like this:
  11:../../libDaisy//src/per/i2c.h ****  *  
  12:../../libDaisy//src/per/i2c.h ****  *      // setup the configuration
  13:../../libDaisy//src/per/i2c.h ****  *      I2CHandle::Config i2c_conf;
  14:../../libDaisy//src/per/i2c.h ****  *      i2c_conf.periph = I2CHandle::Config::Peripheral::I2C_1;
  15:../../libDaisy//src/per/i2c.h ****  *      i2c_conf.speed  = I2CHandle::Config::Speed::I2C_400KHZ;
  16:../../libDaisy//src/per/i2c.h ****  *      i2c_conf.mode   = I2CHandle::Config::Mode::Master;
  17:../../libDaisy//src/per/i2c.h ****  *      i2c_conf.pin_config.scl  = {DSY_GPIOB, 8};
  18:../../libDaisy//src/per/i2c.h ****  *      i2c_conf.pin_config.sda  = {DSY_GPIOB, 9};
  19:../../libDaisy//src/per/i2c.h ****  *      // initialise the peripheral
  20:../../libDaisy//src/per/i2c.h ****  *      I2CHandle i2c;
  21:../../libDaisy//src/per/i2c.h ****  *      i2c.Init(i2c_conf);
  22:../../libDaisy//src/per/i2c.h ****  *      // now i2c points to the corresponding peripheral and can be used.
  23:../../libDaisy//src/per/i2c.h ****  *      i2c.TransmitBlocking( ... );
  24:../../libDaisy//src/per/i2c.h ****  */
  25:../../libDaisy//src/per/i2c.h **** class I2CHandle
  26:../../libDaisy//src/per/i2c.h **** {
  27:../../libDaisy//src/per/i2c.h ****   public:
  28:../../libDaisy//src/per/i2c.h ****     /** Contains settings for initialising an I2C interface. */
  29:../../libDaisy//src/per/i2c.h ****     struct Config
  30:../../libDaisy//src/per/i2c.h ****     {
  31:../../libDaisy//src/per/i2c.h ****         /** Specifies whether the interface will operate in master or slave mode. */
  32:../../libDaisy//src/per/i2c.h ****         enum class Mode
  33:../../libDaisy//src/per/i2c.h ****         {
  34:../../libDaisy//src/per/i2c.h ****             I2C_MASTER,
  35:../../libDaisy//src/per/i2c.h ****             I2C_SLAVE,
  36:../../libDaisy//src/per/i2c.h ****         };
  37:../../libDaisy//src/per/i2c.h **** 
  38:../../libDaisy//src/per/i2c.h ****         /** Specifices the internal peripheral to use (these are mapped to different pins on the ha
  39:../../libDaisy//src/per/i2c.h ****         enum class Peripheral
  40:../../libDaisy//src/per/i2c.h ****         {
  41:../../libDaisy//src/per/i2c.h ****             I2C_1 = 0, /**< & */
  42:../../libDaisy//src/per/i2c.h ****             I2C_2,     /**< & */
  43:../../libDaisy//src/per/i2c.h ****             I2C_3,     /**< & */
  44:../../libDaisy//src/per/i2c.h ****             I2C_4,     /**< & */
  45:../../libDaisy//src/per/i2c.h ****         };
  46:../../libDaisy//src/per/i2c.h **** 
  47:../../libDaisy//src/per/i2c.h ****         /** Rate at which the clock/data will be sent/received. The device being used will have max
  48:../../libDaisy//src/per/i2c.h ****          *  1MHZ Mode is currently 886kHz
  49:../../libDaisy//src/per/i2c.h ****          */
  50:../../libDaisy//src/per/i2c.h ****         enum class Speed
  51:../../libDaisy//src/per/i2c.h ****         {
  52:../../libDaisy//src/per/i2c.h ****             I2C_100KHZ, /**< & */
  53:../../libDaisy//src/per/i2c.h ****             I2C_400KHZ, /**< & */
  54:../../libDaisy//src/per/i2c.h ****             I2C_1MHZ,   /**< & */
  55:../../libDaisy//src/per/i2c.h ****         };
  56:../../libDaisy//src/per/i2c.h **** 
  57:../../libDaisy//src/per/i2c.h ****         Peripheral periph; /**< & */
  58:../../libDaisy//src/per/i2c.h ****         struct
  59:../../libDaisy//src/per/i2c.h ****         {
  60:../../libDaisy//src/per/i2c.h ****             Pin scl;  /**< & */
ARM GAS  C:\Users\isaia\AppData\Local\Temp\ccUIOBkL.s 			page 62


  61:../../libDaisy//src/per/i2c.h ****             Pin sda;  /**< & */
  62:../../libDaisy//src/per/i2c.h ****         } pin_config; /**< & */
  63:../../libDaisy//src/per/i2c.h **** 
  64:../../libDaisy//src/per/i2c.h ****         Speed speed; /**< & */
  65:../../libDaisy//src/per/i2c.h ****         Mode  mode;  /**< & */
  66:../../libDaisy//src/per/i2c.h ****         // 0x10 is chosen as a default to avoid conflicts with reserved addresses
  67:../../libDaisy//src/per/i2c.h ****         uint8_t address = 0x10; /**< & */
  68:../../libDaisy//src/per/i2c.h ****     };
  69:../../libDaisy//src/per/i2c.h **** 
  70:../../libDaisy//src/per/i2c.h ****     /** Return values for I2C functions. */
  71:../../libDaisy//src/per/i2c.h ****     enum class Result
  72:../../libDaisy//src/per/i2c.h ****     {
  73:../../libDaisy//src/per/i2c.h ****         OK, /**< & */
  74:../../libDaisy//src/per/i2c.h ****         ERR /**< & */
  75:../../libDaisy//src/per/i2c.h ****     };
  76:../../libDaisy//src/per/i2c.h **** 
  77:../../libDaisy//src/per/i2c.h ****     enum class Direction
  78:../../libDaisy//src/per/i2c.h ****     {
  79:../../libDaisy//src/per/i2c.h ****         TRANSMIT, /**< & */
  80:../../libDaisy//src/per/i2c.h ****         RECEIVE,  /**< & */
  81:../../libDaisy//src/per/i2c.h ****     };
  82:../../libDaisy//src/per/i2c.h **** 
  83:../../libDaisy//src/per/i2c.h ****     I2CHandle() : pimpl_(nullptr) {}
 1924              		.loc 13 83 5 view .LVU504
 1925              		.loc 13 83 5 is_stmt 0 view .LVU505
 1926              	.LBE648:
 1927              	.LBE647:
 1928              	.LBE646:
 1929              	.LBB653:
 1930              	.LBI653:
 1931              		.file 14 "../../libDaisy//src/per/dac.h"
   1:../../libDaisy//src/per/dac.h **** #pragma once
   2:../../libDaisy//src/per/dac.h **** #ifndef DSY_DAC_H
   3:../../libDaisy//src/per/dac.h **** #define DSY_DAC_H
   4:../../libDaisy//src/per/dac.h **** #include "stm32h7xx_hal.h"
   5:../../libDaisy//src/per/dac.h **** #include "daisy_core.h"
   6:../../libDaisy//src/per/dac.h **** 
   7:../../libDaisy//src/per/dac.h **** namespace daisy
   8:../../libDaisy//src/per/dac.h **** {
   9:../../libDaisy//src/per/dac.h **** /** @brief DAC handle for Built-in DAC Peripheral 
  10:../../libDaisy//src/per/dac.h ****  *  @ingroup per_analog
  11:../../libDaisy//src/per/dac.h ****  ** 
  12:../../libDaisy//src/per/dac.h ****  ** For now only Normal Mode is supported,
  13:../../libDaisy//src/per/dac.h ****  ** Sample and hold mode provides reduced power consumption, but requires a bit more setup.
  14:../../libDaisy//src/per/dac.h ****  **
  15:../../libDaisy//src/per/dac.h ****  ** For now connecting the DAC through other internal peripherals is also not supported.
  16:../../libDaisy//src/per/dac.h ****  **
  17:../../libDaisy//src/per/dac.h ****  ** Since the DAC channels have dedicated pins we don't need to pass in a pin config like with
  18:../../libDaisy//src/per/dac.h ****  ** other modules. However, it is still important to not try to use the DAC pins for anything else.
  19:../../libDaisy//src/per/dac.h ****  ** DAC Channel 1 is on PA4, and DAC Channel 2 is on PA5
  20:../../libDaisy//src/per/dac.h ****  ***/
  21:../../libDaisy//src/per/dac.h **** class DacHandle
  22:../../libDaisy//src/per/dac.h **** {
  23:../../libDaisy//src/per/dac.h ****   public:
  24:../../libDaisy//src/per/dac.h ****     /** Return Values for the DacHandle class */
  25:../../libDaisy//src/per/dac.h ****     enum class Result
  26:../../libDaisy//src/per/dac.h ****     {
ARM GAS  C:\Users\isaia\AppData\Local\Temp\ccUIOBkL.s 			page 63


  27:../../libDaisy//src/per/dac.h ****         OK,
  28:../../libDaisy//src/per/dac.h ****         ERR,
  29:../../libDaisy//src/per/dac.h ****     };
  30:../../libDaisy//src/per/dac.h **** 
  31:../../libDaisy//src/per/dac.h ****     /** Selects which channel(s) will be configured for use. */
  32:../../libDaisy//src/per/dac.h ****     enum class Channel
  33:../../libDaisy//src/per/dac.h ****     {
  34:../../libDaisy//src/per/dac.h ****         ONE,
  35:../../libDaisy//src/per/dac.h ****         TWO,
  36:../../libDaisy//src/per/dac.h ****         BOTH,
  37:../../libDaisy//src/per/dac.h ****     };
  38:../../libDaisy//src/per/dac.h **** 
  39:../../libDaisy//src/per/dac.h ****     /** Sets the Mode for the DAC channels.
  40:../../libDaisy//src/per/dac.h ****      **
  41:../../libDaisy//src/per/dac.h ****      ** Polling mode uses the blocking mode to transmit a single value at a time.
  42:../../libDaisy//src/per/dac.h ****      **
  43:../../libDaisy//src/per/dac.h ****      ** DMA mode uses a buffer, and periodically transmits it triggering a 
  44:../../libDaisy//src/per/dac.h ****      ** callback to fill the buffer when it is ready for more samples.
  45:../../libDaisy//src/per/dac.h ****      ***/
  46:../../libDaisy//src/per/dac.h ****     enum class Mode
  47:../../libDaisy//src/per/dac.h ****     {
  48:../../libDaisy//src/per/dac.h ****         POLLING,
  49:../../libDaisy//src/per/dac.h ****         DMA,
  50:../../libDaisy//src/per/dac.h ****     };
  51:../../libDaisy//src/per/dac.h **** 
  52:../../libDaisy//src/per/dac.h ****     /** Sets the number of bits per sample transmitted out of the DAC.
  53:../../libDaisy//src/per/dac.h ****      ** The output range will be: 0V - VDDA
  54:../../libDaisy//src/per/dac.h ****      ** The resolution will be roughly: bitdepth / (VDDA - 0V) 
  55:../../libDaisy//src/per/dac.h ****      ***/
  56:../../libDaisy//src/per/dac.h ****     enum class BitDepth
  57:../../libDaisy//src/per/dac.h ****     {
  58:../../libDaisy//src/per/dac.h ****         BITS_8,
  59:../../libDaisy//src/per/dac.h ****         BITS_12
  60:../../libDaisy//src/per/dac.h ****     };
  61:../../libDaisy//src/per/dac.h **** 
  62:../../libDaisy//src/per/dac.h ****     /** Sets whether the DAC output is buffered for higher drive ability. */
  63:../../libDaisy//src/per/dac.h ****     enum class BufferState
  64:../../libDaisy//src/per/dac.h ****     {
  65:../../libDaisy//src/per/dac.h ****         ENABLED,
  66:../../libDaisy//src/per/dac.h ****         DISABLED,
  67:../../libDaisy//src/per/dac.h ****     };
  68:../../libDaisy//src/per/dac.h **** 
  69:../../libDaisy//src/per/dac.h ****     /** Configuration structure for initializing the DAC structure. */
  70:../../libDaisy//src/per/dac.h ****     struct Config
  71:../../libDaisy//src/per/dac.h ****     {
  72:../../libDaisy//src/per/dac.h ****         /** Target Samplerate in Hz used to configure the internal 
  73:../../libDaisy//src/per/dac.h ****          ** timebase for DMA mode. Does nothing in POLLING mode.
  74:../../libDaisy//src/per/dac.h ****          ** If the value is 0 at Init time this will default to 48000Hz 
  75:../../libDaisy//src/per/dac.h ****          ** otherwise the driver will attempt meet the target.*/
  76:../../libDaisy//src/per/dac.h ****         uint32_t target_samplerate;
  77:../../libDaisy//src/per/dac.h **** 
  78:../../libDaisy//src/per/dac.h ****         Channel     chn;
  79:../../libDaisy//src/per/dac.h ****         Mode        mode;
  80:../../libDaisy//src/per/dac.h ****         BitDepth    bitdepth;
  81:../../libDaisy//src/per/dac.h ****         BufferState buff_state;
  82:../../libDaisy//src/per/dac.h ****     };
  83:../../libDaisy//src/per/dac.h **** 
ARM GAS  C:\Users\isaia\AppData\Local\Temp\ccUIOBkL.s 			page 64


  84:../../libDaisy//src/per/dac.h ****     DacHandle() : pimpl_(nullptr) {}
 1932              		.loc 14 84 5 is_stmt 1 view .LVU506
 1933              		.loc 14 84 5 is_stmt 0 view .LVU507
 1934              	.LBE653:
 1935              	.LBB654:
 1936              	.LBI654:
 1937              		.file 15 "../../libDaisy//src/per/gpio.h"
   1:../../libDaisy//src/per/gpio.h **** #pragma once
   2:../../libDaisy//src/per/gpio.h **** #ifndef DSY_GPIO_H
   3:../../libDaisy//src/per/gpio.h **** #define DSY_GPIO_H
   4:../../libDaisy//src/per/gpio.h **** #include "daisy_core.h"
   5:../../libDaisy//src/per/gpio.h **** 
   6:../../libDaisy//src/per/gpio.h **** #ifdef __cplusplus
   7:../../libDaisy//src/per/gpio.h **** 
   8:../../libDaisy//src/per/gpio.h **** namespace daisy
   9:../../libDaisy//src/per/gpio.h **** {
  10:../../libDaisy//src/per/gpio.h **** /** @brief General Purpose I/O control 
  11:../../libDaisy//src/per/gpio.h ****  *  @details peripheral control over a single GPIO
  12:../../libDaisy//src/per/gpio.h ****  *  @ingroup peripheral
  13:../../libDaisy//src/per/gpio.h ****  *   
  14:../../libDaisy//src/per/gpio.h ****  *  Button Input (with internal Pullup resistor)
  15:../../libDaisy//src/per/gpio.h ****  *  @include GPIO_Input.cpp 
  16:../../libDaisy//src/per/gpio.h ****  * 
  17:../../libDaisy//src/per/gpio.h ****  *  Output Example (perfect for blinking an LED)
  18:../../libDaisy//src/per/gpio.h ****  *  @include GPIO_Output.cpp
  19:../../libDaisy//src/per/gpio.h ****  * 
  20:../../libDaisy//src/per/gpio.h **** */
  21:../../libDaisy//src/per/gpio.h **** class GPIO
  22:../../libDaisy//src/per/gpio.h **** {
  23:../../libDaisy//src/per/gpio.h ****   public:
  24:../../libDaisy//src/per/gpio.h ****     /** @brief Mode of operation for the specified GPIO */
  25:../../libDaisy//src/per/gpio.h ****     enum class Mode
  26:../../libDaisy//src/per/gpio.h ****     {
  27:../../libDaisy//src/per/gpio.h ****         INPUT,      /**< Input for reading state of pin */
  28:../../libDaisy//src/per/gpio.h ****         OUTPUT,     /**< Output w/ push-pull configuration */
  29:../../libDaisy//src/per/gpio.h ****         OPEN_DRAIN, /**< Output w/ open-drain configuration */
  30:../../libDaisy//src/per/gpio.h ****         ANALOG,     /**< Analog for connection to ADC or DAC peripheral */
  31:../../libDaisy//src/per/gpio.h ****     };
  32:../../libDaisy//src/per/gpio.h **** 
  33:../../libDaisy//src/per/gpio.h ****     /** @brief Configures whether an internal Pull up or Pull down resistor is used. 
  34:../../libDaisy//src/per/gpio.h ****      *  
  35:../../libDaisy//src/per/gpio.h ****      * Internal Pull up/down resistors are typically 40k ohms, and will be between
  36:../../libDaisy//src/per/gpio.h ****      * 30k and 50k
  37:../../libDaisy//src/per/gpio.h ****      * 
  38:../../libDaisy//src/per/gpio.h ****      * When the Pin is configured in Analog mode, the pull up/down resistors are
  39:../../libDaisy//src/per/gpio.h ****      * disabled by hardware. 
  40:../../libDaisy//src/per/gpio.h ****      */
  41:../../libDaisy//src/per/gpio.h ****     enum class Pull
  42:../../libDaisy//src/per/gpio.h ****     {
  43:../../libDaisy//src/per/gpio.h ****         NOPULL,   /**< No pull up resistor */
  44:../../libDaisy//src/per/gpio.h ****         PULLUP,   /**< Internal pull up enabled */
  45:../../libDaisy//src/per/gpio.h ****         PULLDOWN, /**< Internal pull down enabled*/
  46:../../libDaisy//src/per/gpio.h ****     };
  47:../../libDaisy//src/per/gpio.h **** 
  48:../../libDaisy//src/per/gpio.h ****     /** @brief Output speed controls the drive strength, and slew rate of the pin */
  49:../../libDaisy//src/per/gpio.h ****     enum class Speed
  50:../../libDaisy//src/per/gpio.h ****     {
ARM GAS  C:\Users\isaia\AppData\Local\Temp\ccUIOBkL.s 			page 65


  51:../../libDaisy//src/per/gpio.h ****         LOW,
  52:../../libDaisy//src/per/gpio.h ****         MEDIUM,
  53:../../libDaisy//src/per/gpio.h ****         HIGH,
  54:../../libDaisy//src/per/gpio.h ****         VERY_HIGH,
  55:../../libDaisy//src/per/gpio.h ****     };
  56:../../libDaisy//src/per/gpio.h **** 
  57:../../libDaisy//src/per/gpio.h ****     /** @brief Configuration for a given GPIO */
  58:../../libDaisy//src/per/gpio.h ****     struct Config
  59:../../libDaisy//src/per/gpio.h ****     {
  60:../../libDaisy//src/per/gpio.h ****         Pin   pin;
  61:../../libDaisy//src/per/gpio.h ****         Mode  mode;
  62:../../libDaisy//src/per/gpio.h ****         Pull  pull;
  63:../../libDaisy//src/per/gpio.h ****         Speed speed;
  64:../../libDaisy//src/per/gpio.h **** 
  65:../../libDaisy//src/per/gpio.h ****         /** Constructor with no arguments will prepare an invalid GPIO set as
  66:../../libDaisy//src/per/gpio.h ****          *  an input, with no pullup. 
  67:../../libDaisy//src/per/gpio.h ****          */
  68:../../libDaisy//src/per/gpio.h ****         Config()
  69:../../libDaisy//src/per/gpio.h ****         : pin(), mode(Mode::INPUT), pull(Pull::NOPULL), speed(Speed::LOW)
  70:../../libDaisy//src/per/gpio.h ****         {
  71:../../libDaisy//src/per/gpio.h ****         }
  72:../../libDaisy//src/per/gpio.h ****     };
  73:../../libDaisy//src/per/gpio.h **** 
  74:../../libDaisy//src/per/gpio.h ****     GPIO() {}
 1938              		.loc 15 74 5 is_stmt 1 view .LVU508
 1939              	.LBB655:
 1940              	.LBB656:
 1941              	.LBI656:
  68:../../libDaisy//src/per/gpio.h ****         : pin(), mode(Mode::INPUT), pull(Pull::NOPULL), speed(Speed::LOW)
 1942              		.loc 15 68 9 view .LVU509
 1943              	.LBB657:
 1944              	.LBB658:
 1945              	.LBB659:
 1946              	.LBI659:
 1947              		.file 16 "../../libDaisy//src/daisy_core.h"
   1:../../libDaisy//src/daisy_core.h **** #pragma once
   2:../../libDaisy//src/daisy_core.h **** #ifndef DSY_CORE_HW_H
   3:../../libDaisy//src/daisy_core.h **** #define DSY_CORE_HW_H /**< & */
   4:../../libDaisy//src/daisy_core.h **** #include <stdint.h>
   5:../../libDaisy//src/daisy_core.h **** #include <stdlib.h>
   6:../../libDaisy//src/daisy_core.h **** 
   7:../../libDaisy//src/daisy_core.h **** #if defined(_MSC_VER)
   8:../../libDaisy//src/daisy_core.h **** #define FORCE_INLINE __forceinline /**< & */
   9:../../libDaisy//src/daisy_core.h **** #elif defined(__clang__)
  10:../../libDaisy//src/daisy_core.h **** #define FORCE_INLINE inline __attribute__((always_inline)) /**< & */
  11:../../libDaisy//src/daisy_core.h **** #pragma clang diagnostic ignored "-Wduplicate-decl-specifier"
  12:../../libDaisy//src/daisy_core.h **** #elif defined(__GNUC__)
  13:../../libDaisy//src/daisy_core.h **** #define FORCE_INLINE inline __attribute__((always_inline)) /**< & */
  14:../../libDaisy//src/daisy_core.h **** #else
  15:../../libDaisy//src/daisy_core.h **** #error unknown compiler
  16:../../libDaisy//src/daisy_core.h **** #endif
  17:../../libDaisy//src/daisy_core.h **** 
  18:../../libDaisy//src/daisy_core.h **** /** @addtogroup utility
  19:../../libDaisy//src/daisy_core.h ****     @{
  20:../../libDaisy//src/daisy_core.h **** */
  21:../../libDaisy//src/daisy_core.h **** 
  22:../../libDaisy//src/daisy_core.h **** /** Macro for area of memory that is configured as cacheless
ARM GAS  C:\Users\isaia\AppData\Local\Temp\ccUIOBkL.s 			page 66


  23:../../libDaisy//src/daisy_core.h **** This should be used primarily for DMA buffers, and the like.
  24:../../libDaisy//src/daisy_core.h **** */
  25:../../libDaisy//src/daisy_core.h **** #define DMA_BUFFER_MEM_SECTION __attribute__((section(".sram1_bss")))
  26:../../libDaisy//src/daisy_core.h **** /** 
  27:../../libDaisy//src/daisy_core.h **** THE DTCM RAM section is also non-cached. However, is not suitable 
  28:../../libDaisy//src/daisy_core.h **** for DMA transfers. Performance is on par with internal SRAM w/ 
  29:../../libDaisy//src/daisy_core.h **** cache enabled.
  30:../../libDaisy//src/daisy_core.h **** */
  31:../../libDaisy//src/daisy_core.h **** #define DTCM_MEM_SECTION __attribute__((section(".dtcmram_bss")))
  32:../../libDaisy//src/daisy_core.h **** 
  33:../../libDaisy//src/daisy_core.h **** #define FBIPMAX 0.999985f             /**< close to 1.0f-LSB at 16 bit */
  34:../../libDaisy//src/daisy_core.h **** #define FBIPMIN (-FBIPMAX)            /**< - (1 - LSB) */
  35:../../libDaisy//src/daisy_core.h **** #define U82F_SCALE 0.0078740f         /**< 1 / 127 */
  36:../../libDaisy//src/daisy_core.h **** #define F2U8_SCALE 127.0f             /**< 128 - 1 */
  37:../../libDaisy//src/daisy_core.h **** #define S82F_SCALE 0.0078125f         /**< 1 / (2**7) */
  38:../../libDaisy//src/daisy_core.h **** #define F2S8_SCALE 127.0f             /**< (2 ** 7) - 1 */
  39:../../libDaisy//src/daisy_core.h **** #define S162F_SCALE 3.0517578125e-05f /**< 1 / (2** 15) */
  40:../../libDaisy//src/daisy_core.h **** #define F2S16_SCALE 32767.0f          /**< (2 ** 15) - 1 */
  41:../../libDaisy//src/daisy_core.h **** #define F2S24_SCALE 8388608.0f        /**< 2 ** 23 */
  42:../../libDaisy//src/daisy_core.h **** #define S242F_SCALE 1.192092896e-07f  /**< 1 / (2 ** 23) */
  43:../../libDaisy//src/daisy_core.h **** #define S24SIGN 0x800000              /**< 2 ** 23 */
  44:../../libDaisy//src/daisy_core.h **** #define S322F_SCALE 4.6566129e-10f    /**< 1 / (2** 31) */
  45:../../libDaisy//src/daisy_core.h **** #define F2S32_SCALE 2147483647.f      /**< (2 ** 31) - 1 */
  46:../../libDaisy//src/daisy_core.h **** 
  47:../../libDaisy//src/daisy_core.h **** 
  48:../../libDaisy//src/daisy_core.h **** /** shorthand macro for simplifying the reading of the left 
  49:../../libDaisy//src/daisy_core.h ****  *  channel of a non-interleaved output buffer named out */
  50:../../libDaisy//src/daisy_core.h **** #define OUT_L out[0]
  51:../../libDaisy//src/daisy_core.h **** 
  52:../../libDaisy//src/daisy_core.h **** /** shorthand macro for simplifying the reading of the right 
  53:../../libDaisy//src/daisy_core.h ****  *  channel of a non-interleaved output buffer named out */
  54:../../libDaisy//src/daisy_core.h **** #define OUT_R out[1]
  55:../../libDaisy//src/daisy_core.h **** 
  56:../../libDaisy//src/daisy_core.h **** /** shorthand macro for simplifying the reading of the left 
  57:../../libDaisy//src/daisy_core.h ****  *  channel of a non-interleaved input buffer named in */
  58:../../libDaisy//src/daisy_core.h **** #define IN_L in[0]
  59:../../libDaisy//src/daisy_core.h **** 
  60:../../libDaisy//src/daisy_core.h **** /** shorthand macro for simplifying the reading of the right 
  61:../../libDaisy//src/daisy_core.h ****  *  channel of a non-interleaved input buffer named in */
  62:../../libDaisy//src/daisy_core.h **** #define IN_R in[1]
  63:../../libDaisy//src/daisy_core.h **** 
  64:../../libDaisy//src/daisy_core.h **** /** 
  65:../../libDaisy//src/daisy_core.h ****     Computes cube.
  66:../../libDaisy//src/daisy_core.h ****     \param x Number to be cubed
  67:../../libDaisy//src/daisy_core.h ****     \return x ^ 3
  68:../../libDaisy//src/daisy_core.h **** */
  69:../../libDaisy//src/daisy_core.h **** FORCE_INLINE float cube(float x)
  70:../../libDaisy//src/daisy_core.h **** {
  71:../../libDaisy//src/daisy_core.h ****     return (x * x) * x;
  72:../../libDaisy//src/daisy_core.h **** }
  73:../../libDaisy//src/daisy_core.h **** 
  74:../../libDaisy//src/daisy_core.h **** /** 
  75:../../libDaisy//src/daisy_core.h ****     Converts unsigned 8-bit to float
  76:../../libDaisy//src/daisy_core.h ****     \param x Number to be scaled.
  77:../../libDaisy//src/daisy_core.h ****     \return Scaled number.
  78:../../libDaisy//src/daisy_core.h **** */
  79:../../libDaisy//src/daisy_core.h **** FORCE_INLINE float u82f(uint8_t x)
ARM GAS  C:\Users\isaia\AppData\Local\Temp\ccUIOBkL.s 			page 67


  80:../../libDaisy//src/daisy_core.h **** {
  81:../../libDaisy//src/daisy_core.h ****     return ((float)x - 127.f) * U82F_SCALE;
  82:../../libDaisy//src/daisy_core.h **** }
  83:../../libDaisy//src/daisy_core.h **** 
  84:../../libDaisy//src/daisy_core.h **** /**
  85:../../libDaisy//src/daisy_core.h ****     Converts float to unsigned 8-bit
  86:../../libDaisy//src/daisy_core.h **** */
  87:../../libDaisy//src/daisy_core.h **** FORCE_INLINE uint8_t f2u8(float x)
  88:../../libDaisy//src/daisy_core.h **** {
  89:../../libDaisy//src/daisy_core.h ****     x = x <= FBIPMIN ? FBIPMIN : x;
  90:../../libDaisy//src/daisy_core.h ****     x = x >= FBIPMAX ? FBIPMAX : x;
  91:../../libDaisy//src/daisy_core.h ****     return (uint8_t)((x * F2U8_SCALE) + F2U8_SCALE);
  92:../../libDaisy//src/daisy_core.h **** }
  93:../../libDaisy//src/daisy_core.h **** 
  94:../../libDaisy//src/daisy_core.h **** 
  95:../../libDaisy//src/daisy_core.h **** /** 
  96:../../libDaisy//src/daisy_core.h ****     Converts Signed 8-bit to float
  97:../../libDaisy//src/daisy_core.h ****     \param x Number to be scaled.
  98:../../libDaisy//src/daisy_core.h ****     \return Scaled number.
  99:../../libDaisy//src/daisy_core.h **** */
 100:../../libDaisy//src/daisy_core.h **** FORCE_INLINE float s82f(int8_t x)
 101:../../libDaisy//src/daisy_core.h **** {
 102:../../libDaisy//src/daisy_core.h ****     return (float)x * S82F_SCALE;
 103:../../libDaisy//src/daisy_core.h **** }
 104:../../libDaisy//src/daisy_core.h **** 
 105:../../libDaisy//src/daisy_core.h **** /**
 106:../../libDaisy//src/daisy_core.h ****     Converts float to Signed 8-bit
 107:../../libDaisy//src/daisy_core.h **** */
 108:../../libDaisy//src/daisy_core.h **** FORCE_INLINE int8_t f2s8(float x)
 109:../../libDaisy//src/daisy_core.h **** {
 110:../../libDaisy//src/daisy_core.h ****     x = x <= FBIPMIN ? FBIPMIN : x;
 111:../../libDaisy//src/daisy_core.h ****     x = x >= FBIPMAX ? FBIPMAX : x;
 112:../../libDaisy//src/daisy_core.h ****     return (int32_t)(x * F2S8_SCALE);
 113:../../libDaisy//src/daisy_core.h **** }
 114:../../libDaisy//src/daisy_core.h **** 
 115:../../libDaisy//src/daisy_core.h **** /** 
 116:../../libDaisy//src/daisy_core.h ****     Converts Signed 16-bit to float
 117:../../libDaisy//src/daisy_core.h ****     \param x Number to be scaled.
 118:../../libDaisy//src/daisy_core.h ****     \return Scaled number.
 119:../../libDaisy//src/daisy_core.h **** */
 120:../../libDaisy//src/daisy_core.h **** FORCE_INLINE float s162f(int16_t x)
 121:../../libDaisy//src/daisy_core.h **** {
 122:../../libDaisy//src/daisy_core.h ****     return (float)x * S162F_SCALE;
 123:../../libDaisy//src/daisy_core.h **** }
 124:../../libDaisy//src/daisy_core.h **** 
 125:../../libDaisy//src/daisy_core.h **** /**
 126:../../libDaisy//src/daisy_core.h ****     Converts float to Signed 16-bit
 127:../../libDaisy//src/daisy_core.h **** */
 128:../../libDaisy//src/daisy_core.h **** FORCE_INLINE int16_t f2s16(float x)
 129:../../libDaisy//src/daisy_core.h **** {
 130:../../libDaisy//src/daisy_core.h ****     x = x <= FBIPMIN ? FBIPMIN : x;
 131:../../libDaisy//src/daisy_core.h ****     x = x >= FBIPMAX ? FBIPMAX : x;
 132:../../libDaisy//src/daisy_core.h ****     return (int32_t)(x * F2S16_SCALE);
 133:../../libDaisy//src/daisy_core.h **** }
 134:../../libDaisy//src/daisy_core.h **** 
 135:../../libDaisy//src/daisy_core.h **** /**
 136:../../libDaisy//src/daisy_core.h ****     Converts Signed 24-bit to float
ARM GAS  C:\Users\isaia\AppData\Local\Temp\ccUIOBkL.s 			page 68


 137:../../libDaisy//src/daisy_core.h ****  */
 138:../../libDaisy//src/daisy_core.h **** FORCE_INLINE float s242f(int32_t x)
 139:../../libDaisy//src/daisy_core.h **** {
 140:../../libDaisy//src/daisy_core.h ****     x = (x ^ S24SIGN) - S24SIGN; //sign extend aka ((x<<8)>>8)
 141:../../libDaisy//src/daisy_core.h ****     return (float)x * S242F_SCALE;
 142:../../libDaisy//src/daisy_core.h **** }
 143:../../libDaisy//src/daisy_core.h **** /**
 144:../../libDaisy//src/daisy_core.h ****     Converts float to Signed 24-bit
 145:../../libDaisy//src/daisy_core.h ****  */
 146:../../libDaisy//src/daisy_core.h **** FORCE_INLINE int32_t f2s24(float x)
 147:../../libDaisy//src/daisy_core.h **** {
 148:../../libDaisy//src/daisy_core.h ****     x = x <= FBIPMIN ? FBIPMIN : x;
 149:../../libDaisy//src/daisy_core.h ****     x = x >= FBIPMAX ? FBIPMAX : x;
 150:../../libDaisy//src/daisy_core.h ****     return (int32_t)(x * F2S24_SCALE);
 151:../../libDaisy//src/daisy_core.h **** }
 152:../../libDaisy//src/daisy_core.h **** 
 153:../../libDaisy//src/daisy_core.h **** /**
 154:../../libDaisy//src/daisy_core.h ****     Converts Signed 32-bit to float
 155:../../libDaisy//src/daisy_core.h ****  */
 156:../../libDaisy//src/daisy_core.h **** FORCE_INLINE float s322f(int32_t x)
 157:../../libDaisy//src/daisy_core.h **** {
 158:../../libDaisy//src/daisy_core.h ****     return (float)x * S322F_SCALE;
 159:../../libDaisy//src/daisy_core.h **** }
 160:../../libDaisy//src/daisy_core.h **** /**
 161:../../libDaisy//src/daisy_core.h ****     Converts float to Signed 24-bit
 162:../../libDaisy//src/daisy_core.h ****  */
 163:../../libDaisy//src/daisy_core.h **** FORCE_INLINE int32_t f2s32(float x)
 164:../../libDaisy//src/daisy_core.h **** {
 165:../../libDaisy//src/daisy_core.h ****     x = x <= FBIPMIN ? FBIPMIN : x;
 166:../../libDaisy//src/daisy_core.h ****     x = x >= FBIPMAX ? FBIPMAX : x;
 167:../../libDaisy//src/daisy_core.h ****     return (int32_t)(x * F2S32_SCALE);
 168:../../libDaisy//src/daisy_core.h **** }
 169:../../libDaisy//src/daisy_core.h **** 
 170:../../libDaisy//src/daisy_core.h **** #ifdef __cplusplus
 171:../../libDaisy//src/daisy_core.h **** 
 172:../../libDaisy//src/daisy_core.h **** namespace daisy
 173:../../libDaisy//src/daisy_core.h **** {
 174:../../libDaisy//src/daisy_core.h **** /** @brief GPIO Port names */
 175:../../libDaisy//src/daisy_core.h **** enum GPIOPort
 176:../../libDaisy//src/daisy_core.h **** {
 177:../../libDaisy//src/daisy_core.h ****     PORTA, /**< Port A */
 178:../../libDaisy//src/daisy_core.h ****     PORTB, /**< Port B */
 179:../../libDaisy//src/daisy_core.h ****     PORTC, /**< Port C */
 180:../../libDaisy//src/daisy_core.h ****     PORTD, /**< Port D */
 181:../../libDaisy//src/daisy_core.h ****     PORTE, /**< Port E */
 182:../../libDaisy//src/daisy_core.h ****     PORTF, /**< Port F */
 183:../../libDaisy//src/daisy_core.h ****     PORTG, /**< Port G */
 184:../../libDaisy//src/daisy_core.h ****     PORTH, /**< Port H */
 185:../../libDaisy//src/daisy_core.h ****     PORTI, /**< Port I */
 186:../../libDaisy//src/daisy_core.h ****     PORTJ, /**< Port J */
 187:../../libDaisy//src/daisy_core.h ****     PORTK, /**< Port K */
 188:../../libDaisy//src/daisy_core.h ****     PORTX, /**< Used as a dummy port to signal an invalid pin. */
 189:../../libDaisy//src/daisy_core.h **** };
 190:../../libDaisy//src/daisy_core.h **** 
 191:../../libDaisy//src/daisy_core.h **** /** @brief representation of hardware port/pin combination */
 192:../../libDaisy//src/daisy_core.h **** struct Pin
 193:../../libDaisy//src/daisy_core.h **** {
ARM GAS  C:\Users\isaia\AppData\Local\Temp\ccUIOBkL.s 			page 69


 194:../../libDaisy//src/daisy_core.h ****     GPIOPort port;
 195:../../libDaisy//src/daisy_core.h ****     uint8_t  pin;
 196:../../libDaisy//src/daisy_core.h **** 
 197:../../libDaisy//src/daisy_core.h ****     /** @brief Constructor creates a valid pin. 
 198:../../libDaisy//src/daisy_core.h ****      *  @param pt GPIOPort between PA, and PK corresponding to STM32 Port.
 199:../../libDaisy//src/daisy_core.h ****      *  @param pn pin number in range of 0-15
 200:../../libDaisy//src/daisy_core.h ****     */
 201:../../libDaisy//src/daisy_core.h ****     constexpr Pin(const GPIOPort pt, const uint8_t pn) : port(pt), pin(pn) {}
 202:../../libDaisy//src/daisy_core.h **** 
 203:../../libDaisy//src/daisy_core.h ****     /** @brief Basic Constructor creates an invalid Pin object */
 204:../../libDaisy//src/daisy_core.h ****     constexpr Pin() : port(PORTX), pin(255) {}
 1948              		.loc 16 204 15 view .LVU510
 1949              		.loc 16 204 15 is_stmt 0 view .LVU511
 1950              	.LBE659:
 1951              	.LBE658:
 1952              	.LBE657:
 1953              	.LBE656:
 1954              	.LBE655:
 1955              	.LBE654:
 1956              	.LBE636:
 1957              	.LBE635:
 1958              	.LBE634:
 1959              	.LBE633:
  64:../../libDaisy//src/daisy_patch_sm.h ****         ~DaisyPatchSM() {}
 1960              		.loc 1 64 24 is_stmt 1 view .LVU512
 1961              	.LBB904:
 1962              	.LBB900:
 1963              	.LBB728:
 1964              	.LBB725:
 1965              	.LBB668:
 1966              	.LBI668:
  18:../../libDaisy//src/hid/gatein.h **** 
 1967              		.loc 2 18 5 view .LVU513
 1968              	.LBB669:
 1969              	.LBB670:
 1970              	.LBI670:
 1971              		.loc 15 74 5 view .LVU514
 1972              	.LBB671:
 1973              	.LBB672:
 1974              	.LBI672:
  68:../../libDaisy//src/per/gpio.h ****         : pin(), mode(Mode::INPUT), pull(Pull::NOPULL), speed(Speed::LOW)
 1975              		.loc 15 68 9 view .LVU515
 1976              	.LBB673:
 1977              	.LBB674:
 1978              	.LBB675:
 1979              	.LBI675:
 1980              		.loc 16 204 15 view .LVU516
 1981              		.loc 16 204 15 is_stmt 0 view .LVU517
 1982              	.LBE675:
 1983              	.LBE674:
 1984              	.LBE673:
 1985              	.LBE672:
 1986              	.LBE671:
 1987              	.LBE670:
 1988              	.LBE669:
 1989              	.LBE668:
 1990              	.LBB682:
ARM GAS  C:\Users\isaia\AppData\Local\Temp\ccUIOBkL.s 			page 70


 1991              	.LBI682:
  18:../../libDaisy//src/hid/gatein.h **** 
 1992              		.loc 2 18 5 is_stmt 1 view .LVU518
 1993              	.LBB683:
 1994              	.LBB684:
 1995              	.LBI684:
 1996              		.loc 15 74 5 view .LVU519
 1997              	.LBB685:
 1998              	.LBB686:
 1999              	.LBI686:
  68:../../libDaisy//src/per/gpio.h ****         : pin(), mode(Mode::INPUT), pull(Pull::NOPULL), speed(Speed::LOW)
 2000              		.loc 15 68 9 view .LVU520
 2001              	.LBB687:
 2002              	.LBB688:
 2003              	.LBB689:
 2004              	.LBI689:
 2005              		.loc 16 204 15 view .LVU521
 2006              		.loc 16 204 15 is_stmt 0 view .LVU522
 2007              	.LBE689:
 2008              	.LBE688:
 2009              	.LBE687:
 2010              	.LBE686:
 2011              	.LBE685:
 2012              	.LBE684:
 2013              	.LBE683:
 2014              	.LBE682:
 2015              	.LBB696:
 2016              	.LBI696:
 2017              		.loc 15 74 5 is_stmt 1 view .LVU523
 2018              	.LBB697:
 2019              	.LBB698:
 2020              	.LBI698:
  68:../../libDaisy//src/per/gpio.h ****         : pin(), mode(Mode::INPUT), pull(Pull::NOPULL), speed(Speed::LOW)
 2021              		.loc 15 68 9 view .LVU524
 2022              	.LBB699:
 2023              	.LBB700:
 2024              	.LBB701:
 2025              	.LBI701:
 2026              		.loc 16 204 15 view .LVU525
 2027              		.loc 16 204 15 is_stmt 0 view .LVU526
 2028              	.LBE701:
 2029              	.LBE700:
 2030              	.LBE699:
 2031              	.LBE698:
 2032              	.LBE697:
 2033              	.LBE696:
 2034              	.LBB706:
 2035              	.LBI706:
 2036              		.loc 15 74 5 is_stmt 1 view .LVU527
 2037              	.LBB707:
 2038              	.LBB708:
 2039              	.LBI708:
  68:../../libDaisy//src/per/gpio.h ****         : pin(), mode(Mode::INPUT), pull(Pull::NOPULL), speed(Speed::LOW)
 2040              		.loc 15 68 9 view .LVU528
 2041              	.LBB709:
 2042              	.LBB710:
 2043              	.LBB711:
ARM GAS  C:\Users\isaia\AppData\Local\Temp\ccUIOBkL.s 			page 71


 2044              	.LBI711:
 2045              		.loc 16 204 15 view .LVU529
 2046              		.loc 16 204 15 is_stmt 0 view .LVU530
 2047              	.LBE711:
 2048              	.LBE710:
 2049              	.LBE709:
 2050              	.LBE708:
 2051              	.LBE707:
 2052              	.LBE706:
 2053              	.LBE725:
 2054              	.LBE728:
 2055              	.LBE900:
 2056              	.LBE904:
 2057              		.loc 11 179 1 view .LVU531
 2058 0000 38B5     		push	{r3, r4, r5, lr}
 2059              		.cfi_def_cfa_offset 16
 2060              		.cfi_offset 3, -16
 2061              		.cfi_offset 4, -12
 2062              		.cfi_offset 5, -8
 2063              		.cfi_offset 14, -4
 2064              	.LBB905:
 2065              	.LBB901:
 2066              	.LBB729:
 2067              	.LBB726:
 2068              	.LBB716:
 2069              	.LBB639:
 2070              	.LBB640:
 2071              		.loc 12 167 34 view .LVU532
 2072 0002 3048     		ldr	r0, .L80
 2073 0004 0024     		movs	r4, #0
 2074              	.LBE640:
 2075              	.LBE639:
 2076              	.LBE716:
  64:../../libDaisy//src/daisy_patch_sm.h ****         ~DaisyPatchSM() {}
 2077              		.loc 1 64 24 view .LVU533
 2078 0006 4FF60B75 		movw	r5, #65291
 2079              	.LBE726:
 2080              	.LBE729:
  10:CVCalibration.cpp **** // Switch         button, toggle1, toggle2, toggle3;
 2081              		.loc 11 10 16 view .LVU534
 2082 000a 2F4A     		ldr	r2, .L80+4
 2083 000c 2F49     		ldr	r1, .L80+8
 2084              	.LBB730:
 2085              	.LBB727:
 2086              	.LBB717:
 2087              	.LBB652:
 2088              	.LBB651:
 2089              	.LBB649:
 2090              	.LBB650:
 2091              		.loc 13 83 33 view .LVU535
 2092 000e 0462     		str	r4, [r0, #32]
 2093              	.LBE650:
 2094              	.LBE649:
 2095              	.LBE651:
 2096              	.LBE652:
 2097              	.LBE717:
 2098              	.LBB718:
ARM GAS  C:\Users\isaia\AppData\Local\Temp\ccUIOBkL.s 			page 72


 2099              	.LBB666:
 2100              	.LBB664:
 2101              	.LBB662:
 2102              	.LBB660:
  69:../../libDaisy//src/per/gpio.h ****         {
 2103              		.loc 15 69 73 view .LVU536
 2104 0010 8463     		str	r4, [r0, #56]
 2105              	.LBE660:
 2106              	.LBE662:
 2107              	.LBE664:
 2108              	.LBE666:
 2109              	.LBE718:
 2110              	.LBB719:
 2111              	.LBB642:
 2112              	.LBB643:
  87:../../libDaisy//src/hid/audio.h ****     ~AudioHandle() {}
 2113              		.loc 6 87 35 view .LVU537
 2114 0012 C0E90344 		strd	r4, r4, [r0, #12]
 2115              	.LBE643:
 2116              	.LBE642:
 2117              	.LBE719:
  64:../../libDaisy//src/daisy_patch_sm.h ****         ~DaisyPatchSM() {}
 2118              		.loc 1 64 24 view .LVU538
 2119 0016 C0E90A45 		strd	r4, r5, [r0, #40]
 2120              	.LBB720:
 2121              	.LBB667:
 2122              	.LBB665:
 2123              	.LBB663:
 2124              	.LBB661:
  69:../../libDaisy//src/per/gpio.h ****         {
 2125              		.loc 15 69 73 view .LVU539
 2126 001a C0E90C44 		strd	r4, r4, [r0, #48]
 2127              	.LBE661:
 2128              	.LBE663:
 2129              	.LBE665:
 2130              	.LBE667:
 2131              	.LBE720:
 2132              	.LBB721:
 2133              	.LBB681:
 2134              	.LBB680:
 2135              	.LBB679:
 2136              	.LBB678:
 2137              	.LBB677:
 2138              	.LBB676:
 2139 001e C0E97054 		strd	r5, r4, [r0, #448]
 2140 0022 C0E97244 		strd	r4, r4, [r0, #456]
 2141              	.LBE676:
 2142              	.LBE677:
 2143              	.LBE678:
 2144              	.LBE679:
 2145              	.LBE680:
 2146              	.LBE681:
 2147              	.LBE721:
 2148              	.LBB722:
 2149              	.LBB695:
 2150              	.LBB694:
 2151              	.LBB693:
ARM GAS  C:\Users\isaia\AppData\Local\Temp\ccUIOBkL.s 			page 73


 2152              	.LBB692:
 2153              	.LBB691:
 2154              	.LBB690:
 2155 0026 C0E97654 		strd	r5, r4, [r0, #472]
 2156 002a C0E97844 		strd	r4, r4, [r0, #480]
 2157              	.LBE690:
 2158              	.LBE691:
 2159              	.LBE692:
 2160              	.LBE693:
 2161              	.LBE694:
 2162              	.LBE695:
 2163              	.LBE722:
 2164              	.LBB723:
 2165              	.LBB705:
 2166              	.LBB704:
 2167              	.LBB703:
 2168              	.LBB702:
 2169 002e C0E97C54 		strd	r5, r4, [r0, #496]
 2170 0032 C0E97E44 		strd	r4, r4, [r0, #504]
 2171              	.LBE702:
 2172              	.LBE703:
 2173              	.LBE704:
 2174              	.LBE705:
 2175              	.LBE723:
 2176              	.LBB724:
 2177              	.LBB715:
 2178              	.LBB714:
 2179              	.LBB713:
 2180              	.LBB712:
 2181 0036 C0E98154 		strd	r5, r4, [r0, #516]
 2182 003a C0E98344 		strd	r4, r4, [r0, #524]
 2183              	.LVL156:
  69:../../libDaisy//src/per/gpio.h ****         {
 2184              		.loc 15 69 73 view .LVU540
 2185              	.LBE712:
 2186              	.LBE713:
 2187              	.LBE714:
 2188              	.LBE715:
 2189              	.LBE724:
 2190              	.LBE727:
 2191              	.LBE730:
  10:CVCalibration.cpp **** // Switch         button, toggle1, toggle2, toggle3;
 2192              		.loc 11 10 16 view .LVU541
 2193 003e FFF7FEFF 		bl	__aeabi_atexit
 2194              	.LVL157:
 2195              	.LBB731:
 2196              	.LBI731:
  23:../../DaisySP//Source/Synthesis/oscillator.h ****     ~Oscillator() {}
 2197              		.loc 8 23 5 is_stmt 1 view .LVU542
  23:../../DaisySP//Source/Synthesis/oscillator.h ****     ~Oscillator() {}
 2198              		.loc 8 23 5 is_stmt 0 view .LVU543
 2199              	.LBE731:
  16:CVCalibration.cpp **** // dsy_gpio led_1, led_2;
 2200              		.loc 11 16 16 view .LVU544
 2201 0042 214A     		ldr	r2, .L80+4
 2202 0044 2249     		ldr	r1, .L80+12
 2203 0046 2348     		ldr	r0, .L80+16
ARM GAS  C:\Users\isaia\AppData\Local\Temp\ccUIOBkL.s 			page 74


 2204 0048 FFF7FEFF 		bl	__aeabi_atexit
 2205              	.LVL158:
 2206              	.LBB732:
 2207              	.LBI732:
  53:../../Planter/planter.h ****         ~planter() = default;
 2208              		.loc 9 53 9 is_stmt 1 view .LVU545
 2209              	.LBB733:
 2210              	.LBI733:
 2211              		.loc 15 74 5 view .LVU546
 2212              	.LBB734:
 2213              	.LBB735:
 2214              	.LBI735:
  68:../../libDaisy//src/per/gpio.h ****         : pin(), mode(Mode::INPUT), pull(Pull::NOPULL), speed(Speed::LOW)
 2215              		.loc 15 68 9 view .LVU547
 2216              	.LBB736:
 2217              	.LBB737:
 2218              	.LBB738:
 2219              	.LBI738:
 2220              		.loc 16 204 15 view .LVU548
 2221              		.loc 16 204 15 is_stmt 0 view .LVU549
 2222              	.LBE738:
 2223              	.LBE737:
 2224              	.LBE736:
 2225              	.LBE735:
 2226              	.LBE734:
 2227              	.LBE733:
 2228              	.LBB744:
 2229              	.LBI744:
 2230              		.loc 15 74 5 is_stmt 1 view .LVU550
 2231              	.LBB745:
 2232              	.LBB746:
 2233              	.LBI746:
  68:../../libDaisy//src/per/gpio.h ****         : pin(), mode(Mode::INPUT), pull(Pull::NOPULL), speed(Speed::LOW)
 2234              		.loc 15 68 9 view .LVU551
 2235              	.LBB747:
 2236              	.LBB748:
 2237              	.LBB749:
 2238              	.LBI749:
 2239              		.loc 16 204 15 view .LVU552
 2240              		.loc 16 204 15 is_stmt 0 view .LVU553
 2241              	.LBE749:
 2242              	.LBE748:
 2243              	.LBE747:
 2244              	.LBE746:
 2245              	.LBE745:
 2246              	.LBE744:
 2247              	.LBB754:
 2248              	.LBI754:
  33:../../libDaisy//src/hid/switch.h ****     ~Switch() {}
 2249              		.loc 10 33 5 is_stmt 1 view .LVU554
 2250              	.LBB755:
 2251              	.LBB756:
 2252              	.LBI756:
 2253              		.loc 15 74 5 view .LVU555
 2254              	.LBB757:
 2255              	.LBB758:
 2256              	.LBI758:
ARM GAS  C:\Users\isaia\AppData\Local\Temp\ccUIOBkL.s 			page 75


  68:../../libDaisy//src/per/gpio.h ****         : pin(), mode(Mode::INPUT), pull(Pull::NOPULL), speed(Speed::LOW)
 2257              		.loc 15 68 9 view .LVU556
 2258              	.LBB759:
 2259              	.LBB760:
 2260              	.LBB761:
 2261              	.LBI761:
 2262              		.loc 16 204 15 view .LVU557
 2263              		.loc 16 204 15 is_stmt 0 view .LVU558
 2264              	.LBE761:
 2265              	.LBE760:
 2266              	.LBE759:
 2267              	.LBE758:
 2268              	.LBE757:
 2269              	.LBE756:
 2270              	.LBE755:
 2271              	.LBE754:
 2272              	.LBB768:
 2273              	.LBI768:
  33:../../libDaisy//src/hid/switch.h ****     ~Switch() {}
 2274              		.loc 10 33 5 is_stmt 1 view .LVU559
 2275              	.LBB769:
 2276              	.LBB770:
 2277              	.LBI770:
 2278              		.loc 15 74 5 view .LVU560
 2279              	.LBB771:
 2280              	.LBB772:
 2281              	.LBI772:
  68:../../libDaisy//src/per/gpio.h ****         : pin(), mode(Mode::INPUT), pull(Pull::NOPULL), speed(Speed::LOW)
 2282              		.loc 15 68 9 view .LVU561
 2283              	.LBB773:
 2284              	.LBB774:
 2285              	.LBB775:
 2286              	.LBI775:
 2287              		.loc 16 204 15 view .LVU562
 2288              		.loc 16 204 15 is_stmt 0 view .LVU563
 2289              	.LBE775:
 2290              	.LBE774:
 2291              	.LBE773:
 2292              	.LBE772:
 2293              	.LBE771:
 2294              	.LBE770:
 2295              	.LBE769:
 2296              	.LBE768:
 2297              	.LBB782:
 2298              	.LBI782:
  33:../../libDaisy//src/hid/switch.h ****     ~Switch() {}
 2299              		.loc 10 33 5 is_stmt 1 view .LVU564
 2300              	.LBB783:
 2301              	.LBB784:
 2302              	.LBI784:
 2303              		.loc 15 74 5 view .LVU565
 2304              	.LBB785:
 2305              	.LBB786:
 2306              	.LBI786:
  68:../../libDaisy//src/per/gpio.h ****         : pin(), mode(Mode::INPUT), pull(Pull::NOPULL), speed(Speed::LOW)
 2307              		.loc 15 68 9 view .LVU566
 2308              	.LBB787:
ARM GAS  C:\Users\isaia\AppData\Local\Temp\ccUIOBkL.s 			page 76


 2309              	.LBB788:
 2310              	.LBB789:
 2311              	.LBI789:
 2312              		.loc 16 204 15 view .LVU567
 2313              		.loc 16 204 15 is_stmt 0 view .LVU568
 2314              	.LBE789:
 2315              	.LBE788:
 2316              	.LBE787:
 2317              	.LBE786:
 2318              	.LBE785:
 2319              	.LBE784:
 2320              	.LBE783:
 2321              	.LBE782:
 2322              	.LBB796:
 2323              	.LBI796:
  33:../../libDaisy//src/hid/switch.h ****     ~Switch() {}
 2324              		.loc 10 33 5 is_stmt 1 view .LVU569
 2325              	.LBB797:
 2326              	.LBB798:
 2327              	.LBI798:
 2328              		.loc 15 74 5 view .LVU570
 2329              	.LBB799:
 2330              	.LBB800:
 2331              	.LBI800:
  68:../../libDaisy//src/per/gpio.h ****         : pin(), mode(Mode::INPUT), pull(Pull::NOPULL), speed(Speed::LOW)
 2332              		.loc 15 68 9 view .LVU571
 2333              	.LBB801:
 2334              	.LBB802:
 2335              	.LBB803:
 2336              	.LBI803:
 2337              		.loc 16 204 15 view .LVU572
 2338              		.loc 16 204 15 is_stmt 0 view .LVU573
 2339              	.LBE803:
 2340              	.LBE802:
 2341              	.LBE801:
 2342              	.LBE800:
 2343              	.LBE799:
 2344              	.LBE798:
 2345              	.LBE797:
 2346              	.LBE796:
 2347              	.LBB810:
 2348              	.LBI810:
  64:../../libDaisy//src/daisy_patch_sm.h ****         ~DaisyPatchSM() {}
 2349              		.loc 1 64 9 is_stmt 1 view .LVU574
 2350              	.LBB811:
 2351              	.LBB812:
 2352              	.LBI812:
  96:../../libDaisy//src/sys/system.h ****     ~System() {}
 2353              		.loc 7 96 5 view .LVU575
  96:../../libDaisy//src/sys/system.h ****     ~System() {}
 2354              		.loc 7 96 5 is_stmt 0 view .LVU576
 2355              	.LBE812:
 2356              	.LBB813:
 2357              	.LBI813:
 2358              		.loc 12 167 5 is_stmt 1 view .LVU577
 2359              		.loc 12 167 5 is_stmt 0 view .LVU578
 2360              	.LBE813:
ARM GAS  C:\Users\isaia\AppData\Local\Temp\ccUIOBkL.s 			page 77


 2361              	.LBB814:
 2362              	.LBI814:
  87:../../libDaisy//src/hid/audio.h ****     ~AudioHandle() {}
 2363              		.loc 6 87 5 is_stmt 1 view .LVU579
  87:../../libDaisy//src/hid/audio.h ****     ~AudioHandle() {}
 2364              		.loc 6 87 5 is_stmt 0 view .LVU580
 2365              	.LBE814:
 2366              	.LBB817:
 2367              	.LBI817:
 109:../../libDaisy//src/per/adc.h ****     ~AdcHandle() {}
 2368              		.loc 5 109 5 is_stmt 1 view .LVU581
 109:../../libDaisy//src/per/adc.h ****     ~AdcHandle() {}
 2369              		.loc 5 109 5 is_stmt 0 view .LVU582
 2370              	.LBE817:
 2371              	.LBB818:
 2372              	.LBI818:
  40:../../libDaisy//src/hid/usb.h **** 
 2373              		.loc 4 40 5 is_stmt 1 view .LVU583
  40:../../libDaisy//src/hid/usb.h **** 
 2374              		.loc 4 40 5 is_stmt 0 view .LVU584
 2375              	.LBE818:
 2376              	.LBB819:
 2377              	.LBI819:
  28:../../libDaisy//src/dev/codec_pcm3060.h ****     ~Pcm3060() {}
 2378              		.loc 3 28 5 is_stmt 1 view .LVU585
 2379              	.LBB820:
 2380              	.LBB821:
 2381              	.LBI821:
 2382              		.loc 13 83 5 view .LVU586
 2383              		.loc 13 83 5 is_stmt 0 view .LVU587
 2384              	.LBE821:
 2385              	.LBE820:
 2386              	.LBE819:
 2387              	.LBB826:
 2388              	.LBI826:
 2389              		.loc 14 84 5 is_stmt 1 view .LVU588
 2390              	.LBE826:
 2391              	.LBE811:
 2392              	.LBE810:
 2393              	.LBB887:
 2394              	.LBB742:
 2395              		.loc 15 74 12 is_stmt 0 view .LVU589
 2396 004c 2248     		ldr	r0, .L80+20
 2397              	.LBE742:
 2398              	.LBE887:
 2399              	.LBE732:
  18:CVCalibration.cpp **** 
 2400              		.loc 11 18 9 view .LVU590
 2401 004e 1E4A     		ldr	r2, .L80+4
 2402              	.LBB897:
 2403              	.LBB888:
 2404              	.LBB884:
 2405              	.LBB827:
 2406              	.LBB825:
 2407              	.LBB824:
 2408              	.LBB822:
 2409              	.LBB823:
ARM GAS  C:\Users\isaia\AppData\Local\Temp\ccUIOBkL.s 			page 78


 2410              		.loc 13 83 33 view .LVU591
 2411 0050 C0F8D840 		str	r4, [r0, #216]
 2412              	.LVL159:
 2413              		.loc 13 83 33 view .LVU592
 2414              	.LBE823:
 2415              	.LBE822:
 2416              	.LBE824:
 2417              	.LBE825:
 2418              	.LBE827:
 2419              	.LBB828:
 2420              	.LBI828:
 2421              		.loc 15 74 5 is_stmt 1 view .LVU593
 2422              	.LBB829:
 2423              	.LBB830:
 2424              	.LBI830:
  68:../../libDaisy//src/per/gpio.h ****         : pin(), mode(Mode::INPUT), pull(Pull::NOPULL), speed(Speed::LOW)
 2425              		.loc 15 68 9 view .LVU594
 2426              	.LBB831:
 2427              	.LBB832:
 2428              	.LBB833:
 2429              	.LBI833:
 2430              		.loc 16 204 15 view .LVU595
 2431              		.loc 16 204 15 is_stmt 0 view .LVU596
 2432              	.LBE833:
  69:../../libDaisy//src/per/gpio.h ****         {
 2433              		.loc 15 69 73 view .LVU597
 2434 0054 C0F8F040 		str	r4, [r0, #240]
 2435              	.LVL160:
  69:../../libDaisy//src/per/gpio.h ****         {
 2436              		.loc 15 69 73 view .LVU598
 2437              	.LBE832:
 2438              	.LBE831:
 2439              	.LBE830:
 2440              	.LBE829:
 2441              	.LBE828:
 2442              	.LBE884:
 2443              	.LBE888:
 2444              	.LBE897:
 2445              	.LBE901:
 2446              	.LBE905:
  64:../../libDaisy//src/daisy_patch_sm.h ****         ~DaisyPatchSM() {}
 2447              		.loc 1 64 24 is_stmt 1 view .LVU599
 2448              	.LBB906:
 2449              	.LBB902:
 2450              	.LBB898:
 2451              	.LBB889:
 2452              	.LBB885:
 2453              	.LBB838:
 2454              	.LBI838:
  18:../../libDaisy//src/hid/gatein.h **** 
 2455              		.loc 2 18 5 view .LVU600
 2456              	.LBB839:
 2457              	.LBB840:
 2458              	.LBI840:
 2459              		.loc 15 74 5 view .LVU601
 2460              	.LBB841:
 2461              	.LBB842:
ARM GAS  C:\Users\isaia\AppData\Local\Temp\ccUIOBkL.s 			page 79


 2462              	.LBI842:
  68:../../libDaisy//src/per/gpio.h ****         : pin(), mode(Mode::INPUT), pull(Pull::NOPULL), speed(Speed::LOW)
 2463              		.loc 15 68 9 view .LVU602
 2464              	.LBB843:
 2465              	.LBB844:
 2466              	.LBB845:
 2467              	.LBI845:
 2468              		.loc 16 204 15 view .LVU603
 2469              		.loc 16 204 15 is_stmt 0 view .LVU604
 2470              	.LBE845:
 2471              	.LBE844:
 2472              	.LBE843:
 2473              	.LBE842:
 2474              	.LBE841:
 2475              	.LBE840:
 2476              	.LBE839:
 2477              	.LBE838:
 2478              	.LBE885:
 2479              	.LBE889:
 2480              	.LBE898:
  18:CVCalibration.cpp **** 
 2481              		.loc 11 18 9 view .LVU605
 2482 0058 2049     		ldr	r1, .L80+24
 2483              	.LBB899:
 2484              	.LBB890:
 2485              	.LBB743:
 2486              	.LBB741:
 2487              	.LBB740:
 2488              	.LBB739:
  69:../../libDaisy//src/per/gpio.h ****         {
 2489              		.loc 15 69 73 view .LVU606
 2490 005a C0E90054 		strd	r5, r4, [r0]
 2491 005e C0E90244 		strd	r4, r4, [r0, #8]
 2492              	.LBE739:
 2493              	.LBE740:
 2494              	.LBE741:
 2495              	.LBE743:
 2496              	.LBE890:
 2497              	.LBB891:
 2498              	.LBB753:
 2499              	.LBB752:
 2500              	.LBB751:
 2501              	.LBB750:
 2502 0062 C0E90554 		strd	r5, r4, [r0, #20]
 2503 0066 C0E90744 		strd	r4, r4, [r0, #28]
 2504              	.LBE750:
 2505              	.LBE751:
 2506              	.LBE752:
 2507              	.LBE753:
 2508              	.LBE891:
 2509              	.LBB892:
 2510              	.LBB767:
 2511              	.LBB766:
 2512              	.LBB765:
 2513              	.LBB764:
 2514              	.LBB763:
 2515              	.LBB762:
ARM GAS  C:\Users\isaia\AppData\Local\Temp\ccUIOBkL.s 			page 80


 2516 006a C0E90C54 		strd	r5, r4, [r0, #48]
 2517 006e C0E90E44 		strd	r4, r4, [r0, #56]
 2518              	.LBE762:
 2519              	.LBE763:
 2520              	.LBE764:
 2521              	.LBE765:
 2522              	.LBE766:
 2523              	.LBE767:
 2524              	.LBE892:
 2525              	.LBB893:
 2526              	.LBB781:
 2527              	.LBB780:
 2528              	.LBB779:
 2529              	.LBB778:
 2530              	.LBB777:
 2531              	.LBB776:
 2532 0072 C0E91554 		strd	r5, r4, [r0, #84]
 2533 0076 C0E91744 		strd	r4, r4, [r0, #92]
 2534              	.LBE776:
 2535              	.LBE777:
 2536              	.LBE778:
 2537              	.LBE779:
 2538              	.LBE780:
 2539              	.LBE781:
 2540              	.LBE893:
 2541              	.LBB894:
 2542              	.LBB795:
 2543              	.LBB794:
 2544              	.LBB793:
 2545              	.LBB792:
 2546              	.LBB791:
 2547              	.LBB790:
 2548 007a C0E91E54 		strd	r5, r4, [r0, #120]
 2549 007e C0E92044 		strd	r4, r4, [r0, #128]
 2550              	.LBE790:
 2551              	.LBE791:
 2552              	.LBE792:
 2553              	.LBE793:
 2554              	.LBE794:
 2555              	.LBE795:
 2556              	.LBE894:
 2557              	.LBB895:
 2558              	.LBB809:
 2559              	.LBB808:
 2560              	.LBB807:
 2561              	.LBB806:
 2562              	.LBB805:
 2563              	.LBB804:
 2564 0082 C0E92754 		strd	r5, r4, [r0, #156]
 2565 0086 C0E92944 		strd	r4, r4, [r0, #164]
 2566              	.LBE804:
 2567              	.LBE805:
 2568              	.LBE806:
 2569              	.LBE807:
 2570              	.LBE808:
 2571              	.LBE809:
 2572              	.LBE895:
ARM GAS  C:\Users\isaia\AppData\Local\Temp\ccUIOBkL.s 			page 81


 2573              	.LBB896:
 2574              	.LBB886:
 2575              	.LBB852:
 2576              	.LBB815:
 2577              	.LBB816:
  87:../../libDaisy//src/hid/audio.h ****     ~AudioHandle() {}
 2578              		.loc 6 87 35 view .LVU607
 2579 008a C0E93144 		strd	r4, r4, [r0, #196]
 2580              	.LBE816:
 2581              	.LBE815:
 2582              	.LBE852:
 2583              	.LBB853:
 2584              	.LBB837:
 2585              		.loc 15 74 12 view .LVU608
 2586 008e C0E93845 		strd	r4, r5, [r0, #224]
 2587              	.LBB836:
 2588              	.LBB835:
 2589              	.LBB834:
  69:../../libDaisy//src/per/gpio.h ****         {
 2590              		.loc 15 69 73 view .LVU609
 2591 0092 C0E93A44 		strd	r4, r4, [r0, #232]
 2592              	.LBE834:
 2593              	.LBE835:
 2594              	.LBE836:
 2595              	.LBE837:
 2596              	.LBE853:
 2597              	.LBB854:
 2598              	.LBB851:
 2599              	.LBB850:
 2600              	.LBB849:
 2601              	.LBB848:
 2602              	.LBB847:
 2603              	.LBB846:
 2604 0096 C0E99E54 		strd	r5, r4, [r0, #632]
 2605 009a C0E9A044 		strd	r4, r4, [r0, #640]
 2606              	.LVL161:
  69:../../libDaisy//src/per/gpio.h ****         {
 2607              		.loc 15 69 73 view .LVU610
 2608              	.LBE846:
 2609              	.LBE847:
 2610              	.LBE848:
 2611              	.LBE849:
 2612              	.LBE850:
 2613              	.LBE851:
 2614              	.LBE854:
 2615              	.LBB855:
 2616              	.LBI855:
  18:../../libDaisy//src/hid/gatein.h **** 
 2617              		.loc 2 18 5 is_stmt 1 view .LVU611
 2618              	.LBB856:
 2619              	.LBB857:
 2620              	.LBI857:
 2621              		.loc 15 74 5 view .LVU612
 2622              	.LBB858:
 2623              	.LBB859:
 2624              	.LBI859:
  68:../../libDaisy//src/per/gpio.h ****         : pin(), mode(Mode::INPUT), pull(Pull::NOPULL), speed(Speed::LOW)
ARM GAS  C:\Users\isaia\AppData\Local\Temp\ccUIOBkL.s 			page 82


 2625              		.loc 15 68 9 view .LVU613
 2626              	.LBB860:
 2627              	.LBB861:
 2628              	.LBB862:
 2629              	.LBI862:
 2630              		.loc 16 204 15 view .LVU614
 2631              		.loc 16 204 15 is_stmt 0 view .LVU615
 2632              	.LBE862:
  69:../../libDaisy//src/per/gpio.h ****         {
 2633              		.loc 15 69 73 view .LVU616
 2634 009e C0E9A454 		strd	r5, r4, [r0, #656]
 2635 00a2 C0E9A644 		strd	r4, r4, [r0, #664]
 2636              	.LVL162:
  69:../../libDaisy//src/per/gpio.h ****         {
 2637              		.loc 15 69 73 view .LVU617
 2638              	.LBE861:
 2639              	.LBE860:
 2640              	.LBE859:
 2641              	.LBE858:
 2642              	.LBE857:
 2643              	.LBE856:
 2644              	.LBE855:
 2645              	.LBB863:
 2646              	.LBI863:
 2647              		.loc 15 74 5 is_stmt 1 view .LVU618
 2648              	.LBB864:
 2649              	.LBB865:
 2650              	.LBI865:
  68:../../libDaisy//src/per/gpio.h ****         : pin(), mode(Mode::INPUT), pull(Pull::NOPULL), speed(Speed::LOW)
 2651              		.loc 15 68 9 view .LVU619
 2652              	.LBB866:
 2653              	.LBB867:
 2654              	.LBB868:
 2655              	.LBI868:
 2656              		.loc 16 204 15 view .LVU620
 2657              		.loc 16 204 15 is_stmt 0 view .LVU621
 2658              	.LBE868:
 2659              	.LBE867:
 2660              	.LBE866:
 2661              	.LBE865:
 2662              	.LBE864:
 2663              	.LBE863:
 2664              	.LBB873:
 2665              	.LBI873:
 2666              		.loc 15 74 5 is_stmt 1 view .LVU622
 2667              	.LBB874:
 2668              	.LBB875:
 2669              	.LBI875:
  68:../../libDaisy//src/per/gpio.h ****         : pin(), mode(Mode::INPUT), pull(Pull::NOPULL), speed(Speed::LOW)
 2670              		.loc 15 68 9 view .LVU623
 2671              	.LBE875:
 2672              	.LBE874:
 2673              	.LBE873:
 2674              	.LBB882:
 2675              	.LBB872:
 2676              	.LBB871:
 2677              	.LBB870:
ARM GAS  C:\Users\isaia\AppData\Local\Temp\ccUIOBkL.s 			page 83


 2678              	.LBB869:
  69:../../libDaisy//src/per/gpio.h ****         {
 2679              		.loc 15 69 73 is_stmt 0 view .LVU624
 2680 00a6 C0E9AA54 		strd	r5, r4, [r0, #680]
 2681 00aa C0E9AC44 		strd	r4, r4, [r0, #688]
 2682              	.LVL163:
  69:../../libDaisy//src/per/gpio.h ****         {
 2683              		.loc 15 69 73 view .LVU625
 2684              	.LBE869:
 2685              	.LBE870:
 2686              	.LBE871:
 2687              	.LBE872:
 2688              	.LBE882:
 2689              	.LBB883:
 2690              	.LBB881:
 2691              	.LBB880:
 2692              	.LBB876:
 2693              	.LBB877:
 2694              	.LBB878:
 2695              	.LBI878:
 2696              		.loc 16 204 15 is_stmt 1 view .LVU626
 2697              	.LBB879:
 2698              		.loc 16 204 21 is_stmt 0 view .LVU627
 2699 00ae A0F8BC52 		strh	r5, [r0, #700]	@ movhi
 2700              	.LVL164:
 2701              		.loc 16 204 21 view .LVU628
 2702              	.LBE879:
 2703              	.LBE878:
  69:../../libDaisy//src/per/gpio.h ****         {
 2704              		.loc 15 69 73 view .LVU629
 2705 00b2 C0F8C842 		str	r4, [r0, #712]
 2706              	.LVL165:
  69:../../libDaisy//src/per/gpio.h ****         {
 2707              		.loc 15 69 73 view .LVU630
 2708 00b6 C0E9B044 		strd	r4, r4, [r0, #704]
 2709              	.LBE877:
 2710              	.LBE876:
 2711              	.LBE880:
 2712              	.LBE881:
 2713              	.LBE883:
 2714              	.LBE886:
 2715              	.LBE896:
 2716              	.LBE899:
 2717              	.LBE902:
 2718              	.LBE906:
 2719              		.loc 11 179 1 view .LVU631
 2720 00ba BDE83840 		pop	{r3, r4, r5, lr}
 2721              		.cfi_restore 14
 2722              		.cfi_restore 5
 2723              		.cfi_restore 4
 2724              		.cfi_restore 3
 2725              		.cfi_def_cfa_offset 0
 2726              	.LBB907:
 2727              	.LBB903:
  18:CVCalibration.cpp **** 
 2728              		.loc 11 18 9 view .LVU632
 2729 00be FFF7FEBF 		b	__aeabi_atexit
ARM GAS  C:\Users\isaia\AppData\Local\Temp\ccUIOBkL.s 			page 84


 2730              	.LVL166:
 2731              	.L81:
 2732 00c2 00BF     		.align	2
 2733              	.L80:
 2734 00c4 00000000 		.word	.LANCHOR1
 2735 00c8 00000000 		.word	__dso_handle
 2736 00cc 00000000 		.word	_ZN5daisy8patch_sm12DaisyPatchSMD1Ev
 2737 00d0 00000000 		.word	_ZN7daisysp10OscillatorD1Ev
 2738 00d4 00000000 		.word	.LANCHOR2
 2739 00d8 00000000 		.word	.LANCHOR0
 2740 00dc 00000000 		.word	_ZN9anachrome7planterD1Ev
 2741              	.LBE903:
 2742              	.LBE907:
 2743              		.cfi_endproc
 2744              	.LFE5481:
 2746              		.section	.init_array,"aw",%init_array
 2747              		.align	2
 2748 0000 00000000 		.word	_GLOBAL__sub_I_hw(target1)
 2749              		.global	euro
 2750              		.global	osc
 2751              		.global	hw
 2752              		.section	.bss.euro,"aw",%nobits
 2753              		.align	2
 2754              		.set	.LANCHOR0,. + 0
 2757              	euro:
 2758 0000 00000000 		.space	728
 2758      00000000 
 2758      00000000 
 2758      00000000 
 2758      00000000 
 2759              		.section	.bss.hw,"aw",%nobits
 2760              		.align	2
 2761              		.set	.LANCHOR1,. + 0
 2764              	hw:
 2765 0000 00000000 		.space	544
 2765      00000000 
 2765      00000000 
 2765      00000000 
 2765      00000000 
 2766              		.section	.bss.osc,"aw",%nobits
 2767              		.align	2
 2768              		.set	.LANCHOR2,. + 0
 2771              	osc:
 2772 0000 00000000 		.space	44
 2772      00000000 
 2772      00000000 
 2772      00000000 
 2772      00000000 
 2773              		.text
 2774              	.Letext0:
 2775              		.file 17 "c:\\program files\\daisytoolchain\\arm-none-eabi\\include\\machine\\_default_types.h"
 2776              		.file 18 "c:\\program files\\daisytoolchain\\arm-none-eabi\\include\\sys\\_stdint.h"
 2777              		.file 19 "c:\\program files\\daisytoolchain\\arm-none-eabi\\include\\stdint.h"
 2778              		.file 20 "c:\\program files\\daisytoolchain\\lib\\gcc\\arm-none-eabi\\10.2.1\\include\\stddef.h"
 2779              		.file 21 "c:\\program files\\daisytoolchain\\arm-none-eabi\\include\\c++\\10.2.1\\cmath"
 2780              		.file 22 "c:\\program files\\daisytoolchain\\arm-none-eabi\\include\\c++\\10.2.1\\bits\\std_abs.h"
 2781              		.file 23 "c:\\program files\\daisytoolchain\\arm-none-eabi\\include\\c++\\10.2.1\\cstdlib"
ARM GAS  C:\Users\isaia\AppData\Local\Temp\ccUIOBkL.s 			page 85


 2782              		.file 24 "c:\\program files\\daisytoolchain\\arm-none-eabi\\include\\c++\\10.2.1\\cstdint"
 2783              		.file 25 "c:\\program files\\daisytoolchain\\arm-none-eabi\\include\\c++\\10.2.1\\type_traits"
 2784              		.file 26 "c:\\program files\\daisytoolchain\\arm-none-eabi\\include\\c++\\10.2.1\\debug\\debug.h"
 2785              		.file 27 "c:\\program files\\daisytoolchain\\arm-none-eabi\\include\\c++\\10.2.1\\arm-none-eabi\\t
 2786              		.file 28 "c:\\program files\\daisytoolchain\\arm-none-eabi\\include\\c++\\10.2.1\\bits\\algorithmf
 2787              		.file 29 "c:\\program files\\daisytoolchain\\arm-none-eabi\\include\\c++\\10.2.1\\bits\\stl_pair.h
 2788              		.file 30 "c:\\program files\\daisytoolchain\\arm-none-eabi\\include\\c++\\10.2.1\\bits\\exception_
 2789              		.file 31 "c:\\program files\\daisytoolchain\\arm-none-eabi\\include\\c++\\10.2.1\\cstdarg"
 2790              		.file 32 "c:\\program files\\daisytoolchain\\arm-none-eabi\\include\\c++\\10.2.1\\cstdio"
 2791              		.file 33 "c:\\program files\\daisytoolchain\\arm-none-eabi\\include\\c++\\10.2.1\\cstring"
 2792              		.file 34 "c:\\program files\\daisytoolchain\\arm-none-eabi\\include\\c++\\10.2.1\\cstddef"
 2793              		.file 35 "c:\\program files\\daisytoolchain\\arm-none-eabi\\include\\c++\\10.2.1\\cwchar"
 2794              		.file 36 "c:\\program files\\daisytoolchain\\arm-none-eabi\\include\\c++\\10.2.1\\clocale"
 2795              		.file 37 "c:\\program files\\daisytoolchain\\arm-none-eabi\\include\\c++\\10.2.1\\bits\\basic_stri
 2796              		.file 38 "c:\\program files\\daisytoolchain\\arm-none-eabi\\include\\c++\\10.2.1\\bits\\stl_tempbu
 2797              		.file 39 "c:\\program files\\daisytoolchain\\arm-none-eabi\\include\\c++\\10.2.1\\bits\\predefined
 2798              		.file 40 "c:\\program files\\daisytoolchain\\arm-none-eabi\\include\\sys\\_types.h"
 2799              		.file 41 "c:\\program files\\daisytoolchain\\arm-none-eabi\\include\\sys\\reent.h"
 2800              		.file 42 "c:\\program files\\daisytoolchain\\arm-none-eabi\\include\\sys\\lock.h"
 2801              		.file 43 "c:\\program files\\daisytoolchain\\arm-none-eabi\\include\\math.h"
 2802              		.file 44 "c:\\program files\\daisytoolchain\\arm-none-eabi\\include\\stdlib.h"
 2803              		.file 45 "c:\\program files\\daisytoolchain\\arm-none-eabi\\include\\c++\\10.2.1\\math.h"
 2804              		.file 46 "c:\\program files\\daisytoolchain\\arm-none-eabi\\include\\c++\\10.2.1\\stdlib.h"
 2805              		.file 47 "../../libDaisy//src/per/tim.h"
 2806              		.file 48 "../../libDaisy//src/per/sai.h"
 2807              		.file 49 "../../libDaisy//src/hid/ctrl.h"
 2808              		.file 50 "../../libDaisy//src/hid/logger_impl.h"
 2809              		.file 51 "../../libDaisy//src/dev/max11300.h"
 2810              		.file 52 "../../libDaisy//src/dev/sr_595.h"
 2811              		.file 53 "../../libDaisy//src/util/wav_format.h"
 2812              		.file 54 "../../libDaisy//src/hid/logger.h"
 2813              		.file 55 "../../libDaisy//src/dev/sdram.h"
 2814              		.file 56 "c:\\program files\\daisytoolchain\\lib\\gcc\\arm-none-eabi\\10.2.1\\include\\stdarg.h"
 2815              		.file 57 "c:\\program files\\daisytoolchain\\arm-none-eabi\\include\\stdio.h"
 2816              		.file 58 "c:\\program files\\daisytoolchain\\arm-none-eabi\\include\\string.h"
 2817              		.file 59 "../../libDaisy//Middlewares/Third_Party/FatFs/src/integer.h"
 2818              		.file 60 "../../libDaisy//Middlewares/Third_Party/FatFs/src/ff.h"
 2819              		.file 61 "../../DaisySP//Source/Control/adenv.h"
 2820              		.file 62 "../../DaisySP//Source/Utility/dsp.h"
 2821              		.file 63 "c:\\program files\\daisytoolchain\\arm-none-eabi\\include\\wchar.h"
 2822              		.file 64 "c:\\program files\\daisytoolchain\\arm-none-eabi\\include\\locale.h"
 2823              		.file 65 "../../Planter/planter_cal.h"
 2824              		.file 66 "<built-in>"
ARM GAS  C:\Users\isaia\AppData\Local\Temp\ccUIOBkL.s 			page 86


DEFINED SYMBOLS
                            *ABS*:00000000 CVCalibration.cpp
C:\Users\isaia\AppData\Local\Temp\ccUIOBkL.s:17     .text._ZN5daisy8patch_sm12DaisyPatchSMD2Ev:00000000 $t
C:\Users\isaia\AppData\Local\Temp\ccUIOBkL.s:26     .text._ZN5daisy8patch_sm12DaisyPatchSMD2Ev:00000000 _ZN5daisy8patch_sm12DaisyPatchSMD2Ev
C:\Users\isaia\AppData\Local\Temp\ccUIOBkL.s:26     .text._ZN5daisy8patch_sm12DaisyPatchSMD2Ev:00000000 _ZN5daisy8patch_sm12DaisyPatchSMD1Ev
C:\Users\isaia\AppData\Local\Temp\ccUIOBkL.s:84     .text._ZN7daisysp10OscillatorD2Ev:00000000 $t
C:\Users\isaia\AppData\Local\Temp\ccUIOBkL.s:92     .text._ZN7daisysp10OscillatorD2Ev:00000000 _ZN7daisysp10OscillatorD2Ev
C:\Users\isaia\AppData\Local\Temp\ccUIOBkL.s:92     .text._ZN7daisysp10OscillatorD2Ev:00000000 _ZN7daisysp10OscillatorD1Ev
C:\Users\isaia\AppData\Local\Temp\ccUIOBkL.s:109    .text._ZN9anachrome7planterD2Ev:00000000 $t
C:\Users\isaia\AppData\Local\Temp\ccUIOBkL.s:117    .text._ZN9anachrome7planterD2Ev:00000000 _ZN9anachrome7planterD2Ev
C:\Users\isaia\AppData\Local\Temp\ccUIOBkL.s:117    .text._ZN9anachrome7planterD2Ev:00000000 _ZN9anachrome7planterD1Ev
C:\Users\isaia\AppData\Local\Temp\ccUIOBkL.s:194    .text._Z13AudioCallbackPKPKfPPfj:00000000 $t
C:\Users\isaia\AppData\Local\Temp\ccUIOBkL.s:202    .text._Z13AudioCallbackPKPKfPPfj:00000000 _Z13AudioCallbackPKPKfPPfj
C:\Users\isaia\AppData\Local\Temp\ccUIOBkL.s:269    .text._Z13AudioCallbackPKPKfPPfj:00000038 $d
C:\Users\isaia\AppData\Local\Temp\ccUIOBkL.s:274    .text._ZN9anachrome7planter4InitEv:00000000 $t
C:\Users\isaia\AppData\Local\Temp\ccUIOBkL.s:282    .text._ZN9anachrome7planter4InitEv:00000000 _ZN9anachrome7planter4InitEv
C:\Users\isaia\AppData\Local\Temp\ccUIOBkL.s:404    .text._ZN9anachrome7planter4InitEv:000000b4 $d
C:\Users\isaia\AppData\Local\Temp\ccUIOBkL.s:414    .rodata.main.str1.4:00000000 $d
C:\Users\isaia\AppData\Local\Temp\ccUIOBkL.s:514    .text.startup.main:00000000 $t
C:\Users\isaia\AppData\Local\Temp\ccUIOBkL.s:522    .text.startup.main:00000000 main
C:\Users\isaia\AppData\Local\Temp\ccUIOBkL.s:660    .text.startup.main:00000068 $d
C:\Users\isaia\AppData\Local\Temp\ccUIOBkL.s:678    .text.startup.main:00000080 $t
C:\Users\isaia\AppData\Local\Temp\ccUIOBkL.s:1478   .text.startup.main:000003f8 $d
C:\Users\isaia\AppData\Local\Temp\ccUIOBkL.s:1527   .text.startup.main:00000480 $t
C:\Users\isaia\AppData\Local\Temp\ccUIOBkL.s:1859   .text.startup.main:00000640 $d
C:\Users\isaia\AppData\Local\Temp\ccUIOBkL.s:1869   .text.startup._GLOBAL__sub_I_hw:00000000 $t
C:\Users\isaia\AppData\Local\Temp\ccUIOBkL.s:1876   .text.startup._GLOBAL__sub_I_hw:00000000 _GLOBAL__sub_I_hw
C:\Users\isaia\AppData\Local\Temp\ccUIOBkL.s:2734   .text.startup._GLOBAL__sub_I_hw:000000c4 $d
C:\Users\isaia\AppData\Local\Temp\ccUIOBkL.s:2747   .init_array:00000000 $d
C:\Users\isaia\AppData\Local\Temp\ccUIOBkL.s:2757   .bss.euro:00000000 euro
C:\Users\isaia\AppData\Local\Temp\ccUIOBkL.s:2771   .bss.osc:00000000 osc
C:\Users\isaia\AppData\Local\Temp\ccUIOBkL.s:2764   .bss.hw:00000000 hw
C:\Users\isaia\AppData\Local\Temp\ccUIOBkL.s:2753   .bss.euro:00000000 $d
C:\Users\isaia\AppData\Local\Temp\ccUIOBkL.s:2760   .bss.hw:00000000 $d
C:\Users\isaia\AppData\Local\Temp\ccUIOBkL.s:2767   .bss.osc:00000000 $d
                           .group:00000000 _ZN5daisy8patch_sm12DaisyPatchSMD5Ev
                           .group:00000000 _ZN7daisysp10OscillatorD5Ev
                           .group:00000000 _ZN9anachrome7planterD5Ev

UNDEFINED SYMBOLS
_ZN5daisy8patch_sm12DaisyPatchSM21ProcessAnalogControlsEv
_ZN5daisy8patch_sm12DaisyPatchSM22ProcessDigitalControlsEv
_ZN5daisy6Switch8DebounceEv
_ZN5daisy8patch_sm12DaisyPatchSM4InitEv
_ZN9anachrome7planter8InitLedsEv
_ZN5daisy8patch_sm12DaisyPatchSM17AudioCallbackRateEv
_ZN5daisy6Switch4InitENS_3PinEf
_ZN5daisy8patch_sm12DaisyPatchSM17SetAudioBlockSizeEj
_ZN5daisy4GPIO4InitENS_3PinENS0_4ModeENS0_4PullENS0_5SpeedE
_ZN5daisy8patch_sm12DaisyPatchSM2B7E
_ZN5daisy8patch_sm12DaisyPatchSM2B8E
_ZN5daisy8patch_sm12DaisyPatchSM2D1E
_ZN5daisy8patch_sm12DaisyPatchSM3D10E
_ZN5daisy8patch_sm12DaisyPatchSM2B5E
_ZN5daisy8patch_sm12DaisyPatchSM2B6E
_ZN5daisy6LoggerILNS_17LoggerDestinationE2EE8StartLogEb
_ZN5daisy6System5DelayEm
ARM GAS  C:\Users\isaia\AppData\Local\Temp\ccUIOBkL.s 			page 87


_ZN5daisy6LoggerILNS_17LoggerDestinationE2EE9PrintLineEPKcz
_ZN5daisy8patch_sm12DaisyPatchSM10StartAudioEPFvPKPKfPPfjE
_ZN5daisy6System6GetNowEv
_ZN9anachrome7planter6SetLedEib
_ZN9anachrome7planter12GetKnobValueEi
_ZN5daisy8patch_sm12DaisyPatchSM10WriteCvOutEif
_ZN9anachrome7planter7GetCvInEi
_ZN5daisy8patch_sm12DaisyPatchSM11GetAdcValueEi
_ZN9anachrome7planter20BootloaderResetCheckEv
_ZN9anachrome7planter17WriteCvOutBipolarEif
__aeabi_atexit
__dso_handle
