ARM GAS  C:\Users\isaia\AppData\Local\Temp\ccAwOTrI.s 			page 1


   1              		.cpu cortex-m7
   2              		.eabi_attribute 28, 1
   3              		.eabi_attribute 20, 1
   4              		.eabi_attribute 21, 1
   5              		.eabi_attribute 23, 3
   6              		.eabi_attribute 24, 1
   7              		.eabi_attribute 25, 1
   8              		.eabi_attribute 26, 1
   9              		.eabi_attribute 30, 2
  10              		.eabi_attribute 34, 1
  11              		.eabi_attribute 18, 4
  12              		.file	"PhysmodBar.cpp"
  13              		.text
  14              	.Ltext0:
  15              		.cfi_sections	.debug_frame
  16              		.section	.text._ZN9anachrome7planterD2Ev,"axG",%progbits,_ZN9anachrome7planterD5Ev,comdat
  17              		.align	1
  18              		.p2align 2,,3
  19              		.weak	_ZN9anachrome7planterD2Ev
  20              		.arch armv7e-m
  21              		.syntax unified
  22              		.thumb
  23              		.thumb_func
  24              		.fpu fpv5-d16
  26              	_ZN9anachrome7planterD2Ev:
  27              	.LVL0:
  28              	.LFB5482:
  29              		.file 1 "../../Planter/planter.h"
   1:../../Planter/planter.h **** #pragma once
   2:../../Planter/planter.h **** 
   3:../../Planter/planter.h **** #include "daisy_patch_sm.h"
   4:../../Planter/planter.h **** #include "planter_cal.h"
   5:../../Planter/planter.h **** 
   6:../../Planter/planter.h **** using daisy::AdcChannelConfig;
   7:../../Planter/planter.h **** using daisy::AnalogControl;
   8:../../Planter/planter.h **** using daisy::AudioHandle;
   9:../../Planter/planter.h **** //using daisy::patch_sm;
  10:../../Planter/planter.h **** using daisy::GPIO;
  11:../../Planter/planter.h **** using daisy::Pin;
  12:../../Planter/planter.h **** using daisy::SaiHandle;
  13:../../Planter/planter.h **** using daisy::Switch;
  14:../../Planter/planter.h **** 
  15:../../Planter/planter.h **** namespace anachrome
  16:../../Planter/planter.h **** {
  17:../../Planter/planter.h **** /**
  18:../../Planter/planter.h ****  * Minimal Planter platform (wrapper around daisy::patch_sm::DaisyPatchSM).
  19:../../Planter/planter.h ****  * This provides a small, extendable class with a `patch` member and a single
  20:../../Planter/planter.h ****  * maintained helper: WriteCvOutBipolar. Add features later (knobs, switches)
  21:../../Planter/planter.h ****  * as needed.
  22:../../Planter/planter.h ****  */
  23:../../Planter/planter.h **** class planter
  24:../../Planter/planter.h **** {
  25:../../Planter/planter.h ****     public:
  26:../../Planter/planter.h ****     enum
  27:../../Planter/planter.h ****     {
  28:../../Planter/planter.h ****         /** Knobs */
  29:../../Planter/planter.h ****         KNOB_1 = 4, 
ARM GAS  C:\Users\isaia\AppData\Local\Temp\ccAwOTrI.s 			page 2


  30:../../Planter/planter.h ****         KNOB_2, 
  31:../../Planter/planter.h ****         KNOB_3, 
  32:../../Planter/planter.h ****         KNOB_4, 
  33:../../Planter/planter.h ****         KNOB_5, 
  34:../../Planter/planter.h ****         KNOB_6, 
  35:../../Planter/planter.h ****         KNOB_LAST
  36:../../Planter/planter.h ****     };
  37:../../Planter/planter.h **** 
  38:../../Planter/planter.h ****     enum
  39:../../Planter/planter.h ****     {
  40:../../Planter/planter.h ****         /** User LEDs */
  41:../../Planter/planter.h ****         LED_1, 
  42:../../Planter/planter.h ****         LED_2, 
  43:../../Planter/planter.h ****     };
  44:../../Planter/planter.h **** 
  45:../../Planter/planter.h **** 
  46:../../Planter/planter.h ****     public:
  47:../../Planter/planter.h ****         void StartAudio(AudioHandle::InterleavingAudioCallback cb);
  48:../../Planter/planter.h **** 
  49:../../Planter/planter.h ****         void StartAudio(AudioHandle::AudioCallback cb);
  50:../../Planter/planter.h **** 
  51:../../Planter/planter.h ****         void StopAdc();
  52:../../Planter/planter.h **** 
  53:../../Planter/planter.h ****         planter() = default;
  54:../../Planter/planter.h ****         ~planter() = default;
  30              		.loc 1 54 9 view -0
  31              		.cfi_startproc
  32              		@ args = 0, pretend = 0, frame = 0
  33              		@ frame_needed = 0, uses_anonymous_args = 0
  34              		@ link register save eliminated.
  35              	.LBB231:
  36              	.LBI231:
  37              		.file 2 "../../libDaisy//src/daisy_patch_sm.h"
   1:../../libDaisy//src/daisy_patch_sm.h **** #pragma once
   2:../../libDaisy//src/daisy_patch_sm.h **** 
   3:../../libDaisy//src/daisy_patch_sm.h **** #include "daisy.h"
   4:../../libDaisy//src/daisy_patch_sm.h **** 
   5:../../libDaisy//src/daisy_patch_sm.h **** namespace daisy
   6:../../libDaisy//src/daisy_patch_sm.h **** {
   7:../../libDaisy//src/daisy_patch_sm.h **** namespace patch_sm
   8:../../libDaisy//src/daisy_patch_sm.h **** {
   9:../../libDaisy//src/daisy_patch_sm.h ****     /** Accessors for the Analog Controls. 
  10:../../libDaisy//src/daisy_patch_sm.h ****      *  These cover the 8x Bipolar CV inputs
  11:../../libDaisy//src/daisy_patch_sm.h ****      *  as well as the 4x 0-3V3 ADC inputs on
  12:../../libDaisy//src/daisy_patch_sm.h ****      *  the hardware 
  13:../../libDaisy//src/daisy_patch_sm.h ****      * 
  14:../../libDaisy//src/daisy_patch_sm.h ****      *  When reading a value with DaisyPatchSM::GetAdcValue()
  15:../../libDaisy//src/daisy_patch_sm.h ****      * 
  16:../../libDaisy//src/daisy_patch_sm.h ****      *  patch.GetAdcValue(patch_sm::CV_1);
  17:../../libDaisy//src/daisy_patch_sm.h ****      */
  18:../../libDaisy//src/daisy_patch_sm.h ****     enum
  19:../../libDaisy//src/daisy_patch_sm.h ****     {
  20:../../libDaisy//src/daisy_patch_sm.h ****         CV_1 = 0,
  21:../../libDaisy//src/daisy_patch_sm.h ****         CV_2,
  22:../../libDaisy//src/daisy_patch_sm.h ****         CV_3,
  23:../../libDaisy//src/daisy_patch_sm.h ****         CV_4,
  24:../../libDaisy//src/daisy_patch_sm.h ****         CV_5,
ARM GAS  C:\Users\isaia\AppData\Local\Temp\ccAwOTrI.s 			page 3


  25:../../libDaisy//src/daisy_patch_sm.h ****         CV_6,
  26:../../libDaisy//src/daisy_patch_sm.h ****         CV_7,
  27:../../libDaisy//src/daisy_patch_sm.h ****         CV_8,
  28:../../libDaisy//src/daisy_patch_sm.h ****         ADC_9,
  29:../../libDaisy//src/daisy_patch_sm.h ****         ADC_10,
  30:../../libDaisy//src/daisy_patch_sm.h ****         ADC_11,
  31:../../libDaisy//src/daisy_patch_sm.h ****         ADC_12,
  32:../../libDaisy//src/daisy_patch_sm.h ****         ADC_LAST,
  33:../../libDaisy//src/daisy_patch_sm.h ****     };
  34:../../libDaisy//src/daisy_patch_sm.h **** 
  35:../../libDaisy//src/daisy_patch_sm.h ****     /** Enum for addressing the CV Outputs via the WriteCvOut function. */
  36:../../libDaisy//src/daisy_patch_sm.h ****     enum
  37:../../libDaisy//src/daisy_patch_sm.h ****     {
  38:../../libDaisy//src/daisy_patch_sm.h ****         CV_OUT_BOTH = 0,
  39:../../libDaisy//src/daisy_patch_sm.h ****         CV_OUT_1,
  40:../../libDaisy//src/daisy_patch_sm.h ****         CV_OUT_2,
  41:../../libDaisy//src/daisy_patch_sm.h ****     };
  42:../../libDaisy//src/daisy_patch_sm.h **** 
  43:../../libDaisy//src/daisy_patch_sm.h **** 
  44:../../libDaisy//src/daisy_patch_sm.h ****     /** @brief Board support file for DaisyPatchSM hardware
  45:../../libDaisy//src/daisy_patch_sm.h ****      *  @author shensley
  46:../../libDaisy//src/daisy_patch_sm.h ****      *  @ingroup boards
  47:../../libDaisy//src/daisy_patch_sm.h ****      * 
  48:../../libDaisy//src/daisy_patch_sm.h ****      *  Daisy Patch SM is a complete Eurorack module DSP engine.
  49:../../libDaisy//src/daisy_patch_sm.h ****      *  Based on the Daisy Seed, with circuits added for 
  50:../../libDaisy//src/daisy_patch_sm.h ****      *  interfacing directly with eurorack modular synthesizers.
  51:../../libDaisy//src/daisy_patch_sm.h ****      */
  52:../../libDaisy//src/daisy_patch_sm.h ****     class DaisyPatchSM
  53:../../libDaisy//src/daisy_patch_sm.h ****     {
  54:../../libDaisy//src/daisy_patch_sm.h ****       public:
  55:../../libDaisy//src/daisy_patch_sm.h ****         /** Helper for mapping pins, and accessing them using the `GetPin` function */
  56:../../libDaisy//src/daisy_patch_sm.h ****         enum class PinBank
  57:../../libDaisy//src/daisy_patch_sm.h ****         {
  58:../../libDaisy//src/daisy_patch_sm.h ****             A,
  59:../../libDaisy//src/daisy_patch_sm.h ****             B,
  60:../../libDaisy//src/daisy_patch_sm.h ****             C,
  61:../../libDaisy//src/daisy_patch_sm.h ****             D
  62:../../libDaisy//src/daisy_patch_sm.h ****         };
  63:../../libDaisy//src/daisy_patch_sm.h **** 
  64:../../libDaisy//src/daisy_patch_sm.h ****         DaisyPatchSM() {}
  65:../../libDaisy//src/daisy_patch_sm.h ****         ~DaisyPatchSM() {}
  38              		.loc 2 65 9 view .LVU1
  39              	.LBB232:
  40              	.LBI232:
  41              		.file 3 "../../libDaisy//src/hid/gatein.h"
   1:../../libDaisy//src/hid/gatein.h **** #pragma once
   2:../../libDaisy//src/hid/gatein.h **** #ifndef DSY_GATEIN_H
   3:../../libDaisy//src/hid/gatein.h **** #define DSY_GATEIN_H
   4:../../libDaisy//src/hid/gatein.h **** #include "per/gpio.h"
   5:../../libDaisy//src/hid/gatein.h **** 
   6:../../libDaisy//src/hid/gatein.h **** namespace daisy
   7:../../libDaisy//src/hid/gatein.h **** {
   8:../../libDaisy//src/hid/gatein.h **** /**
   9:../../libDaisy//src/hid/gatein.h ****    @brief Generic Class for handling gate inputs through GPIO.
  10:../../libDaisy//src/hid/gatein.h ****    @author Stephen Hensley
  11:../../libDaisy//src/hid/gatein.h ****    @date    March 2020
  12:../../libDaisy//src/hid/gatein.h ****    @ingroup controls
ARM GAS  C:\Users\isaia\AppData\Local\Temp\ccAwOTrI.s 			page 4


  13:../../libDaisy//src/hid/gatein.h **** */
  14:../../libDaisy//src/hid/gatein.h **** class GateIn
  15:../../libDaisy//src/hid/gatein.h **** {
  16:../../libDaisy//src/hid/gatein.h ****   public:
  17:../../libDaisy//src/hid/gatein.h ****     /** GateIn Constructor */
  18:../../libDaisy//src/hid/gatein.h ****     GateIn() {}
  19:../../libDaisy//src/hid/gatein.h **** 
  20:../../libDaisy//src/hid/gatein.h ****     /** GateIn Destructor */
  21:../../libDaisy//src/hid/gatein.h ****     ~GateIn() {}
  42              		.loc 3 21 5 view .LVU2
  43              		.loc 3 21 5 is_stmt 0 view .LVU3
  44              	.LBE232:
  45              	.LBB233:
  46              	.LBI233:
  47              		.loc 3 21 5 is_stmt 1 view .LVU4
  48              		.loc 3 21 5 is_stmt 0 view .LVU5
  49              	.LBE233:
  50              	.LBB234:
  51              	.LBI234:
  52              		.file 4 "../../libDaisy//src/dev/codec_pcm3060.h"
   1:../../libDaisy//src/dev/codec_pcm3060.h **** #pragma once
   2:../../libDaisy//src/dev/codec_pcm3060.h **** #ifndef DSY_CODEC_PCM3060_H
   3:../../libDaisy//src/dev/codec_pcm3060.h **** #define DSY_CODEC_PCM3060_H
   4:../../libDaisy//src/dev/codec_pcm3060.h **** #include "per/i2c.h"
   5:../../libDaisy//src/dev/codec_pcm3060.h **** namespace daisy
   6:../../libDaisy//src/dev/codec_pcm3060.h **** {
   7:../../libDaisy//src/dev/codec_pcm3060.h **** /**
   8:../../libDaisy//src/dev/codec_pcm3060.h ****  * @brief Driver for the TI PCM3060 Audio Codec.
   9:../../libDaisy//src/dev/codec_pcm3060.h ****  * @addtogroup codec
  10:../../libDaisy//src/dev/codec_pcm3060.h ****  * 
  11:../../libDaisy//src/dev/codec_pcm3060.h ****  * For now this is a limited interface that uses I2C to communicate with the PCM3060
  12:../../libDaisy//src/dev/codec_pcm3060.h ****  * The device can also be accessed with SPI, which is not yet supported.
  13:../../libDaisy//src/dev/codec_pcm3060.h ****  * 
  14:../../libDaisy//src/dev/codec_pcm3060.h ****  * For now all registers are set to their defaults, and the Init function will 
  15:../../libDaisy//src/dev/codec_pcm3060.h ****  * perform a MRST and SRST before setting the format to 24bit LJ, and disabling 
  16:../../libDaisy//src/dev/codec_pcm3060.h ****  * power save for both the ADC and DAC.
  17:../../libDaisy//src/dev/codec_pcm3060.h ****  *
  18:../../libDaisy//src/dev/codec_pcm3060.h ****  */
  19:../../libDaisy//src/dev/codec_pcm3060.h **** class Pcm3060
  20:../../libDaisy//src/dev/codec_pcm3060.h **** {
  21:../../libDaisy//src/dev/codec_pcm3060.h ****   public:
  22:../../libDaisy//src/dev/codec_pcm3060.h ****     enum class Result
  23:../../libDaisy//src/dev/codec_pcm3060.h ****     {
  24:../../libDaisy//src/dev/codec_pcm3060.h ****         OK,
  25:../../libDaisy//src/dev/codec_pcm3060.h ****         ERR,
  26:../../libDaisy//src/dev/codec_pcm3060.h ****     };
  27:../../libDaisy//src/dev/codec_pcm3060.h **** 
  28:../../libDaisy//src/dev/codec_pcm3060.h ****     Pcm3060() {}
  29:../../libDaisy//src/dev/codec_pcm3060.h ****     ~Pcm3060() {}
  53              		.loc 4 29 5 is_stmt 1 view .LVU6
  54              		.loc 4 29 5 is_stmt 0 view .LVU7
  55              	.LBE234:
  56              	.LBB235:
  57              	.LBI235:
  58              		.file 5 "../../libDaisy//src/hid/usb.h"
   1:../../libDaisy//src/hid/usb.h **** #pragma once
   2:../../libDaisy//src/hid/usb.h **** #ifndef DSY_HID_USB_H
ARM GAS  C:\Users\isaia\AppData\Local\Temp\ccAwOTrI.s 			page 5


   3:../../libDaisy//src/hid/usb.h **** #define DSY_HID_USB_H
   4:../../libDaisy//src/hid/usb.h **** #include <stdint.h>
   5:../../libDaisy//src/hid/usb.h **** #include <stdlib.h>
   6:../../libDaisy//src/hid/usb.h **** 
   7:../../libDaisy//src/hid/usb.h **** namespace daisy
   8:../../libDaisy//src/hid/usb.h **** /** @addtogroup human_interface
   9:../../libDaisy//src/hid/usb.h ****     @{
  10:../../libDaisy//src/hid/usb.h **** */
  11:../../libDaisy//src/hid/usb.h **** 
  12:../../libDaisy//src/hid/usb.h **** {
  13:../../libDaisy//src/hid/usb.h **** /** 
  14:../../libDaisy//src/hid/usb.h ****     @brief Interface for initializing and using the USB Peripherals on the daisy
  15:../../libDaisy//src/hid/usb.h ****     @author Stephen Hensley
  16:../../libDaisy//src/hid/usb.h ****     @date December 2019
  17:../../libDaisy//src/hid/usb.h **** */
  18:../../libDaisy//src/hid/usb.h **** class UsbHandle
  19:../../libDaisy//src/hid/usb.h **** {
  20:../../libDaisy//src/hid/usb.h ****   public:
  21:../../libDaisy//src/hid/usb.h ****     /** Return values for USBHandle Functions */
  22:../../libDaisy//src/hid/usb.h ****     enum class Result
  23:../../libDaisy//src/hid/usb.h ****     {
  24:../../libDaisy//src/hid/usb.h ****         OK,
  25:../../libDaisy//src/hid/usb.h ****         ERR,
  26:../../libDaisy//src/hid/usb.h ****     };
  27:../../libDaisy//src/hid/usb.h **** 
  28:../../libDaisy//src/hid/usb.h ****     /** Specified which of the two USB Peripherals to initialize. */
  29:../../libDaisy//src/hid/usb.h ****     enum UsbPeriph
  30:../../libDaisy//src/hid/usb.h ****     {
  31:../../libDaisy//src/hid/usb.h ****         FS_INTERNAL, /**< Internal pin */
  32:../../libDaisy//src/hid/usb.h ****         FS_EXTERNAL, /**< FS External D+ pin is Pin 38 (GPIO32). FS External D- pin is Pin 37 (GPIO
  33:../../libDaisy//src/hid/usb.h ****         FS_BOTH,     /**< Both */
  34:../../libDaisy//src/hid/usb.h ****     };
  35:../../libDaisy//src/hid/usb.h **** 
  36:../../libDaisy//src/hid/usb.h **** 
  37:../../libDaisy//src/hid/usb.h ****     /** Function called upon reception of a buffer */
  38:../../libDaisy//src/hid/usb.h ****     typedef void (*ReceiveCallback)(uint8_t* buff, uint32_t* len);
  39:../../libDaisy//src/hid/usb.h **** 
  40:../../libDaisy//src/hid/usb.h ****     UsbHandle() {}
  41:../../libDaisy//src/hid/usb.h **** 
  42:../../libDaisy//src/hid/usb.h ****     ~UsbHandle() {}
  59              		.loc 5 42 5 is_stmt 1 view .LVU8
  60              		.loc 5 42 5 is_stmt 0 view .LVU9
  61              	.LBE235:
  62              	.LBB236:
  63              	.LBI236:
  64              		.file 6 "../../libDaisy//src/per/adc.h"
   1:../../libDaisy//src/per/adc.h **** #pragma once
   2:../../libDaisy//src/per/adc.h **** #ifndef DSY_ADC_H
   3:../../libDaisy//src/per/adc.h **** #define DSY_ADC_H /**< Macro */
   4:../../libDaisy//src/per/adc.h **** #include <stdint.h>
   5:../../libDaisy//src/per/adc.h **** #include <stdlib.h>
   6:../../libDaisy//src/per/adc.h **** #include "daisy_core.h"
   7:../../libDaisy//src/per/adc.h **** #include "per/gpio.h"
   8:../../libDaisy//src/per/adc.h **** 
   9:../../libDaisy//src/per/adc.h **** #define DSY_ADC_MAX_CHANNELS 16 /**< Maximum number of ADC channels */
  10:../../libDaisy//src/per/adc.h **** 
  11:../../libDaisy//src/per/adc.h **** namespace daisy
ARM GAS  C:\Users\isaia\AppData\Local\Temp\ccAwOTrI.s 			page 6


  12:../../libDaisy//src/per/adc.h **** {
  13:../../libDaisy//src/per/adc.h **** /** @addtogroup per_analog
  14:../../libDaisy//src/per/adc.h ****     @{
  15:../../libDaisy//src/per/adc.h **** */
  16:../../libDaisy//src/per/adc.h **** 
  17:../../libDaisy//src/per/adc.h **** /* While there may not be many configuration options here,
  18:../../libDaisy//src/per/adc.h **** using a struct like this allows us to add more configuration
  19:../../libDaisy//src/per/adc.h **** later without breaking existing functionality.
  20:../../libDaisy//src/per/adc.h **** */
  21:../../libDaisy//src/per/adc.h **** 
  22:../../libDaisy//src/per/adc.h **** /** @brief   Configuration Structure for an ADC Channel 
  23:../../libDaisy//src/per/adc.h ****  *  @details This can be used to configure a a single input, 
  24:../../libDaisy//src/per/adc.h ****  *           or a multiplexed input, allowing up to 8 inputs on 
  25:../../libDaisy//src/per/adc.h ****  *           one channel.
  26:../../libDaisy//src/per/adc.h ****  *  @note    Sharing data lines to multiple muxes _is_ possible, but
  27:../../libDaisy//src/per/adc.h ****  *           each channel sharing data lines must be set to the maximum
  28:../../libDaisy//src/per/adc.h ****  *           number of channels, even if some multiplexers have fewer
  29:../../libDaisy//src/per/adc.h ****  *           inputs connected.
  30:../../libDaisy//src/per/adc.h **** */
  31:../../libDaisy//src/per/adc.h **** struct AdcChannelConfig
  32:../../libDaisy//src/per/adc.h **** {
  33:../../libDaisy//src/per/adc.h ****     /** Which pin to use for multiplexing */
  34:../../libDaisy//src/per/adc.h ****     enum MuxPin
  35:../../libDaisy//src/per/adc.h ****     {
  36:../../libDaisy//src/per/adc.h ****         MUX_SEL_0,    /**< & */
  37:../../libDaisy//src/per/adc.h ****         MUX_SEL_1,    /**< & */
  38:../../libDaisy//src/per/adc.h ****         MUX_SEL_2,    /**< & */
  39:../../libDaisy//src/per/adc.h ****         MUX_SEL_LAST, /**< & */
  40:../../libDaisy//src/per/adc.h ****     };
  41:../../libDaisy//src/per/adc.h **** 
  42:../../libDaisy//src/per/adc.h ****     /** \brief per channel conversion speed added to fixed time based on bitdepth, etc. */
  43:../../libDaisy//src/per/adc.h ****     enum ConversionSpeed
  44:../../libDaisy//src/per/adc.h ****     {
  45:../../libDaisy//src/per/adc.h ****         SPEED_1CYCLES_5,
  46:../../libDaisy//src/per/adc.h ****         SPEED_2CYCLES_5,
  47:../../libDaisy//src/per/adc.h ****         SPEED_8CYCLES_5,
  48:../../libDaisy//src/per/adc.h ****         SPEED_16CYCLES_5,
  49:../../libDaisy//src/per/adc.h ****         SPEED_32CYCLES_5,
  50:../../libDaisy//src/per/adc.h ****         SPEED_64CYCLES_5,
  51:../../libDaisy//src/per/adc.h ****         SPEED_387CYCLES_5,
  52:../../libDaisy//src/per/adc.h ****         SPEED_810CYCLES_5,
  53:../../libDaisy//src/per/adc.h ****     };
  54:../../libDaisy//src/per/adc.h **** 
  55:../../libDaisy//src/per/adc.h ****     /** Initializes a single ADC pin as an ADC. 
  56:../../libDaisy//src/per/adc.h ****     \param pin Pin to init.
  57:../../libDaisy//src/per/adc.h ****     \param speed conversion speed for this pin defaults to 8.5 cycles
  58:../../libDaisy//src/per/adc.h ****      */
  59:../../libDaisy//src/per/adc.h ****     void InitSingle(Pin pin, ConversionSpeed speed = SPEED_8CYCLES_5);
  60:../../libDaisy//src/per/adc.h **** 
  61:../../libDaisy//src/per/adc.h ****     /** 
  62:../../libDaisy//src/per/adc.h ****     Initializes a single ADC pin as a Multiplexed ADC.
  63:../../libDaisy//src/per/adc.h ****     Requires a CD405X Multiplexer connected to the pin.
  64:../../libDaisy//src/per/adc.h ****     You only need to supply the mux pins that are required,
  65:../../libDaisy//src/per/adc.h ****     e.g. a 4052 mux would only require mux_0 and mux_1.
  66:../../libDaisy//src/per/adc.h ****     Internal Callbacks handle the pin addressing.
  67:../../libDaisy//src/per/adc.h ****     \param adc_pin &
  68:../../libDaisy//src/per/adc.h ****     \param mux_channels must be 1-8
ARM GAS  C:\Users\isaia\AppData\Local\Temp\ccAwOTrI.s 			page 7


  69:../../libDaisy//src/per/adc.h ****     \param mux_0 First mux pin
  70:../../libDaisy//src/per/adc.h ****     \param mux_1 Second mux pin
  71:../../libDaisy//src/per/adc.h ****     \param mux_2 Third mux pin
  72:../../libDaisy//src/per/adc.h ****     \param speed conversion speed for this pin defaults to 8.5 cycles
  73:../../libDaisy//src/per/adc.h ****     */
  74:../../libDaisy//src/per/adc.h ****     void InitMux(Pin             adc_pin,
  75:../../libDaisy//src/per/adc.h ****                  size_t          mux_channels,
  76:../../libDaisy//src/per/adc.h ****                  Pin             mux_0,
  77:../../libDaisy//src/per/adc.h ****                  Pin             mux_1 = Pin(PORTX, 0),
  78:../../libDaisy//src/per/adc.h ****                  Pin             mux_2 = Pin(PORTX, 0),
  79:../../libDaisy//src/per/adc.h ****                  ConversionSpeed speed = SPEED_8CYCLES_5);
  80:../../libDaisy//src/per/adc.h **** 
  81:../../libDaisy//src/per/adc.h ****     GPIO            pin_;                   /**< & */
  82:../../libDaisy//src/per/adc.h ****     GPIO            mux_pin_[MUX_SEL_LAST]; /**< & */
  83:../../libDaisy//src/per/adc.h ****     uint8_t         mux_channels_;          /**< & */
  84:../../libDaisy//src/per/adc.h ****     ConversionSpeed speed_;
  85:../../libDaisy//src/per/adc.h **** };
  86:../../libDaisy//src/per/adc.h **** 
  87:../../libDaisy//src/per/adc.h **** /**
  88:../../libDaisy//src/per/adc.h ****    @brief Handler for analog to digital conversion
  89:../../libDaisy//src/per/adc.h **** */
  90:../../libDaisy//src/per/adc.h **** class AdcHandle
  91:../../libDaisy//src/per/adc.h **** {
  92:../../libDaisy//src/per/adc.h ****   public:
  93:../../libDaisy//src/per/adc.h ****     /** Supported oversampling amounts */
  94:../../libDaisy//src/per/adc.h ****     enum OverSampling
  95:../../libDaisy//src/per/adc.h ****     {
  96:../../libDaisy//src/per/adc.h ****         OVS_NONE, /**< & */
  97:../../libDaisy//src/per/adc.h ****         OVS_4,    /**< & */
  98:../../libDaisy//src/per/adc.h ****         OVS_8,    /**< & */
  99:../../libDaisy//src/per/adc.h ****         OVS_16,   /**< & */
 100:../../libDaisy//src/per/adc.h ****         OVS_32,   /**< & */
 101:../../libDaisy//src/per/adc.h ****         OVS_64,   /**< & */
 102:../../libDaisy//src/per/adc.h ****         OVS_128,  /**< & */
 103:../../libDaisy//src/per/adc.h ****         OVS_256,  /**< & */
 104:../../libDaisy//src/per/adc.h ****         OVS_512,  /**< & */
 105:../../libDaisy//src/per/adc.h ****         OVS_1024, /**< & */
 106:../../libDaisy//src/per/adc.h ****         OVS_LAST, /**< & */
 107:../../libDaisy//src/per/adc.h ****     };
 108:../../libDaisy//src/per/adc.h **** 
 109:../../libDaisy//src/per/adc.h ****     AdcHandle() {}
 110:../../libDaisy//src/per/adc.h ****     ~AdcHandle() {}
  65              		.loc 6 110 5 is_stmt 1 view .LVU10
  66              		.loc 6 110 5 is_stmt 0 view .LVU11
  67              	.LBE236:
  68              	.LBB237:
  69              	.LBI237:
  70              		.file 7 "../../libDaisy//src/hid/audio.h"
   1:../../libDaisy//src/hid/audio.h **** #ifndef DSY_AUDIO_H
   2:../../libDaisy//src/hid/audio.h **** #define DSY_AUDIO_H /**< & */
   3:../../libDaisy//src/hid/audio.h **** 
   4:../../libDaisy//src/hid/audio.h **** #include "per/sai.h"
   5:../../libDaisy//src/hid/audio.h **** 
   6:../../libDaisy//src/hid/audio.h **** namespace daisy
   7:../../libDaisy//src/hid/audio.h **** {
   8:../../libDaisy//src/hid/audio.h **** /** @brief Audio Engine Handle
   9:../../libDaisy//src/hid/audio.h ****  *  @ingroup audio 
ARM GAS  C:\Users\isaia\AppData\Local\Temp\ccAwOTrI.s 			page 8


  10:../../libDaisy//src/hid/audio.h ****  *  @details This class allows for higher level access to an audio engine.
  11:../../libDaisy//src/hid/audio.h ****  *           If you're using a SOM like the DaisySeed or DaisyPatchSM (or any 
  12:../../libDaisy//src/hid/audio.h ****  *            board that includes one of those objects) then the intialization
  13:../../libDaisy//src/hid/audio.h ****  *            is already taken  care of.
  14:../../libDaisy//src/hid/audio.h ****  *           If you're setting up your own custom hardware, or need to make changes
  15:../../libDaisy//src/hid/audio.h ****  *           you will have to take the following steps:
  16:../../libDaisy//src/hid/audio.h ****  *             1. Create and Initialize an SaiHandle or two depending on your requirements
  17:../../libDaisy//src/hid/audio.h ****  *             2. Initialize the Audio Handle with the desired settings and the Initialized SaiHand
  18:../../libDaisy//src/hid/audio.h ****  *             3. If the connected codec requires special configuration or initialization, do so
  19:../../libDaisy//src/hid/audio.h ****  *             4. Write a callback method using either the AudioCallback or the InterleavingAudioCa
  20:../../libDaisy//src/hid/audio.h ****  *             5. Start the Audio using one of the StartAudio function
  21:../../libDaisy//src/hid/audio.h ****  */
  22:../../libDaisy//src/hid/audio.h **** class AudioHandle
  23:../../libDaisy//src/hid/audio.h **** {
  24:../../libDaisy//src/hid/audio.h ****   public:
  25:../../libDaisy//src/hid/audio.h ****     /** Manually configurable details about the Audio Engine */
  26:../../libDaisy//src/hid/audio.h ****     /** TODO: Figure out how to get samplerate in here. */
  27:../../libDaisy//src/hid/audio.h ****     struct Config
  28:../../libDaisy//src/hid/audio.h ****     {
  29:../../libDaisy//src/hid/audio.h ****         /** number of samples to process per callback */
  30:../../libDaisy//src/hid/audio.h ****         size_t blocksize = 48;
  31:../../libDaisy//src/hid/audio.h **** 
  32:../../libDaisy//src/hid/audio.h ****         /**< Sample rate of audio */
  33:../../libDaisy//src/hid/audio.h ****         SaiHandle::Config::SampleRate samplerate
  34:../../libDaisy//src/hid/audio.h ****             = SaiHandle::Config::SampleRate::SAI_48KHZ;
  35:../../libDaisy//src/hid/audio.h **** 
  36:../../libDaisy//src/hid/audio.h ****         /** factor for adjustment before and after callback for hardware that may have extra headro
  37:../../libDaisy//src/hid/audio.h ****         float postgain = 1.f;
  38:../../libDaisy//src/hid/audio.h **** 
  39:../../libDaisy//src/hid/audio.h ****         /** factor for additional one-sided compensation to audio path for hardware that may
  40:../../libDaisy//src/hid/audio.h ****          *  have unequal input/output ranges
  41:../../libDaisy//src/hid/audio.h ****          */
  42:../../libDaisy//src/hid/audio.h ****         float output_compensation = 1.f;
  43:../../libDaisy//src/hid/audio.h ****     };
  44:../../libDaisy//src/hid/audio.h **** 
  45:../../libDaisy//src/hid/audio.h ****     enum class Result
  46:../../libDaisy//src/hid/audio.h ****     {
  47:../../libDaisy//src/hid/audio.h ****         OK,
  48:../../libDaisy//src/hid/audio.h ****         ERR,
  49:../../libDaisy//src/hid/audio.h ****     };
  50:../../libDaisy//src/hid/audio.h **** 
  51:../../libDaisy//src/hid/audio.h ****     /** Non-Interleaving input buffer
  52:../../libDaisy//src/hid/audio.h ****      * Buffer arranged by float[chn][sample] 
  53:../../libDaisy//src/hid/audio.h ****      * const so that the user can't modify the input
  54:../../libDaisy//src/hid/audio.h ****      */
  55:../../libDaisy//src/hid/audio.h ****     typedef const float* const* InputBuffer;
  56:../../libDaisy//src/hid/audio.h **** 
  57:../../libDaisy//src/hid/audio.h ****     /** Non-Interleaving output buffer
  58:../../libDaisy//src/hid/audio.h ****      * Arranged by float[chn][sample] 
  59:../../libDaisy//src/hid/audio.h ****      */
  60:../../libDaisy//src/hid/audio.h ****     typedef float** OutputBuffer;
  61:../../libDaisy//src/hid/audio.h **** 
  62:../../libDaisy//src/hid/audio.h ****     /** Type for a Non-Interleaving audio callback 
  63:../../libDaisy//src/hid/audio.h ****      * Non-Interleaving audio callbacks in daisy will be of this type
  64:../../libDaisy//src/hid/audio.h ****      */
  65:../../libDaisy//src/hid/audio.h ****     typedef void (*AudioCallback)(InputBuffer  in,
  66:../../libDaisy//src/hid/audio.h ****                                   OutputBuffer out,
ARM GAS  C:\Users\isaia\AppData\Local\Temp\ccAwOTrI.s 			page 9


  67:../../libDaisy//src/hid/audio.h ****                                   size_t       size);
  68:../../libDaisy//src/hid/audio.h **** 
  69:../../libDaisy//src/hid/audio.h ****     /** Interleaving Input buffer
  70:../../libDaisy//src/hid/audio.h ****      ** audio is prepared as { L0, R0, L1, R1, . . . LN, RN }]
  71:../../libDaisy//src/hid/audio.h ****      ** this is const, as the user shouldn't modify it
  72:../../libDaisy//src/hid/audio.h ****     */
  73:../../libDaisy//src/hid/audio.h ****     typedef const float* InterleavingInputBuffer;
  74:../../libDaisy//src/hid/audio.h **** 
  75:../../libDaisy//src/hid/audio.h ****     /** Interleaving Output buffer 
  76:../../libDaisy//src/hid/audio.h ****      ** audio is prepared as { L0, R0, L1, R1, . . . LN, RN }
  77:../../libDaisy//src/hid/audio.h ****     */
  78:../../libDaisy//src/hid/audio.h ****     typedef float* InterleavingOutputBuffer;
  79:../../libDaisy//src/hid/audio.h **** 
  80:../../libDaisy//src/hid/audio.h ****     /** Interleaving Audio Callback 
  81:../../libDaisy//src/hid/audio.h ****      * Interleaving audio callbacks in daisy must be of this type
  82:../../libDaisy//src/hid/audio.h ****      */
  83:../../libDaisy//src/hid/audio.h ****     typedef void (*InterleavingAudioCallback)(InterleavingInputBuffer  in,
  84:../../libDaisy//src/hid/audio.h ****                                               InterleavingOutputBuffer out,
  85:../../libDaisy//src/hid/audio.h ****                                               size_t                   size);
  86:../../libDaisy//src/hid/audio.h **** 
  87:../../libDaisy//src/hid/audio.h ****     AudioHandle() : pimpl_(nullptr) {}
  88:../../libDaisy//src/hid/audio.h ****     ~AudioHandle() {}
  71              		.loc 7 88 5 is_stmt 1 view .LVU12
  72              		.loc 7 88 5 is_stmt 0 view .LVU13
  73              	.LBE237:
  74              	.LBB238:
  75              	.LBI238:
  76              		.file 8 "../../libDaisy//src/sys/system.h"
   1:../../libDaisy//src/sys/system.h **** #ifndef DSY_SYSTEM_H
   2:../../libDaisy//src/sys/system.h **** #define DSY_SYSTEM_H
   3:../../libDaisy//src/sys/system.h **** 
   4:../../libDaisy//src/sys/system.h **** #ifndef UNIT_TEST // for unit tests, a dummy implementation is provided below
   5:../../libDaisy//src/sys/system.h **** 
   6:../../libDaisy//src/sys/system.h **** #include <cstdint>
   7:../../libDaisy//src/sys/system.h **** #include "per/tim.h"
   8:../../libDaisy//src/sys/system.h **** 
   9:../../libDaisy//src/sys/system.h **** namespace daisy
  10:../../libDaisy//src/sys/system.h **** {
  11:../../libDaisy//src/sys/system.h **** /** A handle for interacting with the Core System.
  12:../../libDaisy//src/sys/system.h ****  ** This includes the Clock tree, MPU, global DMA initialization,
  13:../../libDaisy//src/sys/system.h ****  ** cache handling, and any other necessary global initiailzation
  14:../../libDaisy//src/sys/system.h ****  **
  15:../../libDaisy//src/sys/system.h ****  ** @author shensley
  16:../../libDaisy//src/sys/system.h ****  ** @ingroup system
  17:../../libDaisy//src/sys/system.h ****  */
  18:../../libDaisy//src/sys/system.h **** class System
  19:../../libDaisy//src/sys/system.h **** {
  20:../../libDaisy//src/sys/system.h ****   public:
  21:../../libDaisy//src/sys/system.h ****     /** Contains settings for initializing the System */
  22:../../libDaisy//src/sys/system.h ****     struct Config
  23:../../libDaisy//src/sys/system.h ****     {
  24:../../libDaisy//src/sys/system.h ****         /** Specifies the system clock frequency that feeds APB/AHB clocks, etc. */
  25:../../libDaisy//src/sys/system.h ****         enum class SysClkFreq
  26:../../libDaisy//src/sys/system.h ****         {
  27:../../libDaisy//src/sys/system.h ****             FREQ_400MHZ,
  28:../../libDaisy//src/sys/system.h ****             FREQ_480MHZ,
  29:../../libDaisy//src/sys/system.h ****         };
ARM GAS  C:\Users\isaia\AppData\Local\Temp\ccAwOTrI.s 			page 10


  30:../../libDaisy//src/sys/system.h **** 
  31:../../libDaisy//src/sys/system.h ****         /** Method to call on the struct to set to defaults
  32:../../libDaisy//src/sys/system.h ****          ** CPU Freq set to 400MHz
  33:../../libDaisy//src/sys/system.h ****          ** Cache Enabled
  34:../../libDaisy//src/sys/system.h ****          ** */
  35:../../libDaisy//src/sys/system.h ****         void Defaults()
  36:../../libDaisy//src/sys/system.h ****         {
  37:../../libDaisy//src/sys/system.h ****             cpu_freq    = SysClkFreq::FREQ_400MHZ;
  38:../../libDaisy//src/sys/system.h ****             use_dcache  = true;
  39:../../libDaisy//src/sys/system.h ****             use_icache  = true;
  40:../../libDaisy//src/sys/system.h ****             skip_clocks = false;
  41:../../libDaisy//src/sys/system.h ****         }
  42:../../libDaisy//src/sys/system.h **** 
  43:../../libDaisy//src/sys/system.h ****         /** Method to call on the struct to set to boost mode:
  44:../../libDaisy//src/sys/system.h ****          ** CPU Freq set to 480MHz
  45:../../libDaisy//src/sys/system.h ****          ** Cache Enabled
  46:../../libDaisy//src/sys/system.h ****          ** */
  47:../../libDaisy//src/sys/system.h ****         void Boost()
  48:../../libDaisy//src/sys/system.h ****         {
  49:../../libDaisy//src/sys/system.h ****             cpu_freq    = SysClkFreq::FREQ_480MHZ;
  50:../../libDaisy//src/sys/system.h ****             use_dcache  = true;
  51:../../libDaisy//src/sys/system.h ****             use_icache  = true;
  52:../../libDaisy//src/sys/system.h ****             skip_clocks = false;
  53:../../libDaisy//src/sys/system.h ****         }
  54:../../libDaisy//src/sys/system.h **** 
  55:../../libDaisy//src/sys/system.h ****         SysClkFreq cpu_freq;
  56:../../libDaisy//src/sys/system.h ****         bool       use_dcache;
  57:../../libDaisy//src/sys/system.h ****         bool       use_icache;
  58:../../libDaisy//src/sys/system.h ****         bool       skip_clocks;
  59:../../libDaisy//src/sys/system.h ****     };
  60:../../libDaisy//src/sys/system.h **** 
  61:../../libDaisy//src/sys/system.h ****     /** Describes the different regions of memory available to the Daisy */
  62:../../libDaisy//src/sys/system.h ****     enum MemoryRegion
  63:../../libDaisy//src/sys/system.h ****     {
  64:../../libDaisy//src/sys/system.h ****         INTERNAL_FLASH = 0,
  65:../../libDaisy//src/sys/system.h ****         ITCMRAM,
  66:../../libDaisy//src/sys/system.h ****         DTCMRAM,
  67:../../libDaisy//src/sys/system.h ****         SRAM_D1,
  68:../../libDaisy//src/sys/system.h ****         SRAM_D2,
  69:../../libDaisy//src/sys/system.h ****         SRAM_D3,
  70:../../libDaisy//src/sys/system.h ****         SDRAM,
  71:../../libDaisy//src/sys/system.h ****         QSPI,
  72:../../libDaisy//src/sys/system.h ****         INVALID_ADDRESS,
  73:../../libDaisy//src/sys/system.h ****     };
  74:../../libDaisy//src/sys/system.h **** 
  75:../../libDaisy//src/sys/system.h ****     /** Bootloader struct for controlling bootloading parameters */
  76:../../libDaisy//src/sys/system.h ****     struct BootInfo
  77:../../libDaisy//src/sys/system.h ****     {
  78:../../libDaisy//src/sys/system.h ****         enum class Type : uint32_t
  79:../../libDaisy//src/sys/system.h ****         {
  80:../../libDaisy//src/sys/system.h ****             INVALID      = 0x00000000,
  81:../../libDaisy//src/sys/system.h ****             JUMP         = 0xDEADBEEF,
  82:../../libDaisy//src/sys/system.h ****             SKIP_TIMEOUT = 0x5AFEB007,
  83:../../libDaisy//src/sys/system.h ****             INF_TIMEOUT  = 0xB0074EFA,
  84:../../libDaisy//src/sys/system.h ****         } status;
  85:../../libDaisy//src/sys/system.h ****         uint32_t data;
  86:../../libDaisy//src/sys/system.h ****         enum class Version : uint32_t
ARM GAS  C:\Users\isaia\AppData\Local\Temp\ccAwOTrI.s 			page 11


  87:../../libDaisy//src/sys/system.h ****         {
  88:../../libDaisy//src/sys/system.h ****             LT_v6_0 = 0, // Less than v6.0
  89:../../libDaisy//src/sys/system.h ****             NONE,        // No bootloader present
  90:../../libDaisy//src/sys/system.h ****             v6_0,        // v6.0
  91:../../libDaisy//src/sys/system.h ****             v6_1,        // v6.1 or greater
  92:../../libDaisy//src/sys/system.h ****             LAST
  93:../../libDaisy//src/sys/system.h ****         } version;
  94:../../libDaisy//src/sys/system.h ****     };
  95:../../libDaisy//src/sys/system.h **** 
  96:../../libDaisy//src/sys/system.h ****     System() {}
  97:../../libDaisy//src/sys/system.h ****     ~System() {}
  77              		.loc 8 97 5 is_stmt 1 view .LVU14
  78              		.loc 8 97 5 is_stmt 0 view .LVU15
  79              	.LBE238:
  80              	.LBE231:
  81              	.LBB239:
  82              	.LBI239:
  83              		.file 9 "../../libDaisy//src/hid/switch.h"
   1:../../libDaisy//src/hid/switch.h **** #pragma once
   2:../../libDaisy//src/hid/switch.h **** #ifndef DSY_SWITCH_H
   3:../../libDaisy//src/hid/switch.h **** #define DSY_SWITCH_H
   4:../../libDaisy//src/hid/switch.h **** #include "daisy_core.h"
   5:../../libDaisy//src/hid/switch.h **** #include "per/gpio.h"
   6:../../libDaisy//src/hid/switch.h **** #include "sys/system.h"
   7:../../libDaisy//src/hid/switch.h **** 
   8:../../libDaisy//src/hid/switch.h **** namespace daisy
   9:../../libDaisy//src/hid/switch.h **** {
  10:../../libDaisy//src/hid/switch.h **** /** 
  11:../../libDaisy//src/hid/switch.h ****     Generic Class for handling momentary/latching switches \n 
  12:../../libDaisy//src/hid/switch.h ****     Inspired/influenced by Mutable Instruments (pichenettes) Switch classes
  13:../../libDaisy//src/hid/switch.h ****     @author Stephen Hensley
  14:../../libDaisy//src/hid/switch.h ****     @date December 2019
  15:../../libDaisy//src/hid/switch.h ****     @ingroup controls
  16:../../libDaisy//src/hid/switch.h **** */
  17:../../libDaisy//src/hid/switch.h **** class Switch
  18:../../libDaisy//src/hid/switch.h **** {
  19:../../libDaisy//src/hid/switch.h ****   public:
  20:../../libDaisy//src/hid/switch.h ****     /** Specifies the expected behavior of the switch */
  21:../../libDaisy//src/hid/switch.h ****     enum Type
  22:../../libDaisy//src/hid/switch.h ****     {
  23:../../libDaisy//src/hid/switch.h ****         TYPE_TOGGLE,    /**< & */
  24:../../libDaisy//src/hid/switch.h ****         TYPE_MOMENTARY, /**< & */
  25:../../libDaisy//src/hid/switch.h ****     };
  26:../../libDaisy//src/hid/switch.h ****     /** Specifies whether the pressed is HIGH or LOW. */
  27:../../libDaisy//src/hid/switch.h ****     enum Polarity
  28:../../libDaisy//src/hid/switch.h ****     {
  29:../../libDaisy//src/hid/switch.h ****         POLARITY_NORMAL,   /**< & */
  30:../../libDaisy//src/hid/switch.h ****         POLARITY_INVERTED, /**< & */
  31:../../libDaisy//src/hid/switch.h ****     };
  32:../../libDaisy//src/hid/switch.h **** 
  33:../../libDaisy//src/hid/switch.h ****     Switch() {}
  34:../../libDaisy//src/hid/switch.h ****     ~Switch() {}
  84              		.loc 9 34 5 is_stmt 1 view .LVU16
  85              		.loc 9 34 5 is_stmt 0 view .LVU17
  86              	.LBE239:
  87              	.LBB240:
  88              	.LBI240:
ARM GAS  C:\Users\isaia\AppData\Local\Temp\ccAwOTrI.s 			page 12


  89              		.loc 9 34 5 is_stmt 1 view .LVU18
  90              		.loc 9 34 5 is_stmt 0 view .LVU19
  91              	.LBE240:
  92              	.LBB241:
  93              	.LBI241:
  94              		.loc 9 34 5 is_stmt 1 view .LVU20
  95              		.loc 9 34 5 is_stmt 0 view .LVU21
  96              	.LBE241:
  97              	.LBB242:
  98              	.LBI242:
  99              		.loc 9 34 5 is_stmt 1 view .LVU22
 100              		.loc 9 34 5 is_stmt 0 view .LVU23
 101              	.LBE242:
 102              		.loc 1 54 9 view .LVU24
 103 0000 7047     		bx	lr
 104              		.cfi_endproc
 105              	.LFE5482:
 107              		.weak	_ZN9anachrome7planterD1Ev
 108              		.thumb_set _ZN9anachrome7planterD1Ev,_ZN9anachrome7planterD2Ev
 109 0002 00BF     		.section	.text._ZN9anachrome7planter4InitEv,"axG",%progbits,_ZN9anachrome7planter4InitEv,comdat
 110              		.align	1
 111              		.p2align 2,,3
 112              		.weak	_ZN9anachrome7planter4InitEv
 113              		.syntax unified
 114              		.thumb
 115              		.thumb_func
 116              		.fpu fpv5-d16
 118              	_ZN9anachrome7planter4InitEv:
 119              	.LVL1:
 120              	.LFB4899:
  55:../../Planter/planter.h **** 
  56:../../Planter/planter.h **** 
  57:../../Planter/planter.h ****         void Init() {
 121              		.loc 1 57 14 is_stmt 1 view -0
 122              		.cfi_startproc
 123              		@ args = 0, pretend = 0, frame = 0
 124              		@ frame_needed = 0, uses_anonymous_args = 0
  58:../../Planter/planter.h ****         // Initialize the hardware.
  59:../../Planter/planter.h ****         patch.Init();
 125              		.loc 1 59 9 view .LVU26
  57:../../Planter/planter.h ****         // Initialize the hardware.
 126              		.loc 1 57 14 is_stmt 0 view .LVU27
 127 0000 30B5     		push	{r4, r5, lr}
 128              		.cfi_def_cfa_offset 12
 129              		.cfi_offset 4, -12
 130              		.cfi_offset 5, -8
 131              		.cfi_offset 14, -4
 132              		.loc 1 59 19 view .LVU28
 133 0002 00F1B805 		add	r5, r0, #184
  57:../../Planter/planter.h ****         // Initialize the hardware.
 134              		.loc 1 57 14 view .LVU29
 135 0006 0446     		mov	r4, r0
 136 0008 83B0     		sub	sp, sp, #12
 137              		.cfi_def_cfa_offset 24
 138              		.loc 1 59 19 view .LVU30
 139 000a 2846     		mov	r0, r5
 140              	.LVL2:
ARM GAS  C:\Users\isaia\AppData\Local\Temp\ccAwOTrI.s 			page 13


 141              		.loc 1 59 19 view .LVU31
 142 000c FFF7FEFF 		bl	_ZN5daisy8patch_sm12DaisyPatchSM4InitEv
 143              	.LVL3:
  60:../../Planter/planter.h ****         
  61:../../Planter/planter.h ****         InitLeds();
 144              		.loc 1 61 9 is_stmt 1 view .LVU32
 145              		.loc 1 61 17 is_stmt 0 view .LVU33
 146 0010 2046     		mov	r0, r4
 147 0012 FFF7FEFF 		bl	_ZN9anachrome7planter8InitLedsEv
 148              	.LVL4:
  62:../../Planter/planter.h ****         button.Init(daisy::patch_sm::DaisyPatchSM::B7, patch.AudioCallbackRate());
 149              		.loc 1 62 9 is_stmt 1 view .LVU34
 150              		.loc 1 62 20 is_stmt 0 view .LVU35
 151 0016 2846     		mov	r0, r5
 152 0018 FFF7FEFF 		bl	_ZN5daisy8patch_sm12DaisyPatchSM17AudioCallbackRateEv
 153              	.LVL5:
 154 001c 254B     		ldr	r3, .L5
 155 001e 04F12800 		add	r0, r4, #40
 156 0022 1A78     		ldrb	r2, [r3]	@ zero_extendqisi2
 157 0024 5978     		ldrb	r1, [r3, #1]	@ zero_extendqisi2
 158 0026 42EA0121 		orr	r1, r2, r1, lsl #8
 159 002a FFF7FEFF 		bl	_ZN5daisy6Switch4InitENS_3PinEf
 160              	.LVL6:
  63:../../Planter/planter.h ****         toggle1.Init(daisy::patch_sm::DaisyPatchSM::B8, patch.AudioCallbackRate());
 161              		.loc 1 63 9 is_stmt 1 view .LVU36
 162              		.loc 1 63 21 is_stmt 0 view .LVU37
 163 002e 2846     		mov	r0, r5
 164 0030 FFF7FEFF 		bl	_ZN5daisy8patch_sm12DaisyPatchSM17AudioCallbackRateEv
 165              	.LVL7:
 166 0034 204B     		ldr	r3, .L5+4
 167 0036 04F14C00 		add	r0, r4, #76
 168 003a 1A78     		ldrb	r2, [r3]	@ zero_extendqisi2
 169 003c 5978     		ldrb	r1, [r3, #1]	@ zero_extendqisi2
 170 003e 42EA0121 		orr	r1, r2, r1, lsl #8
 171 0042 FFF7FEFF 		bl	_ZN5daisy6Switch4InitENS_3PinEf
 172              	.LVL8:
  64:../../Planter/planter.h ****         toggle2.Init(daisy::patch_sm::DaisyPatchSM::D1, patch.AudioCallbackRate());
 173              		.loc 1 64 9 is_stmt 1 view .LVU38
 174              		.loc 1 64 21 is_stmt 0 view .LVU39
 175 0046 2846     		mov	r0, r5
 176 0048 FFF7FEFF 		bl	_ZN5daisy8patch_sm12DaisyPatchSM17AudioCallbackRateEv
 177              	.LVL9:
 178 004c 1B4B     		ldr	r3, .L5+8
 179 004e 04F17000 		add	r0, r4, #112
 180 0052 1A78     		ldrb	r2, [r3]	@ zero_extendqisi2
 181 0054 5978     		ldrb	r1, [r3, #1]	@ zero_extendqisi2
 182 0056 42EA0121 		orr	r1, r2, r1, lsl #8
 183 005a FFF7FEFF 		bl	_ZN5daisy6Switch4InitENS_3PinEf
 184              	.LVL10:
  65:../../Planter/planter.h ****         toggle3.Init(daisy::patch_sm::DaisyPatchSM::D10, patch.AudioCallbackRate());    
 185              		.loc 1 65 9 is_stmt 1 view .LVU40
 186              		.loc 1 65 21 is_stmt 0 view .LVU41
 187 005e 2846     		mov	r0, r5
 188 0060 FFF7FEFF 		bl	_ZN5daisy8patch_sm12DaisyPatchSM17AudioCallbackRateEv
 189              	.LVL11:
 190 0064 164B     		ldr	r3, .L5+12
 191 0066 04F19400 		add	r0, r4, #148
ARM GAS  C:\Users\isaia\AppData\Local\Temp\ccAwOTrI.s 			page 14


 192 006a 1A78     		ldrb	r2, [r3]	@ zero_extendqisi2
 193 006c 5978     		ldrb	r1, [r3, #1]	@ zero_extendqisi2
 194 006e 42EA0121 		orr	r1, r2, r1, lsl #8
 195 0072 FFF7FEFF 		bl	_ZN5daisy6Switch4InitENS_3PinEf
 196              	.LVL12:
  66:../../Planter/planter.h ****         
  67:../../Planter/planter.h ****         // InitSwitches();
  68:../../Planter/planter.h ****         // InitAnalogControls();
  69:../../Planter/planter.h ****         patch.SetAudioBlockSize(48);
 197              		.loc 1 69 9 is_stmt 1 view .LVU42
 198              		.loc 1 69 32 is_stmt 0 view .LVU43
 199 0076 2846     		mov	r0, r5
 200 0078 3021     		movs	r1, #48
  70:../../Planter/planter.h **** 
  71:../../Planter/planter.h ****         /** Init Gate Outputs */
  72:../../Planter/planter.h ****         patch.gate_out_1.Init(patch.B5, GPIO::Mode::OUTPUT);
 201              		.loc 1 72 30 view .LVU44
 202 007a 0025     		movs	r5, #0
  69:../../Planter/planter.h **** 
 203              		.loc 1 69 32 view .LVU45
 204 007c FFF7FEFF 		bl	_ZN5daisy8patch_sm12DaisyPatchSM17SetAudioBlockSizeEj
 205              	.LVL13:
 206              		.loc 1 72 9 is_stmt 1 view .LVU46
 207              		.loc 1 72 30 is_stmt 0 view .LVU47
 208 0080 104B     		ldr	r3, .L5+16
 209 0082 0095     		str	r5, [sp]
 210 0084 04F52A70 		add	r0, r4, #680
 211 0088 1A78     		ldrb	r2, [r3]	@ zero_extendqisi2
 212 008a 5978     		ldrb	r1, [r3, #1]	@ zero_extendqisi2
 213 008c 2B46     		mov	r3, r5
 214 008e 42EA0121 		orr	r1, r2, r1, lsl #8
 215 0092 0122     		movs	r2, #1
 216 0094 FFF7FEFF 		bl	_ZN5daisy4GPIO4InitENS_3PinENS0_4ModeENS0_4PullENS0_5SpeedE
 217              	.LVL14:
  73:../../Planter/planter.h ****         patch.gate_out_2.Init(patch.B6, GPIO::Mode::OUTPUT);
 218              		.loc 1 73 9 is_stmt 1 view .LVU48
 219              		.loc 1 73 30 is_stmt 0 view .LVU49
 220 0098 0B4B     		ldr	r3, .L5+20
 221 009a 0095     		str	r5, [sp]
 222 009c 04F52F70 		add	r0, r4, #700
 223 00a0 1A78     		ldrb	r2, [r3]	@ zero_extendqisi2
 224 00a2 5978     		ldrb	r1, [r3, #1]	@ zero_extendqisi2
 225 00a4 2B46     		mov	r3, r5
 226 00a6 42EA0121 		orr	r1, r2, r1, lsl #8
 227 00aa 0122     		movs	r2, #1
 228 00ac FFF7FEFF 		bl	_ZN5daisy4GPIO4InitENS_3PinENS0_4ModeENS0_4PullENS0_5SpeedE
 229              	.LVL15:
  74:../../Planter/planter.h ****         }
 230              		.loc 1 74 9 view .LVU50
 231 00b0 03B0     		add	sp, sp, #12
 232              		.cfi_def_cfa_offset 12
 233              		@ sp needed
 234 00b2 30BD     		pop	{r4, r5, pc}
 235              	.LVL16:
 236              	.L6:
 237              		.loc 1 74 9 view .LVU51
 238              		.align	2
ARM GAS  C:\Users\isaia\AppData\Local\Temp\ccAwOTrI.s 			page 15


 239              	.L5:
 240 00b4 00000000 		.word	_ZN5daisy8patch_sm12DaisyPatchSM2B7E
 241 00b8 00000000 		.word	_ZN5daisy8patch_sm12DaisyPatchSM2B8E
 242 00bc 00000000 		.word	_ZN5daisy8patch_sm12DaisyPatchSM2D1E
 243 00c0 00000000 		.word	_ZN5daisy8patch_sm12DaisyPatchSM3D10E
 244 00c4 00000000 		.word	_ZN5daisy8patch_sm12DaisyPatchSM2B5E
 245 00c8 00000000 		.word	_ZN5daisy8patch_sm12DaisyPatchSM2B6E
 246              		.cfi_endproc
 247              	.LFE4899:
 249              		.section	.text._ZN16StiffStringVoice4InitEffffffffffffff,"axG",%progbits,_ZN16StiffStringVoice4Ini
 250              		.align	1
 251              		.p2align 2,,3
 252              		.weak	_ZN16StiffStringVoice4InitEffffffffffffff
 253              		.syntax unified
 254              		.thumb
 255              		.thumb_func
 256              		.fpu fpv5-d16
 258              	_ZN16StiffStringVoice4InitEffffffffffffff:
 259              	.LVL17:
 260              	.LFB4904:
 261              		.file 10 "PhysmodBar.cpp"
   1:PhysmodBar.cpp **** /**
   2:PhysmodBar.cpp ****  * PhysmodBar.cpp — Physical model of a stiff string / bar for the Anachrome Electronics Planter.
   3:PhysmodBar.cpp ****  *
   4:PhysmodBar.cpp ****  * Ported from Stefan Bilbao, Numerical Sound Synthesis, 2009 Stiff String code example (MATLAB),
   5:PhysmodBar.cpp ****  * with modifications for real-time control and performance, 
   6:PhysmodBar.cpp ****  * including polyphonic voice allocation for multiple simultaneous strikes.
   7:PhysmodBar.cpp ****  *
   8:PhysmodBar.cpp ****  * Trigger sources: Planter button (rising edge) or Gate In 1.
   9:PhysmodBar.cpp ****  * Knob map (values captured at the instant of each trigger):
  10:PhysmodBar.cpp ****  *   KNOB 1 – Pitch             (MIDI note 24–96, C1–C7)
  11:PhysmodBar.cpp ****  *   KNOB 2 – Strike Width      (0.1–1.0)
  12:PhysmodBar.cpp ****  *   KNOB 3 – Strike/Pluck blend (0=pure strike, 1=pure pluck)
  13:PhysmodBar.cpp ****  *   KNOB 4 – Decay             (T60 base 0.5–10 s)
  14:PhysmodBar.cpp ****  *   KNOB 5 – Fine tune         (-1 to +1 semitone)
  15:PhysmodBar.cpp ****  *   KNOB 6 – Brightness        (high-freq T60 ratio, 0.1–1.0)
  16:PhysmodBar.cpp ****  *
  17:PhysmodBar.cpp ****  * Toggle 1: Excitation position (up = 0.4, down = 0.05 along the bar)
  18:PhysmodBar.cpp ****  *
  19:PhysmodBar.cpp ****  * CV In 1 is read at trigger time and added as 1 V/oct pitch offset.
  20:PhysmodBar.cpp ****  *
  21:PhysmodBar.cpp ****  * LED 1 flashes on each new strike; LED 2 indicates voice activity.
  22:PhysmodBar.cpp ****  *
  23:PhysmodBar.cpp ****  * Stereo output uses two readout positions (0.30 / 0.70) to create stereo image from single strike
  24:PhysmodBar.cpp ****  */
  25:PhysmodBar.cpp **** 
  26:PhysmodBar.cpp **** #include "daisy_patch_sm.h"
  27:PhysmodBar.cpp **** #include "daisysp.h"
  28:PhysmodBar.cpp **** #include "planter.h"
  29:PhysmodBar.cpp **** #include <cmath>
  30:PhysmodBar.cpp **** #include <cstring>
  31:PhysmodBar.cpp **** 
  32:PhysmodBar.cpp **** using namespace daisy;
  33:PhysmodBar.cpp **** using namespace patch_sm;
  34:PhysmodBar.cpp **** using namespace daisysp;
  35:PhysmodBar.cpp **** using namespace anachrome;
  36:PhysmodBar.cpp **** 
ARM GAS  C:\Users\isaia\AppData\Local\Temp\ccAwOTrI.s 			page 16


  37:PhysmodBar.cpp **** /* ====================================================================
  38:PhysmodBar.cpp ****  *  Compile-time configuration
  39:PhysmodBar.cpp ****  * ==================================================================== */
  40:PhysmodBar.cpp **** static constexpr int   MAX_N       = 24;     // max spatial grid segments
  41:PhysmodBar.cpp **** static constexpr int   MAX_VOICES  = 4;       // max simultaneous strikes
  42:PhysmodBar.cpp **** static constexpr float MAX_TF      = 10.0f;   // max strike duration (s)
  43:PhysmodBar.cpp **** static constexpr float SILENCE_THR = 1e-7f;   // voice deactivation threshold
  44:PhysmodBar.cpp **** static constexpr int   ATTACK_SAMPS = 48;      // ~1 ms attack ramp at 48 kHz
  45:PhysmodBar.cpp **** static constexpr float OUTPUT_GAIN = 300.0f; // readout-to-audio scaling
  46:PhysmodBar.cpp **** // PI_F is already defined as a macro in DaisySP/Source/Utility/dsp.h
  47:PhysmodBar.cpp **** static constexpr float STEAL_DECAY = 0.99f;   // voice-steal fade ~2 ms at 48 kHz
  48:PhysmodBar.cpp **** 
  49:PhysmodBar.cpp **** /* Shared temp buffer - reused serially by each voice inside the callback */
  50:PhysmodBar.cpp **** static float tmp_rhs[MAX_N];
  51:PhysmodBar.cpp **** 
  52:PhysmodBar.cpp **** /* ====================================================================
  53:PhysmodBar.cpp ****  *  StiffStringVoice – one concurrent finite-difference strike
  54:PhysmodBar.cpp ****  *
  55:PhysmodBar.cpp ****  *  Implements an implicit FD scheme for the stiff string equation
  56:PhysmodBar.cpp ****  *  with clamped boundary conditions and two-parameter frequency-
  57:PhysmodBar.cpp ****  *  dependent loss.  All matrices are banded (tri- or penta-diagonal)
  58:PhysmodBar.cpp ****  *  and stored as scalar coefficients.  The tridiagonal solve uses a
  59:PhysmodBar.cpp ****  *  pre-factored Thomas algorithm (O(N) per sample).
  60:PhysmodBar.cpp ****  * ==================================================================== */
  61:PhysmodBar.cpp **** struct StiffStringVoice
  62:PhysmodBar.cpp **** {
  63:PhysmodBar.cpp ****     /* --- state --- */
  64:PhysmodBar.cpp ****     bool active     = false;
  65:PhysmodBar.cpp ****     int  N          = 0;      // grid segments
  66:PhysmodBar.cpp ****     int  n_int      = 0;      // interior points = N-1
  67:PhysmodBar.cpp ****     int  NF         = 0;      // max samples for this strike
  68:PhysmodBar.cpp ****     int  sample_idx = 0;
  69:PhysmodBar.cpp **** 
  70:PhysmodBar.cpp ****     /* Grid displacement (interior points only; boundaries = 0) */
  71:PhysmodBar.cpp ****     float u [MAX_N];          // current step
  72:PhysmodBar.cpp ****     float u1[MAX_N];          // previous step
  73:PhysmodBar.cpp ****     float u2[MAX_N];          // two steps back
  74:PhysmodBar.cpp **** 
  75:PhysmodBar.cpp ****     /* Pre-factored Thomas coefficients for tridiagonal A */
  76:PhysmodBar.cpp ****     float th_c   [MAX_N];    // modified super-diagonal
  77:PhysmodBar.cpp ****     float th_invm[MAX_N];    // 1 / modified main diagonal
  78:PhysmodBar.cpp ****     float A_off;              // off-diagonal value of A (symmetric)
  79:PhysmodBar.cpp **** 
  80:PhysmodBar.cpp ****     /* Tridiagonal C (loss complement) */
  81:PhysmodBar.cpp ****     float C_main, C_off;
  82:PhysmodBar.cpp **** 
  83:PhysmodBar.cpp ****     /* Pentadiagonal B (wave + stiffness) */
  84:PhysmodBar.cpp ****     float B_main, B_off1, B_off2;
  85:PhysmodBar.cpp **** 
  86:PhysmodBar.cpp ****     /* Stereo readout interpolation */
  87:PhysmodBar.cpp ****     int   rp_idx [2];
  88:PhysmodBar.cpp ****     float rp_frac[2];
  89:PhysmodBar.cpp **** 
  90:PhysmodBar.cpp ****     /* Attack ramp: eliminates click from pluck initial-condition discontinuity */
  91:PhysmodBar.cpp ****     float attack_env = 0.0f;
  92:PhysmodBar.cpp ****     float attack_inc = 0.0f;
  93:PhysmodBar.cpp **** 
ARM GAS  C:\Users\isaia\AppData\Local\Temp\ccAwOTrI.s 			page 17


  94:PhysmodBar.cpp ****     /* Voice-steal fade (applied externally in audio callback, not in Process) */
  95:PhysmodBar.cpp ****     float steal_env  = 1.0f;
  96:PhysmodBar.cpp ****     bool  fading_out = false;
  97:PhysmodBar.cpp ****     struct PendingParams {
  98:PhysmodBar.cpp ****         float SR, B_param, f0, TF, ctr, wid, u0, v0;
  99:PhysmodBar.cpp ****         float loss_f1, loss_t1, loss_f2, loss_t2, rp1, rp2;
 100:PhysmodBar.cpp ****     };
 101:PhysmodBar.cpp ****     PendingParams pending;
 102:PhysmodBar.cpp **** 
 103:PhysmodBar.cpp ****     void BeginFadeOut(float SR_, float B_, float f0_, float TF_,
 104:PhysmodBar.cpp ****                       float ctr_, float wid_, float u0_, float v0_,
 105:PhysmodBar.cpp ****                       float lf1_, float lt1_, float lf2_, float lt2_,
 106:PhysmodBar.cpp ****                       float rp1_, float rp2_)
 107:PhysmodBar.cpp ****     {
 108:PhysmodBar.cpp ****         pending = {SR_, B_, f0_, TF_, ctr_, wid_, u0_, v0_,
 109:PhysmodBar.cpp ****                    lf1_, lt1_, lf2_, lt2_, rp1_, rp2_};
 110:PhysmodBar.cpp ****         fading_out = true;
 111:PhysmodBar.cpp ****         // Don't reset steal_env — let an in-progress fade continue
 112:PhysmodBar.cpp ****     }
 113:PhysmodBar.cpp **** 
 114:PhysmodBar.cpp ****     /* ---------------------------------------------------------------
 115:PhysmodBar.cpp ****      *  Init – compute coefficients & initial conditions from params
 116:PhysmodBar.cpp ****      * ------------------------------------------------------------- */
 117:PhysmodBar.cpp ****     void Init(float SR,
 262              		.loc 10 117 10 is_stmt 1 view -0
 263              		.cfi_startproc
 264              		@ args = 0, pretend = 0, frame = 40
 265              		@ frame_needed = 0, uses_anonymous_args = 0
 118:PhysmodBar.cpp ****               float B_param,   // inharmonicity (>0)
 119:PhysmodBar.cpp ****               float f0,        // fundamental (Hz)
 120:PhysmodBar.cpp ****               float TF,        // max duration (s)
 121:PhysmodBar.cpp ****               float ctr,       // excitation centre (0-1)
 122:PhysmodBar.cpp ****               float wid,       // excitation width  (0-1)
 123:PhysmodBar.cpp ****               float u0,        // initial displacement amplitude
 124:PhysmodBar.cpp ****               float v0,        // initial velocity amplitude
 125:PhysmodBar.cpp ****               float loss_f1, float loss_t1,  // low-freq loss
 126:PhysmodBar.cpp ****               float loss_f2, float loss_t2,  // high-freq loss
 127:PhysmodBar.cpp ****               float rp1,     float rp2)      // readout positions
 128:PhysmodBar.cpp ****     {
 129:PhysmodBar.cpp ****         const float k   = 1.0f / SR;
 266              		.loc 10 129 9 view .LVU53
 130:PhysmodBar.cpp ****         NF              = static_cast<int>(SR * TF);
 267              		.loc 10 130 47 is_stmt 0 view .LVU54
 268 0000 60EE211A 		vmul.f32	s3, s0, s3
 269              	.LVL18:
 270              		.loc 10 130 47 view .LVU55
 271 0004 F5EE400A 		vcmp.f32	s1, #0
 129:PhysmodBar.cpp ****         NF              = static_cast<int>(SR * TF);
 272              		.loc 10 129 21 view .LVU56
 273 0008 F7EE007A 		vmov.f32	s15, #1.0e+0
 274              		.loc 10 130 27 view .LVU57
 275 000c FDEEE11A 		vcvt.s32.f32	s3, s3
 276 0010 F1EE10FA 		vmrs	APSR_nzcv, FPSCR
 117:PhysmodBar.cpp ****               float B_param,   // inharmonicity (>0)
 277              		.loc 10 117 10 view .LVU58
 278 0014 F0B5     		push	{r4, r5, r6, r7, lr}
 279              		.cfi_def_cfa_offset 20
ARM GAS  C:\Users\isaia\AppData\Local\Temp\ccAwOTrI.s 			page 18


 280              		.cfi_offset 4, -20
 281              		.cfi_offset 5, -16
 282              		.cfi_offset 6, -12
 283              		.cfi_offset 7, -8
 284              		.cfi_offset 14, -4
 285 0016 0546     		mov	r5, r0
 286 0018 2DED0E8B 		vpush.64	{d8, d9, d10, d11, d12, d13, d14}
 287              		.cfi_def_cfa_offset 76
 288              		.cfi_offset 80, -76
 289              		.cfi_offset 81, -72
 290              		.cfi_offset 82, -68
 291              		.cfi_offset 83, -64
 292              		.cfi_offset 84, -60
 293              		.cfi_offset 85, -56
 294              		.cfi_offset 86, -52
 295              		.cfi_offset 87, -48
 296              		.cfi_offset 88, -44
 297              		.cfi_offset 89, -40
 298              		.cfi_offset 90, -36
 299              		.cfi_offset 91, -32
 300              		.cfi_offset 92, -28
 301              		.cfi_offset 93, -24
 129:PhysmodBar.cpp ****         NF              = static_cast<int>(SR * TF);
 302              		.loc 10 129 21 view .LVU59
 303 001c 87EE80BA 		vdiv.f32	s22, s15, s0
 304              	.LVL19:
 305              		.loc 10 130 9 is_stmt 1 view .LVU60
 117:PhysmodBar.cpp ****               float B_param,   // inharmonicity (>0)
 306              		.loc 10 117 10 is_stmt 0 view .LVU61
 307 0020 8BB0     		sub	sp, sp, #44
 308              		.cfi_def_cfa_offset 120
 309              		.loc 10 130 27 view .LVU62
 310 0022 C0ED031A 		vstr.32	s3, [r0, #12]	@ int
 131:PhysmodBar.cpp ****         const float gam = 2.0f * f0;
 311              		.loc 10 131 9 is_stmt 1 view .LVU63
 312              		.loc 10 131 21 is_stmt 0 view .LVU64
 313 0026 31EE01CA 		vadd.f32	s24, s2, s2
 314              	.LVL20:
 132:PhysmodBar.cpp ****         const float Kv  = sqrtf(B_param) * gam / PI_F;
 315              		.loc 10 132 9 is_stmt 1 view .LVU65
 117:PhysmodBar.cpp ****               float B_param,   // inharmonicity (>0)
 316              		.loc 10 117 10 is_stmt 0 view .LVU66
 317 002a F0EE628A 		vmov.f32	s17, s5
 318 002e B0EE43AA 		vmov.f32	s20, s6
 319 0032 00F16B82 		bmi	.L57
 320              		.loc 10 132 32 view .LVU67
 321 0036 B1EEE00A 		vsqrt.f32	s0, s1
 322              	.LVL21:
 323              	.L10:
 324              		.loc 10 132 50 view .LVU68
 325 003a DFEDE07A 		vldr.32	s15, .L68
 326 003e B5EE401A 		vcmp.f32	s2, #0
 327              		.loc 10 132 42 view .LVU69
 328 0042 2CEE000A 		vmul.f32	s0, s24, s0
 329 0046 F1EE10FA 		vmrs	APSR_nzcv, FPSCR
 330              		.loc 10 132 50 view .LVU70
 331 004a C0EE279A 		vdiv.f32	s19, s0, s15
ARM GAS  C:\Users\isaia\AppData\Local\Temp\ccAwOTrI.s 			page 19


 332              	.LVL22:
 133:PhysmodBar.cpp **** 
 134:PhysmodBar.cpp ****         /* Implicit-scheme free parameter (from MATLAB: theta = f0^1.25/1000+0.6) */
 135:PhysmodBar.cpp ****         const float theta = f0 * sqrtf(sqrtf(f0)) / 1000.0f + 0.6f;
 333              		.loc 10 135 9 is_stmt 1 view .LVU71
 334 004e 00F13482 		bmi	.L58
 335              		.loc 10 135 39 is_stmt 0 view .LVU72
 336 0052 B1EEC10A 		vsqrt.f32	s0, s2
 337              	.L13:
 338 0056 B5EE400A 		vcmp.f32	s0, #0
 339 005a F1EE10FA 		vmrs	APSR_nzcv, FPSCR
 340 005e 00F10382 		bmi	.L59
 341 0062 F1EEC07A 		vsqrt.f32	s15, s0
 342              	.L16:
 343              		.loc 10 135 51 view .LVU73
 344 0066 9FEDD67A 		vldr.32	s14, .L68+4
 345              		.loc 10 135 32 view .LVU74
 346 006a 21EE271A 		vmul.f32	s2, s2, s15
 347              		.loc 10 135 63 view .LVU75
 348 006e DFEDD57A 		vldr.32	s15, .L68+8
 136:PhysmodBar.cpp **** 
 137:PhysmodBar.cpp ****         /* ---- Stability condition → grid spacing h ---- */
 138:PhysmodBar.cpp ****         const float g2k2      = gam * gam * k * k;
 139:PhysmodBar.cpp ****         const float two_th_m1 = 2.0f * theta - 1.0f;
 140:PhysmodBar.cpp ****         float h = sqrtf((g2k2
 141:PhysmodBar.cpp ****                          + sqrtf(g2k2 * g2k2
 142:PhysmodBar.cpp ****                                  + 16.0f * Kv * Kv * k * k * two_th_m1))
 349              		.loc 10 142 42 view .LVU76
 350 0072 B3EE000A 		vmov.f32	s0, #1.6e+1
 138:PhysmodBar.cpp ****         const float two_th_m1 = 2.0f * theta - 1.0f;
 351              		.loc 10 138 37 view .LVU77
 352 0076 6CEE0CCA 		vmul.f32	s25, s24, s24
 135:PhysmodBar.cpp **** 
 353              		.loc 10 135 51 view .LVU78
 354 007a 81EE078A 		vdiv.f32	s16, s2, s14
 355              		.loc 10 142 42 view .LVU79
 356 007e 29EE800A 		vmul.f32	s0, s19, s0
 139:PhysmodBar.cpp ****         float h = sqrtf((g2k2
 357              		.loc 10 139 21 view .LVU80
 358 0082 B7EE009A 		vmov.f32	s18, #1.0e+0
 138:PhysmodBar.cpp ****         const float two_th_m1 = 2.0f * theta - 1.0f;
 359              		.loc 10 138 43 view .LVU81
 360 0086 6CEE8BAA 		vmul.f32	s21, s25, s22
 361              		.loc 10 142 47 view .LVU82
 362 008a 20EE290A 		vmul.f32	s0, s0, s19
 138:PhysmodBar.cpp ****         const float two_th_m1 = 2.0f * theta - 1.0f;
 363              		.loc 10 138 21 view .LVU83
 364 008e 6AEE8BAA 		vmul.f32	s21, s21, s22
 365              		.loc 10 142 52 view .LVU84
 366 0092 20EE0B0A 		vmul.f32	s0, s0, s22
 367              		.loc 10 142 56 view .LVU85
 368 0096 20EE0B0A 		vmul.f32	s0, s0, s22
 135:PhysmodBar.cpp **** 
 369              		.loc 10 135 63 view .LVU86
 370 009a 38EE278A 		vadd.f32	s16, s16, s15
 371              	.LVL23:
 138:PhysmodBar.cpp ****         const float two_th_m1 = 2.0f * theta - 1.0f;
ARM GAS  C:\Users\isaia\AppData\Local\Temp\ccAwOTrI.s 			page 20


 372              		.loc 10 138 9 is_stmt 1 view .LVU87
 139:PhysmodBar.cpp ****         float h = sqrtf((g2k2
 373              		.loc 10 139 9 view .LVU88
 139:PhysmodBar.cpp ****         float h = sqrtf((g2k2
 374              		.loc 10 139 38 is_stmt 0 view .LVU89
 375 009e 78EE08BA 		vadd.f32	s23, s16, s16
 139:PhysmodBar.cpp ****         float h = sqrtf((g2k2
 376              		.loc 10 139 21 view .LVU90
 377 00a2 3BEEC99A 		vsub.f32	s18, s23, s18
 378              	.LVL24:
 140:PhysmodBar.cpp ****                          + sqrtf(g2k2 * g2k2
 379              		.loc 10 140 9 is_stmt 1 view .LVU91
 380              		.loc 10 142 60 is_stmt 0 view .LVU92
 381 00a6 20EE090A 		vmul.f32	s0, s0, s18
 141:PhysmodBar.cpp ****                                  + 16.0f * Kv * Kv * k * k * two_th_m1))
 382              		.loc 10 141 33 view .LVU93
 383 00aa AAEEAA0A 		vfma.f32	s0, s21, s21
 384 00ae B5EE400A 		vcmp.f32	s0, #0
 385 00b2 F1EE10FA 		vmrs	APSR_nzcv, FPSCR
 386 00b6 00F1B281 		bmi	.L60
 387 00ba F1EEC07A 		vsqrt.f32	s15, s0
 388              	.L19:
 141:PhysmodBar.cpp ****                                  + 16.0f * Kv * Kv * k * k * two_th_m1))
 389              		.loc 10 141 26 view .LVU94
 390 00be 77EEAAAA 		vadd.f32	s21, s15, s21
 391              	.LVL25:
 143:PhysmodBar.cpp ****                         / (2.0f * two_th_m1));
 392              		.loc 10 143 33 view .LVU95
 393 00c2 39EE099A 		vadd.f32	s18, s18, s18
 394              	.LVL26:
 140:PhysmodBar.cpp ****                          + sqrtf(g2k2 * g2k2
 395              		.loc 10 140 24 view .LVU96
 396 00c6 8AEE890A 		vdiv.f32	s0, s21, s18
 397 00ca B5EE400A 		vcmp.f32	s0, #0
 398 00ce F1EE10FA 		vmrs	APSR_nzcv, FPSCR
 399 00d2 00F16582 		bmi	.L61
 400 00d6 B1EEC07A 		vsqrt.f32	s14, s0
 401              	.L22:
 144:PhysmodBar.cpp ****         N = static_cast<int>(1.0f / h);
 402              		.loc 10 144 9 is_stmt 1 view .LVU97
 403              		.loc 10 144 35 is_stmt 0 view .LVU98
 404 00da B7EE003A 		vmov.f32	s6, #1.0e+0
 405              	.LVL27:
 406              		.loc 10 144 35 view .LVU99
 407 00de C3EE077A 		vdiv.f32	s15, s6, s14
 408              		.loc 10 144 13 view .LVU100
 409 00e2 FDEEE77A 		vcvt.s32.f32	s15, s15
 410 00e6 17EE903A 		vmov	r3, s15	@ int
 145:PhysmodBar.cpp ****         if(N < 4)     N = 4;
 411              		.loc 10 145 9 is_stmt 1 view .LVU101
 412 00ea 032B     		cmp	r3, #3
 413 00ec 00F35881 		bgt	.L23
 414              		.loc 10 145 23 discriminator 1 view .LVU102
 415              		.loc 10 145 25 is_stmt 0 discriminator 1 view .LVU103
 416 00f0 F5EE00AA 		vmov.f32	s21, #2.5e-1
 417 00f4 0423     		movs	r3, #4
 418 00f6 0322     		movs	r2, #3
ARM GAS  C:\Users\isaia\AppData\Local\Temp\ccAwOTrI.s 			page 21


 419 00f8 DFEDB3DA 		vldr.32	s27, .L68+12
 420 00fc 6B60     		str	r3, [r5, #4]
 146:PhysmodBar.cpp ****         if(N > MAX_N) N = MAX_N;
 421              		.loc 10 146 9 is_stmt 1 discriminator 1 view .LVU104
 422              	.L24:
 147:PhysmodBar.cpp ****         h     = 1.0f / static_cast<float>(N);
 423              		.loc 10 147 9 view .LVU105
 424              	.LVL28:
 148:PhysmodBar.cpp ****         n_int = N - 1;
 425              		.loc 10 148 9 view .LVU106
 149:PhysmodBar.cpp **** 
 150:PhysmodBar.cpp ****         const float mu     = Kv * k / (h * h);
 151:PhysmodBar.cpp ****         const float lambda = gam * k / h;
 426              		.loc 10 151 34 is_stmt 0 view .LVU107
 427 00fe 2BEE0CCA 		vmul.f32	s24, s22, s24
 428              	.LVL29:
 152:PhysmodBar.cpp **** 
 153:PhysmodBar.cpp ****         /* ---- Loss parameters (two-parameter freq-dependent) ---- */
 154:PhysmodBar.cpp ****         const float K2 = Kv * Kv;
 155:PhysmodBar.cpp ****         const float g2 = gam * gam;
 156:PhysmodBar.cpp ****         const float g4 = g2 * g2;
 157:PhysmodBar.cpp ****         const float w1 = 2.0f * PI_F * loss_f1;
 429              		.loc 10 157 21 view .LVU108
 430 0102 DFEDB27A 		vldr.32	s15, .L68+16
 150:PhysmodBar.cpp ****         const float lambda = gam * k / h;
 431              		.loc 10 150 33 view .LVU109
 432 0106 2BEE297A 		vmul.f32	s14, s22, s19
 148:PhysmodBar.cpp **** 
 433              		.loc 10 148 15 view .LVU110
 434 010a AA60     		str	r2, [r5, #8]
 150:PhysmodBar.cpp ****         const float lambda = gam * k / h;
 435              		.loc 10 150 9 is_stmt 1 view .LVU111
 436              		.loc 10 157 21 is_stmt 0 view .LVU112
 437 010c 24EE274A 		vmul.f32	s8, s8, s15
 151:PhysmodBar.cpp **** 
 438              		.loc 10 151 21 view .LVU113
 439 0110 8CEE2ADA 		vdiv.f32	s26, s24, s21
 154:PhysmodBar.cpp ****         const float g2 = gam * gam;
 440              		.loc 10 154 21 view .LVU114
 441 0114 29EEA9CA 		vmul.f32	s24, s19, s19
 158:PhysmodBar.cpp ****         const float w2 = 2.0f * PI_F * loss_f2;
 159:PhysmodBar.cpp **** 
 160:PhysmodBar.cpp ****         const float zeta1 = (-g2 + sqrtf(g4 + 4.0f * K2 * w1 * w1))
 442              		.loc 10 160 52 view .LVU115
 443 0118 F1EE009A 		vmov.f32	s19, #4.0e+0
 444              	.LVL30:
 156:PhysmodBar.cpp ****         const float w1 = 2.0f * PI_F * loss_f1;
 445              		.loc 10 156 21 view .LVU116
 446 011c 2CEEACEA 		vmul.f32	s28, s25, s25
 158:PhysmodBar.cpp ****         const float w2 = 2.0f * PI_F * loss_f2;
 447              		.loc 10 158 21 view .LVU117
 448 0120 25EE275A 		vmul.f32	s10, s10, s15
 449              		.loc 10 160 52 view .LVU118
 450 0124 6CEE299A 		vmul.f32	s19, s24, s19
 451              		.loc 10 160 41 view .LVU119
 452 0128 B0EE4E0A 		vmov.f32	s0, s28
 150:PhysmodBar.cpp ****         const float lambda = gam * k / h;
ARM GAS  C:\Users\isaia\AppData\Local\Temp\ccAwOTrI.s 			page 22


 453              		.loc 10 150 21 view .LVU120
 454 012c 87EE2D9A 		vdiv.f32	s18, s14, s27
 455              	.LVL31:
 151:PhysmodBar.cpp **** 
 456              		.loc 10 151 9 is_stmt 1 view .LVU121
 154:PhysmodBar.cpp ****         const float g2 = gam * gam;
 457              		.loc 10 154 9 view .LVU122
 155:PhysmodBar.cpp ****         const float g4 = g2 * g2;
 458              		.loc 10 155 9 view .LVU123
 156:PhysmodBar.cpp ****         const float w1 = 2.0f * PI_F * loss_f1;
 459              		.loc 10 156 9 view .LVU124
 157:PhysmodBar.cpp ****         const float w2 = 2.0f * PI_F * loss_f2;
 460              		.loc 10 157 9 view .LVU125
 158:PhysmodBar.cpp **** 
 461              		.loc 10 158 9 view .LVU126
 462              		.loc 10 160 9 view .LVU127
 463              		.loc 10 160 57 is_stmt 0 view .LVU128
 464 0130 69EE847A 		vmul.f32	s15, s19, s8
 465              		.loc 10 160 41 view .LVU129
 466 0134 A7EE840A 		vfma.f32	s0, s15, s8
 467              	.LVL32:
 468              		.loc 10 160 41 view .LVU130
 469 0138 B5EE400A 		vcmp.f32	s0, #0
 470 013c F1EE10FA 		vmrs	APSR_nzcv, FPSCR
 471 0140 00F10D82 		bmi	.L62
 472 0144 F1EEC07A 		vsqrt.f32	s15, s0
 473              	.LVL33:
 474              	.L28:
 161:PhysmodBar.cpp ****                             / (2.0f * K2);
 162:PhysmodBar.cpp ****         const float zeta2 = (-g2 + sqrtf(g4 + 4.0f * K2 * w2 * w2))
 475              		.loc 10 162 57 view .LVU131
 476 0148 69EE859A 		vmul.f32	s19, s19, s10
 161:PhysmodBar.cpp ****                             / (2.0f * K2);
 477              		.loc 10 161 37 view .LVU132
 478 014c 3CEE0CCA 		vadd.f32	s24, s24, s24
 479              	.LVL34:
 160:PhysmodBar.cpp ****                             / (2.0f * K2);
 480              		.loc 10 160 34 view .LVU133
 481 0150 77EEEC7A 		vsub.f32	s15, s15, s25
 482              		.loc 10 162 41 view .LVU134
 483 0154 A9EE85EA 		vfma.f32	s28, s19, s10
 484              	.LVL35:
 161:PhysmodBar.cpp ****                             / (2.0f * K2);
 485              		.loc 10 161 41 view .LVU135
 486 0158 C7EE8C9A 		vdiv.f32	s19, s15, s24
 487              	.LVL36:
 488              		.loc 10 162 9 is_stmt 1 view .LVU136
 489 015c B5EE40EA 		vcmp.f32	s28, #0
 490 0160 F1EE10FA 		vmrs	APSR_nzcv, FPSCR
 491 0164 00F13E81 		bmi	.L63
 492              		.loc 10 162 41 is_stmt 0 view .LVU137
 493 0168 B1EECE0A 		vsqrt.f32	s0, s28
 494              	.L31:
 163:PhysmodBar.cpp ****                             / (2.0f * K2);
 164:PhysmodBar.cpp ****         const float ln10x6 = 6.0f * logf(10.0f);
 165:PhysmodBar.cpp ****         const float dz     = zeta1 - zeta2;
 166:PhysmodBar.cpp ****         const float sig0 = ln10x6
ARM GAS  C:\Users\isaia\AppData\Local\Temp\ccAwOTrI.s 			page 23


 167:PhysmodBar.cpp ****                             * (-zeta2 / loss_t1 + zeta1 / loss_t2) / dz;
 168:PhysmodBar.cpp ****         const float sig1 = ln10x6
 169:PhysmodBar.cpp ****                             * (1.0f / loss_t1 - 1.0f / loss_t2) / dz;
 495              		.loc 10 169 29 view .LVU138
 496 016c 9FED983A 		vldr.32	s6, .L68+20
 497              	.LBB243:
 170:PhysmodBar.cpp **** 
 171:PhysmodBar.cpp ****         /* ---- Matrix band coefficients ---- */
 172:PhysmodBar.cpp ****         const float h2 = h * h;
 173:PhysmodBar.cpp **** 
 174:PhysmodBar.cpp ****         /* A  (tridiagonal, implicit + loss) */
 175:PhysmodBar.cpp ****         float A_main = theta + sig1 * k / h2 + sig0 * k * 0.5f;
 176:PhysmodBar.cpp ****         A_off        = (1.0f - theta) * 0.5f - sig1 * k / (2.0f * h2);
 177:PhysmodBar.cpp **** 
 178:PhysmodBar.cpp ****         /* C  (tridiagonal, loss complement) */
 179:PhysmodBar.cpp ****         C_main = theta - sig1 * k / h2 - sig0 * k * 0.5f;
 180:PhysmodBar.cpp ****         C_off  = (1.0f - theta) * 0.5f + sig1 * k / (2.0f * h2);
 181:PhysmodBar.cpp **** 
 182:PhysmodBar.cpp ****         /* B  (pentadiagonal, wave + stiffness) */
 183:PhysmodBar.cpp ****         B_main = 2.0f * theta - 2.0f * lambda * lambda - 6.0f * mu * mu;
 184:PhysmodBar.cpp ****         B_off1 = (1.0f - theta) + lambda * lambda + 4.0f * mu * mu;
 185:PhysmodBar.cpp ****         B_off2 = -(mu * mu);
 186:PhysmodBar.cpp **** 
 187:PhysmodBar.cpp ****         /* ---- Pre-factor Thomas algorithm for A ---- */
 188:PhysmodBar.cpp ****         th_invm[0] = 1.0f / A_main;
 189:PhysmodBar.cpp ****         th_c[0]    = A_off * th_invm[0];
 190:PhysmodBar.cpp ****         for(int i = 1; i < n_int; i++)
 498              		.loc 10 190 28 view .LVU139
 499 0170 AF68     		ldr	r7, [r5, #8]
 500              		.loc 10 190 26 view .LVU140
 501 0172 012F     		cmp	r7, #1
 502              	.LBE243:
 162:PhysmodBar.cpp ****                             / (2.0f * K2);
 503              		.loc 10 162 34 view .LVU141
 504 0174 30EE6C0A 		vsub.f32	s0, s0, s25
 167:PhysmodBar.cpp ****         const float sig1 = ln10x6
 505              		.loc 10 167 57 view .LVU142
 506 0178 C9EEA57A 		vdiv.f32	s15, s19, s11
 163:PhysmodBar.cpp ****         const float ln10x6 = 6.0f * logf(10.0f);
 507              		.loc 10 163 41 view .LVU143
 508 017c 80EE0C4A 		vdiv.f32	s8, s0, s24
 509              	.LVL37:
 164:PhysmodBar.cpp ****         const float dz     = zeta1 - zeta2;
 510              		.loc 10 164 9 is_stmt 1 view .LVU144
 165:PhysmodBar.cpp ****         const float sig0 = ln10x6
 511              		.loc 10 165 9 view .LVU145
 169:PhysmodBar.cpp **** 
 512              		.loc 10 169 37 is_stmt 0 view .LVU146
 513 0180 B7EE005A 		vmov.f32	s10, #1.0e+0
 514              	.LVL38:
 169:PhysmodBar.cpp **** 
 515              		.loc 10 169 54 view .LVU147
 516 0184 C5EE252A 		vdiv.f32	s5, s10, s11
 165:PhysmodBar.cpp ****         const float sig0 = ln10x6
 517              		.loc 10 165 21 view .LVU148
 518 0188 79EEC49A 		vsub.f32	s19, s19, s8
 519              	.LVL39:
ARM GAS  C:\Users\isaia\AppData\Local\Temp\ccAwOTrI.s 			page 24


 166:PhysmodBar.cpp ****                             * (-zeta2 / loss_t1 + zeta1 / loss_t2) / dz;
 520              		.loc 10 166 9 is_stmt 1 view .LVU149
 168:PhysmodBar.cpp ****                             * (1.0f / loss_t1 - 1.0f / loss_t2) / dz;
 521              		.loc 10 168 9 view .LVU150
 172:PhysmodBar.cpp **** 
 522              		.loc 10 172 9 view .LVU151
 175:PhysmodBar.cpp ****         A_off        = (1.0f - theta) * 0.5f - sig1 * k / (2.0f * h2);
 523              		.loc 10 175 9 view .LVU152
 167:PhysmodBar.cpp ****         const float sig1 = ln10x6
 524              		.loc 10 167 32 is_stmt 0 view .LVU153
 525 018c B1EE444A 		vneg.f32	s8, s8
 526              	.LVL40:
 167:PhysmodBar.cpp ****         const float sig1 = ln10x6
 527              		.loc 10 167 39 view .LVU154
 528 0190 84EE247A 		vdiv.f32	s14, s8, s9
 167:PhysmodBar.cpp ****         const float sig1 = ln10x6
 529              		.loc 10 167 49 view .LVU155
 530 0194 37EE277A 		vadd.f32	s14, s14, s15
 169:PhysmodBar.cpp **** 
 531              		.loc 10 169 37 view .LVU156
 532 0198 C5EE247A 		vdiv.f32	s15, s10, s9
 167:PhysmodBar.cpp ****         const float sig1 = ln10x6
 533              		.loc 10 167 29 view .LVU157
 534 019c 27EE037A 		vmul.f32	s14, s14, s6
 166:PhysmodBar.cpp ****                             * (-zeta2 / loss_t1 + zeta1 / loss_t2) / dz;
 535              		.loc 10 166 21 view .LVU158
 536 01a0 C7EE295A 		vdiv.f32	s11, s14, s19
 537              	.LVL41:
 169:PhysmodBar.cpp **** 
 538              		.loc 10 169 47 view .LVU159
 539 01a4 77EEE27A 		vsub.f32	s15, s15, s5
 169:PhysmodBar.cpp **** 
 540              		.loc 10 169 29 view .LVU160
 541 01a8 67EE837A 		vmul.f32	s15, s15, s6
 176:PhysmodBar.cpp **** 
 542              		.loc 10 176 30 view .LVU161
 543 01ac 35EE483A 		vsub.f32	s6, s10, s16
 168:PhysmodBar.cpp ****                             * (1.0f / loss_t1 - 1.0f / loss_t2) / dz;
 544              		.loc 10 168 21 view .LVU162
 545 01b0 C7EEA94A 		vdiv.f32	s9, s15, s19
 175:PhysmodBar.cpp ****         A_off        = (1.0f - theta) * 0.5f - sig1 * k / (2.0f * h2);
 546              		.loc 10 175 53 view .LVU163
 547 01b4 25EE8B7A 		vmul.f32	s14, s11, s22
 175:PhysmodBar.cpp ****         A_off        = (1.0f - theta) * 0.5f - sig1 * k / (2.0f * h2);
 548              		.loc 10 175 15 view .LVU164
 549 01b8 F6EE007A 		vmov.f32	s15, #5.0e-1
 175:PhysmodBar.cpp ****         A_off        = (1.0f - theta) * 0.5f - sig1 * k / (2.0f * h2);
 550              		.loc 10 175 37 view .LVU165
 551 01bc 64EE8B5A 		vmul.f32	s11, s9, s22
 176:PhysmodBar.cpp **** 
 552              		.loc 10 176 65 view .LVU166
 553 01c0 7DEEAD4A 		vadd.f32	s9, s27, s27
 175:PhysmodBar.cpp ****         A_off        = (1.0f - theta) * 0.5f - sig1 * k / (2.0f * h2);
 554              		.loc 10 175 41 view .LVU167
 555 01c4 C5EEAD2A 		vdiv.f32	s5, s11, s27
 176:PhysmodBar.cpp **** 
 556              		.loc 10 176 57 view .LVU168
ARM GAS  C:\Users\isaia\AppData\Local\Temp\ccAwOTrI.s 			page 25


 557 01c8 85EEA44A 		vdiv.f32	s8, s11, s9
 183:PhysmodBar.cpp ****         B_off1 = (1.0f - theta) + lambda * lambda + 4.0f * mu * mu;
 558              		.loc 10 183 38 view .LVU169
 559 01cc 7DEE0D5A 		vadd.f32	s11, s26, s26
 183:PhysmodBar.cpp ****         B_off1 = (1.0f - theta) + lambda * lambda + 4.0f * mu * mu;
 560              		.loc 10 183 63 view .LVU170
 561 01d0 F1EE084A 		vmov.f32	s9, #6.0e+0
 183:PhysmodBar.cpp ****         B_off1 = (1.0f - theta) + lambda * lambda + 4.0f * mu * mu;
 562              		.loc 10 183 31 view .LVU171
 563 01d4 E5EECDBA 		vfms.f32	s23, s11, s26
 564              	.LVL42:
 183:PhysmodBar.cpp ****         B_off1 = (1.0f - theta) + lambda * lambda + 4.0f * mu * mu;
 565              		.loc 10 183 56 view .LVU172
 566 01d8 64EEC94A 		vnmul.f32	s9, s9, s18
 184:PhysmodBar.cpp ****         B_off2 = -(mu * mu);
 567              		.loc 10 184 33 view .LVU173
 568 01dc F0EE435A 		vmov.f32	s11, s6
 569 01e0 EDEE0D5A 		vfma.f32	s11, s26, s26
 183:PhysmodBar.cpp ****         B_off1 = (1.0f - theta) + lambda * lambda + 4.0f * mu * mu;
 570              		.loc 10 183 56 view .LVU174
 571 01e4 E4EE89BA 		vfma.f32	s23, s9, s18
 175:PhysmodBar.cpp ****         A_off        = (1.0f - theta) * 0.5f - sig1 * k / (2.0f * h2);
 572              		.loc 10 175 30 view .LVU175
 573 01e8 72EE884A 		vadd.f32	s9, s5, s16
 179:PhysmodBar.cpp ****         C_off  = (1.0f - theta) * 0.5f + sig1 * k / (2.0f * h2);
 574              		.loc 10 179 24 view .LVU176
 575 01ec 38EE628A 		vsub.f32	s16, s16, s5
 576              	.LVL43:
 175:PhysmodBar.cpp ****         A_off        = (1.0f - theta) * 0.5f - sig1 * k / (2.0f * h2);
 577              		.loc 10 175 15 view .LVU177
 578 01f0 E7EE274A 		vfma.f32	s9, s14, s15
 579              	.LVL44:
 176:PhysmodBar.cpp **** 
 580              		.loc 10 176 9 is_stmt 1 view .LVU178
 179:PhysmodBar.cpp ****         C_off  = (1.0f - theta) * 0.5f + sig1 * k / (2.0f * h2);
 581              		.loc 10 179 40 is_stmt 0 view .LVU179
 582 01f4 A7EE678A 		vfms.f32	s16, s14, s15
 180:PhysmodBar.cpp **** 
 583              		.loc 10 180 40 view .LVU180
 584 01f8 B0EE447A 		vmov.f32	s14, s8
 183:PhysmodBar.cpp ****         B_off1 = (1.0f - theta) + lambda * lambda + 4.0f * mu * mu;
 585              		.loc 10 183 16 view .LVU181
 586 01fc C5ED80BA 		vstr.32	s23, [r5, #512]
 176:PhysmodBar.cpp **** 
 587              		.loc 10 176 46 view .LVU182
 588 0200 93EE274A 		vfnms.f32	s8, s6, s15
 180:PhysmodBar.cpp **** 
 589              		.loc 10 180 40 view .LVU183
 590 0204 A3EE277A 		vfma.f32	s14, s6, s15
 188:PhysmodBar.cpp ****         th_c[0]    = A_off * th_invm[0];
 591              		.loc 10 188 27 view .LVU184
 592 0208 C5EE242A 		vdiv.f32	s5, s10, s9
 179:PhysmodBar.cpp ****         C_off  = (1.0f - theta) * 0.5f + sig1 * k / (2.0f * h2);
 593              		.loc 10 179 16 view .LVU185
 594 020c 85ED7E8A 		vstr.32	s16, [r5, #504]
 176:PhysmodBar.cpp **** 
 595              		.loc 10 176 22 view .LVU186
ARM GAS  C:\Users\isaia\AppData\Local\Temp\ccAwOTrI.s 			page 26


 596 0210 85ED7D4A 		vstr.32	s8, [r5, #500]
 179:PhysmodBar.cpp ****         C_off  = (1.0f - theta) * 0.5f + sig1 * k / (2.0f * h2);
 597              		.loc 10 179 9 is_stmt 1 view .LVU187
 180:PhysmodBar.cpp **** 
 598              		.loc 10 180 9 view .LVU188
 183:PhysmodBar.cpp ****         B_off1 = (1.0f - theta) + lambda * lambda + 4.0f * mu * mu;
 599              		.loc 10 183 9 view .LVU189
 184:PhysmodBar.cpp ****         B_off2 = -(mu * mu);
 600              		.loc 10 184 9 view .LVU190
 184:PhysmodBar.cpp ****         B_off2 = -(mu * mu);
 601              		.loc 10 184 58 is_stmt 0 view .LVU191
 602 0214 F1EE007A 		vmov.f32	s15, #4.0e+0
 180:PhysmodBar.cpp **** 
 603              		.loc 10 180 16 view .LVU192
 604 0218 85ED7F7A 		vstr.32	s14, [r5, #508]
 185:PhysmodBar.cpp **** 
 605              		.loc 10 185 18 view .LVU193
 606 021c 29EE497A 		vnmul.f32	s14, s18, s18
 184:PhysmodBar.cpp ****         B_off2 = -(mu * mu);
 607              		.loc 10 184 58 view .LVU194
 608 0220 69EE277A 		vmul.f32	s15, s18, s15
 185:PhysmodBar.cpp **** 
 609              		.loc 10 185 16 view .LVU195
 610 0224 85ED827A 		vstr.32	s14, [r5, #520]
 184:PhysmodBar.cpp ****         B_off2 = -(mu * mu);
 611              		.loc 10 184 51 view .LVU196
 612 0228 B0EE657A 		vmov.f32	s14, s11
 613 022c A7EE897A 		vfma.f32	s14, s15, s18
 189:PhysmodBar.cpp ****         for(int i = 1; i < n_int; i++)
 614              		.loc 10 189 28 view .LVU197
 615 0230 64EE227A 		vmul.f32	s15, s8, s5
 188:PhysmodBar.cpp ****         th_c[0]    = A_off * th_invm[0];
 616              		.loc 10 188 20 view .LVU198
 617 0234 C5ED652A 		vstr.32	s5, [r5, #404]
 184:PhysmodBar.cpp ****         B_off2 = -(mu * mu);
 618              		.loc 10 184 16 view .LVU199
 619 0238 85ED817A 		vstr.32	s14, [r5, #516]
 185:PhysmodBar.cpp **** 
 620              		.loc 10 185 9 is_stmt 1 view .LVU200
 188:PhysmodBar.cpp ****         th_c[0]    = A_off * th_invm[0];
 621              		.loc 10 188 9 view .LVU201
 189:PhysmodBar.cpp ****         for(int i = 1; i < n_int; i++)
 622              		.loc 10 189 9 view .LVU202
 189:PhysmodBar.cpp ****         for(int i = 1; i < n_int; i++)
 623              		.loc 10 189 20 is_stmt 0 view .LVU203
 624 023c C5ED4D7A 		vstr.32	s15, [r5, #308]
 625              		.loc 10 190 9 is_stmt 1 view .LVU204
 626              	.LVL45:
 627              	.LBB247:
 628              		.loc 10 190 26 view .LVU205
 629 0240 40F3B980 		ble	.L66
 630 0244 B1EE443A 		vneg.f32	s6, s8
 631              	.LBE247:
 632              	.LBB248:
 633              	.LBB249:
 191:PhysmodBar.cpp ****         {
 192:PhysmodBar.cpp ****             float m    = A_main - A_off * th_c[i - 1];
ARM GAS  C:\Users\isaia\AppData\Local\Temp\ccAwOTrI.s 			page 27


 193:PhysmodBar.cpp ****             th_invm[i] = 1.0f / m;
 194:PhysmodBar.cpp ****             th_c[i]    = (i < n_int - 1) ? A_off * th_invm[i] : 0.0f;
 195:PhysmodBar.cpp ****         }
 196:PhysmodBar.cpp **** 
 197:PhysmodBar.cpp ****         /* ---- Readout interpolation (0-based indexing) ---- */
 198:PhysmodBar.cpp ****         for(int ch = 0; ch < 2; ch++)
 199:PhysmodBar.cpp ****         {
 200:PhysmodBar.cpp ****             float rv = (ch == 0) ? rp1 : rp2;
 201:PhysmodBar.cpp ****             int   ri = static_cast<int>(N * rv);
 202:PhysmodBar.cpp ****             float rf = N * rv - static_cast<float>(ri);
 203:PhysmodBar.cpp ****             if(ri >= n_int - 1) { ri = n_int - 2; rf = 1.0f; }
 634              		.loc 10 203 28 is_stmt 0 view .LVU206
 635 0248 7A1E     		subs	r2, r7, #1
 636 024a 05F59C71 		add	r1, r5, #312
 637              	.LBE249:
 638              	.LBE248:
 639              	.LBB255:
 190:PhysmodBar.cpp ****         {
 640              		.loc 10 190 17 view .LVU207
 641 024e 0123     		movs	r3, #1
 642              	.LVL46:
 643              	.L42:
 644              	.LBB244:
 192:PhysmodBar.cpp ****             th_invm[i] = 1.0f / m;
 645              		.loc 10 192 13 is_stmt 1 view .LVU208
 192:PhysmodBar.cpp ****             th_invm[i] = 1.0f / m;
 646              		.loc 10 192 19 is_stmt 0 view .LVU209
 647 0250 F0EE645A 		vmov.f32	s11, s9
 194:PhysmodBar.cpp ****         }
 648              		.loc 10 194 42 view .LVU210
 649 0254 9342     		cmp	r3, r2
 193:PhysmodBar.cpp ****             th_c[i]    = (i < n_int - 1) ? A_off * th_invm[i] : 0.0f;
 650              		.loc 10 193 31 view .LVU211
 651 0256 B7EE005A 		vmov.f32	s10, #1.0e+0
 652              	.LBE244:
 190:PhysmodBar.cpp ****         {
 653              		.loc 10 190 9 view .LVU212
 654 025a 03F10103 		add	r3, r3, #1
 655              	.LVL47:
 190:PhysmodBar.cpp ****         {
 656              		.loc 10 190 9 view .LVU213
 657 025e 01F10401 		add	r1, r1, #4
 658              	.LBB245:
 192:PhysmodBar.cpp ****             th_invm[i] = 1.0f / m;
 659              		.loc 10 192 19 view .LVU214
 660 0262 E3EE275A 		vfma.f32	s11, s6, s15
 661              	.LVL48:
 193:PhysmodBar.cpp ****             th_c[i]    = (i < n_int - 1) ? A_off * th_invm[i] : 0.0f;
 662              		.loc 10 193 13 is_stmt 1 view .LVU215
 194:PhysmodBar.cpp ****         }
 663              		.loc 10 194 42 is_stmt 0 view .LVU216
 664 0266 DFED5B7A 		vldr.32	s15, .L68+24
 193:PhysmodBar.cpp ****             th_c[i]    = (i < n_int - 1) ? A_off * th_invm[i] : 0.0f;
 665              		.loc 10 193 31 view .LVU217
 666 026a 85EE257A 		vdiv.f32	s14, s10, s11
 194:PhysmodBar.cpp ****         }
 667              		.loc 10 194 42 view .LVU218
ARM GAS  C:\Users\isaia\AppData\Local\Temp\ccAwOTrI.s 			page 28


 668 026e B8BF     		it	lt
 669 0270 64EE077A 		vmullt.f32	s15, s8, s14
 670              	.LBE245:
 190:PhysmodBar.cpp ****         {
 671              		.loc 10 190 26 view .LVU219
 672 0274 BB42     		cmp	r3, r7
 673              	.LBB246:
 193:PhysmodBar.cpp ****             th_c[i]    = (i < n_int - 1) ? A_off * th_invm[i] : 0.0f;
 674              		.loc 10 193 24 view .LVU220
 675 0276 81ED177A 		vstr.32	s14, [r1, #92]
 194:PhysmodBar.cpp ****         }
 676              		.loc 10 194 13 is_stmt 1 view .LVU221
 194:PhysmodBar.cpp ****         }
 677              		.loc 10 194 24 is_stmt 0 view .LVU222
 678 027a 41ED017A 		vstr.32	s15, [r1, #-4]
 679              	.LBE246:
 190:PhysmodBar.cpp ****         {
 680              		.loc 10 190 9 is_stmt 1 view .LVU223
 681              	.LVL49:
 190:PhysmodBar.cpp ****         {
 682              		.loc 10 190 26 view .LVU224
 683 027e E7D1     		bne	.L42
 684              	.LVL50:
 685              	.L41:
 190:PhysmodBar.cpp ****         {
 686              		.loc 10 190 26 is_stmt 0 view .LVU225
 687              	.LBE255:
 688              	.LBB256:
 198:PhysmodBar.cpp ****         {
 689              		.loc 10 198 28 is_stmt 1 view .LVU226
 690              	.LBB250:
 200:PhysmodBar.cpp ****             int   ri = static_cast<int>(N * rv);
 691              		.loc 10 200 13 view .LVU227
 201:PhysmodBar.cpp ****             float rf = N * rv - static_cast<float>(ri);
 692              		.loc 10 201 13 view .LVU228
 201:PhysmodBar.cpp ****             float rf = N * rv - static_cast<float>(ri);
 693              		.loc 10 201 43 is_stmt 0 view .LVU229
 694 0280 D5ED017A 		vldr.32	s15, [r5, #4]	@ int
 695 0284 F8EEE77A 		vcvt.f32.s32	s15, s15
 696 0288 26EE276A 		vmul.f32	s12, s12, s15
 697              	.LVL51:
 201:PhysmodBar.cpp ****             float rf = N * rv - static_cast<float>(ri);
 698              		.loc 10 201 19 view .LVU230
 699 028c BDEEC67A 		vcvt.s32.f32	s14, s12
 700 0290 17EE103A 		vmov	r3, s14	@ int
 701              	.LVL52:
 202:PhysmodBar.cpp ****             if(ri >= n_int - 1) { ri = n_int - 2; rf = 1.0f; }
 702              		.loc 10 202 13 is_stmt 1 view .LVU231
 703              		.loc 10 203 13 view .LVU232
 704 0294 9342     		cmp	r3, r2
 705 0296 7FDA     		bge	.L33
 202:PhysmodBar.cpp ****             if(ri >= n_int - 1) { ri = n_int - 2; rf = 1.0f; }
 706              		.loc 10 202 33 is_stmt 0 view .LVU233
 707 0298 B8EEC77A 		vcvt.f32.s32	s14, s14
 708              	.LVL53:
 202:PhysmodBar.cpp ****             if(ri >= n_int - 1) { ri = n_int - 2; rf = 1.0f; }
 709              		.loc 10 202 19 view .LVU234
ARM GAS  C:\Users\isaia\AppData\Local\Temp\ccAwOTrI.s 			page 29


 710 029c 36EE476A 		vsub.f32	s12, s12, s14
 711              	.LVL54:
 712              	.L34:
 204:PhysmodBar.cpp ****             if(ri < 0)          { ri = 0;          rf = 0.0f; }
 713              		.loc 10 204 13 is_stmt 1 view .LVU235
 714 02a0 002B     		cmp	r3, #0
 715 02a2 02DA     		bge	.L35
 716              		.loc 10 204 55 is_stmt 0 view .LVU236
 717 02a4 9FED4B6A 		vldr.32	s12, .L68+24
 718              	.LVL55:
 719              		.loc 10 204 38 view .LVU237
 720 02a8 0023     		movs	r3, #0
 721              	.LVL56:
 722              	.L35:
 205:PhysmodBar.cpp ****             rp_idx[ch]  = ri;
 723              		.loc 10 205 13 is_stmt 1 view .LVU238
 201:PhysmodBar.cpp ****             float rf = N * rv - static_cast<float>(ri);
 724              		.loc 10 201 43 is_stmt 0 view .LVU239
 725 02aa 66EEA77A 		vmul.f32	s15, s13, s15
 726              		.loc 10 205 25 view .LVU240
 727 02ae C5F80C32 		str	r3, [r5, #524]
 206:PhysmodBar.cpp ****             rp_frac[ch] = rf;
 728              		.loc 10 206 13 is_stmt 1 view .LVU241
 729              		.loc 10 206 25 is_stmt 0 view .LVU242
 730 02b2 85ED856A 		vstr.32	s12, [r5, #532]
 731              	.LBE250:
 198:PhysmodBar.cpp ****         {
 732              		.loc 10 198 9 is_stmt 1 view .LVU243
 733              	.LVL57:
 198:PhysmodBar.cpp ****         {
 734              		.loc 10 198 28 view .LVU244
 735              	.LBB251:
 200:PhysmodBar.cpp ****             int   ri = static_cast<int>(N * rv);
 736              		.loc 10 200 13 view .LVU245
 201:PhysmodBar.cpp ****             float rf = N * rv - static_cast<float>(ri);
 737              		.loc 10 201 13 view .LVU246
 201:PhysmodBar.cpp ****             float rf = N * rv - static_cast<float>(ri);
 738              		.loc 10 201 19 is_stmt 0 view .LVU247
 739 02b6 BDEEE77A 		vcvt.s32.f32	s14, s15
 740 02ba 17EE103A 		vmov	r3, s14	@ int
 741              	.LVL58:
 202:PhysmodBar.cpp ****             if(ri >= n_int - 1) { ri = n_int - 2; rf = 1.0f; }
 742              		.loc 10 202 13 is_stmt 1 view .LVU248
 203:PhysmodBar.cpp ****             if(ri < 0)          { ri = 0;          rf = 0.0f; }
 743              		.loc 10 203 13 view .LVU249
 744 02be 9342     		cmp	r3, r2
 745 02c0 66DA     		bge	.L36
 202:PhysmodBar.cpp ****             if(ri >= n_int - 1) { ri = n_int - 2; rf = 1.0f; }
 746              		.loc 10 202 33 is_stmt 0 view .LVU250
 747 02c2 B8EEC77A 		vcvt.f32.s32	s14, s14
 748              	.LVL59:
 202:PhysmodBar.cpp ****             if(ri >= n_int - 1) { ri = n_int - 2; rf = 1.0f; }
 749              		.loc 10 202 19 view .LVU251
 750 02c6 77EEC77A 		vsub.f32	s15, s15, s14
 751              	.LVL60:
 752              	.L37:
 204:PhysmodBar.cpp ****             rp_idx[ch]  = ri;
ARM GAS  C:\Users\isaia\AppData\Local\Temp\ccAwOTrI.s 			page 30


 753              		.loc 10 204 13 is_stmt 1 view .LVU252
 754 02ca 002B     		cmp	r3, #0
 755 02cc 02DA     		bge	.L38
 204:PhysmodBar.cpp ****             rp_idx[ch]  = ri;
 756              		.loc 10 204 55 is_stmt 0 view .LVU253
 757 02ce DFED417A 		vldr.32	s15, .L68+24
 758              	.LVL61:
 204:PhysmodBar.cpp ****             rp_idx[ch]  = ri;
 759              		.loc 10 204 38 view .LVU254
 760 02d2 0023     		movs	r3, #0
 761              	.LVL62:
 762              	.L38:
 205:PhysmodBar.cpp ****             rp_frac[ch] = rf;
 763              		.loc 10 205 13 is_stmt 1 view .LVU255
 764              	.LBE251:
 765              	.LBE256:
 766              	.LBB257:
 207:PhysmodBar.cpp ****         }
 208:PhysmodBar.cpp **** 
 209:PhysmodBar.cpp ****         /* ---- Raised-cosine initial condition ---- */
 210:PhysmodBar.cpp ****         for(int i = 0; i < n_int; i++)
 767              		.loc 10 210 26 is_stmt 0 view .LVU256
 768 02d4 002F     		cmp	r7, #0
 769              	.LBE257:
 770              	.LBB262:
 771              	.LBB252:
 205:PhysmodBar.cpp ****             rp_frac[ch] = rf;
 772              		.loc 10 205 25 view .LVU257
 773 02d6 C5F81032 		str	r3, [r5, #528]
 206:PhysmodBar.cpp ****         }
 774              		.loc 10 206 13 is_stmt 1 view .LVU258
 206:PhysmodBar.cpp ****         }
 775              		.loc 10 206 25 is_stmt 0 view .LVU259
 776 02da C5ED867A 		vstr.32	s15, [r5, #536]
 777              	.LBE252:
 198:PhysmodBar.cpp ****         {
 778              		.loc 10 198 9 is_stmt 1 view .LVU260
 779              	.LVL63:
 198:PhysmodBar.cpp ****         {
 780              		.loc 10 198 28 view .LVU261
 198:PhysmodBar.cpp ****         {
 781              		.loc 10 198 28 is_stmt 0 view .LVU262
 782              	.LBE262:
 783              	.LBB263:
 784              		.loc 10 210 26 is_stmt 1 view .LVU263
 785 02de 42DD     		ble	.L47
 786              	.LBB258:
 211:PhysmodBar.cpp ****         {
 212:PhysmodBar.cpp ****             float x  = static_cast<float>(i + 1) * h;
 213:PhysmodBar.cpp ****             float d1 = x - ctr - wid * 0.5f;
 214:PhysmodBar.cpp ****             float d2 = x - ctr + wid * 0.5f;
 215:PhysmodBar.cpp ****             float rc = (-d1 * d2 > 0.0f)
 216:PhysmodBar.cpp ****                            ? 0.5f * (1.0f + cosf(2.0f * PI_F * (x - ctr) / wid))
 217:PhysmodBar.cpp ****                            : 0.0f;
 218:PhysmodBar.cpp ****             u2[i] = u0 * rc;
 219:PhysmodBar.cpp ****             u1[i] = (u0 + k * v0) * rc;
 787              		.loc 10 219 25 is_stmt 0 view .LVU264
ARM GAS  C:\Users\isaia\AppData\Local\Temp\ccAwOTrI.s 			page 31


 788 02e0 F0EE4A9A 		vmov.f32	s19, s20
 789              	.LVL64:
 790              		.loc 10 219 25 view .LVU265
 791 02e4 05F17406 		add	r6, r5, #116
 213:PhysmodBar.cpp ****             float d2 = x - ctr + wid * 0.5f;
 792              		.loc 10 213 38 view .LVU266
 793 02e8 B6EE008A 		vmov.f32	s16, #5.0e-1
 794              	.LBE258:
 210:PhysmodBar.cpp ****         {
 795              		.loc 10 210 17 view .LVU267
 796 02ec 0024     		movs	r4, #0
 797 02ee B1EE429A 		vneg.f32	s18, s4
 798              	.LVL65:
 799              	.LBB259:
 800              		.loc 10 219 25 view .LVU268
 801 02f2 EBEE239A 		vfma.f32	s19, s22, s7
 213:PhysmodBar.cpp ****             float d2 = x - ctr + wid * 0.5f;
 802              		.loc 10 213 38 view .LVU269
 803 02f6 28EE888A 		vmul.f32	s16, s17, s16
 804              	.LVL66:
 805              	.L45:
 212:PhysmodBar.cpp ****             float d1 = x - ctr - wid * 0.5f;
 806              		.loc 10 212 13 is_stmt 1 view .LVU270
 212:PhysmodBar.cpp ****             float d1 = x - ctr - wid * 0.5f;
 807              		.loc 10 212 45 is_stmt 0 view .LVU271
 808 02fa 0134     		adds	r4, r4, #1
 809              	.LVL67:
 213:PhysmodBar.cpp ****             float d2 = x - ctr + wid * 0.5f;
 810              		.loc 10 213 13 is_stmt 1 view .LVU272
 216:PhysmodBar.cpp ****                            : 0.0f;
 811              		.loc 10 216 28 is_stmt 0 view .LVU273
 812 02fc 9FED350A 		vldr.32	s0, .L68+24
 216:PhysmodBar.cpp ****                            : 0.0f;
 813              		.loc 10 216 62 view .LVU274
 814 0300 9FED326A 		vldr.32	s12, .L68+16
 212:PhysmodBar.cpp ****             float d1 = x - ctr - wid * 0.5f;
 815              		.loc 10 212 24 view .LVU275
 816 0304 07EE904A 		vmov	s15, r4	@ int
 817 0308 B8EEE77A 		vcvt.f32.s32	s14, s15
 213:PhysmodBar.cpp ****             float d2 = x - ctr + wid * 0.5f;
 818              		.loc 10 213 26 view .LVU276
 819 030c F0EE497A 		vmov.f32	s15, s18
 820 0310 E7EE2A7A 		vfma.f32	s15, s14, s21
 821              	.LVL68:
 214:PhysmodBar.cpp ****             float rc = (-d1 * d2 > 0.0f)
 822              		.loc 10 214 13 is_stmt 1 view .LVU277
 215:PhysmodBar.cpp ****                            ? 0.5f * (1.0f + cosf(2.0f * PI_F * (x - ctr) / wid))
 823              		.loc 10 215 13 view .LVU278
 213:PhysmodBar.cpp ****             float d2 = x - ctr + wid * 0.5f;
 824              		.loc 10 213 19 is_stmt 0 view .LVU279
 825 0314 37EEC87A 		vsub.f32	s14, s15, s16
 826              	.LVL69:
 214:PhysmodBar.cpp ****             float rc = (-d1 * d2 > 0.0f)
 827              		.loc 10 214 19 view .LVU280
 828 0318 78EE276A 		vadd.f32	s13, s16, s15
 829              	.LVL70:
 215:PhysmodBar.cpp ****                            ? 0.5f * (1.0f + cosf(2.0f * PI_F * (x - ctr) / wid))
ARM GAS  C:\Users\isaia\AppData\Local\Temp\ccAwOTrI.s 			page 32


 830              		.loc 10 215 29 view .LVU281
 831 031c 27EE667A 		vnmul.f32	s14, s14, s13
 832              	.LVL71:
 216:PhysmodBar.cpp ****                            : 0.0f;
 833              		.loc 10 216 28 view .LVU282
 834 0320 B4EEC07A 		vcmpe.f32	s14, s0
 835 0324 F1EE10FA 		vmrs	APSR_nzcv, FPSCR
 836 0328 0DDD     		ble	.L46
 216:PhysmodBar.cpp ****                            : 0.0f;
 837              		.loc 10 216 62 view .LVU283
 838 032a 27EE860A 		vmul.f32	s0, s15, s12
 216:PhysmodBar.cpp ****                            : 0.0f;
 839              		.loc 10 216 49 view .LVU284
 840 032e 80EE280A 		vdiv.f32	s0, s0, s17
 841 0332 FFF7FEFF 		bl	cosf
 842              	.LVL72:
 216:PhysmodBar.cpp ****                            : 0.0f;
 843              		.loc 10 216 43 view .LVU285
 844 0336 B7EE007A 		vmov.f32	s14, #1.0e+0
 216:PhysmodBar.cpp ****                            : 0.0f;
 845              		.loc 10 216 28 view .LVU286
 846 033a F6EE007A 		vmov.f32	s15, #5.0e-1
 216:PhysmodBar.cpp ****                            : 0.0f;
 847              		.loc 10 216 43 view .LVU287
 848 033e 30EE070A 		vadd.f32	s0, s0, s14
 216:PhysmodBar.cpp ****                            : 0.0f;
 849              		.loc 10 216 28 view .LVU288
 850 0342 20EE270A 		vmul.f32	s0, s0, s15
 851              	.L46:
 852              	.LVL73:
 218:PhysmodBar.cpp ****             u1[i] = (u0 + k * v0) * rc;
 853              		.loc 10 218 13 is_stmt 1 view .LVU289
 218:PhysmodBar.cpp ****             u1[i] = (u0 + k * v0) * rc;
 854              		.loc 10 218 24 is_stmt 0 view .LVU290
 855 0346 6AEE007A 		vmul.f32	s15, s20, s0
 856              	.LBE259:
 210:PhysmodBar.cpp ****         {
 857              		.loc 10 210 26 view .LVU291
 858 034a A742     		cmp	r7, r4
 859              	.LBB260:
 860              		.loc 10 219 35 view .LVU292
 861 034c 29EE800A 		vmul.f32	s0, s19, s0
 862              	.LVL74:
 218:PhysmodBar.cpp ****             u1[i] = (u0 + k * v0) * rc;
 863              		.loc 10 218 19 view .LVU293
 864 0350 C6ED187A 		vstr.32	s15, [r6, #96]
 865              		.loc 10 219 13 is_stmt 1 view .LVU294
 866              		.loc 10 219 19 is_stmt 0 view .LVU295
 867 0354 A6EC010A 		vstmia.32	r6!, {s0}
 220:PhysmodBar.cpp ****             u[i]  = 0.0f;
 868              		.loc 10 220 13 is_stmt 1 view .LVU296
 869              	.LBE260:
 210:PhysmodBar.cpp ****         {
 870              		.loc 10 210 9 view .LVU297
 871              	.LVL75:
 210:PhysmodBar.cpp ****         {
 872              		.loc 10 210 26 view .LVU298
ARM GAS  C:\Users\isaia\AppData\Local\Temp\ccAwOTrI.s 			page 33


 873 0358 CFD1     		bne	.L45
 874              	.LBB261:
 875              		.loc 10 220 19 is_stmt 0 view .LVU299
 876 035a BA00     		lsls	r2, r7, #2
 877 035c 0021     		movs	r1, #0
 878 035e 05F11400 		add	r0, r5, #20
 879 0362 FFF7FEFF 		bl	memset
 880              	.LVL76:
 881              	.L47:
 882              		.loc 10 220 19 view .LVU300
 883              	.LBE261:
 884              	.LBE263:
 221:PhysmodBar.cpp ****         }
 222:PhysmodBar.cpp **** 
 223:PhysmodBar.cpp ****         sample_idx  = 2;   // first Process() computes timestep 3 (matching MATLAB)
 885              		.loc 10 223 9 is_stmt 1 view .LVU301
 886              		.loc 10 223 21 is_stmt 0 view .LVU302
 887 0366 0221     		movs	r1, #2
 224:PhysmodBar.cpp ****         active      = true;
 888              		.loc 10 224 21 view .LVU303
 889 0368 0123     		movs	r3, #1
 225:PhysmodBar.cpp ****         attack_env  = 0.0f;
 226:PhysmodBar.cpp ****         attack_inc  = 1.0f / static_cast<float>(ATTACK_SAMPS);
 227:PhysmodBar.cpp ****         steal_env   = 1.0f;
 890              		.loc 10 227 21 view .LVU304
 891 036a 4FF07E52 		mov	r2, #1065353216
 225:PhysmodBar.cpp ****         attack_env  = 0.0f;
 892              		.loc 10 225 21 view .LVU305
 893 036e 0020     		movs	r0, #0
 223:PhysmodBar.cpp ****         active      = true;
 894              		.loc 10 223 21 view .LVU306
 895 0370 2961     		str	r1, [r5, #16]
 224:PhysmodBar.cpp ****         active      = true;
 896              		.loc 10 224 9 is_stmt 1 view .LVU307
 224:PhysmodBar.cpp ****         active      = true;
 897              		.loc 10 224 21 is_stmt 0 view .LVU308
 898 0372 2B70     		strb	r3, [r5]
 225:PhysmodBar.cpp ****         attack_env  = 0.0f;
 899              		.loc 10 225 9 is_stmt 1 view .LVU309
 228:PhysmodBar.cpp ****         fading_out  = false;
 900              		.loc 10 228 21 is_stmt 0 view .LVU310
 901 0374 0023     		movs	r3, #0
 226:PhysmodBar.cpp ****         steal_env   = 1.0f;
 902              		.loc 10 226 21 view .LVU311
 903 0376 1849     		ldr	r1, .L68+28
 225:PhysmodBar.cpp ****         attack_inc  = 1.0f / static_cast<float>(ATTACK_SAMPS);
 904              		.loc 10 225 21 view .LVU312
 905 0378 C5F81C02 		str	r0, [r5, #540]	@ float
 226:PhysmodBar.cpp ****         steal_env   = 1.0f;
 906              		.loc 10 226 9 is_stmt 1 view .LVU313
 226:PhysmodBar.cpp ****         steal_env   = 1.0f;
 907              		.loc 10 226 21 is_stmt 0 view .LVU314
 908 037c C5F82012 		str	r1, [r5, #544]	@ float
 227:PhysmodBar.cpp ****         fading_out  = false;
 909              		.loc 10 227 9 is_stmt 1 view .LVU315
 227:PhysmodBar.cpp ****         fading_out  = false;
 910              		.loc 10 227 21 is_stmt 0 view .LVU316
ARM GAS  C:\Users\isaia\AppData\Local\Temp\ccAwOTrI.s 			page 34


 911 0380 C5F82422 		str	r2, [r5, #548]	@ float
 912              		.loc 10 228 9 is_stmt 1 view .LVU317
 913              		.loc 10 228 21 is_stmt 0 view .LVU318
 914 0384 85F82832 		strb	r3, [r5, #552]
 229:PhysmodBar.cpp ****     }
 915              		.loc 10 229 5 view .LVU319
 916 0388 0BB0     		add	sp, sp, #44
 917              		.cfi_remember_state
 918              		.cfi_def_cfa_offset 76
 919              		@ sp needed
 920 038a BDEC0E8B 		vldm	sp!, {d8-d14}
 921              		.cfi_restore 92
 922              		.cfi_restore 93
 923              		.cfi_restore 90
 924              		.cfi_restore 91
 925              		.cfi_restore 88
 926              		.cfi_restore 89
 927              		.cfi_restore 86
 928              		.cfi_restore 87
 929              		.cfi_restore 84
 930              		.cfi_restore 85
 931              		.cfi_restore 82
 932              		.cfi_restore 83
 933              		.cfi_restore 80
 934              		.cfi_restore 81
 935              		.cfi_def_cfa_offset 20
 936              	.LVL77:
 937              		.loc 10 229 5 view .LVU320
 938 038e F0BD     		pop	{r4, r5, r6, r7, pc}
 939              	.LVL78:
 940              	.L36:
 941              		.cfi_restore_state
 942              	.LBB264:
 943              	.LBB253:
 203:PhysmodBar.cpp ****             if(ri < 0)          { ri = 0;          rf = 0.0f; }
 944              		.loc 10 203 35 is_stmt 1 view .LVU321
 203:PhysmodBar.cpp ****             if(ri < 0)          { ri = 0;          rf = 0.0f; }
 945              		.loc 10 203 54 is_stmt 0 view .LVU322
 946 0390 F7EE007A 		vmov.f32	s15, #1.0e+0
 947              	.LVL79:
 203:PhysmodBar.cpp ****             if(ri < 0)          { ri = 0;          rf = 0.0f; }
 948              		.loc 10 203 38 view .LVU323
 949 0394 BB1E     		subs	r3, r7, #2
 950              	.LVL80:
 203:PhysmodBar.cpp ****             if(ri < 0)          { ri = 0;          rf = 0.0f; }
 951              		.loc 10 203 51 is_stmt 1 view .LVU324
 203:PhysmodBar.cpp ****             if(ri < 0)          { ri = 0;          rf = 0.0f; }
 952              		.loc 10 203 51 is_stmt 0 view .LVU325
 953 0396 98E7     		b	.L37
 954              	.LVL81:
 955              	.L33:
 203:PhysmodBar.cpp ****             if(ri < 0)          { ri = 0;          rf = 0.0f; }
 956              		.loc 10 203 35 is_stmt 1 view .LVU326
 203:PhysmodBar.cpp ****             if(ri < 0)          { ri = 0;          rf = 0.0f; }
 957              		.loc 10 203 54 is_stmt 0 view .LVU327
 958 0398 B7EE006A 		vmov.f32	s12, #1.0e+0
 959              	.LVL82:
ARM GAS  C:\Users\isaia\AppData\Local\Temp\ccAwOTrI.s 			page 35


 203:PhysmodBar.cpp ****             if(ri < 0)          { ri = 0;          rf = 0.0f; }
 960              		.loc 10 203 38 view .LVU328
 961 039c BB1E     		subs	r3, r7, #2
 962              	.LVL83:
 203:PhysmodBar.cpp ****             if(ri < 0)          { ri = 0;          rf = 0.0f; }
 963              		.loc 10 203 51 is_stmt 1 view .LVU329
 203:PhysmodBar.cpp ****             if(ri < 0)          { ri = 0;          rf = 0.0f; }
 964              		.loc 10 203 51 is_stmt 0 view .LVU330
 965 039e 7FE7     		b	.L34
 966              	.LVL84:
 967              	.L23:
 203:PhysmodBar.cpp ****             if(ri < 0)          { ri = 0;          rf = 0.0f; }
 968              		.loc 10 203 51 view .LVU331
 969              	.LBE253:
 970              	.LBE264:
 146:PhysmodBar.cpp ****         h     = 1.0f / static_cast<float>(N);
 971              		.loc 10 146 9 is_stmt 1 view .LVU332
 972 03a0 182B     		cmp	r3, #24
 973 03a2 40F32281 		ble	.L67
 146:PhysmodBar.cpp ****         h     = 1.0f / static_cast<float>(N);
 974              		.loc 10 146 23 discriminator 1 view .LVU333
 146:PhysmodBar.cpp ****         h     = 1.0f / static_cast<float>(N);
 975              		.loc 10 146 25 is_stmt 0 discriminator 1 view .LVU334
 976 03a6 1823     		movs	r3, #24
 977 03a8 1722     		movs	r2, #23
 978 03aa DFED0CAA 		vldr.32	s21, .L68+32
 979 03ae DFED0CDA 		vldr.32	s27, .L68+36
 980 03b2 6B60     		str	r3, [r5, #4]
 981 03b4 A3E6     		b	.L24
 982              	.LVL85:
 983              	.L66:
 984              	.LBB265:
 985              	.LBB254:
 203:PhysmodBar.cpp ****             if(ri < 0)          { ri = 0;          rf = 0.0f; }
 986              		.loc 10 203 28 view .LVU335
 987 03b6 7A1E     		subs	r2, r7, #1
 988 03b8 62E7     		b	.L41
 989              	.L69:
 990 03ba 00BF     		.align	2
 991              	.L68:
 992 03bc DB0F4940 		.word	1078530011
 993 03c0 00007A44 		.word	1148846080
 994 03c4 9A99193F 		.word	1058642330
 995 03c8 0000803D 		.word	1031798784
 996 03cc DB0FC940 		.word	1086918619
 997 03d0 550C5D41 		.word	1096617045
 998 03d4 00000000 		.word	0
 999 03d8 ABAAAA3C 		.word	1017817771
 1000 03dc ABAA2A3D 		.word	1026206379
 1001 03e0 3A8EE33A 		.word	987991610
 1002              	.LVL86:
 1003              	.L63:
 203:PhysmodBar.cpp ****             if(ri < 0)          { ri = 0;          rf = 0.0f; }
 1004              		.loc 10 203 28 view .LVU336
 1005              	.LBE254:
 1006              	.LBE265:
 162:PhysmodBar.cpp ****                             / (2.0f * K2);
ARM GAS  C:\Users\isaia\AppData\Local\Temp\ccAwOTrI.s 			page 36


 1007              		.loc 10 162 41 view .LVU337
 1008 03e4 B0EE4E0A 		vmov.f32	s0, s28
 1009 03e8 CDED066A 		vstr.32	s13, [sp, #24]	@ int
 1010 03ec 8DED056A 		vstr.32	s12, [sp, #20]	@ int
 1011 03f0 CDED045A 		vstr.32	s11, [sp, #16]	@ int
 1012 03f4 CDED034A 		vstr.32	s9, [sp, #12]	@ int
 1013 03f8 CDED023A 		vstr.32	s7, [sp, #8]	@ int
 1014 03fc 8DED012A 		vstr.32	s4, [sp, #4]	@ int
 1015 0400 FFF7FEFF 		bl	sqrtf
 1016              	.LVL87:
 1017 0404 DDED066A 		vldr.32	s13, [sp, #24]	@ int
 1018 0408 9DED056A 		vldr.32	s12, [sp, #20]	@ int
 1019 040c DDED045A 		vldr.32	s11, [sp, #16]	@ int
 1020 0410 DDED034A 		vldr.32	s9, [sp, #12]	@ int
 1021 0414 DDED023A 		vldr.32	s7, [sp, #8]	@ int
 1022 0418 9DED012A 		vldr.32	s4, [sp, #4]	@ int
 1023 041c A6E6     		b	.L31
 1024              	.LVL88:
 1025              	.L60:
 162:PhysmodBar.cpp ****                             / (2.0f * K2);
 1026              		.loc 10 162 41 view .LVU338
 1027 041e CDED086A 		vstr.32	s13, [sp, #32]	@ int
 1028 0422 8DED076A 		vstr.32	s12, [sp, #28]	@ int
 1029 0426 CDED065A 		vstr.32	s11, [sp, #24]	@ int
 1030 042a 8DED055A 		vstr.32	s10, [sp, #20]	@ int
 1031 042e CDED044A 		vstr.32	s9, [sp, #16]	@ int
 1032 0432 8DED034A 		vstr.32	s8, [sp, #12]	@ int
 1033 0436 CDED023A 		vstr.32	s7, [sp, #8]	@ int
 1034 043a 8DED012A 		vstr.32	s4, [sp, #4]	@ int
 141:PhysmodBar.cpp ****                                  + 16.0f * Kv * Kv * k * k * two_th_m1))
 1035              		.loc 10 141 33 view .LVU339
 1036 043e FFF7FEFF 		bl	sqrtf
 1037              	.LVL89:
 1038 0442 DDED086A 		vldr.32	s13, [sp, #32]	@ int
 1039 0446 F0EE407A 		vmov.f32	s15, s0
 1040 044a 9DED076A 		vldr.32	s12, [sp, #28]	@ int
 1041 044e DDED065A 		vldr.32	s11, [sp, #24]	@ int
 1042 0452 9DED055A 		vldr.32	s10, [sp, #20]	@ int
 1043 0456 DDED044A 		vldr.32	s9, [sp, #16]	@ int
 1044 045a 9DED034A 		vldr.32	s8, [sp, #12]	@ int
 1045 045e DDED023A 		vldr.32	s7, [sp, #8]	@ int
 1046 0462 9DED012A 		vldr.32	s4, [sp, #4]	@ int
 1047 0466 2AE6     		b	.L19
 1048              	.LVL90:
 1049              	.L59:
 141:PhysmodBar.cpp ****                                  + 16.0f * Kv * Kv * k * k * two_th_m1))
 1050              		.loc 10 141 33 view .LVU340
 1051 0468 CDED096A 		vstr.32	s13, [sp, #36]	@ int
 1052 046c 8DED086A 		vstr.32	s12, [sp, #32]	@ int
 1053 0470 CDED075A 		vstr.32	s11, [sp, #28]	@ int
 1054 0474 8DED065A 		vstr.32	s10, [sp, #24]	@ int
 1055 0478 CDED054A 		vstr.32	s9, [sp, #20]	@ int
 1056 047c 8DED044A 		vstr.32	s8, [sp, #16]	@ int
 1057 0480 CDED033A 		vstr.32	s7, [sp, #12]	@ int
 1058 0484 8DED022A 		vstr.32	s4, [sp, #8]	@ int
 1059 0488 8DED011A 		vstr.32	s2, [sp, #4]	@ int
 135:PhysmodBar.cpp **** 
ARM GAS  C:\Users\isaia\AppData\Local\Temp\ccAwOTrI.s 			page 37


 1060              		.loc 10 135 39 view .LVU341
 1061 048c FFF7FEFF 		bl	sqrtf
 1062              	.LVL91:
 1063 0490 DDED096A 		vldr.32	s13, [sp, #36]	@ int
 1064 0494 F0EE407A 		vmov.f32	s15, s0
 1065 0498 9DED086A 		vldr.32	s12, [sp, #32]	@ int
 1066 049c DDED075A 		vldr.32	s11, [sp, #28]	@ int
 1067 04a0 9DED065A 		vldr.32	s10, [sp, #24]	@ int
 1068 04a4 DDED054A 		vldr.32	s9, [sp, #20]	@ int
 1069 04a8 9DED044A 		vldr.32	s8, [sp, #16]	@ int
 1070 04ac DDED033A 		vldr.32	s7, [sp, #12]	@ int
 1071 04b0 9DED022A 		vldr.32	s4, [sp, #8]	@ int
 1072 04b4 9DED011A 		vldr.32	s2, [sp, #4]	@ int
 1073 04b8 D5E5     		b	.L16
 1074              	.L58:
 1075 04ba B0EE410A 		vmov.f32	s0, s2
 1076 04be CDED096A 		vstr.32	s13, [sp, #36]	@ int
 1077 04c2 8DED086A 		vstr.32	s12, [sp, #32]	@ int
 1078 04c6 CDED075A 		vstr.32	s11, [sp, #28]	@ int
 1079 04ca 8DED065A 		vstr.32	s10, [sp, #24]	@ int
 1080 04ce CDED054A 		vstr.32	s9, [sp, #20]	@ int
 1081 04d2 8DED044A 		vstr.32	s8, [sp, #16]	@ int
 1082 04d6 CDED033A 		vstr.32	s7, [sp, #12]	@ int
 1083 04da 8DED022A 		vstr.32	s4, [sp, #8]	@ int
 1084 04de 8DED011A 		vstr.32	s2, [sp, #4]	@ int
 1085 04e2 FFF7FEFF 		bl	sqrtf
 1086              	.LVL92:
 1087 04e6 DDED096A 		vldr.32	s13, [sp, #36]	@ int
 1088 04ea 9DED086A 		vldr.32	s12, [sp, #32]	@ int
 1089 04ee DDED075A 		vldr.32	s11, [sp, #28]	@ int
 1090 04f2 9DED065A 		vldr.32	s10, [sp, #24]	@ int
 1091 04f6 DDED054A 		vldr.32	s9, [sp, #20]	@ int
 1092 04fa 9DED044A 		vldr.32	s8, [sp, #16]	@ int
 1093 04fe DDED033A 		vldr.32	s7, [sp, #12]	@ int
 1094 0502 9DED022A 		vldr.32	s4, [sp, #8]	@ int
 1095 0506 9DED011A 		vldr.32	s2, [sp, #4]	@ int
 1096 050a A4E5     		b	.L13
 1097              	.LVL93:
 1098              	.L57:
 132:PhysmodBar.cpp **** 
 1099              		.loc 10 132 32 view .LVU342
 1100 050c B0EE600A 		vmov.f32	s0, s1
 1101              	.LVL94:
 132:PhysmodBar.cpp **** 
 1102              		.loc 10 132 32 view .LVU343
 1103 0510 CDED096A 		vstr.32	s13, [sp, #36]	@ int
 1104 0514 8DED086A 		vstr.32	s12, [sp, #32]	@ int
 1105 0518 CDED075A 		vstr.32	s11, [sp, #28]	@ int
 1106 051c 8DED065A 		vstr.32	s10, [sp, #24]	@ int
 1107 0520 CDED054A 		vstr.32	s9, [sp, #20]	@ int
 1108 0524 8DED044A 		vstr.32	s8, [sp, #16]	@ int
 1109 0528 CDED033A 		vstr.32	s7, [sp, #12]	@ int
 1110 052c 8DED022A 		vstr.32	s4, [sp, #8]	@ int
 1111 0530 8DED011A 		vstr.32	s2, [sp, #4]	@ int
 1112 0534 FFF7FEFF 		bl	sqrtf
 1113              	.LVL95:
 132:PhysmodBar.cpp **** 
ARM GAS  C:\Users\isaia\AppData\Local\Temp\ccAwOTrI.s 			page 38


 1114              		.loc 10 132 32 view .LVU344
 1115 0538 DDED096A 		vldr.32	s13, [sp, #36]	@ int
 1116 053c 9DED086A 		vldr.32	s12, [sp, #32]	@ int
 1117 0540 DDED075A 		vldr.32	s11, [sp, #28]	@ int
 1118 0544 9DED065A 		vldr.32	s10, [sp, #24]	@ int
 1119 0548 DDED054A 		vldr.32	s9, [sp, #20]	@ int
 1120 054c 9DED044A 		vldr.32	s8, [sp, #16]	@ int
 1121 0550 DDED033A 		vldr.32	s7, [sp, #12]	@ int
 1122 0554 9DED022A 		vldr.32	s4, [sp, #8]	@ int
 1123 0558 9DED011A 		vldr.32	s2, [sp, #4]	@ int
 1124 055c 6DE5     		b	.L10
 1125              	.LVL96:
 1126              	.L62:
 132:PhysmodBar.cpp **** 
 1127              		.loc 10 132 32 view .LVU345
 1128 055e CDED076A 		vstr.32	s13, [sp, #28]	@ int
 1129 0562 8DED066A 		vstr.32	s12, [sp, #24]	@ int
 1130 0566 CDED055A 		vstr.32	s11, [sp, #20]	@ int
 1131 056a CDED044A 		vstr.32	s9, [sp, #16]	@ int
 1132 056e CDED033A 		vstr.32	s7, [sp, #12]	@ int
 1133 0572 8DED022A 		vstr.32	s4, [sp, #8]	@ int
 1134 0576 8DED015A 		vstr.32	s10, [sp, #4]	@ int
 160:PhysmodBar.cpp ****                             / (2.0f * K2);
 1135              		.loc 10 160 41 view .LVU346
 1136 057a FFF7FEFF 		bl	sqrtf
 1137              	.LVL97:
 160:PhysmodBar.cpp ****                             / (2.0f * K2);
 1138              		.loc 10 160 41 view .LVU347
 1139 057e DDED076A 		vldr.32	s13, [sp, #28]	@ int
 1140 0582 F0EE407A 		vmov.f32	s15, s0
 1141 0586 9DED066A 		vldr.32	s12, [sp, #24]	@ int
 1142 058a DDED055A 		vldr.32	s11, [sp, #20]	@ int
 1143 058e DDED044A 		vldr.32	s9, [sp, #16]	@ int
 1144 0592 DDED033A 		vldr.32	s7, [sp, #12]	@ int
 1145 0596 9DED022A 		vldr.32	s4, [sp, #8]	@ int
 1146 059a 9DED015A 		vldr.32	s10, [sp, #4]	@ int
 1147 059e D3E5     		b	.L28
 1148              	.LVL98:
 1149              	.L61:
 160:PhysmodBar.cpp ****                             / (2.0f * K2);
 1150              		.loc 10 160 41 view .LVU348
 1151 05a0 CDED086A 		vstr.32	s13, [sp, #32]	@ int
 1152 05a4 8DED076A 		vstr.32	s12, [sp, #28]	@ int
 1153 05a8 CDED065A 		vstr.32	s11, [sp, #24]	@ int
 1154 05ac 8DED055A 		vstr.32	s10, [sp, #20]	@ int
 1155 05b0 CDED044A 		vstr.32	s9, [sp, #16]	@ int
 1156 05b4 8DED034A 		vstr.32	s8, [sp, #12]	@ int
 1157 05b8 CDED023A 		vstr.32	s7, [sp, #8]	@ int
 1158 05bc 8DED012A 		vstr.32	s4, [sp, #4]	@ int
 140:PhysmodBar.cpp ****                          + sqrtf(g2k2 * g2k2
 1159              		.loc 10 140 24 view .LVU349
 1160 05c0 FFF7FEFF 		bl	sqrtf
 1161              	.LVL99:
 1162 05c4 DDED086A 		vldr.32	s13, [sp, #32]	@ int
 1163 05c8 B0EE407A 		vmov.f32	s14, s0
 1164 05cc 9DED076A 		vldr.32	s12, [sp, #28]	@ int
 1165 05d0 DDED065A 		vldr.32	s11, [sp, #24]	@ int
ARM GAS  C:\Users\isaia\AppData\Local\Temp\ccAwOTrI.s 			page 39


 1166 05d4 9DED055A 		vldr.32	s10, [sp, #20]	@ int
 1167 05d8 DDED044A 		vldr.32	s9, [sp, #16]	@ int
 1168 05dc 9DED034A 		vldr.32	s8, [sp, #12]	@ int
 1169 05e0 DDED023A 		vldr.32	s7, [sp, #8]	@ int
 1170 05e4 9DED012A 		vldr.32	s4, [sp, #4]	@ int
 1171 05e8 77E5     		b	.L22
 1172              	.LVL100:
 1173              	.L67:
 144:PhysmodBar.cpp ****         if(N < 4)     N = 4;
 1174              		.loc 10 144 11 view .LVU350
 1175 05ea C5ED017A 		vstr.32	s15, [r5, #4]	@ int
 147:PhysmodBar.cpp ****         n_int = N - 1;
 1176              		.loc 10 147 24 view .LVU351
 1177 05ee F8EEE77A 		vcvt.f32.s32	s15, s15
 148:PhysmodBar.cpp **** 
 1178              		.loc 10 148 19 view .LVU352
 1179 05f2 5A1E     		subs	r2, r3, #1
 147:PhysmodBar.cpp ****         n_int = N - 1;
 1180              		.loc 10 147 15 view .LVU353
 1181 05f4 C3EE27AA 		vdiv.f32	s21, s6, s15
 150:PhysmodBar.cpp ****         const float lambda = gam * k / h;
 1182              		.loc 10 150 42 view .LVU354
 1183 05f8 6AEEAADA 		vmul.f32	s27, s21, s21
 1184 05fc 7FE5     		b	.L24
 1185              		.cfi_endproc
 1186              	.LFE4904:
 1188 05fe 00BF     		.section	.text._ZL13TriggerStrikev,"ax",%progbits
 1189              		.align	1
 1190              		.p2align 2,,3
 1191              		.syntax unified
 1192              		.thumb
 1193              		.thumb_func
 1194              		.fpu fpv5-d16
 1196              	_ZL13TriggerStrikev:
 1197              	.LFB4912:
 230:PhysmodBar.cpp **** 
 231:PhysmodBar.cpp ****     /* ---------------------------------------------------------------
 232:PhysmodBar.cpp ****      *  Process – advance one sample, return stereo output
 233:PhysmodBar.cpp ****      * ------------------------------------------------------------- */
 234:PhysmodBar.cpp ****     void Process(float& out_l, float& out_r)
 235:PhysmodBar.cpp ****     {
 236:PhysmodBar.cpp ****         if(!active) { out_l = out_r = 0.0f; return; }
 237:PhysmodBar.cpp **** 
 238:PhysmodBar.cpp ****         const int n = n_int;
 239:PhysmodBar.cpp **** 
 240:PhysmodBar.cpp ****         /* RHS = B·u1 − C·u2  (combined loop, no extra buffer) */
 241:PhysmodBar.cpp ****         for(int i = 0; i < n; i++)
 242:PhysmodBar.cpp ****         {
 243:PhysmodBar.cpp ****             float bv = B_main * u1[i];
 244:PhysmodBar.cpp ****             float cv = C_main * u2[i];
 245:PhysmodBar.cpp ****             if(i > 0)     { bv += B_off1 * u1[i - 1]; cv += C_off * u2[i - 1]; }
 246:PhysmodBar.cpp ****             if(i < n - 1) { bv += B_off1 * u1[i + 1]; cv += C_off * u2[i + 1]; }
 247:PhysmodBar.cpp ****             if(i > 1)       bv += B_off2 * u1[i - 2];
 248:PhysmodBar.cpp ****             if(i < n - 2)   bv += B_off2 * u1[i + 2];
 249:PhysmodBar.cpp ****             tmp_rhs[i] = bv - cv;
 250:PhysmodBar.cpp ****         }
 251:PhysmodBar.cpp **** 
ARM GAS  C:\Users\isaia\AppData\Local\Temp\ccAwOTrI.s 			page 40


 252:PhysmodBar.cpp ****         /* Solve A·u = rhs  (Thomas algorithm, pre-factored) */
 253:PhysmodBar.cpp ****         tmp_rhs[0] *= th_invm[0];
 254:PhysmodBar.cpp ****         for(int i = 1; i < n; i++)
 255:PhysmodBar.cpp ****             tmp_rhs[i] = (tmp_rhs[i] - A_off * tmp_rhs[i - 1]) * th_invm[i];
 256:PhysmodBar.cpp ****         for(int i = n - 2; i >= 0; i--)
 257:PhysmodBar.cpp ****             tmp_rhs[i] -= th_c[i] * tmp_rhs[i + 1];
 258:PhysmodBar.cpp **** 
 259:PhysmodBar.cpp ****         /* Copy solution into u */
 260:PhysmodBar.cpp ****         memcpy(u, tmp_rhs, n * sizeof(float));
 261:PhysmodBar.cpp **** 
 262:PhysmodBar.cpp ****         /* Stereo readout with linear interpolation */
 263:PhysmodBar.cpp ****         out_l = (1.0f - rp_frac[0]) * u[rp_idx[0]]
 264:PhysmodBar.cpp ****                 + rp_frac[0] * u[rp_idx[0] + 1];
 265:PhysmodBar.cpp ****         out_r = (1.0f - rp_frac[1]) * u[rp_idx[1]]
 266:PhysmodBar.cpp ****                 + rp_frac[1] * u[rp_idx[1] + 1];
 267:PhysmodBar.cpp **** 
 268:PhysmodBar.cpp ****         /* Attack ramp to avoid click from pluck displacement discontinuity */
 269:PhysmodBar.cpp ****         if(attack_env < 1.0f)
 270:PhysmodBar.cpp ****         {
 271:PhysmodBar.cpp ****             out_l *= attack_env;
 272:PhysmodBar.cpp ****             out_r *= attack_env;
 273:PhysmodBar.cpp ****             attack_env += attack_inc;
 274:PhysmodBar.cpp ****             if(attack_env > 1.0f) attack_env = 1.0f;
 275:PhysmodBar.cpp ****         }
 276:PhysmodBar.cpp **** 
 277:PhysmodBar.cpp ****         /* Shift state: u2 ← u1 ← u */
 278:PhysmodBar.cpp ****         memcpy(u2, u1, n * sizeof(float));
 279:PhysmodBar.cpp ****         memcpy(u1, u,  n * sizeof(float));
 280:PhysmodBar.cpp **** 
 281:PhysmodBar.cpp ****         sample_idx++;
 282:PhysmodBar.cpp **** 
 283:PhysmodBar.cpp ****         /* Deactivate on max duration */
 284:PhysmodBar.cpp ****         if(sample_idx >= NF) { active = false; return; }
 285:PhysmodBar.cpp **** 
 286:PhysmodBar.cpp ****         /* Periodic silence check (every ~4096 samples ≈ 85 ms) */
 287:PhysmodBar.cpp ****         if((sample_idx & 4095) == 0)
 288:PhysmodBar.cpp ****         {
 289:PhysmodBar.cpp ****             float peak = 0.0f;
 290:PhysmodBar.cpp ****             for(int i = 0; i < n; i++)
 291:PhysmodBar.cpp ****             {
 292:PhysmodBar.cpp ****                 float a = fabsf(u[i]);
 293:PhysmodBar.cpp ****                 if(a > peak) peak = a;
 294:PhysmodBar.cpp ****             }
 295:PhysmodBar.cpp ****             if(peak < SILENCE_THR) active = false;
 296:PhysmodBar.cpp ****         }
 297:PhysmodBar.cpp ****     }
 298:PhysmodBar.cpp **** };
 299:PhysmodBar.cpp **** 
 300:PhysmodBar.cpp **** /* ====================================================================
 301:PhysmodBar.cpp ****  *  Globals
 302:PhysmodBar.cpp ****  * ==================================================================== */
 303:PhysmodBar.cpp **** static StiffStringVoice voices[MAX_VOICES];
 304:PhysmodBar.cpp **** static planter          euro;
 305:PhysmodBar.cpp **** 
 306:PhysmodBar.cpp **** /* Trigger edge detection */
 307:PhysmodBar.cpp **** static bool prev_button = false;
 308:PhysmodBar.cpp **** static bool prev_gate1  = false;
ARM GAS  C:\Users\isaia\AppData\Local\Temp\ccAwOTrI.s 			page 41


 309:PhysmodBar.cpp **** 
 310:PhysmodBar.cpp **** /* LED flash counter (audio blocks) */
 311:PhysmodBar.cpp **** static int led_flash_ctr = 0;
 312:PhysmodBar.cpp **** 
 313:PhysmodBar.cpp **** /* ====================================================================
 314:PhysmodBar.cpp ****  *  TriggerStrike – sample knobs, allocate a voice, initialise it
 315:PhysmodBar.cpp ****  * ==================================================================== */
 316:PhysmodBar.cpp **** static void TriggerStrike()
 317:PhysmodBar.cpp **** {
 1198              		.loc 10 317 1 is_stmt 1 view -0
 1199              		.cfi_startproc
 1200              		@ args = 0, pretend = 0, frame = 0
 1201              		@ frame_needed = 0, uses_anonymous_args = 0
 318:PhysmodBar.cpp ****     /* Find a free voice, or prefer one already fading, else steal oldest */
 319:PhysmodBar.cpp ****     int  idx      = -1;
 1202              		.loc 10 319 5 view .LVU356
 1203              	.LVL101:
 320:PhysmodBar.cpp ****     bool was_free = false;
 1204              		.loc 10 320 5 view .LVU357
 321:PhysmodBar.cpp ****     int  fading_idx = -1;
 1205              		.loc 10 321 5 view .LVU358
 322:PhysmodBar.cpp ****     int  oldest   = 0, oldest_age = -1;
 1206              		.loc 10 322 5 view .LVU359
 323:PhysmodBar.cpp ****     for(int i = 0; i < MAX_VOICES; i++)
 1207              		.loc 10 323 5 view .LVU360
 1208              	.LBB273:
 1209              		.loc 10 323 22 view .LVU361
 1210              	.LBE273:
 317:PhysmodBar.cpp ****     /* Find a free voice, or prefer one already fading, else steal oldest */
 1211              		.loc 10 317 1 is_stmt 0 view .LVU362
 1212 0000 F8B5     		push	{r3, r4, r5, r6, r7, lr}
 1213              		.cfi_def_cfa_offset 24
 1214              		.cfi_offset 3, -24
 1215              		.cfi_offset 4, -20
 1216              		.cfi_offset 5, -16
 1217              		.cfi_offset 6, -12
 1218              		.cfi_offset 7, -8
 1219              		.cfi_offset 14, -4
 1220              	.LBB274:
 1221              		.loc 10 323 13 view .LVU363
 1222 0002 0022     		movs	r2, #0
 1223 0004 734E     		ldr	r6, .L92
 1224              	.LBE274:
 322:PhysmodBar.cpp ****     int  oldest   = 0, oldest_age = -1;
 1225              		.loc 10 322 24 view .LVU364
 1226 0006 4FF0FF30 		mov	r0, #-1
 1227 000a 3346     		mov	r3, r6
 322:PhysmodBar.cpp ****     int  oldest   = 0, oldest_age = -1;
 1228              		.loc 10 322 10 view .LVU365
 1229 000c 1546     		mov	r5, r2
 321:PhysmodBar.cpp ****     int  oldest   = 0, oldest_age = -1;
 1230              		.loc 10 321 10 view .LVU366
 1231 000e 0446     		mov	r4, r0
 317:PhysmodBar.cpp ****     /* Find a free voice, or prefer one already fading, else steal oldest */
 1232              		.loc 10 317 1 view .LVU367
 1233 0010 2DED088B 		vpush.64	{d8, d9, d10, d11}
 1234              		.cfi_def_cfa_offset 56
ARM GAS  C:\Users\isaia\AppData\Local\Temp\ccAwOTrI.s 			page 42


 1235              		.cfi_offset 80, -56
 1236              		.cfi_offset 81, -52
 1237              		.cfi_offset 82, -48
 1238              		.cfi_offset 83, -44
 1239              		.cfi_offset 84, -40
 1240              		.cfi_offset 85, -36
 1241              		.cfi_offset 86, -32
 1242              		.cfi_offset 87, -28
 1243              	.LVL102:
 1244              	.L76:
 1245              	.LBB275:
 324:PhysmodBar.cpp ****     {
 325:PhysmodBar.cpp ****         if(!voices[i].active)
 1246              		.loc 10 325 9 is_stmt 1 view .LVU368
 326:PhysmodBar.cpp ****         {
 327:PhysmodBar.cpp ****             idx = i; was_free = true; break;
 328:PhysmodBar.cpp ****         }
 329:PhysmodBar.cpp ****         /* Prefer a voice already fading — it's about to be freed anyway */
 330:PhysmodBar.cpp ****         if(voices[i].fading_out && fading_idx < 0)
 1247              		.loc 10 330 9 view .LVU369
 325:PhysmodBar.cpp ****         {
 1248              		.loc 10 325 9 is_stmt 0 view .LVU370
 1249 0014 1978     		ldrb	r1, [r3]	@ zero_extendqisi2
 1250 0016 0029     		cmp	r1, #0
 1251 0018 00F0D580 		beq	.L80
 1252              		.loc 10 330 33 view .LVU371
 1253 001c 93F82812 		ldrb	r1, [r3, #552]	@ zero_extendqisi2
 1254 0020 19B1     		cbz	r1, .L72
 1255 0022 B4F1FF3F 		cmp	r4, #-1
 1256 0026 08BF     		it	eq
 1257 0028 1446     		moveq	r4, r2
 1258              	.LVL103:
 1259              	.L72:
 331:PhysmodBar.cpp ****             fading_idx = i;
 332:PhysmodBar.cpp ****         if(voices[i].sample_idx > oldest_age)
 1260              		.loc 10 332 9 is_stmt 1 view .LVU372
 1261              		.loc 10 332 22 is_stmt 0 view .LVU373
 1262 002a 1969     		ldr	r1, [r3, #16]
 323:PhysmodBar.cpp ****     {
 1263              		.loc 10 323 22 view .LVU374
 1264 002c 03F51973 		add	r3, r3, #612
 1265              		.loc 10 332 9 view .LVU375
 1266 0030 8142     		cmp	r1, r0
 1267 0032 01DD     		ble	.L74
 1268 0034 1546     		mov	r5, r2
 1269 0036 0846     		mov	r0, r1
 1270              	.LVL104:
 1271              	.L74:
 323:PhysmodBar.cpp ****     {
 1272              		.loc 10 323 5 is_stmt 1 discriminator 2 view .LVU376
 1273 0038 0132     		adds	r2, r2, #1
 1274              	.LVL105:
 323:PhysmodBar.cpp ****     {
 1275              		.loc 10 323 22 discriminator 2 view .LVU377
 1276 003a 042A     		cmp	r2, #4
 1277 003c EAD1     		bne	.L76
 323:PhysmodBar.cpp ****     {
ARM GAS  C:\Users\isaia\AppData\Local\Temp\ccAwOTrI.s 			page 43


 1278              		.loc 10 323 22 is_stmt 0 discriminator 2 view .LVU378
 1279              	.LBE275:
 333:PhysmodBar.cpp ****         {
 334:PhysmodBar.cpp ****             oldest_age = voices[i].sample_idx;
 335:PhysmodBar.cpp ****             oldest     = i;
 336:PhysmodBar.cpp ****         }
 337:PhysmodBar.cpp ****     }
 338:PhysmodBar.cpp ****     if(idx < 0)
 1280              		.loc 10 338 5 is_stmt 1 view .LVU379
 339:PhysmodBar.cpp ****     {
 340:PhysmodBar.cpp ****         /* No free voice: reuse one already fading if possible, else steal oldest */
 341:PhysmodBar.cpp ****         idx = (fading_idx >= 0) ? fading_idx : oldest;
 1281              		.loc 10 341 9 view .LVU380
 1282              		.loc 10 341 33 is_stmt 0 view .LVU381
 1283 003e 631C     		adds	r3, r4, #1
 1284 0040 00F0C480 		beq	.L90
 320:PhysmodBar.cpp ****     int  fading_idx = -1;
 1285              		.loc 10 320 10 view .LVU382
 1286 0044 0027     		movs	r7, #0
 1287              	.LVL106:
 1288              	.L71:
 342:PhysmodBar.cpp ****     }
 343:PhysmodBar.cpp **** 
 344:PhysmodBar.cpp ****     const float SR = euro.patch.AudioSampleRate();
 1289              		.loc 10 344 5 is_stmt 1 view .LVU383
 1290              		.loc 10 344 48 is_stmt 0 view .LVU384
 1291 0046 644D     		ldr	r5, .L92+4
 1292 0048 05F1B800 		add	r0, r5, #184
 1293              	.LVL107:
 1294              		.loc 10 344 48 view .LVU385
 1295 004c FFF7FEFF 		bl	_ZN5daisy8patch_sm12DaisyPatchSM15AudioSampleRateEv
 1296              	.LVL108:
 345:PhysmodBar.cpp **** 
 346:PhysmodBar.cpp ****     /* Read knob values (all return 0.0–1.0) */
 347:PhysmodBar.cpp ****     const float k1 = euro.GetKnobValue(planter::KNOB_1);
 1297              		.loc 10 347 39 view .LVU386
 1298 0050 0421     		movs	r1, #4
 1299 0052 2846     		mov	r0, r5
 344:PhysmodBar.cpp **** 
 1300              		.loc 10 344 48 view .LVU387
 1301 0054 F0EE409A 		vmov.f32	s19, s0
 1302              	.LVL109:
 1303              		.loc 10 347 5 is_stmt 1 view .LVU388
 1304              		.loc 10 347 39 is_stmt 0 view .LVU389
 1305 0058 FFF7FEFF 		bl	_ZN9anachrome7planter12GetKnobValueEi
 1306              	.LVL110:
 348:PhysmodBar.cpp ****     const float k2 = euro.GetKnobValue(planter::KNOB_2);
 1307              		.loc 10 348 39 view .LVU390
 1308 005c 0521     		movs	r1, #5
 1309 005e 2846     		mov	r0, r5
 347:PhysmodBar.cpp ****     const float k2 = euro.GetKnobValue(planter::KNOB_2);
 1310              		.loc 10 347 39 view .LVU391
 1311 0060 B0EE409A 		vmov.f32	s18, s0
 1312              	.LVL111:
 1313              		.loc 10 348 5 is_stmt 1 view .LVU392
 1314              		.loc 10 348 39 is_stmt 0 view .LVU393
 1315 0064 FFF7FEFF 		bl	_ZN9anachrome7planter12GetKnobValueEi
ARM GAS  C:\Users\isaia\AppData\Local\Temp\ccAwOTrI.s 			page 44


 1316              	.LVL112:
 349:PhysmodBar.cpp ****     const float k3 = euro.GetKnobValue(planter::KNOB_3);
 1317              		.loc 10 349 39 view .LVU394
 1318 0068 0621     		movs	r1, #6
 1319 006a 2846     		mov	r0, r5
 348:PhysmodBar.cpp ****     const float k2 = euro.GetKnobValue(planter::KNOB_2);
 1320              		.loc 10 348 39 view .LVU395
 1321 006c B0EE40AA 		vmov.f32	s20, s0
 1322              	.LVL113:
 1323              		.loc 10 349 5 is_stmt 1 view .LVU396
 1324              		.loc 10 349 39 is_stmt 0 view .LVU397
 1325 0070 FFF7FEFF 		bl	_ZN9anachrome7planter12GetKnobValueEi
 1326              	.LVL114:
 350:PhysmodBar.cpp ****     const float k4 = euro.GetKnobValue(planter::KNOB_4);
 1327              		.loc 10 350 39 view .LVU398
 1328 0074 0721     		movs	r1, #7
 1329 0076 2846     		mov	r0, r5
 349:PhysmodBar.cpp ****     const float k3 = euro.GetKnobValue(planter::KNOB_3);
 1330              		.loc 10 349 39 view .LVU399
 1331 0078 B0EE408A 		vmov.f32	s16, s0
 1332              	.LVL115:
 1333              		.loc 10 350 5 is_stmt 1 view .LVU400
 1334              		.loc 10 350 39 is_stmt 0 view .LVU401
 1335 007c FFF7FEFF 		bl	_ZN9anachrome7planter12GetKnobValueEi
 1336              	.LVL116:
 351:PhysmodBar.cpp ****     const float k5 = euro.GetKnobValue(planter::KNOB_5);
 1337              		.loc 10 351 39 view .LVU402
 1338 0080 0821     		movs	r1, #8
 1339 0082 2846     		mov	r0, r5
 350:PhysmodBar.cpp ****     const float k4 = euro.GetKnobValue(planter::KNOB_4);
 1340              		.loc 10 350 39 view .LVU403
 1341 0084 B0EE40BA 		vmov.f32	s22, s0
 1342              	.LVL117:
 1343              		.loc 10 351 5 is_stmt 1 view .LVU404
 1344              		.loc 10 351 39 is_stmt 0 view .LVU405
 1345 0088 FFF7FEFF 		bl	_ZN9anachrome7planter12GetKnobValueEi
 1346              	.LVL118:
 352:PhysmodBar.cpp ****     const float k6 = euro.GetKnobValue(planter::KNOB_6);
 1347              		.loc 10 352 39 view .LVU406
 1348 008c 0921     		movs	r1, #9
 1349 008e 2846     		mov	r0, r5
 351:PhysmodBar.cpp ****     const float k5 = euro.GetKnobValue(planter::KNOB_5);
 1350              		.loc 10 351 39 view .LVU407
 1351 0090 F0EE408A 		vmov.f32	s17, s0
 1352              	.LVL119:
 1353              		.loc 10 352 5 is_stmt 1 view .LVU408
 1354              		.loc 10 352 39 is_stmt 0 view .LVU409
 1355 0094 FFF7FEFF 		bl	_ZN9anachrome7planter12GetKnobValueEi
 1356              	.LVL120:
 353:PhysmodBar.cpp **** 
 354:PhysmodBar.cpp ****     /* Read CV In 1 for 1 V/oct pitch offset (±5 V → ±60 semitones) */
 355:PhysmodBar.cpp ****     const float cv1_volts = euro.GetCvIn(0) * 5.0f;
 1357              		.loc 10 355 41 view .LVU410
 1358 0098 0021     		movs	r1, #0
 1359 009a 2846     		mov	r0, r5
 352:PhysmodBar.cpp ****     const float k6 = euro.GetKnobValue(planter::KNOB_6);
 1360              		.loc 10 352 39 view .LVU411
ARM GAS  C:\Users\isaia\AppData\Local\Temp\ccAwOTrI.s 			page 45


 1361 009c F0EE40AA 		vmov.f32	s21, s0
 1362              	.LVL121:
 1363              		.loc 10 355 5 is_stmt 1 view .LVU412
 1364              		.loc 10 355 41 is_stmt 0 view .LVU413
 1365 00a0 FFF7FEFF 		bl	_ZN9anachrome7planter7GetCvInEi
 1366              	.LVL122:
 356:PhysmodBar.cpp **** 
 357:PhysmodBar.cpp ****     /* ---- Map to physical parameters ---- */
 358:PhysmodBar.cpp ****     // Knob 1: coarse pitch  C1–C7; KNOB 5: fine tune ±1 semitone; CV In 1: 1V/oct
 359:PhysmodBar.cpp ****     float midi_note = 24.0f + k1 * 72.0f;    // C1 (24) – C7 (96)
 1367              		.loc 10 359 11 view .LVU414
 1368 00a4 F3EE086A 		vmov.f32	s13, #2.4e+1
 355:PhysmodBar.cpp **** 
 1369              		.loc 10 355 41 view .LVU415
 1370 00a8 B0EE407A 		vmov.f32	s14, s0
 1371              	.LVL123:
 1372              		.loc 10 359 5 is_stmt 1 view .LVU416
 1373              		.loc 10 359 11 is_stmt 0 view .LVU417
 1374 00ac DFED4B5A 		vldr.32	s11, .L92+8
 360:PhysmodBar.cpp ****     midi_note      += (k5 * 2.0f - 1.0f);    // fine tune: -1 to +1 semitone
 1375              		.loc 10 360 34 view .LVU418
 1376 00b0 B0EE000A 		vmov.f32	s0, #2.0e+0
 1377              	.LVL124:
 1378              		.loc 10 360 34 view .LVU419
 1379 00b4 FFEE007A 		vmov.f32	s15, #-1.0e+0
 359:PhysmodBar.cpp ****     midi_note      += (k5 * 2.0f - 1.0f);    // fine tune: -1 to +1 semitone
 1380              		.loc 10 359 11 view .LVU420
 1381 00b8 E9EE256A 		vfma.f32	s13, s18, s11
 1382              	.LVL125:
 1383              		.loc 10 360 5 is_stmt 1 view .LVU421
 1384              	.LBB276:
 1385              	.LBB277:
 1386              		.file 11 "../../DaisySP//Source/Utility/dsp.h"
   1:../../DaisySP//Source/Utility/dsp.h **** /*
   2:../../DaisySP//Source/Utility/dsp.h **** Copyright (c) 2020 Electrosmith, Corp, Emilie Gillet
   3:../../DaisySP//Source/Utility/dsp.h **** 
   4:../../DaisySP//Source/Utility/dsp.h **** Use of this source code is governed by an MIT-style
   5:../../DaisySP//Source/Utility/dsp.h **** license that can be found in the LICENSE file or at
   6:../../DaisySP//Source/Utility/dsp.h **** https://opensource.org/licenses/MIT.
   7:../../DaisySP//Source/Utility/dsp.h **** */
   8:../../DaisySP//Source/Utility/dsp.h **** 
   9:../../DaisySP//Source/Utility/dsp.h **** /** Helpful defines, functions, and other utilities for use in/with daisysp modules.
  10:../../DaisySP//Source/Utility/dsp.h **** */
  11:../../DaisySP//Source/Utility/dsp.h **** #pragma once
  12:../../DaisySP//Source/Utility/dsp.h **** #ifndef DSY_CORE_DSP
  13:../../DaisySP//Source/Utility/dsp.h **** #define DSY_CORE_DSP
  14:../../DaisySP//Source/Utility/dsp.h **** #include <cassert>
  15:../../DaisySP//Source/Utility/dsp.h **** #include <cstdint>
  16:../../DaisySP//Source/Utility/dsp.h **** #include <random>
  17:../../DaisySP//Source/Utility/dsp.h **** #include <cmath>
  18:../../DaisySP//Source/Utility/dsp.h **** 
  19:../../DaisySP//Source/Utility/dsp.h **** /** PIs
  20:../../DaisySP//Source/Utility/dsp.h **** */
  21:../../DaisySP//Source/Utility/dsp.h **** #define PI_F 3.1415927410125732421875f
  22:../../DaisySP//Source/Utility/dsp.h **** #define TWOPI_F (2.0f * PI_F)
  23:../../DaisySP//Source/Utility/dsp.h **** #define HALFPI_F (PI_F * 0.5f)
  24:../../DaisySP//Source/Utility/dsp.h **** #define DSY_MIN(in, mn) (in < mn ? in : mn)
ARM GAS  C:\Users\isaia\AppData\Local\Temp\ccAwOTrI.s 			page 46


  25:../../DaisySP//Source/Utility/dsp.h **** #define DSY_MAX(in, mx) (in > mx ? in : mx)
  26:../../DaisySP//Source/Utility/dsp.h **** #define DSY_CLAMP(in, mn, mx) (DSY_MIN(DSY_MAX(in, mn), mx))
  27:../../DaisySP//Source/Utility/dsp.h **** #define DSY_COUNTOF(_arr) (sizeof(_arr) / sizeof(_arr[0]))
  28:../../DaisySP//Source/Utility/dsp.h **** 
  29:../../DaisySP//Source/Utility/dsp.h **** namespace daisysp
  30:../../DaisySP//Source/Utility/dsp.h **** {
  31:../../DaisySP//Source/Utility/dsp.h **** //Avoids division for random floats. e.g. rand() * kRandFrac
  32:../../DaisySP//Source/Utility/dsp.h **** static constexpr float kRandFrac = 1.f / (float)RAND_MAX;
  33:../../DaisySP//Source/Utility/dsp.h **** 
  34:../../DaisySP//Source/Utility/dsp.h **** //Convert from semitones to other units. e.g. 2 ^ (kOneTwelfth * x)
  35:../../DaisySP//Source/Utility/dsp.h **** static constexpr float kOneTwelfth = 1.f / 12.f;
  36:../../DaisySP//Source/Utility/dsp.h **** 
  37:../../DaisySP//Source/Utility/dsp.h **** /** efficient floating point min/max
  38:../../DaisySP//Source/Utility/dsp.h **** c/o stephen mccaul
  39:../../DaisySP//Source/Utility/dsp.h **** */
  40:../../DaisySP//Source/Utility/dsp.h **** inline float fmax(float a, float b)
  41:../../DaisySP//Source/Utility/dsp.h **** {
  42:../../DaisySP//Source/Utility/dsp.h ****     float r;
  43:../../DaisySP//Source/Utility/dsp.h **** #ifdef __arm__
  44:../../DaisySP//Source/Utility/dsp.h ****     asm("vmaxnm.f32 %[d], %[n], %[m]" : [d] "=t"(r) : [n] "t"(a), [m] "t"(b) :);
  45:../../DaisySP//Source/Utility/dsp.h **** #else
  46:../../DaisySP//Source/Utility/dsp.h ****     r = (a > b) ? a : b;
  47:../../DaisySP//Source/Utility/dsp.h **** #endif // __arm__
  48:../../DaisySP//Source/Utility/dsp.h ****     return r;
  49:../../DaisySP//Source/Utility/dsp.h **** }
  50:../../DaisySP//Source/Utility/dsp.h **** 
  51:../../DaisySP//Source/Utility/dsp.h **** inline float fmin(float a, float b)
  52:../../DaisySP//Source/Utility/dsp.h **** {
  53:../../DaisySP//Source/Utility/dsp.h ****     float r;
  54:../../DaisySP//Source/Utility/dsp.h **** #ifdef __arm__
  55:../../DaisySP//Source/Utility/dsp.h ****     asm("vminnm.f32 %[d], %[n], %[m]" : [d] "=t"(r) : [n] "t"(a), [m] "t"(b) :);
  56:../../DaisySP//Source/Utility/dsp.h **** #else
  57:../../DaisySP//Source/Utility/dsp.h ****     r = (a < b) ? a : b;
  58:../../DaisySP//Source/Utility/dsp.h **** #endif // __arm__
  59:../../DaisySP//Source/Utility/dsp.h ****     return r;
  60:../../DaisySP//Source/Utility/dsp.h **** }
  61:../../DaisySP//Source/Utility/dsp.h **** 
  62:../../DaisySP//Source/Utility/dsp.h **** /** quick fp clamp
  63:../../DaisySP//Source/Utility/dsp.h **** */
  64:../../DaisySP//Source/Utility/dsp.h **** inline float fclamp(float in, float min, float max)
  65:../../DaisySP//Source/Utility/dsp.h **** {
  66:../../DaisySP//Source/Utility/dsp.h ****     return fmin(fmax(in, min), max);
  67:../../DaisySP//Source/Utility/dsp.h **** }
  68:../../DaisySP//Source/Utility/dsp.h **** 
  69:../../DaisySP//Source/Utility/dsp.h **** /** From Musicdsp.org "Fast power and root estimates for 32bit floats)
  70:../../DaisySP//Source/Utility/dsp.h **** Original code by Stefan Stenzel
  71:../../DaisySP//Source/Utility/dsp.h **** These are approximations
  72:../../DaisySP//Source/Utility/dsp.h **** */
  73:../../DaisySP//Source/Utility/dsp.h **** inline float fastpower(float f, int n)
  74:../../DaisySP//Source/Utility/dsp.h **** {
  75:../../DaisySP//Source/Utility/dsp.h ****     long *lp, l;
  76:../../DaisySP//Source/Utility/dsp.h ****     lp = (long *)(&f);
  77:../../DaisySP//Source/Utility/dsp.h ****     l  = *lp;
  78:../../DaisySP//Source/Utility/dsp.h ****     l -= 0x3F800000;
  79:../../DaisySP//Source/Utility/dsp.h ****     l <<= (n - 1);
  80:../../DaisySP//Source/Utility/dsp.h ****     l += 0x3F800000;
  81:../../DaisySP//Source/Utility/dsp.h ****     *lp = l;
ARM GAS  C:\Users\isaia\AppData\Local\Temp\ccAwOTrI.s 			page 47


  82:../../DaisySP//Source/Utility/dsp.h ****     return f;
  83:../../DaisySP//Source/Utility/dsp.h **** }
  84:../../DaisySP//Source/Utility/dsp.h **** 
  85:../../DaisySP//Source/Utility/dsp.h **** inline float fastroot(float f, int n)
  86:../../DaisySP//Source/Utility/dsp.h **** {
  87:../../DaisySP//Source/Utility/dsp.h ****     long *lp, l;
  88:../../DaisySP//Source/Utility/dsp.h ****     lp = (long *)(&f);
  89:../../DaisySP//Source/Utility/dsp.h ****     l  = *lp;
  90:../../DaisySP//Source/Utility/dsp.h ****     l -= 0x3F800000;
  91:../../DaisySP//Source/Utility/dsp.h ****     l >>= (n - 1);
  92:../../DaisySP//Source/Utility/dsp.h ****     l += 0x3F800000;
  93:../../DaisySP//Source/Utility/dsp.h ****     *lp = l;
  94:../../DaisySP//Source/Utility/dsp.h ****     return f;
  95:../../DaisySP//Source/Utility/dsp.h **** }
  96:../../DaisySP//Source/Utility/dsp.h **** 
  97:../../DaisySP//Source/Utility/dsp.h **** /** Significantly more efficient than fmodf(x, 1.0f) for calculating
  98:../../DaisySP//Source/Utility/dsp.h ****  *  the decimal part of a floating point value.
  99:../../DaisySP//Source/Utility/dsp.h ****  */
 100:../../DaisySP//Source/Utility/dsp.h **** inline float fastmod1f(float x)
 101:../../DaisySP//Source/Utility/dsp.h **** {
 102:../../DaisySP//Source/Utility/dsp.h ****     return x - floorf(x);
 103:../../DaisySP//Source/Utility/dsp.h **** }
 104:../../DaisySP//Source/Utility/dsp.h **** 
 105:../../DaisySP//Source/Utility/dsp.h **** /** From http://openaudio.blogspot.com/2017/02/faster-log10-and-pow.html
 106:../../DaisySP//Source/Utility/dsp.h **** No approximation, pow10f(x) gives a 90% speed increase over powf(10.f, x)
 107:../../DaisySP//Source/Utility/dsp.h **** */
 108:../../DaisySP//Source/Utility/dsp.h **** inline float pow10f(float f)
 109:../../DaisySP//Source/Utility/dsp.h **** {
 110:../../DaisySP//Source/Utility/dsp.h ****     return expf(2.302585092994046f * f);
 111:../../DaisySP//Source/Utility/dsp.h **** }
 112:../../DaisySP//Source/Utility/dsp.h **** 
 113:../../DaisySP//Source/Utility/dsp.h **** /* Original code for fastlog2f by Dr. Paul Beckmann from the ARM community forum, adapted from the 
 114:../../DaisySP//Source/Utility/dsp.h **** About 25% performance increase over std::log10f
 115:../../DaisySP//Source/Utility/dsp.h **** */
 116:../../DaisySP//Source/Utility/dsp.h **** inline float fastlog2f(float f)
 117:../../DaisySP//Source/Utility/dsp.h **** {
 118:../../DaisySP//Source/Utility/dsp.h ****     float frac;
 119:../../DaisySP//Source/Utility/dsp.h ****     int   exp;
 120:../../DaisySP//Source/Utility/dsp.h ****     frac = frexpf(fabsf(f), &exp);
 121:../../DaisySP//Source/Utility/dsp.h ****     f    = 1.23149591368684f;
 122:../../DaisySP//Source/Utility/dsp.h ****     f *= frac;
 123:../../DaisySP//Source/Utility/dsp.h ****     f += -4.11852516267426f;
 124:../../DaisySP//Source/Utility/dsp.h ****     f *= frac;
 125:../../DaisySP//Source/Utility/dsp.h ****     f += 6.02197014179219f;
 126:../../DaisySP//Source/Utility/dsp.h ****     f *= frac;
 127:../../DaisySP//Source/Utility/dsp.h ****     f += -3.13396450166353f;
 128:../../DaisySP//Source/Utility/dsp.h ****     f += exp;
 129:../../DaisySP//Source/Utility/dsp.h ****     return (f);
 130:../../DaisySP//Source/Utility/dsp.h **** }
 131:../../DaisySP//Source/Utility/dsp.h **** 
 132:../../DaisySP//Source/Utility/dsp.h **** inline float fastlog10f(float f)
 133:../../DaisySP//Source/Utility/dsp.h **** {
 134:../../DaisySP//Source/Utility/dsp.h ****     return fastlog2f(f) * 0.3010299956639812f;
 135:../../DaisySP//Source/Utility/dsp.h **** }
 136:../../DaisySP//Source/Utility/dsp.h **** 
 137:../../DaisySP//Source/Utility/dsp.h **** /** Midi to frequency helper
 138:../../DaisySP//Source/Utility/dsp.h **** */
ARM GAS  C:\Users\isaia\AppData\Local\Temp\ccAwOTrI.s 			page 48


 139:../../DaisySP//Source/Utility/dsp.h **** inline float mtof(float m)
 140:../../DaisySP//Source/Utility/dsp.h **** {
 141:../../DaisySP//Source/Utility/dsp.h ****     return powf(2, (m - 69.0f) / 12.0f) * 440.0f;
 1387              		.loc 11 141 23 is_stmt 0 view .LVU422
 1388 00bc DFED485A 		vldr.32	s11, .L92+12
 1389              	.LBE277:
 1390              	.LBE276:
 355:PhysmodBar.cpp **** 
 1391              		.loc 10 355 47 view .LVU423
 1392 00c0 B1EE045A 		vmov.f32	s10, #5.0e+0
 1393              		.loc 10 360 34 view .LVU424
 1394 00c4 E8EE807A 		vfma.f32	s15, s17, s0
 361:PhysmodBar.cpp ****     midi_note      += cv1_volts * 12.0f;      // 1 V/oct
 1395              		.loc 10 361 20 view .LVU425
 1396 00c8 F2EE080A 		vmov.f32	s1, #1.2e+1
 355:PhysmodBar.cpp **** 
 1397              		.loc 10 355 47 view .LVU426
 1398 00cc 27EE057A 		vmul.f32	s14, s14, s10
 1399              	.LVL126:
 360:PhysmodBar.cpp ****     midi_note      += cv1_volts * 12.0f;      // 1 V/oct
 1400              		.loc 10 360 20 view .LVU427
 1401 00d0 77EEA67A 		vadd.f32	s15, s15, s13
 1402              	.LVL127:
 1403              		.loc 10 361 5 is_stmt 1 view .LVU428
 1404              		.loc 10 361 20 is_stmt 0 view .LVU429
 1405 00d4 E7EE207A 		vfma.f32	s15, s14, s1
 1406              	.LVL128:
 362:PhysmodBar.cpp ****     float f0 = mtof(midi_note);
 1407              		.loc 10 362 5 is_stmt 1 view .LVU430
 1408              	.LBB280:
 1409              	.LBI276:
 139:../../DaisySP//Source/Utility/dsp.h **** {
 1410              		.loc 11 139 14 view .LVU431
 1411              	.LBB278:
 1412              		.loc 11 141 5 view .LVU432
 1413              		.loc 11 141 23 is_stmt 0 view .LVU433
 1414 00d8 77EEE57A 		vsub.f32	s15, s15, s11
 1415              	.LVL129:
 1416              		.loc 11 141 16 view .LVU434
 1417 00dc C7EEA00A 		vdiv.f32	s1, s15, s1
 1418              	.LVL130:
 1419              		.loc 11 141 16 view .LVU435
 1420 00e0 FFF7FEFF 		bl	powf
 1421              	.LVL131:
 1422              		.loc 11 141 43 view .LVU436
 1423 00e4 DFED3F6A 		vldr.32	s13, .L92+16
 1424              	.LBE278:
 1425              	.LBE280:
 363:PhysmodBar.cpp **** 
 364:PhysmodBar.cpp ****     //float B_param = 0.5f + k2 * 1.5f;    // inharmonicity  0.001–1.0
 365:PhysmodBar.cpp ****     float B_param = 1.0f;
 366:PhysmodBar.cpp ****     // Knob 3: crossfade between strike [v0>0, u0=0] and pluck [u0>0, v0=0].
 367:PhysmodBar.cpp ****     // v0 is scaled proportionally to f0 so that struck-string output energy
 368:PhysmodBar.cpp ****     // (which is ∝ v0/f0 per mode) stays perceptually level across pitch.
 369:PhysmodBar.cpp ****     // u0 displacement amplitude is frequency-independent and needs no scaling.
 370:PhysmodBar.cpp ****     const float f_ref  = 440.0f;           // reference pitch for v0 normalisation
 371:PhysmodBar.cpp ****     float v0_base = 7.0f - k3 * 7.0f;     // 7.0 (full strike) -> 0.0 (full pluck)
ARM GAS  C:\Users\isaia\AppData\Local\Temp\ccAwOTrI.s 			page 49


 372:PhysmodBar.cpp ****     float v0      = v0_base * (f0 / f_ref);// compensate: louder at high pitch, quieter at low
 373:PhysmodBar.cpp ****     float u0      = k3 * 0.001f;          // 0.0 (strike) -> 0.001 (pluck)
 374:PhysmodBar.cpp ****     float decay   = 0.5f   + k4 * 8.0f;     // T60 base        0.5–8 s
 375:PhysmodBar.cpp ****     // Toggle 1: excitation position (up=0.5, down=0.05)
 376:PhysmodBar.cpp ****     float ctr     = euro.toggle1.Pressed() ? 0.35f : 0.05f;
 377:PhysmodBar.cpp ****     float bright  = 0.1f   + k6 * 0.90f;     // hi-freq T60 ratio 0.1–1.0
 1426              		.loc 10 377 11 view .LVU437
 1427 00e8 DFED3F2A 		vldr.32	s5, .L92+20
 1428 00ec 9FED3F7A 		vldr.32	s14, .L92+24
 376:PhysmodBar.cpp ****     float bright  = 0.1f   + k6 * 0.90f;     // hi-freq T60 ratio 0.1–1.0
 1429              		.loc 10 376 44 view .LVU438
 1430 00f0 95F86830 		ldrb	r3, [r5, #104]	@ zero_extendqisi2
 374:PhysmodBar.cpp ****     // Toggle 1: excitation position (up=0.5, down=0.05)
 1431              		.loc 10 374 11 view .LVU439
 1432 00f4 F2EE007A 		vmov.f32	s15, #8.0e+0
 373:PhysmodBar.cpp ****     float decay   = 0.5f   + k4 * 8.0f;     // T60 base        0.5–8 s
 1433              		.loc 10 373 11 view .LVU440
 1434 00f8 9FED3D3A 		vldr.32	s6, .L92+28
 1435              	.LBB281:
 1436              	.LBB279:
 1437              		.loc 11 141 43 view .LVU441
 1438 00fc 20EE261A 		vmul.f32	s2, s0, s13
 1439              	.LVL132:
 1440              		.loc 11 141 43 view .LVU442
 1441              	.LBE279:
 1442              	.LBE281:
 365:PhysmodBar.cpp ****     // Knob 3: crossfade between strike [v0>0, u0=0] and pluck [u0>0, v0=0].
 1443              		.loc 10 365 5 is_stmt 1 view .LVU443
 370:PhysmodBar.cpp ****     float v0_base = 7.0f - k3 * 7.0f;     // 7.0 (full strike) -> 0.0 (full pluck)
 1444              		.loc 10 370 5 view .LVU444
 371:PhysmodBar.cpp ****     float v0      = v0_base * (f0 / f_ref);// compensate: louder at high pitch, quieter at low
 1445              		.loc 10 371 5 view .LVU445
 376:PhysmodBar.cpp ****     float bright  = 0.1f   + k6 * 0.90f;     // hi-freq T60 ratio 0.1–1.0
 1446              		.loc 10 376 44 is_stmt 0 view .LVU446
 1447 0100 9FED3C2A 		vldr.32	s4, .L92+32
 374:PhysmodBar.cpp ****     // Toggle 1: excitation position (up=0.5, down=0.05)
 1448              		.loc 10 374 11 view .LVU447
 1449 0104 F6EE004A 		vmov.f32	s9, #5.0e-1
 376:PhysmodBar.cpp ****     float bright  = 0.1f   + k6 * 0.90f;     // hi-freq T60 ratio 0.1–1.0
 1450              		.loc 10 376 44 view .LVU448
 1451 0108 FF2B     		cmp	r3, #255
 1452              		.loc 10 377 11 view .LVU449
 1453 010a F0EE625A 		vmov.f32	s11, s5
 371:PhysmodBar.cpp ****     float v0      = v0_base * (f0 / f_ref);// compensate: louder at high pitch, quieter at low
 1454              		.loc 10 371 11 view .LVU450
 1455 010e F1EE0C3A 		vmov.f32	s7, #7.0e+0
 374:PhysmodBar.cpp ****     // Toggle 1: excitation position (up=0.5, down=0.05)
 1456              		.loc 10 374 11 view .LVU451
 1457 0112 EBEE274A 		vfma.f32	s9, s22, s15
 372:PhysmodBar.cpp ****     float u0      = k3 * 0.001f;          // 0.0 (strike) -> 0.001 (pluck)
 1458              		.loc 10 372 35 view .LVU452
 1459 0116 C1EE267A 		vdiv.f32	s15, s2, s13
 376:PhysmodBar.cpp ****     float bright  = 0.1f   + k6 * 0.90f;     // hi-freq T60 ratio 0.1–1.0
 1460              		.loc 10 376 44 view .LVU453
 1461 011a DFED376A 		vldr.32	s13, .L92+36
 1462 011e 02FE262A 		vseleq.f32	s4, s4, s13
 371:PhysmodBar.cpp ****     float v0      = v0_base * (f0 / f_ref);// compensate: louder at high pitch, quieter at low
ARM GAS  C:\Users\isaia\AppData\Local\Temp\ccAwOTrI.s 			page 50


 1463              		.loc 10 371 11 view .LVU454
 1464 0122 E8EE633A 		vfms.f32	s7, s16, s7
 1465              	.LVL133:
 372:PhysmodBar.cpp ****     float u0      = k3 * 0.001f;          // 0.0 (strike) -> 0.001 (pluck)
 1466              		.loc 10 372 5 is_stmt 1 view .LVU455
 1467              		.loc 10 377 11 is_stmt 0 view .LVU456
 1468 0126 EAEE875A 		vfma.f32	s11, s21, s14
 378:PhysmodBar.cpp **** 
 379:PhysmodBar.cpp ****     const float wid = 0.1f  + k2 * 0.9f;                  // excitation width 0.1 -> 1.0 (normalize
 1469              		.loc 10 379 17 view .LVU457
 1470 012a EAEE072A 		vfma.f32	s5, s20, s14
 373:PhysmodBar.cpp ****     float decay   = 0.5f   + k4 * 8.0f;     // T60 base        0.5–8 s
 1471              		.loc 10 373 11 view .LVU458
 1472 012e 28EE033A 		vmul.f32	s6, s16, s6
 380:PhysmodBar.cpp **** 
 381:PhysmodBar.cpp ****     /* Two-parameter frequency-dependent loss */
 382:PhysmodBar.cpp ****     const float loss_f1 = 100.0f;
 383:PhysmodBar.cpp ****     const float loss_t1 = decay;
 384:PhysmodBar.cpp ****     const float loss_f2 = 1000.0f;
 385:PhysmodBar.cpp ****     const float loss_t2 = decay * bright;
 1473              		.loc 10 385 17 view .LVU459
 1474 0132 64EEA55A 		vmul.f32	s11, s9, s11
 372:PhysmodBar.cpp ****     float u0      = k3 * 0.001f;          // 0.0 (strike) -> 0.001 (pluck)
 1475              		.loc 10 372 11 view .LVU460
 1476 0136 67EEA33A 		vmul.f32	s7, s15, s7
 1477              	.LVL134:
 373:PhysmodBar.cpp ****     float decay   = 0.5f   + k4 * 8.0f;     // T60 base        0.5–8 s
 1478              		.loc 10 373 5 is_stmt 1 view .LVU461
 374:PhysmodBar.cpp ****     // Toggle 1: excitation position (up=0.5, down=0.05)
 1479              		.loc 10 374 5 view .LVU462
 376:PhysmodBar.cpp ****     float bright  = 0.1f   + k6 * 0.90f;     // hi-freq T60 ratio 0.1–1.0
 1480              		.loc 10 376 5 view .LVU463
 1481              	.LBB282:
 1482              	.LBI282:
  35:../../libDaisy//src/hid/switch.h **** 
  36:../../libDaisy//src/hid/switch.h ****     /** 
  37:../../libDaisy//src/hid/switch.h ****     Initializes the switch object with a given port/pin combo.
  38:../../libDaisy//src/hid/switch.h ****     \param pin port/pin object to tell the switch which hardware pin to use.
  39:../../libDaisy//src/hid/switch.h ****     \param update_rate Does nothing. Backwards compatibility until next breaking update.
  40:../../libDaisy//src/hid/switch.h ****     \param t switch type -- Default: TYPE_MOMENTARY
  41:../../libDaisy//src/hid/switch.h ****     \param pol switch polarity -- Default: POLARITY_INVERTED
  42:../../libDaisy//src/hid/switch.h ****     \param pu switch pull up/down -- Default: PULL_UP
  43:../../libDaisy//src/hid/switch.h ****     */
  44:../../libDaisy//src/hid/switch.h ****     void Init(Pin        pin,
  45:../../libDaisy//src/hid/switch.h ****               float      update_rate,
  46:../../libDaisy//src/hid/switch.h ****               Type       t,
  47:../../libDaisy//src/hid/switch.h ****               Polarity   pol,
  48:../../libDaisy//src/hid/switch.h ****               GPIO::Pull pu = GPIO::Pull::PULLUP);
  49:../../libDaisy//src/hid/switch.h **** 
  50:../../libDaisy//src/hid/switch.h ****     /**
  51:../../libDaisy//src/hid/switch.h ****        Simplified Init.
  52:../../libDaisy//src/hid/switch.h ****        \param pin port/pin object to tell the switch which hardware pin to use.
  53:../../libDaisy//src/hid/switch.h ****        \param update_rate Left for backwards compatibility until next breaking change.
  54:../../libDaisy//src/hid/switch.h ****     */
  55:../../libDaisy//src/hid/switch.h ****     void Init(Pin pin, float update_rate = 0.f);
  56:../../libDaisy//src/hid/switch.h **** 
  57:../../libDaisy//src/hid/switch.h ****     /** 
ARM GAS  C:\Users\isaia\AppData\Local\Temp\ccAwOTrI.s 			page 51


  58:../../libDaisy//src/hid/switch.h ****     Called at update_rate to debounce and handle timing for the switch.
  59:../../libDaisy//src/hid/switch.h ****     In order for events not to be missed, its important that the Edge/Pressed checks
  60:../../libDaisy//src/hid/switch.h ****     be made at the same rate as the debounce function is being called.
  61:../../libDaisy//src/hid/switch.h ****     */
  62:../../libDaisy//src/hid/switch.h ****     void Debounce();
  63:../../libDaisy//src/hid/switch.h **** 
  64:../../libDaisy//src/hid/switch.h ****     /** \return true if a button was just pressed. */
  65:../../libDaisy//src/hid/switch.h ****     inline bool RisingEdge() const { return updated_ ? state_ == 0x7f : false; }
  66:../../libDaisy//src/hid/switch.h **** 
  67:../../libDaisy//src/hid/switch.h ****     /** \return true if the button was just released */
  68:../../libDaisy//src/hid/switch.h ****     inline bool FallingEdge() const
  69:../../libDaisy//src/hid/switch.h ****     {
  70:../../libDaisy//src/hid/switch.h ****         return updated_ ? state_ == 0x80 : false;
  71:../../libDaisy//src/hid/switch.h ****     }
  72:../../libDaisy//src/hid/switch.h **** 
  73:../../libDaisy//src/hid/switch.h ****     /** \return true if the button is held down (or if the toggle is on) */
  74:../../libDaisy//src/hid/switch.h ****     inline bool Pressed() const { return state_ == 0xff; }
 1483              		.loc 9 74 17 view .LVU464
 1484              	.LBB283:
 1485              		.loc 9 74 35 view .LVU465
 1486              		.loc 9 74 35 is_stmt 0 view .LVU466
 1487              	.LBE283:
 1488              	.LBE282:
 377:PhysmodBar.cpp **** 
 1489              		.loc 10 377 5 is_stmt 1 view .LVU467
 379:PhysmodBar.cpp **** 
 1490              		.loc 10 379 5 view .LVU468
 382:PhysmodBar.cpp ****     const float loss_t1 = decay;
 1491              		.loc 10 382 5 view .LVU469
 383:PhysmodBar.cpp ****     const float loss_f2 = 1000.0f;
 1492              		.loc 10 383 5 view .LVU470
 384:PhysmodBar.cpp ****     const float loss_t2 = decay * bright;
 1493              		.loc 10 384 5 view .LVU471
 1494              		.loc 10 385 5 view .LVU472
 386:PhysmodBar.cpp **** 
 387:PhysmodBar.cpp ****     /* Stereo readout positions */
 388:PhysmodBar.cpp ****     const float rp1 = 0.30f;
 1495              		.loc 10 388 5 view .LVU473
 389:PhysmodBar.cpp ****     const float rp2 = 0.70f;
 1496              		.loc 10 389 5 view .LVU474
 390:PhysmodBar.cpp **** 
 391:PhysmodBar.cpp ****     if(was_free)
 1497              		.loc 10 391 5 view .LVU475
 1498 013a 7FBB     		cbnz	r7, .L91
 392:PhysmodBar.cpp ****     {
 393:PhysmodBar.cpp ****         voices[idx].Init(SR, B_param, f0, MAX_TF,
 394:PhysmodBar.cpp ****                          ctr, wid, u0, v0,
 395:PhysmodBar.cpp ****                          loss_f1, loss_t1, loss_f2, loss_t2,
 396:PhysmodBar.cpp ****                          rp1, rp2);
 397:PhysmodBar.cpp ****     }
 398:PhysmodBar.cpp ****     else
 399:PhysmodBar.cpp ****     {
 400:PhysmodBar.cpp ****         voices[idx].BeginFadeOut(SR, B_param, f0, MAX_TF,
 1499              		.loc 10 400 9 view .LVU476
 1500              	.LVL135:
 1501              	.LBB284:
 1502              	.LBI284:
ARM GAS  C:\Users\isaia\AppData\Local\Temp\ccAwOTrI.s 			page 52


 103:PhysmodBar.cpp ****                       float ctr_, float wid_, float u0_, float v0_,
 1503              		.loc 10 103 10 view .LVU477
 1504              	.LBB285:
 108:PhysmodBar.cpp ****                    lf1_, lt1_, lf2_, lt2_, rp1_, rp2_};
 1505              		.loc 10 108 9 view .LVU478
 108:PhysmodBar.cpp ****                    lf1_, lt1_, lf2_, lt2_, rp1_, rp2_};
 1506              		.loc 10 108 17 is_stmt 0 view .LVU479
 1507 013c 4FF41973 		mov	r3, #612
 1508 0140 4FF07E50 		mov	r0, #1065353216
 1509 0144 2D49     		ldr	r1, .L92+40
 1510 0146 03FB0463 		mla	r3, r3, r4, r6
 1511 014a 2D4A     		ldr	r2, .L92+44
 1512 014c 2D4C     		ldr	r4, .L92+48
 1513              	.LVL136:
 108:PhysmodBar.cpp ****                    lf1_, lt1_, lf2_, lt2_, rp1_, rp2_};
 1514              		.loc 10 108 17 view .LVU480
 1515 014e C3F83002 		str	r0, [r3, #560]	@ float
 1516 0152 C3F83812 		str	r1, [r3, #568]	@ float
 1517 0156 2C48     		ldr	r0, .L92+52
 1518 0158 2C49     		ldr	r1, .L92+56
 1519 015a C3F84C22 		str	r2, [r3, #588]	@ float
 110:PhysmodBar.cpp ****         // Don't reset steal_env — let an in-progress fade continue
 1520              		.loc 10 110 20 view .LVU481
 1521 015e 0122     		movs	r2, #1
 108:PhysmodBar.cpp ****                    lf1_, lt1_, lf2_, lt2_, rp1_, rp2_};
 1522              		.loc 10 108 17 view .LVU482
 1523 0160 C3ED8B9A 		vstr.32	s19, [r3, #556]
 1524 0164 83ED8D1A 		vstr.32	s2, [r3, #564]
 1525 0168 83ED8F2A 		vstr.32	s4, [r3, #572]
 1526 016c C3ED902A 		vstr.32	s5, [r3, #576]
 1527 0170 83ED913A 		vstr.32	s6, [r3, #580]
 1528 0174 C3ED923A 		vstr.32	s7, [r3, #584]
 1529 0178 C3ED944A 		vstr.32	s9, [r3, #592]
 1530 017c C3F85442 		str	r4, [r3, #596]	@ float
 1531 0180 C3ED965A 		vstr.32	s11, [r3, #600]
 1532 0184 C3F85C02 		str	r0, [r3, #604]	@ float
 1533 0188 C3F86012 		str	r1, [r3, #608]	@ float
 110:PhysmodBar.cpp ****         // Don't reset steal_env — let an in-progress fade continue
 1534              		.loc 10 110 9 is_stmt 1 view .LVU483
 110:PhysmodBar.cpp ****         // Don't reset steal_env — let an in-progress fade continue
 1535              		.loc 10 110 20 is_stmt 0 view .LVU484
 1536 018c 83F82822 		strb	r2, [r3, #552]
 1537              	.LVL137:
 1538              	.L79:
 110:PhysmodBar.cpp ****         // Don't reset steal_env — let an in-progress fade continue
 1539              		.loc 10 110 20 view .LVU485
 1540              	.LBE285:
 1541              	.LBE284:
 401:PhysmodBar.cpp ****                                  ctr, wid, u0, v0,
 402:PhysmodBar.cpp ****                                  loss_f1, loss_t1, loss_f2, loss_t2,
 403:PhysmodBar.cpp ****                                  rp1, rp2);
 404:PhysmodBar.cpp ****     }
 405:PhysmodBar.cpp **** 
 406:PhysmodBar.cpp ****     led_flash_ctr = 5;  // flash LED 1 for ~5 blocks
 1542              		.loc 10 406 5 is_stmt 1 view .LVU486
 1543              		.loc 10 406 19 is_stmt 0 view .LVU487
 1544 0190 1F4B     		ldr	r3, .L92+60
ARM GAS  C:\Users\isaia\AppData\Local\Temp\ccAwOTrI.s 			page 53


 1545 0192 0522     		movs	r2, #5
 407:PhysmodBar.cpp **** }
 1546              		.loc 10 407 1 view .LVU488
 1547 0194 BDEC088B 		vldm	sp!, {d8-d11}
 1548              		.cfi_remember_state
 1549              		.cfi_restore 86
 1550              		.cfi_restore 87
 1551              		.cfi_restore 84
 1552              		.cfi_restore 85
 1553              		.cfi_restore 82
 1554              		.cfi_restore 83
 1555              		.cfi_restore 80
 1556              		.cfi_restore 81
 1557              		.cfi_def_cfa_offset 24
 1558              	.LVL138:
 406:PhysmodBar.cpp **** }
 1559              		.loc 10 406 19 view .LVU489
 1560 0198 1A60     		str	r2, [r3]
 1561              		.loc 10 407 1 view .LVU490
 1562 019a F8BD     		pop	{r3, r4, r5, r6, r7, pc}
 1563              	.LVL139:
 1564              	.L91:
 1565              		.cfi_restore_state
 393:PhysmodBar.cpp ****                          ctr, wid, u0, v0,
 1566              		.loc 10 393 9 is_stmt 1 view .LVU491
 393:PhysmodBar.cpp ****                          ctr, wid, u0, v0,
 1567              		.loc 10 393 25 is_stmt 0 view .LVU492
 1568 019c 4FF41970 		mov	r0, #612
 1569 01a0 F2EE041A 		vmov.f32	s3, #1.0e+1
 1570 01a4 F7EE000A 		vmov.f32	s1, #1.0e+0
 1571 01a8 DFED1A6A 		vldr.32	s13, .L92+64
 1572 01ac B0EE690A 		vmov.f32	s0, s19
 1573 01b0 9FED196A 		vldr.32	s12, .L92+68
 1574 01b4 9FED195A 		vldr.32	s10, .L92+72
 1575 01b8 00FB0460 		mla	r0, r0, r4, r6
 1576 01bc 9FED184A 		vldr.32	s8, .L92+76
 1577 01c0 FFF7FEFF 		bl	_ZN16StiffStringVoice4InitEffffffffffffff
 1578              	.LVL140:
 393:PhysmodBar.cpp ****                          ctr, wid, u0, v0,
 1579              		.loc 10 393 25 view .LVU493
 1580 01c4 E4E7     		b	.L79
 1581              	.LVL141:
 1582              	.L80:
 1583              	.LBB286:
 393:PhysmodBar.cpp ****                          ctr, wid, u0, v0,
 1584              		.loc 10 393 25 view .LVU494
 1585 01c6 1446     		mov	r4, r2
 1586              	.LVL142:
 327:PhysmodBar.cpp ****         }
 1587              		.loc 10 327 31 view .LVU495
 1588 01c8 0127     		movs	r7, #1
 1589 01ca 3CE7     		b	.L71
 1590              	.LVL143:
 1591              	.L90:
 327:PhysmodBar.cpp ****         }
 1592              		.loc 10 327 31 view .LVU496
 1593              	.LBE286:
ARM GAS  C:\Users\isaia\AppData\Local\Temp\ccAwOTrI.s 			page 54


 341:PhysmodBar.cpp ****     }
 1594              		.loc 10 341 33 view .LVU497
 1595 01cc 2C46     		mov	r4, r5
 1596              	.LVL144:
 320:PhysmodBar.cpp ****     int  fading_idx = -1;
 1597              		.loc 10 320 10 view .LVU498
 1598 01ce 0027     		movs	r7, #0
 1599 01d0 39E7     		b	.L71
 1600              	.L93:
 1601 01d2 00BF     		.align	2
 1602              	.L92:
 1603 01d4 00000000 		.word	.LANCHOR0
 1604 01d8 00000000 		.word	.LANCHOR1
 1605 01dc 00009042 		.word	1116733440
 1606 01e0 00008A42 		.word	1116340224
 1607 01e4 0000DC43 		.word	1138491392
 1608 01e8 CDCCCC3D 		.word	1036831949
 1609 01ec 6666663F 		.word	1063675494
 1610 01f0 6F12833A 		.word	981668463
 1611 01f4 3333B33E 		.word	1051931443
 1612 01f8 CDCC4C3D 		.word	1028443341
 1613 01fc 00002041 		.word	1092616192
 1614 0200 0000C842 		.word	1120403456
 1615 0204 00007A44 		.word	1148846080
 1616 0208 9A99993E 		.word	1050253722
 1617 020c 3333333F 		.word	1060320051
 1618 0210 00000000 		.word	.LANCHOR2
 1619 0214 3333333F 		.word	1060320051
 1620 0218 9A99993E 		.word	1050253722
 1621 021c 00007A44 		.word	1148846080
 1622 0220 0000C842 		.word	1120403456
 1623              		.cfi_endproc
 1624              	.LFE4912:
 1626              		.section	.text._ZN16StiffStringVoice7ProcessERfS0_,"axG",%progbits,_ZN16StiffStringVoice7ProcessER
 1627              		.align	1
 1628              		.p2align 2,,3
 1629              		.weak	_ZN16StiffStringVoice7ProcessERfS0_
 1630              		.syntax unified
 1631              		.thumb
 1632              		.thumb_func
 1633              		.fpu fpv5-d16
 1635              	_ZN16StiffStringVoice7ProcessERfS0_:
 1636              	.LVL145:
 1637              	.LFB4905:
 234:PhysmodBar.cpp ****     {
 1638              		.loc 10 234 10 is_stmt 1 view -0
 1639              		.cfi_startproc
 1640              		@ args = 0, pretend = 0, frame = 0
 1641              		@ frame_needed = 0, uses_anonymous_args = 0
 236:PhysmodBar.cpp **** 
 1642              		.loc 10 236 9 view .LVU500
 234:PhysmodBar.cpp ****     {
 1643              		.loc 10 234 10 is_stmt 0 view .LVU501
 1644 0000 2DE9F843 		push	{r3, r4, r5, r6, r7, r8, r9, lr}
 1645              		.cfi_def_cfa_offset 32
 1646              		.cfi_offset 3, -32
 1647              		.cfi_offset 4, -28
ARM GAS  C:\Users\isaia\AppData\Local\Temp\ccAwOTrI.s 			page 55


 1648              		.cfi_offset 5, -24
 1649              		.cfi_offset 6, -20
 1650              		.cfi_offset 7, -16
 1651              		.cfi_offset 8, -12
 1652              		.cfi_offset 9, -8
 1653              		.cfi_offset 14, -4
 236:PhysmodBar.cpp **** 
 1654              		.loc 10 236 9 view .LVU502
 1655 0004 0378     		ldrb	r3, [r0]	@ zero_extendqisi2
 234:PhysmodBar.cpp ****     {
 1656              		.loc 10 234 10 view .LVU503
 1657 0006 0F46     		mov	r7, r1
 1658 0008 1646     		mov	r6, r2
 236:PhysmodBar.cpp **** 
 1659              		.loc 10 236 9 view .LVU504
 1660 000a 002B     		cmp	r3, #0
 1661 000c 00F01B81 		beq	.L131
 238:PhysmodBar.cpp **** 
 1662              		.loc 10 238 19 view .LVU505
 1663 0010 8568     		ldr	r5, [r0, #8]
 1664 0012 0446     		mov	r4, r0
 238:PhysmodBar.cpp **** 
 1665              		.loc 10 238 9 is_stmt 1 view .LVU506
 1666              	.LVL146:
 241:PhysmodBar.cpp ****         {
 1667              		.loc 10 241 9 view .LVU507
 1668              	.LBB287:
 241:PhysmodBar.cpp ****         {
 1669              		.loc 10 241 26 view .LVU508
 1670 0014 002D     		cmp	r5, #0
 1671 0016 40F31B81 		ble	.L97
 1672 001a DFF860E2 		ldr	lr, .L135+4
 1673 001e 00F16C03 		add	r3, r0, #108
 1674              	.LBB288:
 243:PhysmodBar.cpp ****             float cv = C_main * u2[i];
 1675              		.loc 10 243 24 is_stmt 0 view .LVU509
 1676 0022 90ED804A 		vldr.32	s8, [r0, #512]
 1677              	.LBE288:
 1678              	.LBE287:
 1679              	.LBB293:
 256:PhysmodBar.cpp ****             tmp_rhs[i] -= th_c[i] * tmp_rhs[i + 1];
 1680              		.loc 10 256 17 view .LVU510
 1681 0026 A5F1020C 		sub	ip, r5, #2
 1682              	.LBE293:
 1683              	.LBB294:
 1684              	.LBB289:
 244:PhysmodBar.cpp ****             if(i > 0)     { bv += B_off1 * u1[i - 1]; cv += C_off * u2[i - 1]; }
 1685              		.loc 10 244 24 view .LVU511
 1686 002a D0ED7E4A 		vldr.32	s9, [r0, #504]
 1687              	.LBE289:
 1688              	.LBE294:
 1689              	.LBB295:
 256:PhysmodBar.cpp ****             tmp_rhs[i] -= th_c[i] * tmp_rhs[i + 1];
 1690              		.loc 10 256 17 view .LVU512
 1691 002e 0122     		movs	r2, #1
 1692              	.LVL147:
 256:PhysmodBar.cpp ****             tmp_rhs[i] -= th_c[i] * tmp_rhs[i + 1];
ARM GAS  C:\Users\isaia\AppData\Local\Temp\ccAwOTrI.s 			page 56


 1693              		.loc 10 256 17 view .LVU513
 1694 0030 F046     		mov	r8, lr
 1695 0032 0020     		movs	r0, #0
 1696              	.LVL148:
 256:PhysmodBar.cpp ****             tmp_rhs[i] -= th_c[i] * tmp_rhs[i + 1];
 1697              		.loc 10 256 17 view .LVU514
 1698 0034 2BE0     		b	.L104
 1699              	.LVL149:
 1700              	.L133:
 256:PhysmodBar.cpp ****             tmp_rhs[i] -= th_c[i] * tmp_rhs[i + 1];
 1701              		.loc 10 256 17 view .LVU515
 1702              	.LBE295:
 1703              	.LBB296:
 1704              	.LBB290:
 245:PhysmodBar.cpp ****             if(i < n - 1) { bv += B_off1 * u1[i + 1]; cv += C_off * u2[i + 1]; }
 1705              		.loc 10 245 29 is_stmt 1 discriminator 1 view .LVU516
 246:PhysmodBar.cpp ****             if(i > 1)       bv += B_off2 * u1[i - 2];
 1706              		.loc 10 246 22 is_stmt 0 discriminator 1 view .LVU517
 1707 0036 691E     		subs	r1, r5, #1
 245:PhysmodBar.cpp ****             if(i < n - 1) { bv += B_off1 * u1[i + 1]; cv += C_off * u2[i + 1]; }
 1708              		.loc 10 245 32 discriminator 1 view .LVU518
 1709 0038 94ED816A 		vldr.32	s12, [r4, #516]
 1710 003c 93ED015A 		vldr.32	s10, [r3, #4]
 245:PhysmodBar.cpp ****             if(i < n - 1) { bv += B_off1 * u1[i + 1]; cv += C_off * u2[i + 1]; }
 1711              		.loc 10 245 58 discriminator 1 view .LVU519
 1712 0040 D4ED7F6A 		vldr.32	s13, [r4, #508]
 246:PhysmodBar.cpp ****             if(i > 1)       bv += B_off2 * u1[i - 2];
 1713              		.loc 10 246 13 discriminator 1 view .LVU520
 1714 0044 8142     		cmp	r1, r0
 245:PhysmodBar.cpp ****             if(i < n - 1) { bv += B_off1 * u1[i + 1]; cv += C_off * u2[i + 1]; }
 1715              		.loc 10 245 58 discriminator 1 view .LVU521
 1716 0046 D3ED195A 		vldr.32	s11, [r3, #100]
 245:PhysmodBar.cpp ****             if(i < n - 1) { bv += B_off1 * u1[i + 1]; cv += C_off * u2[i + 1]; }
 1717              		.loc 10 245 32 discriminator 1 view .LVU522
 1718 004a E6EE057A 		vfma.f32	s15, s12, s10
 1719              	.LVL150:
 245:PhysmodBar.cpp ****             if(i < n - 1) { bv += B_off1 * u1[i + 1]; cv += C_off * u2[i + 1]; }
 1720              		.loc 10 245 55 is_stmt 1 discriminator 1 view .LVU523
 245:PhysmodBar.cpp ****             if(i < n - 1) { bv += B_off1 * u1[i + 1]; cv += C_off * u2[i + 1]; }
 1721              		.loc 10 245 58 is_stmt 0 discriminator 1 view .LVU524
 1722 004e A6EEA57A 		vfma.f32	s14, s13, s11
 1723              	.LVL151:
 246:PhysmodBar.cpp ****             if(i > 1)       bv += B_off2 * u1[i - 2];
 1724              		.loc 10 246 13 is_stmt 1 discriminator 1 view .LVU525
 1725 0052 2CDC     		bgt	.L99
 246:PhysmodBar.cpp ****             if(i > 1)       bv += B_off2 * u1[i - 2];
 1726              		.loc 10 246 49 is_stmt 0 view .LVU526
 1727 0054 1146     		mov	r1, r2
 1728              	.L100:
 247:PhysmodBar.cpp ****             if(i < n - 2)   bv += B_off2 * u1[i + 2];
 1729              		.loc 10 247 13 is_stmt 1 view .LVU527
 1730 0056 0128     		cmp	r0, #1
 1731 0058 05D9     		bls	.L101
 247:PhysmodBar.cpp ****             if(i < n - 2)   bv += B_off2 * u1[i + 2];
 1732              		.loc 10 247 29 discriminator 1 view .LVU528
 247:PhysmodBar.cpp ****             if(i < n - 2)   bv += B_off2 * u1[i + 2];
 1733              		.loc 10 247 32 is_stmt 0 discriminator 1 view .LVU529
ARM GAS  C:\Users\isaia\AppData\Local\Temp\ccAwOTrI.s 			page 57


 1734 005a 94ED826A 		vldr.32	s12, [r4, #520]
 1735 005e D3ED006A 		vldr.32	s13, [r3]
 1736 0062 E6EE267A 		vfma.f32	s15, s12, s13
 1737              	.LVL152:
 1738              	.L101:
 248:PhysmodBar.cpp ****             tmp_rhs[i] = bv - cv;
 1739              		.loc 10 248 13 is_stmt 1 view .LVU530
 1740 0066 8445     		cmp	ip, r0
 1741 0068 05DD     		ble	.L102
 248:PhysmodBar.cpp ****             tmp_rhs[i] = bv - cv;
 1742              		.loc 10 248 29 discriminator 1 view .LVU531
 248:PhysmodBar.cpp ****             tmp_rhs[i] = bv - cv;
 1743              		.loc 10 248 32 is_stmt 0 discriminator 1 view .LVU532
 1744 006a 94ED826A 		vldr.32	s12, [r4, #520]
 1745 006e D3ED046A 		vldr.32	s13, [r3, #16]
 1746 0072 E6EE267A 		vfma.f32	s15, s12, s13
 1747              	.LVL153:
 1748              	.L102:
 249:PhysmodBar.cpp ****         }
 1749              		.loc 10 249 13 is_stmt 1 discriminator 2 view .LVU533
 249:PhysmodBar.cpp ****         }
 1750              		.loc 10 249 29 is_stmt 0 discriminator 2 view .LVU534
 1751 0076 77EEC77A 		vsub.f32	s15, s15, s14
 1752              	.LVL154:
 249:PhysmodBar.cpp ****         }
 1753              		.loc 10 249 29 discriminator 2 view .LVU535
 1754              	.LBE290:
 241:PhysmodBar.cpp ****         {
 1755              		.loc 10 241 26 discriminator 2 view .LVU536
 1756 007a 8D42     		cmp	r5, r1
 1757 007c 00F10100 		add	r0, r0, #1
 1758              	.LVL155:
 241:PhysmodBar.cpp ****         {
 1759              		.loc 10 241 26 discriminator 2 view .LVU537
 1760 0080 03F10403 		add	r3, r3, #4
 1761 0084 02F10102 		add	r2, r2, #1
 1762              	.LBB291:
 249:PhysmodBar.cpp ****         }
 1763              		.loc 10 249 24 discriminator 2 view .LVU538
 1764 0088 E8EC017A 		vstmia.32	r8!, {s15}
 1765              	.LBE291:
 241:PhysmodBar.cpp ****         {
 1766              		.loc 10 241 9 is_stmt 1 discriminator 2 view .LVU539
 1767              	.LVL156:
 241:PhysmodBar.cpp ****         {
 1768              		.loc 10 241 26 discriminator 2 view .LVU540
 1769 008c 1BDD     		ble	.L132
 1770              	.LVL157:
 1771              	.L104:
 1772              	.LBB292:
 243:PhysmodBar.cpp ****             float cv = C_main * u2[i];
 1773              		.loc 10 243 13 view .LVU541
 243:PhysmodBar.cpp ****             float cv = C_main * u2[i];
 1774              		.loc 10 243 19 is_stmt 0 view .LVU542
 1775 008e D3ED027A 		vldr.32	s15, [r3, #8]
 244:PhysmodBar.cpp ****             if(i > 0)     { bv += B_off1 * u1[i - 1]; cv += C_off * u2[i - 1]; }
 1776              		.loc 10 244 19 view .LVU543
ARM GAS  C:\Users\isaia\AppData\Local\Temp\ccAwOTrI.s 			page 58


 1777 0092 93ED1A7A 		vldr.32	s14, [r3, #104]
 243:PhysmodBar.cpp ****             float cv = C_main * u2[i];
 1778              		.loc 10 243 19 view .LVU544
 1779 0096 64EE277A 		vmul.f32	s15, s8, s15
 1780              	.LVL158:
 244:PhysmodBar.cpp ****             if(i > 0)     { bv += B_off1 * u1[i - 1]; cv += C_off * u2[i - 1]; }
 1781              		.loc 10 244 13 is_stmt 1 view .LVU545
 244:PhysmodBar.cpp ****             if(i > 0)     { bv += B_off1 * u1[i - 1]; cv += C_off * u2[i - 1]; }
 1782              		.loc 10 244 19 is_stmt 0 view .LVU546
 1783 009a 24EE877A 		vmul.f32	s14, s9, s14
 1784              	.LVL159:
 245:PhysmodBar.cpp ****             if(i < n - 1) { bv += B_off1 * u1[i + 1]; cv += C_off * u2[i + 1]; }
 1785              		.loc 10 245 13 is_stmt 1 view .LVU547
 1786 009e 0028     		cmp	r0, #0
 1787 00a0 C9D1     		bne	.L133
 246:PhysmodBar.cpp ****             if(i > 1)       bv += B_off2 * u1[i - 2];
 1788              		.loc 10 246 13 view .LVU548
 1789 00a2 012D     		cmp	r5, #1
 1790 00a4 0DD0     		beq	.L129
 1791 00a6 94ED816A 		vldr.32	s12, [r4, #516]
 1792 00aa D4ED7F6A 		vldr.32	s13, [r4, #508]
 1793              	.L99:
 246:PhysmodBar.cpp ****             if(i > 1)       bv += B_off2 * u1[i - 2];
 1794              		.loc 10 246 29 discriminator 1 view .LVU549
 246:PhysmodBar.cpp ****             if(i > 1)       bv += B_off2 * u1[i - 2];
 1795              		.loc 10 246 32 is_stmt 0 discriminator 1 view .LVU550
 1796 00ae 93ED035A 		vldr.32	s10, [r3, #12]
 246:PhysmodBar.cpp ****             if(i > 1)       bv += B_off2 * u1[i - 2];
 1797              		.loc 10 246 49 discriminator 1 view .LVU551
 1798 00b2 1146     		mov	r1, r2
 246:PhysmodBar.cpp ****             if(i > 1)       bv += B_off2 * u1[i - 2];
 1799              		.loc 10 246 58 discriminator 1 view .LVU552
 1800 00b4 D3ED1B5A 		vldr.32	s11, [r3, #108]
 246:PhysmodBar.cpp ****             if(i > 1)       bv += B_off2 * u1[i - 2];
 1801              		.loc 10 246 32 discriminator 1 view .LVU553
 1802 00b8 E6EE057A 		vfma.f32	s15, s12, s10
 1803              	.LVL160:
 246:PhysmodBar.cpp ****             if(i > 1)       bv += B_off2 * u1[i - 2];
 1804              		.loc 10 246 55 is_stmt 1 discriminator 1 view .LVU554
 246:PhysmodBar.cpp ****             if(i > 1)       bv += B_off2 * u1[i - 2];
 1805              		.loc 10 246 58 is_stmt 0 discriminator 1 view .LVU555
 1806 00bc A6EEA57A 		vfma.f32	s14, s13, s11
 1807              	.LVL161:
 246:PhysmodBar.cpp ****             if(i > 1)       bv += B_off2 * u1[i - 2];
 1808              		.loc 10 246 58 discriminator 1 view .LVU556
 1809 00c0 C9E7     		b	.L100
 1810              	.L129:
 246:PhysmodBar.cpp ****             if(i > 1)       bv += B_off2 * u1[i - 2];
 1811              		.loc 10 246 49 view .LVU557
 1812 00c2 1146     		mov	r1, r2
 1813 00c4 CFE7     		b	.L101
 1814              	.LVL162:
 1815              	.L132:
 246:PhysmodBar.cpp ****             if(i > 1)       bv += B_off2 * u1[i - 2];
 1816              		.loc 10 246 49 view .LVU558
 1817              	.LBE292:
 1818              	.LBE296:
ARM GAS  C:\Users\isaia\AppData\Local\Temp\ccAwOTrI.s 			page 59


 253:PhysmodBar.cpp ****         for(int i = 1; i < n; i++)
 1819              		.loc 10 253 9 is_stmt 1 view .LVU559
 253:PhysmodBar.cpp ****         for(int i = 1; i < n; i++)
 1820              		.loc 10 253 20 is_stmt 0 view .LVU560
 1821 00c6 9EED007A 		vldr.32	s14, [lr]
 1822              	.LBB297:
 254:PhysmodBar.cpp ****             tmp_rhs[i] = (tmp_rhs[i] - A_off * tmp_rhs[i - 1]) * th_invm[i];
 1823              		.loc 10 254 26 view .LVU561
 1824 00ca 012D     		cmp	r5, #1
 1825              	.LBE297:
 253:PhysmodBar.cpp ****         for(int i = 1; i < n; i++)
 1826              		.loc 10 253 20 view .LVU562
 1827 00cc D4ED657A 		vldr.32	s15, [r4, #404]
 1828 00d0 27EE277A 		vmul.f32	s14, s14, s15
 1829 00d4 8EED007A 		vstr.32	s14, [lr]
 254:PhysmodBar.cpp ****             tmp_rhs[i] = (tmp_rhs[i] - A_off * tmp_rhs[i - 1]) * th_invm[i];
 1830              		.loc 10 254 9 is_stmt 1 view .LVU563
 1831              	.LVL163:
 1832              	.LBB298:
 254:PhysmodBar.cpp ****             tmp_rhs[i] = (tmp_rhs[i] - A_off * tmp_rhs[i - 1]) * th_invm[i];
 1833              		.loc 10 254 26 view .LVU564
 1834 00d8 00F0C680 		beq	.L106
 255:PhysmodBar.cpp ****         for(int i = n - 2; i >= 0; i--)
 1835              		.loc 10 255 40 is_stmt 0 view .LVU565
 1836 00dc 94ED7D6A 		vldr.32	s12, [r4, #500]
 1837 00e0 04F5CA73 		add	r3, r4, #404
 1838 00e4 6448     		ldr	r0, .L135
 1839              	.LVL164:
 255:PhysmodBar.cpp ****         for(int i = n - 2; i >= 0; i--)
 1840              		.loc 10 255 40 view .LVU566
 1841 00e6 04F5CC71 		add	r1, r4, #408
 1842 00ea B1EE466A 		vneg.f32	s12, s12
 1843 00ee 03EB8503 		add	r3, r3, r5, lsl #2
 1844 00f2 4FEA8508 		lsl	r8, r5, #2
 1845              	.LVL165:
 1846              	.L107:
 255:PhysmodBar.cpp ****         for(int i = n - 2; i >= 0; i--)
 1847              		.loc 10 255 13 is_stmt 1 discriminator 2 view .LVU567
 255:PhysmodBar.cpp ****         for(int i = n - 2; i >= 0; i--)
 1848              		.loc 10 255 36 is_stmt 0 discriminator 2 view .LVU568
 1849 00f6 D0ED007A 		vldr.32	s15, [r0]
 255:PhysmodBar.cpp ****         for(int i = n - 2; i >= 0; i--)
 1850              		.loc 10 255 75 discriminator 2 view .LVU569
 1851 00fa F1EC016A 		vldmia.32	r1!, {s13}
 255:PhysmodBar.cpp ****         for(int i = n - 2; i >= 0; i--)
 1852              		.loc 10 255 38 discriminator 2 view .LVU570
 1853 00fe E6EE077A 		vfma.f32	s15, s12, s14
 254:PhysmodBar.cpp ****             tmp_rhs[i] = (tmp_rhs[i] - A_off * tmp_rhs[i - 1]) * th_invm[i];
 1854              		.loc 10 254 26 discriminator 2 view .LVU571
 1855 0102 8B42     		cmp	r3, r1
 255:PhysmodBar.cpp ****         for(int i = n - 2; i >= 0; i--)
 1856              		.loc 10 255 64 discriminator 2 view .LVU572
 1857 0104 27EEA67A 		vmul.f32	s14, s15, s13
 255:PhysmodBar.cpp ****         for(int i = n - 2; i >= 0; i--)
 1858              		.loc 10 255 24 discriminator 2 view .LVU573
 1859 0108 A0EC017A 		vstmia.32	r0!, {s14}
 254:PhysmodBar.cpp ****             tmp_rhs[i] = (tmp_rhs[i] - A_off * tmp_rhs[i - 1]) * th_invm[i];
ARM GAS  C:\Users\isaia\AppData\Local\Temp\ccAwOTrI.s 			page 60


 1860              		.loc 10 254 9 is_stmt 1 discriminator 2 view .LVU574
 254:PhysmodBar.cpp ****             tmp_rhs[i] = (tmp_rhs[i] - A_off * tmp_rhs[i - 1]) * th_invm[i];
 1861              		.loc 10 254 26 discriminator 2 view .LVU575
 1862 010c F3D1     		bne	.L107
 1863              	.L109:
 1864 010e 4FEA8C02 		lsl	r2, ip, #2
 1865 0112 131D     		adds	r3, r2, #4
 1866 0114 02F59C72 		add	r2, r2, #312
 1867 0118 7344     		add	r3, r3, lr
 1868 011a 2244     		add	r2, r2, r4
 1869              	.L108:
 1870              	.LVL166:
 254:PhysmodBar.cpp ****             tmp_rhs[i] = (tmp_rhs[i] - A_off * tmp_rhs[i - 1]) * th_invm[i];
 1871              		.loc 10 254 26 is_stmt 0 discriminator 2 view .LVU576
 1872              	.LBE298:
 1873              	.LBB299:
 257:PhysmodBar.cpp **** 
 1874              		.loc 10 257 13 is_stmt 1 discriminator 2 view .LVU577
 257:PhysmodBar.cpp **** 
 1875              		.loc 10 257 24 is_stmt 0 discriminator 2 view .LVU578
 1876 011c 1946     		mov	r1, r3
 1877 011e 72ED016A 		vldmdb.32	r2!, {s13}
 256:PhysmodBar.cpp ****             tmp_rhs[i] -= th_c[i] * tmp_rhs[i + 1];
 1878              		.loc 10 256 9 discriminator 2 view .LVU579
 1879 0122 0CF1FF3C 		add	ip, ip, #-1
 1880              	.LVL167:
 257:PhysmodBar.cpp **** 
 1881              		.loc 10 257 24 discriminator 2 view .LVU580
 1882 0126 043B     		subs	r3, r3, #4
 1883 0128 91ED007A 		vldr.32	s14, [r1]
 1884 012c D3ED007A 		vldr.32	s15, [r3]
 256:PhysmodBar.cpp ****             tmp_rhs[i] -= th_c[i] * tmp_rhs[i + 1];
 1885              		.loc 10 256 30 discriminator 2 view .LVU581
 1886 0130 BCF1FF3F 		cmp	ip, #-1
 257:PhysmodBar.cpp **** 
 1887              		.loc 10 257 24 discriminator 2 view .LVU582
 1888 0134 E6EEC77A 		vfms.f32	s15, s13, s14
 1889 0138 C3ED007A 		vstr.32	s15, [r3]
 256:PhysmodBar.cpp ****             tmp_rhs[i] -= th_c[i] * tmp_rhs[i + 1];
 1890              		.loc 10 256 9 is_stmt 1 discriminator 2 view .LVU583
 1891              	.LVL168:
 256:PhysmodBar.cpp ****             tmp_rhs[i] -= th_c[i] * tmp_rhs[i + 1];
 1892              		.loc 10 256 30 discriminator 2 view .LVU584
 1893 013c EED1     		bne	.L108
 1894              	.LVL169:
 1895              	.L105:
 256:PhysmodBar.cpp ****             tmp_rhs[i] -= th_c[i] * tmp_rhs[i + 1];
 1896              		.loc 10 256 30 is_stmt 0 discriminator 2 view .LVU585
 1897              	.LBE299:
 260:PhysmodBar.cpp **** 
 1898              		.loc 10 260 9 is_stmt 1 view .LVU586
 260:PhysmodBar.cpp **** 
 1899              		.loc 10 260 16 is_stmt 0 view .LVU587
 1900 013e 04F11409 		add	r9, r4, #20
 260:PhysmodBar.cpp **** 
 1901              		.loc 10 260 15 view .LVU588
 1902 0142 4246     		mov	r2, r8
ARM GAS  C:\Users\isaia\AppData\Local\Temp\ccAwOTrI.s 			page 61


 1903 0144 4D49     		ldr	r1, .L135+4
 1904 0146 4846     		mov	r0, r9
 1905 0148 FFF7FEFF 		bl	memcpy
 1906              	.LVL170:
 263:PhysmodBar.cpp ****                 + rp_frac[0] * u[rp_idx[0] + 1];
 1907              		.loc 10 263 9 is_stmt 1 view .LVU589
 1908 014c D4F80C32 		ldr	r3, [r4, #524]
 263:PhysmodBar.cpp ****                 + rp_frac[0] * u[rp_idx[0] + 1];
 1909              		.loc 10 263 23 is_stmt 0 view .LVU590
 1910 0150 B7EE007A 		vmov.f32	s14, #1.0e+0
 263:PhysmodBar.cpp ****                 + rp_frac[0] * u[rp_idx[0] + 1];
 1911              		.loc 10 263 34 view .LVU591
 1912 0154 D4ED857A 		vldr.32	s15, [r4, #532]
 1913 0158 04EB8303 		add	r3, r4, r3, lsl #2
 264:PhysmodBar.cpp ****         out_r = (1.0f - rp_frac[1]) * u[rp_idx[1]]
 1914              		.loc 10 264 30 view .LVU592
 1915 015c D3ED065A 		vldr.32	s11, [r3, #24]
 263:PhysmodBar.cpp ****                 + rp_frac[0] * u[rp_idx[0] + 1];
 1916              		.loc 10 263 23 view .LVU593
 1917 0160 37EE676A 		vsub.f32	s12, s14, s15
 264:PhysmodBar.cpp ****         out_r = (1.0f - rp_frac[1]) * u[rp_idx[1]]
 1918              		.loc 10 264 17 view .LVU594
 1919 0164 D3ED056A 		vldr.32	s13, [r3, #20]
 264:PhysmodBar.cpp ****         out_r = (1.0f - rp_frac[1]) * u[rp_idx[1]]
 1920              		.loc 10 264 30 view .LVU595
 1921 0168 67EEA57A 		vmul.f32	s15, s15, s11
 1922 016c D4F81032 		ldr	r3, [r4, #528]
 1923 0170 04EB8303 		add	r3, r4, r3, lsl #2
 264:PhysmodBar.cpp ****         out_r = (1.0f - rp_frac[1]) * u[rp_idx[1]]
 1924              		.loc 10 264 17 view .LVU596
 1925 0174 E6EE267A 		vfma.f32	s15, s12, s13
 263:PhysmodBar.cpp ****                 + rp_frac[0] * u[rp_idx[0] + 1];
 1926              		.loc 10 263 15 view .LVU597
 1927 0178 C7ED007A 		vstr.32	s15, [r7]
 265:PhysmodBar.cpp ****                 + rp_frac[1] * u[rp_idx[1] + 1];
 1928              		.loc 10 265 9 is_stmt 1 view .LVU598
 265:PhysmodBar.cpp ****                 + rp_frac[1] * u[rp_idx[1] + 1];
 1929              		.loc 10 265 34 is_stmt 0 view .LVU599
 1930 017c D4ED867A 		vldr.32	s15, [r4, #536]
 266:PhysmodBar.cpp **** 
 1931              		.loc 10 266 30 view .LVU600
 1932 0180 D3ED065A 		vldr.32	s11, [r3, #24]
 265:PhysmodBar.cpp ****                 + rp_frac[1] * u[rp_idx[1] + 1];
 1933              		.loc 10 265 23 view .LVU601
 1934 0184 37EE676A 		vsub.f32	s12, s14, s15
 266:PhysmodBar.cpp **** 
 1935              		.loc 10 266 17 view .LVU602
 1936 0188 D3ED056A 		vldr.32	s13, [r3, #20]
 266:PhysmodBar.cpp **** 
 1937              		.loc 10 266 30 view .LVU603
 1938 018c 67EEA57A 		vmul.f32	s15, s15, s11
 266:PhysmodBar.cpp **** 
 1939              		.loc 10 266 17 view .LVU604
 1940 0190 E6EE267A 		vfma.f32	s15, s12, s13
 265:PhysmodBar.cpp ****                 + rp_frac[1] * u[rp_idx[1] + 1];
 1941              		.loc 10 265 15 view .LVU605
 1942 0194 C6ED007A 		vstr.32	s15, [r6]
ARM GAS  C:\Users\isaia\AppData\Local\Temp\ccAwOTrI.s 			page 62


 269:PhysmodBar.cpp ****         {
 1943              		.loc 10 269 9 is_stmt 1 view .LVU606
 269:PhysmodBar.cpp ****         {
 1944              		.loc 10 269 12 is_stmt 0 view .LVU607
 1945 0198 D4ED877A 		vldr.32	s15, [r4, #540]
 269:PhysmodBar.cpp ****         {
 1946              		.loc 10 269 9 view .LVU608
 1947 019c F4EEC77A 		vcmpe.f32	s15, s14
 1948 01a0 F1EE10FA 		vmrs	APSR_nzcv, FPSCR
 1949 01a4 32D4     		bmi	.L134
 1950              	.L112:
 278:PhysmodBar.cpp ****         memcpy(u1, u,  n * sizeof(float));
 1951              		.loc 10 278 9 is_stmt 1 view .LVU609
 278:PhysmodBar.cpp ****         memcpy(u1, u,  n * sizeof(float));
 1952              		.loc 10 278 20 is_stmt 0 view .LVU610
 1953 01a6 04F17406 		add	r6, r4, #116
 1954              	.LVL171:
 278:PhysmodBar.cpp ****         memcpy(u1, u,  n * sizeof(float));
 1955              		.loc 10 278 15 view .LVU611
 1956 01aa 4246     		mov	r2, r8
 1957 01ac 04F1D400 		add	r0, r4, #212
 1958 01b0 3146     		mov	r1, r6
 1959 01b2 FFF7FEFF 		bl	memcpy
 1960              	.LVL172:
 279:PhysmodBar.cpp **** 
 1961              		.loc 10 279 9 is_stmt 1 view .LVU612
 279:PhysmodBar.cpp **** 
 1962              		.loc 10 279 15 is_stmt 0 view .LVU613
 1963 01b6 4246     		mov	r2, r8
 1964 01b8 4946     		mov	r1, r9
 1965 01ba 3046     		mov	r0, r6
 1966 01bc FFF7FEFF 		bl	memcpy
 1967              	.LVL173:
 281:PhysmodBar.cpp **** 
 1968              		.loc 10 281 9 is_stmt 1 view .LVU614
 281:PhysmodBar.cpp **** 
 1969              		.loc 10 281 19 is_stmt 0 view .LVU615
 1970 01c0 2369     		ldr	r3, [r4, #16]
 284:PhysmodBar.cpp **** 
 1971              		.loc 10 284 9 view .LVU616
 1972 01c2 E268     		ldr	r2, [r4, #12]
 281:PhysmodBar.cpp **** 
 1973              		.loc 10 281 19 view .LVU617
 1974 01c4 0133     		adds	r3, r3, #1
 284:PhysmodBar.cpp **** 
 1975              		.loc 10 284 9 view .LVU618
 1976 01c6 9342     		cmp	r3, r2
 281:PhysmodBar.cpp **** 
 1977              		.loc 10 281 19 view .LVU619
 1978 01c8 2361     		str	r3, [r4, #16]
 284:PhysmodBar.cpp **** 
 1979              		.loc 10 284 9 is_stmt 1 view .LVU620
 1980 01ca 1BDA     		bge	.L115
 287:PhysmodBar.cpp ****         {
 1981              		.loc 10 287 9 view .LVU621
 1982              	.LBB300:
 287:PhysmodBar.cpp ****         {
ARM GAS  C:\Users\isaia\AppData\Local\Temp\ccAwOTrI.s 			page 63


 1983              		.loc 10 287 24 is_stmt 0 view .LVU622
 1984 01cc C3F30B03 		ubfx	r3, r3, #0, #12
 287:PhysmodBar.cpp ****         {
 1985              		.loc 10 287 9 view .LVU623
 1986 01d0 D3B9     		cbnz	r3, .L94
 1987              	.LVL174:
 1988              	.LBB301:
 1989              	.LBB302:
 290:PhysmodBar.cpp ****             {
 1990              		.loc 10 290 30 is_stmt 1 view .LVU624
 1991 01d2 002D     		cmp	r5, #0
 1992 01d4 16DD     		ble	.L115
 1993 01d6 4946     		mov	r1, r9
 1994              	.LBE302:
 289:PhysmodBar.cpp ****             for(int i = 0; i < n; i++)
 1995              		.loc 10 289 19 is_stmt 0 view .LVU625
 1996 01d8 9FED297A 		vldr.32	s14, .L135+8
 1997 01dc C844     		add	r8, r8, r9
 1998              	.LVL175:
 1999              	.L118:
 2000              	.LBB304:
 2001              	.LBB303:
 292:PhysmodBar.cpp ****                 if(a > peak) peak = a;
 2002              		.loc 10 292 17 is_stmt 1 view .LVU626
 292:PhysmodBar.cpp ****                 if(a > peak) peak = a;
 2003              		.loc 10 292 36 is_stmt 0 view .LVU627
 2004 01de F1EC017A 		vldmia.32	r1!, {s15}
 292:PhysmodBar.cpp ****                 if(a > peak) peak = a;
 2005              		.loc 10 292 23 view .LVU628
 2006 01e2 F0EEE77A 		vabs.f32	s15, s15
 2007              	.LVL176:
 293:PhysmodBar.cpp ****             }
 2008              		.loc 10 293 17 is_stmt 1 view .LVU629
 293:PhysmodBar.cpp ****             }
 2009              		.loc 10 293 35 is_stmt 0 view .LVU630
 2010 01e6 F4EE477A 		vcmp.f32	s15, s14
 2011 01ea F1EE10FA 		vmrs	APSR_nzcv, FPSCR
 2012 01ee 37FE877A 		vselgt.f32	s14, s15, s14
 2013              	.LVL177:
 293:PhysmodBar.cpp ****             }
 2014              		.loc 10 293 35 view .LVU631
 2015              	.LBE303:
 290:PhysmodBar.cpp ****             {
 2016              		.loc 10 290 13 is_stmt 1 view .LVU632
 290:PhysmodBar.cpp ****             {
 2017              		.loc 10 290 30 view .LVU633
 2018 01f2 4145     		cmp	r1, r8
 2019 01f4 F3D1     		bne	.L118
 2020              	.LBE304:
 295:PhysmodBar.cpp ****         }
 2021              		.loc 10 295 13 view .LVU634
 2022 01f6 DFED237A 		vldr.32	s15, .L135+12
 2023              	.LVL178:
 295:PhysmodBar.cpp ****         }
 2024              		.loc 10 295 13 is_stmt 0 view .LVU635
 2025 01fa B4EEE77A 		vcmpe.f32	s14, s15
 2026 01fe F1EE10FA 		vmrs	APSR_nzcv, FPSCR
ARM GAS  C:\Users\isaia\AppData\Local\Temp\ccAwOTrI.s 			page 64


 2027 0202 01D5     		bpl	.L94
 2028              	.LVL179:
 2029              	.L115:
 295:PhysmodBar.cpp ****         }
 2030              		.loc 10 295 13 view .LVU636
 2031              	.LBE301:
 2032              	.LBE300:
 284:PhysmodBar.cpp **** 
 2033              		.loc 10 284 32 is_stmt 1 discriminator 1 view .LVU637
 284:PhysmodBar.cpp **** 
 2034              		.loc 10 284 39 is_stmt 0 discriminator 1 view .LVU638
 2035 0204 0023     		movs	r3, #0
 2036 0206 2370     		strb	r3, [r4]
 284:PhysmodBar.cpp **** 
 2037              		.loc 10 284 48 is_stmt 1 discriminator 1 view .LVU639
 2038              	.L94:
 297:PhysmodBar.cpp **** };
 2039              		.loc 10 297 5 is_stmt 0 view .LVU640
 2040 0208 BDE8F883 		pop	{r3, r4, r5, r6, r7, r8, r9, pc}
 2041              	.LVL180:
 2042              	.L134:
 271:PhysmodBar.cpp ****             out_r *= attack_env;
 2043              		.loc 10 271 13 is_stmt 1 view .LVU641
 271:PhysmodBar.cpp ****             out_r *= attack_env;
 2044              		.loc 10 271 19 is_stmt 0 view .LVU642
 2045 020c D7ED006A 		vldr.32	s13, [r7]
 2046 0210 66EEA77A 		vmul.f32	s15, s13, s15
 2047 0214 C7ED007A 		vstr.32	s15, [r7]
 272:PhysmodBar.cpp ****             attack_env += attack_inc;
 2048              		.loc 10 272 13 is_stmt 1 view .LVU643
 272:PhysmodBar.cpp ****             attack_env += attack_inc;
 2049              		.loc 10 272 19 is_stmt 0 view .LVU644
 2050 0218 D4ED876A 		vldr.32	s13, [r4, #540]
 2051 021c D6ED007A 		vldr.32	s15, [r6]
 2052 0220 67EEA67A 		vmul.f32	s15, s15, s13
 2053 0224 C6ED007A 		vstr.32	s15, [r6]
 273:PhysmodBar.cpp ****             if(attack_env > 1.0f) attack_env = 1.0f;
 2054              		.loc 10 273 13 is_stmt 1 view .LVU645
 273:PhysmodBar.cpp ****             if(attack_env > 1.0f) attack_env = 1.0f;
 2055              		.loc 10 273 24 is_stmt 0 view .LVU646
 2056 0228 D4ED877A 		vldr.32	s15, [r4, #540]
 2057 022c D4ED886A 		vldr.32	s13, [r4, #544]
 2058 0230 77EEA67A 		vadd.f32	s15, s15, s13
 274:PhysmodBar.cpp ****         }
 2059              		.loc 10 274 13 is_stmt 1 view .LVU647
 273:PhysmodBar.cpp ****             if(attack_env > 1.0f) attack_env = 1.0f;
 2060              		.loc 10 273 24 is_stmt 0 view .LVU648
 2061 0234 F4EEC77A 		vcmpe.f32	s15, s14
 2062 0238 F1EE10FA 		vmrs	APSR_nzcv, FPSCR
 2063 023c 37FE277A 		vselgt.f32	s14, s14, s15
 2064 0240 84ED877A 		vstr.32	s14, [r4, #540]
 2065 0244 AFE7     		b	.L112
 2066              	.LVL181:
 2067              	.L131:
 236:PhysmodBar.cpp **** 
 2068              		.loc 10 236 23 is_stmt 1 discriminator 1 view .LVU649
 236:PhysmodBar.cpp **** 
ARM GAS  C:\Users\isaia\AppData\Local\Temp\ccAwOTrI.s 			page 65


 2069              		.loc 10 236 37 is_stmt 0 discriminator 1 view .LVU650
 2070 0246 0023     		movs	r3, #0
 2071 0248 1360     		str	r3, [r2]	@ float
 236:PhysmodBar.cpp **** 
 2072              		.loc 10 236 29 discriminator 1 view .LVU651
 2073 024a 0B60     		str	r3, [r1]	@ float
 236:PhysmodBar.cpp **** 
 2074              		.loc 10 236 45 is_stmt 1 discriminator 1 view .LVU652
 297:PhysmodBar.cpp **** };
 2075              		.loc 10 297 5 is_stmt 0 discriminator 1 view .LVU653
 2076 024c BDE8F883 		pop	{r3, r4, r5, r6, r7, r8, r9, pc}
 2077              	.LVL182:
 2078              	.L97:
 253:PhysmodBar.cpp ****         for(int i = 1; i < n; i++)
 2079              		.loc 10 253 9 is_stmt 1 view .LVU654
 253:PhysmodBar.cpp ****         for(int i = 1; i < n; i++)
 2080              		.loc 10 253 20 is_stmt 0 view .LVU655
 2081 0250 0A4B     		ldr	r3, .L135+4
 2082 0252 4FEA8508 		lsl	r8, r5, #2
 2083 0256 90ED657A 		vldr.32	s14, [r0, #404]
 2084 025a D3ED007A 		vldr.32	s15, [r3]
 2085 025e 67EE877A 		vmul.f32	s15, s15, s14
 2086 0262 C3ED007A 		vstr.32	s15, [r3]
 254:PhysmodBar.cpp ****             tmp_rhs[i] = (tmp_rhs[i] - A_off * tmp_rhs[i - 1]) * th_invm[i];
 2087              		.loc 10 254 9 is_stmt 1 view .LVU656
 2088              	.LVL183:
 2089              	.LBB305:
 254:PhysmodBar.cpp ****             tmp_rhs[i] = (tmp_rhs[i] - A_off * tmp_rhs[i - 1]) * th_invm[i];
 2090              		.loc 10 254 26 view .LVU657
 2091 0266 6AE7     		b	.L105
 2092              	.LVL184:
 2093              	.L106:
 254:PhysmodBar.cpp ****             tmp_rhs[i] = (tmp_rhs[i] - A_off * tmp_rhs[i - 1]) * th_invm[i];
 2094              		.loc 10 254 26 is_stmt 0 view .LVU658
 2095              	.LBE305:
 256:PhysmodBar.cpp ****             tmp_rhs[i] -= th_c[i] * tmp_rhs[i + 1];
 2096              		.loc 10 256 9 is_stmt 1 view .LVU659
 2097              	.LBB306:
 256:PhysmodBar.cpp ****             tmp_rhs[i] -= th_c[i] * tmp_rhs[i + 1];
 2098              		.loc 10 256 30 view .LVU660
 2099 0268 BCF1FF3F 		cmp	ip, #-1
 2100 026c 4FF00408 		mov	r8, #4
 2101 0270 3FF465AF 		beq	.L105
 2102 0274 4BE7     		b	.L109
 2103              	.L136:
 2104 0276 00BF     		.align	2
 2105              	.L135:
 2106 0278 04000000 		.word	.LANCHOR3+4
 2107 027c 00000000 		.word	.LANCHOR3
 2108 0280 00000000 		.word	0
 2109 0284 95BFD633 		.word	869711765
 2110              	.LBE306:
 2111              		.cfi_endproc
 2112              	.LFE4905:
 2114              		.section	.text._Z13AudioCallbackPKPKfPPfj,"ax",%progbits
 2115              		.align	1
 2116              		.p2align 2,,3
ARM GAS  C:\Users\isaia\AppData\Local\Temp\ccAwOTrI.s 			page 66


 2117              		.global	_Z13AudioCallbackPKPKfPPfj
 2118              		.syntax unified
 2119              		.thumb
 2120              		.thumb_func
 2121              		.fpu fpv5-d16
 2123              	_Z13AudioCallbackPKPKfPPfj:
 2124              	.LVL185:
 2125              	.LFB4913:
 408:PhysmodBar.cpp **** 
 409:PhysmodBar.cpp **** /* ====================================================================
 410:PhysmodBar.cpp ****  *  Audio Callback
 411:PhysmodBar.cpp ****  * ==================================================================== */
 412:PhysmodBar.cpp **** void AudioCallback(AudioHandle::InputBuffer  in,
 413:PhysmodBar.cpp ****                    AudioHandle::OutputBuffer out,
 414:PhysmodBar.cpp ****                    size_t                    size)
 415:PhysmodBar.cpp **** {
 2126              		.loc 10 415 1 view -0
 2127              		.cfi_startproc
 2128              		@ args = 0, pretend = 0, frame = 8
 2129              		@ frame_needed = 0, uses_anonymous_args = 0
 416:PhysmodBar.cpp ****     euro.patch.ProcessAllControls();
 2130              		.loc 10 416 5 view .LVU662
 2131              	.LBB325:
 2132              	.LBI325:
  66:../../libDaisy//src/daisy_patch_sm.h **** 
  67:../../libDaisy//src/daisy_patch_sm.h ****         /** Initializes the memories, and core peripherals for the Daisy Patch SM */
  68:../../libDaisy//src/daisy_patch_sm.h ****         void Init();
  69:../../libDaisy//src/daisy_patch_sm.h **** 
  70:../../libDaisy//src/daisy_patch_sm.h ****         /** Starts a non-interleaving audio callback */
  71:../../libDaisy//src/daisy_patch_sm.h ****         void StartAudio(AudioHandle::AudioCallback cb);
  72:../../libDaisy//src/daisy_patch_sm.h **** 
  73:../../libDaisy//src/daisy_patch_sm.h ****         /** Starts an interleaving audio callback */
  74:../../libDaisy//src/daisy_patch_sm.h ****         void StartAudio(AudioHandle::InterleavingAudioCallback cb);
  75:../../libDaisy//src/daisy_patch_sm.h **** 
  76:../../libDaisy//src/daisy_patch_sm.h ****         /** Changes the callback that is executing.
  77:../../libDaisy//src/daisy_patch_sm.h ****          *  This may cause clicks if done while audio is processing.
  78:../../libDaisy//src/daisy_patch_sm.h ****          */
  79:../../libDaisy//src/daisy_patch_sm.h ****         void ChangeAudioCallback(AudioHandle::AudioCallback cb);
  80:../../libDaisy//src/daisy_patch_sm.h **** 
  81:../../libDaisy//src/daisy_patch_sm.h ****         /** Changes the callback that is executing.
  82:../../libDaisy//src/daisy_patch_sm.h ****          *  This may cause clicks if done while audio is processing.
  83:../../libDaisy//src/daisy_patch_sm.h ****          */
  84:../../libDaisy//src/daisy_patch_sm.h ****         void ChangeAudioCallback(AudioHandle::InterleavingAudioCallback cb);
  85:../../libDaisy//src/daisy_patch_sm.h **** 
  86:../../libDaisy//src/daisy_patch_sm.h ****         /** Stops the transmission of audio. */
  87:../../libDaisy//src/daisy_patch_sm.h ****         void StopAudio();
  88:../../libDaisy//src/daisy_patch_sm.h **** 
  89:../../libDaisy//src/daisy_patch_sm.h ****         /** Sets the number of samples processed in an audio callback. 
  90:../../libDaisy//src/daisy_patch_sm.h ****          *  This will only take effect on the next invocation of `StartAudio`
  91:../../libDaisy//src/daisy_patch_sm.h ****          */
  92:../../libDaisy//src/daisy_patch_sm.h ****         void SetAudioBlockSize(size_t size);
  93:../../libDaisy//src/daisy_patch_sm.h **** 
  94:../../libDaisy//src/daisy_patch_sm.h ****         /** Sets the samplerate for the audio engine 
  95:../../libDaisy//src/daisy_patch_sm.h ****          *  This will set it to the closest valid samplerate. Options being:
  96:../../libDaisy//src/daisy_patch_sm.h ****          *  8kHz, 16kHz, 32kHz, 48kHz, and 96kHz
  97:../../libDaisy//src/daisy_patch_sm.h ****          */
  98:../../libDaisy//src/daisy_patch_sm.h ****         void SetAudioSampleRate(float sr);
ARM GAS  C:\Users\isaia\AppData\Local\Temp\ccAwOTrI.s 			page 67


  99:../../libDaisy//src/daisy_patch_sm.h **** 
 100:../../libDaisy//src/daisy_patch_sm.h ****         void SetAudioSampleRate(SaiHandle::Config::SampleRate sample_rate);
 101:../../libDaisy//src/daisy_patch_sm.h **** 
 102:../../libDaisy//src/daisy_patch_sm.h ****         /** Returns the number of samples processed in an audio callback */
 103:../../libDaisy//src/daisy_patch_sm.h ****         size_t AudioBlockSize();
 104:../../libDaisy//src/daisy_patch_sm.h **** 
 105:../../libDaisy//src/daisy_patch_sm.h ****         /** Returns the audio engine's samplerate in Hz */
 106:../../libDaisy//src/daisy_patch_sm.h ****         float AudioSampleRate();
 107:../../libDaisy//src/daisy_patch_sm.h **** 
 108:../../libDaisy//src/daisy_patch_sm.h ****         /** Returns the rate at which the audio callback will be called in Hz */
 109:../../libDaisy//src/daisy_patch_sm.h ****         float AudioCallbackRate();
 110:../../libDaisy//src/daisy_patch_sm.h **** 
 111:../../libDaisy//src/daisy_patch_sm.h ****         /** Starts the Control ADCs 
 112:../../libDaisy//src/daisy_patch_sm.h ****          * 
 113:../../libDaisy//src/daisy_patch_sm.h ****          *  This is started automatically when Init() is called.
 114:../../libDaisy//src/daisy_patch_sm.h ****          */
 115:../../libDaisy//src/daisy_patch_sm.h ****         void StartAdc();
 116:../../libDaisy//src/daisy_patch_sm.h **** 
 117:../../libDaisy//src/daisy_patch_sm.h ****         /** Stops the Control ADCs */
 118:../../libDaisy//src/daisy_patch_sm.h ****         void StopAdc();
 119:../../libDaisy//src/daisy_patch_sm.h **** 
 120:../../libDaisy//src/daisy_patch_sm.h ****         /** Reads and filters all of the analog control inputs */
 121:../../libDaisy//src/daisy_patch_sm.h ****         void ProcessAnalogControls();
 122:../../libDaisy//src/daisy_patch_sm.h **** 
 123:../../libDaisy//src/daisy_patch_sm.h ****         /** Reads and debounces any of the digital control inputs 
 124:../../libDaisy//src/daisy_patch_sm.h ****          *  This does nothing on this board at this time.
 125:../../libDaisy//src/daisy_patch_sm.h ****          */
 126:../../libDaisy//src/daisy_patch_sm.h ****         void ProcessDigitalControls();
 127:../../libDaisy//src/daisy_patch_sm.h **** 
 128:../../libDaisy//src/daisy_patch_sm.h ****         /** Does both of the above */
 129:../../libDaisy//src/daisy_patch_sm.h ****         void ProcessAllControls()
 2133              		.loc 2 129 14 view .LVU663
 2134              	.LBB326:
 130:../../libDaisy//src/daisy_patch_sm.h ****         {
 131:../../libDaisy//src/daisy_patch_sm.h ****             ProcessAnalogControls();
 2135              		.loc 2 131 13 view .LVU664
 2136              	.LBE326:
 2137              	.LBE325:
 415:PhysmodBar.cpp ****     euro.patch.ProcessAllControls();
 2138              		.loc 10 415 1 is_stmt 0 view .LVU665
 2139 0000 2DE9F043 		push	{r4, r5, r6, r7, r8, r9, lr}
 2140              		.cfi_def_cfa_offset 28
 2141              		.cfi_offset 4, -28
 2142              		.cfi_offset 5, -24
 2143              		.cfi_offset 6, -20
 2144              		.cfi_offset 7, -16
 2145              		.cfi_offset 8, -12
 2146              		.cfi_offset 9, -8
 2147              		.cfi_offset 14, -4
 2148              	.LBB330:
 2149              	.LBB327:
 2150              		.loc 2 131 34 view .LVU666
 2151 0004 894C     		ldr	r4, .L180
 2152              	.LBE327:
 2153              	.LBE330:
 415:PhysmodBar.cpp ****     euro.patch.ProcessAllControls();
 2154              		.loc 10 415 1 view .LVU667
ARM GAS  C:\Users\isaia\AppData\Local\Temp\ccAwOTrI.s 			page 68


 2155 0006 8846     		mov	r8, r1
 2156 0008 1746     		mov	r7, r2
 2157              	.LBB331:
 2158              	.LBB328:
 2159              		.loc 2 131 34 view .LVU668
 2160 000a 04F1B800 		add	r0, r4, #184
 2161              	.LVL186:
 2162              		.loc 2 131 34 view .LVU669
 2163              	.LBE328:
 2164              	.LBE331:
 415:PhysmodBar.cpp ****     euro.patch.ProcessAllControls();
 2165              		.loc 10 415 1 view .LVU670
 2166 000e 2DED028B 		vpush.64	{d8}
 2167              		.cfi_def_cfa_offset 36
 2168              		.cfi_offset 80, -36
 2169              		.cfi_offset 81, -32
 2170 0012 83B0     		sub	sp, sp, #12
 2171              		.cfi_def_cfa_offset 48
 2172              	.LBB332:
 2173              	.LBB329:
 2174              		.loc 2 131 34 view .LVU671
 2175 0014 FFF7FEFF 		bl	_ZN5daisy8patch_sm12DaisyPatchSM21ProcessAnalogControlsEv
 2176              	.LVL187:
 132:../../libDaisy//src/daisy_patch_sm.h ****             ProcessDigitalControls();
 2177              		.loc 2 132 13 is_stmt 1 view .LVU672
 2178              		.loc 2 132 35 is_stmt 0 view .LVU673
 2179 0018 04F1B800 		add	r0, r4, #184
 2180 001c FFF7FEFF 		bl	_ZN5daisy8patch_sm12DaisyPatchSM22ProcessDigitalControlsEv
 2181              	.LVL188:
 2182              		.loc 2 132 35 view .LVU674
 2183              	.LBE329:
 2184              	.LBE332:
 417:PhysmodBar.cpp ****     euro.button.Debounce();
 2185              		.loc 10 417 5 is_stmt 1 view .LVU675
 2186              		.loc 10 417 25 is_stmt 0 view .LVU676
 2187 0020 04F12800 		add	r0, r4, #40
 2188 0024 FFF7FEFF 		bl	_ZN5daisy6Switch8DebounceEv
 2189              	.LVL189:
 418:PhysmodBar.cpp ****     euro.toggle1.Debounce();
 2190              		.loc 10 418 5 is_stmt 1 view .LVU677
 2191              		.loc 10 418 26 is_stmt 0 view .LVU678
 2192 0028 04F14C00 		add	r0, r4, #76
 2193 002c FFF7FEFF 		bl	_ZN5daisy6Switch8DebounceEv
 2194              	.LVL190:
 419:PhysmodBar.cpp **** 
 420:PhysmodBar.cpp ****     /* ---- Trigger detection (rising edge) ---- */
 421:PhysmodBar.cpp ****     bool btn_now  = euro.button.Pressed();
 2195              		.loc 10 421 5 is_stmt 1 view .LVU679
 2196              	.LBB333:
 2197              	.LBI333:
 2198              		.loc 9 74 17 view .LVU680
 2199              	.LBB334:
 2200              		.loc 9 74 35 view .LVU681
 2201              		.loc 9 74 42 is_stmt 0 view .LVU682
 2202 0030 94F84460 		ldrb	r6, [r4, #68]	@ zero_extendqisi2
 2203              	.LBE334:
 2204              	.LBE333:
ARM GAS  C:\Users\isaia\AppData\Local\Temp\ccAwOTrI.s 			page 69


 2205              	.LBB336:
 2206              	.LBB337:
  22:../../libDaisy//src/hid/gatein.h **** 
  23:../../libDaisy//src/hid/gatein.h ****     /** @brief Initializes the gate input with specified hardware pin
  24:../../libDaisy//src/hid/gatein.h ****      *
  25:../../libDaisy//src/hid/gatein.h ****      *  @param pin_cfg pointer to pin to initialize
  26:../../libDaisy//src/hid/gatein.h ****      *  @param invert True if the pin state is HIGH when 0V is present
  27:../../libDaisy//src/hid/gatein.h ****      *         at the input. False if input signal matches the pin state.
  28:../../libDaisy//src/hid/gatein.h ****      *
  29:../../libDaisy//src/hid/gatein.h ****      *  @note the default for invert is true because it is typical to use
  30:../../libDaisy//src/hid/gatein.h ****      *  an inverting input circuit (e.g. a BJT circuit) for eurorack gate inputs.
  31:../../libDaisy//src/hid/gatein.h ****      */
  32:../../libDaisy//src/hid/gatein.h ****     void Init(Pin pin, bool invert = true);
  33:../../libDaisy//src/hid/gatein.h **** 
  34:../../libDaisy//src/hid/gatein.h ****     /** Checks current state of gate input.
  35:../../libDaisy//src/hid/gatein.h ****      *  @return True if the GPIO just transitioned.
  36:../../libDaisy//src/hid/gatein.h ****      */
  37:../../libDaisy//src/hid/gatein.h ****     bool Trig();
  38:../../libDaisy//src/hid/gatein.h **** 
  39:../../libDaisy//src/hid/gatein.h ****     /** Checks current state of gate input (no state required)
  40:../../libDaisy//src/hid/gatein.h ****      *  read function is inverted because of suggested BJT input circuit
  41:../../libDaisy//src/hid/gatein.h ****      */
  42:../../libDaisy//src/hid/gatein.h ****     inline bool State() { return invert_ ? !pin_.Read() : pin_.Read(); }
 2207              		.loc 3 42 42 view .LVU683
 2208 0034 94F88E32 		ldrb	r3, [r4, #654]	@ zero_extendqisi2
 2209              	.LBB338:
 2210              	.LBB339:
 2211              		.loc 3 42 54 view .LVU684
 2212 0038 04F51E70 		add	r0, r4, #632
 2213              	.LBE339:
 2214              	.LBE338:
 2215              	.LBE337:
 2216              	.LBE336:
 2217              	.LBB351:
 2218              	.LBB335:
 2219              		.loc 9 74 52 view .LVU685
 2220 003c A6F1FF05 		sub	r5, r6, #255
 2221 0040 B5FA85F5 		clz	r5, r5
 2222 0044 6D09     		lsrs	r5, r5, #5
 2223              	.LVL191:
 2224              		.loc 9 74 52 view .LVU686
 2225              	.LBE335:
 2226              	.LBE351:
 422:PhysmodBar.cpp ****     bool gate_now = euro.patch.gate_in_1.State();
 2227              		.loc 10 422 5 is_stmt 1 view .LVU687
 2228              	.LBB352:
 2229              	.LBI336:
 2230              		.loc 3 42 17 view .LVU688
 2231              	.LBB346:
 2232              		.loc 3 42 27 view .LVU689
 2233              		.loc 3 42 42 is_stmt 0 view .LVU690
 2234 0046 002B     		cmp	r3, #0
 2235 0048 00F0CB80 		beq	.L138
 2236              	.LVL192:
 2237              	.LBB343:
 2238              	.LBI338:
 2239              		.loc 3 42 17 is_stmt 1 view .LVU691
ARM GAS  C:\Users\isaia\AppData\Local\Temp\ccAwOTrI.s 			page 70


 2240              	.LBB340:
 2241              		.loc 3 42 54 is_stmt 0 view .LVU692
 2242 004c FFF7FEFF 		bl	_ZN5daisy4GPIO4ReadEv
 2243              	.LVL193:
 2244              	.LBE340:
 2245              	.LBE343:
 2246              	.LBE346:
 2247              	.LBE352:
 423:PhysmodBar.cpp **** 
 424:PhysmodBar.cpp ****     if(btn_now  && !prev_button) TriggerStrike();
 2248              		.loc 10 424 5 view .LVU693
 2249 0050 FF2E     		cmp	r6, #255
 2250              	.LBB353:
 2251              	.LBB347:
 2252              	.LBB344:
 2253              	.LBB341:
 2254              		.loc 3 42 42 view .LVU694
 2255 0052 80F00100 		eor	r0, r0, #1
 2256              	.LBE341:
 2257              	.LBE344:
 2258              	.LBE347:
 2259              	.LBE353:
 2260              		.loc 10 424 20 view .LVU695
 2261 0056 DFF8F891 		ldr	r9, .L180+36
 2262              	.LBB354:
 2263              	.LBB348:
 2264              	.LBB345:
 2265              	.LBB342:
 2266              		.loc 3 42 42 view .LVU696
 2267 005a C4B2     		uxtb	r4, r0
 2268              	.LVL194:
 2269              		.loc 3 42 42 view .LVU697
 2270              	.LBE342:
 2271              	.LBE345:
 2272              	.LBE348:
 2273              	.LBE354:
 2274              		.loc 10 424 5 is_stmt 1 view .LVU698
 2275 005c 00F0C980 		beq	.L171
 2276              	.L140:
 425:PhysmodBar.cpp ****     if(gate_now && !prev_gate1)  TriggerStrike();
 2277              		.loc 10 425 5 view .LVU699
 2278              		.loc 10 425 20 is_stmt 0 view .LVU700
 2279 0060 734E     		ldr	r6, .L180+4
 2280              		.loc 10 425 5 view .LVU701
 2281 0062 1CB1     		cbz	r4, .L141
 2282              		.loc 10 425 17 discriminator 1 view .LVU702
 2283 0064 3378     		ldrb	r3, [r6]	@ zero_extendqisi2
 2284 0066 002B     		cmp	r3, #0
 2285 0068 00F0D580 		beq	.L175
 2286              	.L141:
 426:PhysmodBar.cpp **** 
 427:PhysmodBar.cpp ****     prev_button = btn_now;
 2287              		.loc 10 427 5 is_stmt 1 view .LVU703
 2288              		.loc 10 427 17 is_stmt 0 view .LVU704
 2289 006c 89F80050 		strb	r5, [r9]
 428:PhysmodBar.cpp ****     prev_gate1  = gate_now;
 2290              		.loc 10 428 5 is_stmt 1 view .LVU705
ARM GAS  C:\Users\isaia\AppData\Local\Temp\ccAwOTrI.s 			page 71


 2291              		.loc 10 428 17 is_stmt 0 view .LVU706
 2292 0070 3470     		strb	r4, [r6]
 429:PhysmodBar.cpp **** 
 430:PhysmodBar.cpp ****     /* ---- Process audio ---- */
 431:PhysmodBar.cpp ****     for(size_t i = 0; i < size; i++)
 2293              		.loc 10 431 5 is_stmt 1 view .LVU707
 2294              	.LVL195:
 2295              	.LBB355:
 2296              		.loc 10 431 25 view .LVU708
 2297 0072 002F     		cmp	r7, #0
 2298 0074 00F0D780 		beq	.L176
 2299              	.L157:
 2300              		.loc 10 431 16 is_stmt 0 view .LVU709
 2301 0078 0025     		movs	r5, #0
 2302              	.LVL196:
 2303              		.loc 10 431 16 view .LVU710
 2304 007a 6E4E     		ldr	r6, .L180+8
 2305              	.LVL197:
 2306              	.L142:
 2307              	.LBB356:
 432:PhysmodBar.cpp ****     {
 433:PhysmodBar.cpp ****         float mix_l = 0.0f, mix_r = 0.0f;
 2308              		.loc 10 433 29 view .LVU711
 2309 007c 9FED6E8A 		vldr.32	s16, .L180+12
 2310 0080 6E4C     		ldr	r4, .L180+16
 2311              		.loc 10 433 15 view .LVU712
 2312 0082 F0EE488A 		vmov.f32	s17, s16
 2313              	.L148:
 2314              	.LVL198:
 2315              		.loc 10 433 15 view .LVU713
 2316              	.LBE356:
 2317              	.LBE355:
 434:PhysmodBar.cpp **** 
 435:PhysmodBar.cpp ****         for(int v = 0; v < MAX_VOICES; v++)
 436:PhysmodBar.cpp ****         {
 437:PhysmodBar.cpp ****             if(voices[v].active)
 2318              		.loc 10 437 13 is_stmt 1 view .LVU714
 2319              	.LBB376:
 2320              	.LBB372:
 2321              	.LBB357:
 2322              	.LBB358:
 2323 0086 2378     		ldrb	r3, [r4]	@ zero_extendqisi2
 2324 0088 002B     		cmp	r3, #0
 2325 008a 46D1     		bne	.L177
 2326              	.L144:
 2327              		.loc 10 437 13 is_stmt 0 view .LVU715
 2328              	.LBE358:
 435:PhysmodBar.cpp ****         {
 2329              		.loc 10 435 9 is_stmt 1 discriminator 2 view .LVU716
 435:PhysmodBar.cpp ****         {
 2330              		.loc 10 435 26 discriminator 2 view .LVU717
 2331 008c 04F51974 		add	r4, r4, #612
 2332 0090 B442     		cmp	r4, r6
 2333 0092 F8D1     		bne	.L148
 435:PhysmodBar.cpp ****         {
 2334              		.loc 10 435 26 is_stmt 0 discriminator 2 view .LVU718
 2335              	.LBE357:
ARM GAS  C:\Users\isaia\AppData\Local\Temp\ccAwOTrI.s 			page 72


 438:PhysmodBar.cpp ****             {
 439:PhysmodBar.cpp ****                 float l, r;
 440:PhysmodBar.cpp ****                 voices[v].Process(l, r);
 441:PhysmodBar.cpp **** 
 442:PhysmodBar.cpp ****                 /* Voice-steal fade-out envelope */
 443:PhysmodBar.cpp ****                 if(voices[v].fading_out)
 444:PhysmodBar.cpp ****                 {
 445:PhysmodBar.cpp ****                     l *= voices[v].steal_env;
 446:PhysmodBar.cpp ****                     r *= voices[v].steal_env;
 447:PhysmodBar.cpp ****                     voices[v].steal_env *= STEAL_DECAY;
 448:PhysmodBar.cpp ****                     if(voices[v].steal_env < 1e-4f)
 449:PhysmodBar.cpp ****                     {
 450:PhysmodBar.cpp ****                         auto& p = voices[v].pending;
 451:PhysmodBar.cpp ****                         voices[v].Init(p.SR, p.B_param, p.f0, p.TF,
 452:PhysmodBar.cpp ****                                        p.ctr, p.wid, p.u0, p.v0,
 453:PhysmodBar.cpp ****                                        p.loss_f1, p.loss_t1,
 454:PhysmodBar.cpp ****                                        p.loss_f2, p.loss_t2,
 455:PhysmodBar.cpp ****                                        p.rp1, p.rp2);
 456:PhysmodBar.cpp ****                         l = r = 0.0f;
 457:PhysmodBar.cpp ****                     }
 458:PhysmodBar.cpp ****                 }
 459:PhysmodBar.cpp **** 
 460:PhysmodBar.cpp ****                 mix_l += l;
 461:PhysmodBar.cpp ****                 mix_r += r;
 462:PhysmodBar.cpp ****             }
 463:PhysmodBar.cpp ****         }
 464:PhysmodBar.cpp **** 
 465:PhysmodBar.cpp ****         /* Scale and hard-clip */
 466:PhysmodBar.cpp ****         float out_l = mix_l * OUTPUT_GAIN;
 2336              		.loc 10 466 9 is_stmt 1 view .LVU719
 2337              		.loc 10 466 15 is_stmt 0 view .LVU720
 2338 0094 9FED6A7A 		vldr.32	s14, .L180+20
 467:PhysmodBar.cpp ****         float out_r = mix_r * OUTPUT_GAIN;
 468:PhysmodBar.cpp ****         if(out_l >  1.0f) out_l =  1.0f;
 2339              		.loc 10 468 9 view .LVU721
 2340 0098 F7EE006A 		vmov.f32	s13, #1.0e+0
 466:PhysmodBar.cpp ****         float out_r = mix_r * OUTPUT_GAIN;
 2341              		.loc 10 466 15 view .LVU722
 2342 009c 68EE877A 		vmul.f32	s15, s17, s14
 2343              	.LVL199:
 467:PhysmodBar.cpp ****         float out_r = mix_r * OUTPUT_GAIN;
 2344              		.loc 10 467 9 is_stmt 1 view .LVU723
 467:PhysmodBar.cpp ****         float out_r = mix_r * OUTPUT_GAIN;
 2345              		.loc 10 467 15 is_stmt 0 view .LVU724
 2346 00a0 28EE078A 		vmul.f32	s16, s16, s14
 2347              	.LVL200:
 2348              		.loc 10 468 9 is_stmt 1 view .LVU725
 2349 00a4 F4EEE67A 		vcmpe.f32	s15, s13
 2350 00a8 F1EE10FA 		vmrs	APSR_nzcv, FPSCR
 2351 00ac 40F38F80 		ble	.L178
 2352              		.loc 10 468 33 is_stmt 0 view .LVU726
 2353 00b0 F0EE667A 		vmov.f32	s15, s13
 2354              	.LVL201:
 2355              	.L149:
 469:PhysmodBar.cpp ****         if(out_l < -1.0f) out_l = -1.0f;
 470:PhysmodBar.cpp ****         if(out_r >  1.0f) out_r =  1.0f;
 2356              		.loc 10 470 9 is_stmt 1 view .LVU727
ARM GAS  C:\Users\isaia\AppData\Local\Temp\ccAwOTrI.s 			page 73


 2357 00b4 B7EE007A 		vmov.f32	s14, #1.0e+0
 2358 00b8 B4EEC78A 		vcmpe.f32	s16, s14
 2359 00bc F1EE10FA 		vmrs	APSR_nzcv, FPSCR
 2360 00c0 7BDD     		ble	.L179
 2361              		.loc 10 470 33 is_stmt 0 view .LVU728
 2362 00c2 B0EE478A 		vmov.f32	s16, s14
 2363              	.LVL202:
 2364              	.L151:
 471:PhysmodBar.cpp ****         if(out_r < -1.0f) out_r = -1.0f;
 472:PhysmodBar.cpp **** 
 473:PhysmodBar.cpp ****         out[0][i] = out_l;
 2365              		.loc 10 473 9 is_stmt 1 discriminator 2 view .LVU729
 474:PhysmodBar.cpp ****         out[1][i] = out_r;
 2366              		.loc 10 474 19 is_stmt 0 discriminator 2 view .LVU730
 2367 00c6 D8E90003 		ldrd	r0, r3, [r8]
 473:PhysmodBar.cpp ****         out[1][i] = out_r;
 2368              		.loc 10 473 19 discriminator 2 view .LVU731
 2369 00ca 00EB8500 		add	r0, r0, r5, lsl #2
 2370              		.loc 10 474 19 discriminator 2 view .LVU732
 2371 00ce 03EB8503 		add	r3, r3, r5, lsl #2
 2372              	.LBE372:
 431:PhysmodBar.cpp ****     {
 2373              		.loc 10 431 5 discriminator 2 view .LVU733
 2374 00d2 0135     		adds	r5, r5, #1
 2375              	.LVL203:
 2376              	.LBB373:
 473:PhysmodBar.cpp ****         out[1][i] = out_r;
 2377              		.loc 10 473 19 discriminator 2 view .LVU734
 2378 00d4 C0ED007A 		vstr.32	s15, [r0]
 2379              		.loc 10 474 9 is_stmt 1 discriminator 2 view .LVU735
 2380              	.LBE373:
 431:PhysmodBar.cpp ****     {
 2381              		.loc 10 431 25 is_stmt 0 discriminator 2 view .LVU736
 2382 00d8 AF42     		cmp	r7, r5
 2383              	.LBB374:
 2384              		.loc 10 474 19 discriminator 2 view .LVU737
 2385 00da 83ED008A 		vstr.32	s16, [r3]
 2386              	.LBE374:
 431:PhysmodBar.cpp ****     {
 2387              		.loc 10 431 5 is_stmt 1 discriminator 2 view .LVU738
 2388              	.LVL204:
 431:PhysmodBar.cpp ****     {
 2389              		.loc 10 431 25 discriminator 2 view .LVU739
 2390 00de CDD1     		bne	.L142
 2391              	.LVL205:
 2392              	.L153:
 431:PhysmodBar.cpp ****     {
 2393              		.loc 10 431 25 is_stmt 0 discriminator 2 view .LVU740
 2394 00e0 564B     		ldr	r3, .L180+16
 2395              	.L143:
 2396              	.LBE376:
 2397              	.LBB377:
 475:PhysmodBar.cpp ****     }
 476:PhysmodBar.cpp **** 
 477:PhysmodBar.cpp ****     /* ---- LED feedback ---- */
 478:PhysmodBar.cpp ****     bool any_active = false;
 479:PhysmodBar.cpp ****     for(int v = 0; v < MAX_VOICES; v++)
ARM GAS  C:\Users\isaia\AppData\Local\Temp\ccAwOTrI.s 			page 74


 480:PhysmodBar.cpp ****         if(voices[v].active) { any_active = true; break; }
 2398              		.loc 10 480 9 is_stmt 1 view .LVU741
 479:PhysmodBar.cpp ****         if(voices[v].active) { any_active = true; break; }
 2399              		.loc 10 479 5 view .LVU742
 479:PhysmodBar.cpp ****         if(voices[v].active) { any_active = true; break; }
 2400              		.loc 10 479 22 view .LVU743
 2401              		.loc 10 480 22 is_stmt 0 view .LVU744
 2402 00e2 1A78     		ldrb	r2, [r3]	@ zero_extendqisi2
 479:PhysmodBar.cpp ****         if(voices[v].active) { any_active = true; break; }
 2403              		.loc 10 479 22 view .LVU745
 2404 00e4 03F51973 		add	r3, r3, #612
 2405              		.loc 10 480 9 view .LVU746
 2406 00e8 0AB9     		cbnz	r2, .L154
 479:PhysmodBar.cpp ****         if(voices[v].active) { any_active = true; break; }
 2407              		.loc 10 479 22 discriminator 2 view .LVU747
 2408 00ea 9E42     		cmp	r6, r3
 2409 00ec F9D1     		bne	.L143
 2410              	.L154:
 2411              	.LVL206:
 479:PhysmodBar.cpp ****         if(voices[v].active) { any_active = true; break; }
 2412              		.loc 10 479 22 discriminator 2 view .LVU748
 2413              	.LBE377:
 481:PhysmodBar.cpp **** 
 482:PhysmodBar.cpp ****     euro.SetLed(2, any_active);            // LED 2: voice activity
 2414              		.loc 10 482 5 is_stmt 1 view .LVU749
 483:PhysmodBar.cpp **** 
 484:PhysmodBar.cpp ****     if(led_flash_ctr > 0)
 2415              		.loc 10 484 22 is_stmt 0 view .LVU750
 2416 00ee 554C     		ldr	r4, .L180+24
 482:PhysmodBar.cpp **** 
 2417              		.loc 10 482 16 view .LVU751
 2418 00f0 0221     		movs	r1, #2
 2419 00f2 4E48     		ldr	r0, .L180
 2420 00f4 FFF7FEFF 		bl	_ZN9anachrome7planter6SetLedEib
 2421              	.LVL207:
 2422              		.loc 10 484 5 is_stmt 1 view .LVU752
 2423 00f8 2368     		ldr	r3, [r4]
 2424 00fa 002B     		cmp	r3, #0
 2425 00fc 40F38180 		ble	.L155
 485:PhysmodBar.cpp ****     {
 486:PhysmodBar.cpp ****         euro.SetLed(1, true);              // LED 1: strike flash
 2426              		.loc 10 486 9 view .LVU753
 2427              		.loc 10 486 20 is_stmt 0 view .LVU754
 2428 0100 0122     		movs	r2, #1
 2429 0102 4A48     		ldr	r0, .L180
 2430 0104 1146     		mov	r1, r2
 2431 0106 FFF7FEFF 		bl	_ZN9anachrome7planter6SetLedEib
 2432              	.LVL208:
 487:PhysmodBar.cpp ****         led_flash_ctr--;
 2433              		.loc 10 487 9 is_stmt 1 view .LVU755
 2434              		.loc 10 487 22 is_stmt 0 view .LVU756
 2435 010a 2368     		ldr	r3, [r4]
 2436 010c 013B     		subs	r3, r3, #1
 2437 010e 2360     		str	r3, [r4]
 488:PhysmodBar.cpp ****     }
 489:PhysmodBar.cpp ****     else
 490:PhysmodBar.cpp ****     {
ARM GAS  C:\Users\isaia\AppData\Local\Temp\ccAwOTrI.s 			page 75


 491:PhysmodBar.cpp ****         euro.SetLed(1, false);
 492:PhysmodBar.cpp ****     }
 493:PhysmodBar.cpp **** }
 2438              		.loc 10 493 1 view .LVU757
 2439 0110 03B0     		add	sp, sp, #12
 2440              		.cfi_remember_state
 2441              		.cfi_def_cfa_offset 36
 2442              		@ sp needed
 2443 0112 BDEC028B 		vldm	sp!, {d8}
 2444              		.cfi_restore 80
 2445              		.cfi_restore 81
 2446              		.cfi_def_cfa_offset 28
 2447 0116 BDE8F083 		pop	{r4, r5, r6, r7, r8, r9, pc}
 2448              	.LVL209:
 2449              	.L177:
 2450              		.cfi_restore_state
 2451              	.LBB378:
 2452              	.LBB375:
 2453              	.LBB371:
 2454              	.LBB370:
 2455              	.LBB359:
 439:PhysmodBar.cpp ****                 voices[v].Process(l, r);
 2456              		.loc 10 439 17 is_stmt 1 view .LVU758
 440:PhysmodBar.cpp **** 
 2457              		.loc 10 440 17 view .LVU759
 440:PhysmodBar.cpp **** 
 2458              		.loc 10 440 34 is_stmt 0 view .LVU760
 2459 011a 2046     		mov	r0, r4
 2460 011c 01AA     		add	r2, sp, #4
 2461 011e 6946     		mov	r1, sp
 2462 0120 FFF7FEFF 		bl	_ZN16StiffStringVoice7ProcessERfS0_
 2463              	.LVL210:
 443:PhysmodBar.cpp ****                 {
 2464              		.loc 10 443 17 is_stmt 1 view .LVU761
 2465              	.LBB360:
 2466              	.LBB361:
 445:PhysmodBar.cpp ****                     r *= voices[v].steal_env;
 2467              		.loc 10 445 21 view .LVU762
 2468              	.LBE361:
 443:PhysmodBar.cpp ****                 {
 2469              		.loc 10 443 17 is_stmt 0 view .LVU763
 2470 0124 94F82832 		ldrb	r3, [r4, #552]	@ zero_extendqisi2
 2471              	.LBB366:
 447:PhysmodBar.cpp ****                     if(voices[v].steal_env < 1e-4f)
 2472              		.loc 10 447 41 view .LVU764
 2473 0128 DFED476A 		vldr.32	s13, .L180+28
 2474              	.LBB362:
 448:PhysmodBar.cpp ****                     {
 2475              		.loc 10 448 21 view .LVU765
 2476 012c 9FED476A 		vldr.32	s12, .L180+32
 2477              	.LBE362:
 2478              	.LBE366:
 443:PhysmodBar.cpp ****                 {
 2479              		.loc 10 443 17 view .LVU766
 2480 0130 43B9     		cbnz	r3, .L145
 2481              	.LBE360:
 460:PhysmodBar.cpp ****                 mix_r += r;
ARM GAS  C:\Users\isaia\AppData\Local\Temp\ccAwOTrI.s 			page 76


 2482              		.loc 10 460 23 view .LVU767
 2483 0132 9DED007A 		vldr.32	s14, [sp]
 461:PhysmodBar.cpp ****             }
 2484              		.loc 10 461 23 view .LVU768
 2485 0136 DDED017A 		vldr.32	s15, [sp, #4]
 2486              	.L146:
 460:PhysmodBar.cpp ****                 mix_r += r;
 2487              		.loc 10 460 17 is_stmt 1 discriminator 1 view .LVU769
 461:PhysmodBar.cpp ****             }
 2488              		.loc 10 461 23 is_stmt 0 discriminator 1 view .LVU770
 2489 013a 38EE278A 		vadd.f32	s16, s16, s15
 2490              	.LVL211:
 460:PhysmodBar.cpp ****                 mix_r += r;
 2491              		.loc 10 460 23 discriminator 1 view .LVU771
 2492 013e 78EE878A 		vadd.f32	s17, s17, s14
 2493              	.LVL212:
 461:PhysmodBar.cpp ****             }
 2494              		.loc 10 461 17 is_stmt 1 discriminator 1 view .LVU772
 461:PhysmodBar.cpp ****             }
 2495              		.loc 10 461 17 is_stmt 0 discriminator 1 view .LVU773
 2496              	.LBE359:
 2497 0142 A3E7     		b	.L144
 2498              	.L145:
 2499              	.LBB369:
 2500              	.LBB368:
 2501              	.LBB367:
 445:PhysmodBar.cpp ****                     r *= voices[v].steal_env;
 2502              		.loc 10 445 36 view .LVU774
 2503 0144 D4ED897A 		vldr.32	s15, [r4, #548]
 445:PhysmodBar.cpp ****                     r *= voices[v].steal_env;
 2504              		.loc 10 445 23 view .LVU775
 2505 0148 9DED007A 		vldr.32	s14, [sp]
 447:PhysmodBar.cpp ****                     if(voices[v].steal_env < 1e-4f)
 2506              		.loc 10 447 41 view .LVU776
 2507 014c 67EEA66A 		vmul.f32	s13, s15, s13
 446:PhysmodBar.cpp ****                     voices[v].steal_env *= STEAL_DECAY;
 2508              		.loc 10 446 23 view .LVU777
 2509 0150 DDED015A 		vldr.32	s11, [sp, #4]
 445:PhysmodBar.cpp ****                     r *= voices[v].steal_env;
 2510              		.loc 10 445 23 view .LVU778
 2511 0154 27EE877A 		vmul.f32	s14, s15, s14
 446:PhysmodBar.cpp ****                     voices[v].steal_env *= STEAL_DECAY;
 2512              		.loc 10 446 23 view .LVU779
 2513 0158 67EEA57A 		vmul.f32	s15, s15, s11
 2514              	.LBB364:
 448:PhysmodBar.cpp ****                     {
 2515              		.loc 10 448 21 view .LVU780
 2516 015c F4EEC66A 		vcmpe.f32	s13, s12
 2517              	.LBE364:
 447:PhysmodBar.cpp ****                     if(voices[v].steal_env < 1e-4f)
 2518              		.loc 10 447 41 view .LVU781
 2519 0160 C4ED896A 		vstr.32	s13, [r4, #548]
 445:PhysmodBar.cpp ****                     r *= voices[v].steal_env;
 2520              		.loc 10 445 23 view .LVU782
 2521 0164 8DED007A 		vstr.32	s14, [sp]
 446:PhysmodBar.cpp ****                     voices[v].steal_env *= STEAL_DECAY;
 2522              		.loc 10 446 21 is_stmt 1 view .LVU783
ARM GAS  C:\Users\isaia\AppData\Local\Temp\ccAwOTrI.s 			page 77


 446:PhysmodBar.cpp ****                     voices[v].steal_env *= STEAL_DECAY;
 2523              		.loc 10 446 23 is_stmt 0 view .LVU784
 2524 0168 CDED017A 		vstr.32	s15, [sp, #4]
 447:PhysmodBar.cpp ****                     if(voices[v].steal_env < 1e-4f)
 2525              		.loc 10 447 21 is_stmt 1 view .LVU785
 448:PhysmodBar.cpp ****                     {
 2526              		.loc 10 448 21 view .LVU786
 2527              	.LBB365:
 2528 016c F1EE10FA 		vmrs	APSR_nzcv, FPSCR
 2529 0170 E3D5     		bpl	.L146
 2530              	.LBB363:
 450:PhysmodBar.cpp ****                         voices[v].Init(p.SR, p.B_param, p.f0, p.TF,
 2531              		.loc 10 450 25 view .LVU787
 2532              	.LVL213:
 451:PhysmodBar.cpp ****                                        p.ctr, p.wid, p.u0, p.v0,
 2533              		.loc 10 451 25 view .LVU788
 451:PhysmodBar.cpp ****                                        p.ctr, p.wid, p.u0, p.v0,
 2534              		.loc 10 451 39 is_stmt 0 view .LVU789
 2535 0172 D4ED986A 		vldr.32	s13, [r4, #608]
 2536 0176 2046     		mov	r0, r4
 2537 0178 94ED976A 		vldr.32	s12, [r4, #604]
 2538 017c D4ED965A 		vldr.32	s11, [r4, #600]
 2539 0180 94ED955A 		vldr.32	s10, [r4, #596]
 2540 0184 D4ED944A 		vldr.32	s9, [r4, #592]
 2541 0188 94ED934A 		vldr.32	s8, [r4, #588]
 2542 018c D4ED923A 		vldr.32	s7, [r4, #584]
 2543 0190 94ED913A 		vldr.32	s6, [r4, #580]
 2544 0194 D4ED902A 		vldr.32	s5, [r4, #576]
 2545 0198 94ED8F2A 		vldr.32	s4, [r4, #572]
 2546 019c D4ED8E1A 		vldr.32	s3, [r4, #568]
 2547 01a0 94ED8D1A 		vldr.32	s2, [r4, #564]
 2548 01a4 D4ED8C0A 		vldr.32	s1, [r4, #560]
 2549 01a8 94ED8B0A 		vldr.32	s0, [r4, #556]
 2550 01ac FFF7FEFF 		bl	_ZN16StiffStringVoice4InitEffffffffffffff
 2551              	.LVL214:
 456:PhysmodBar.cpp ****                     }
 2552              		.loc 10 456 25 is_stmt 1 view .LVU790
 2553              	.LBE363:
 2554 01b0 DFED217A 		vldr.32	s15, .L180+12
 2555 01b4 B0EE677A 		vmov.f32	s14, s15
 2556 01b8 BFE7     		b	.L146
 2557              	.LVL215:
 2558              	.L179:
 456:PhysmodBar.cpp ****                     }
 2559              		.loc 10 456 25 is_stmt 0 view .LVU791
 2560              	.LBE365:
 2561              	.LBE367:
 2562              	.LBE368:
 2563              	.LBE369:
 2564              	.LBE370:
 2565              	.LBE371:
 471:PhysmodBar.cpp **** 
 2566              		.loc 10 471 9 is_stmt 1 view .LVU792
 2567 01ba BFEE007A 		vmov.f32	s14, #-1.0e+0
 471:PhysmodBar.cpp **** 
 2568              		.loc 10 471 33 is_stmt 0 view .LVU793
 2569 01be B4EE478A 		vcmp.f32	s16, s14
ARM GAS  C:\Users\isaia\AppData\Local\Temp\ccAwOTrI.s 			page 78


 2570 01c2 F1EE10FA 		vmrs	APSR_nzcv, FPSCR
 2571 01c6 48BF     		it	mi
 2572 01c8 B0EE478A 		vmovmi.f32	s16, s14
 2573              	.LVL216:
 471:PhysmodBar.cpp **** 
 2574              		.loc 10 471 33 view .LVU794
 2575 01cc 7BE7     		b	.L151
 2576              	.LVL217:
 2577              	.L178:
 469:PhysmodBar.cpp ****         if(out_r >  1.0f) out_r =  1.0f;
 2578              		.loc 10 469 9 is_stmt 1 view .LVU795
 2579 01ce BFEE007A 		vmov.f32	s14, #-1.0e+0
 469:PhysmodBar.cpp ****         if(out_r >  1.0f) out_r =  1.0f;
 2580              		.loc 10 469 33 is_stmt 0 view .LVU796
 2581 01d2 F4EE477A 		vcmp.f32	s15, s14
 2582 01d6 F1EE10FA 		vmrs	APSR_nzcv, FPSCR
 2583 01da 48BF     		it	mi
 2584 01dc F0EE477A 		vmovmi.f32	s15, s14
 2585              	.LVL218:
 469:PhysmodBar.cpp ****         if(out_r >  1.0f) out_r =  1.0f;
 2586              		.loc 10 469 33 view .LVU797
 2587 01e0 68E7     		b	.L149
 2588              	.LVL219:
 2589              	.L138:
 469:PhysmodBar.cpp ****         if(out_r >  1.0f) out_r =  1.0f;
 2590              		.loc 10 469 33 view .LVU798
 2591              	.LBE375:
 2592              	.LBE378:
 2593              	.LBB379:
 2594              	.LBB349:
 2595              		.loc 3 42 68 view .LVU799
 2596 01e2 FFF7FEFF 		bl	_ZN5daisy4GPIO4ReadEv
 2597              	.LVL220:
 2598              	.LBE349:
 2599              	.LBE379:
 424:PhysmodBar.cpp ****     if(gate_now && !prev_gate1)  TriggerStrike();
 2600              		.loc 10 424 5 view .LVU800
 2601 01e6 FF2E     		cmp	r6, #255
 2602              	.LBB380:
 2603              	.LBB350:
 2604              		.loc 3 42 68 view .LVU801
 2605 01e8 0446     		mov	r4, r0
 2606              	.LVL221:
 2607              		.loc 3 42 68 view .LVU802
 2608              	.LBE350:
 2609              	.LBE380:
 424:PhysmodBar.cpp ****     if(gate_now && !prev_gate1)  TriggerStrike();
 2610              		.loc 10 424 5 is_stmt 1 view .LVU803
 424:PhysmodBar.cpp ****     if(gate_now && !prev_gate1)  TriggerStrike();
 2611              		.loc 10 424 20 is_stmt 0 view .LVU804
 2612 01ea DFF86490 		ldr	r9, .L180+36
 424:PhysmodBar.cpp ****     if(gate_now && !prev_gate1)  TriggerStrike();
 2613              		.loc 10 424 5 view .LVU805
 2614 01ee 7FF437AF 		bne	.L140
 2615              	.L171:
 424:PhysmodBar.cpp ****     if(gate_now && !prev_gate1)  TriggerStrike();
 2616              		.loc 10 424 17 discriminator 1 view .LVU806
ARM GAS  C:\Users\isaia\AppData\Local\Temp\ccAwOTrI.s 			page 79


 2617 01f2 99F80030 		ldrb	r3, [r9]	@ zero_extendqisi2
 2618 01f6 002B     		cmp	r3, #0
 2619 01f8 7FF432AF 		bne	.L140
 424:PhysmodBar.cpp ****     if(gate_now && !prev_gate1)  TriggerStrike();
 2620              		.loc 10 424 34 is_stmt 1 discriminator 2 view .LVU807
 424:PhysmodBar.cpp ****     if(gate_now && !prev_gate1)  TriggerStrike();
 2621              		.loc 10 424 47 is_stmt 0 discriminator 2 view .LVU808
 2622 01fc FFF7FEFF 		bl	_ZL13TriggerStrikev
 2623              	.LVL222:
 2624 0200 2EE7     		b	.L140
 2625              	.LVL223:
 2626              	.L155:
 491:PhysmodBar.cpp ****     }
 2627              		.loc 10 491 9 is_stmt 1 view .LVU809
 491:PhysmodBar.cpp ****     }
 2628              		.loc 10 491 20 is_stmt 0 view .LVU810
 2629 0202 0022     		movs	r2, #0
 2630 0204 0121     		movs	r1, #1
 2631 0206 0948     		ldr	r0, .L180
 2632              		.loc 10 493 1 view .LVU811
 2633 0208 03B0     		add	sp, sp, #12
 2634              		.cfi_remember_state
 2635              		.cfi_def_cfa_offset 36
 2636              		@ sp needed
 2637 020a BDEC028B 		vldm	sp!, {d8}
 2638              		.cfi_restore 80
 2639              		.cfi_restore 81
 2640              		.cfi_def_cfa_offset 28
 2641 020e BDE8F043 		pop	{r4, r5, r6, r7, r8, r9, lr}
 2642              		.cfi_restore 14
 2643              		.cfi_restore 9
 2644              		.cfi_restore 8
 2645              		.cfi_restore 7
 2646              		.cfi_restore 6
 2647              		.cfi_restore 5
 2648              		.cfi_restore 4
 2649              		.cfi_def_cfa_offset 0
 2650              	.LVL224:
 491:PhysmodBar.cpp ****     }
 2651              		.loc 10 491 20 view .LVU812
 2652 0212 FFF7FEBF 		b	_ZN9anachrome7planter6SetLedEib
 2653              	.LVL225:
 2654              	.L175:
 2655              		.cfi_restore_state
 425:PhysmodBar.cpp **** 
 2656              		.loc 10 425 34 is_stmt 1 discriminator 2 view .LVU813
 425:PhysmodBar.cpp **** 
 2657              		.loc 10 425 47 is_stmt 0 discriminator 2 view .LVU814
 2658 0216 FFF7FEFF 		bl	_ZL13TriggerStrikev
 2659              	.LVL226:
 427:PhysmodBar.cpp ****     prev_gate1  = gate_now;
 2660              		.loc 10 427 5 is_stmt 1 discriminator 2 view .LVU815
 427:PhysmodBar.cpp ****     prev_gate1  = gate_now;
 2661              		.loc 10 427 17 is_stmt 0 discriminator 2 view .LVU816
 2662 021a 89F80050 		strb	r5, [r9]
 428:PhysmodBar.cpp **** 
 2663              		.loc 10 428 5 is_stmt 1 discriminator 2 view .LVU817
ARM GAS  C:\Users\isaia\AppData\Local\Temp\ccAwOTrI.s 			page 80


 428:PhysmodBar.cpp **** 
 2664              		.loc 10 428 17 is_stmt 0 discriminator 2 view .LVU818
 2665 021e 3470     		strb	r4, [r6]
 431:PhysmodBar.cpp ****     {
 2666              		.loc 10 431 5 is_stmt 1 discriminator 2 view .LVU819
 2667              	.LVL227:
 2668              	.LBB381:
 431:PhysmodBar.cpp ****     {
 2669              		.loc 10 431 25 discriminator 2 view .LVU820
 2670 0220 002F     		cmp	r7, #0
 2671 0222 7FF429AF 		bne	.L157
 2672              	.L176:
 431:PhysmodBar.cpp ****     {
 2673              		.loc 10 431 25 is_stmt 0 discriminator 2 view .LVU821
 2674 0226 034E     		ldr	r6, .L180+8
 2675 0228 5AE7     		b	.L153
 2676              	.L181:
 2677 022a 00BF     		.align	2
 2678              	.L180:
 2679 022c 00000000 		.word	.LANCHOR1
 2680 0230 00000000 		.word	.LANCHOR5
 2681 0234 90090000 		.word	.LANCHOR0+2448
 2682 0238 00000000 		.word	0
 2683 023c 00000000 		.word	.LANCHOR0
 2684 0240 00009643 		.word	1133903872
 2685 0244 00000000 		.word	.LANCHOR2
 2686 0248 A4707D3F 		.word	1065185444
 2687 024c 17B7D138 		.word	953267991
 2688 0250 00000000 		.word	.LANCHOR4
 2689              	.LBE381:
 2690              		.cfi_endproc
 2691              	.LFE4913:
 2693              		.section	.text.startup.main,"ax",%progbits
 2694              		.align	1
 2695              		.p2align 2,,3
 2696              		.global	main
 2697              		.syntax unified
 2698              		.thumb
 2699              		.thumb_func
 2700              		.fpu fpv5-d16
 2702              	main:
 2703              	.LFB4914:
 494:PhysmodBar.cpp **** 
 495:PhysmodBar.cpp **** /* ====================================================================
 496:PhysmodBar.cpp ****  *  Main
 497:PhysmodBar.cpp ****  * ==================================================================== */
 498:PhysmodBar.cpp **** int main(void)
 499:PhysmodBar.cpp **** {
 2704              		.loc 10 499 1 is_stmt 1 view -0
 2705              		.cfi_startproc
 2706              		@ args = 0, pretend = 0, frame = 0
 2707              		@ frame_needed = 0, uses_anonymous_args = 0
 500:PhysmodBar.cpp ****     euro.Init();
 2708              		.loc 10 500 5 view .LVU823
 2709              		.loc 10 500 14 is_stmt 0 view .LVU824
 2710 0000 0A48     		ldr	r0, .L185
 499:PhysmodBar.cpp ****     euro.Init();
ARM GAS  C:\Users\isaia\AppData\Local\Temp\ccAwOTrI.s 			page 81


 2711              		.loc 10 499 1 view .LVU825
 2712 0002 08B5     		push	{r3, lr}
 2713              		.cfi_def_cfa_offset 8
 2714              		.cfi_offset 3, -8
 2715              		.cfi_offset 14, -4
 2716              		.loc 10 500 14 view .LVU826
 2717 0004 FFF7FEFF 		bl	_ZN9anachrome7planter4InitEv
 2718              	.LVL228:
 501:PhysmodBar.cpp **** 
 502:PhysmodBar.cpp ****     for(int i = 0; i < MAX_VOICES; i++)
 2719              		.loc 10 502 5 is_stmt 1 view .LVU827
 2720              	.LBB382:
 2721              		.loc 10 502 22 view .LVU828
 503:PhysmodBar.cpp ****         voices[i].active = false;
 2722              		.loc 10 503 9 view .LVU829
 2723              		.loc 10 503 26 is_stmt 0 view .LVU830
 2724 0008 094B     		ldr	r3, .L185+4
 2725 000a 0022     		movs	r2, #0
 2726              	.LBE382:
 504:PhysmodBar.cpp **** 
 505:PhysmodBar.cpp ****     euro.patch.StartAudio(AudioCallback);
 2727              		.loc 10 505 26 view .LVU831
 2728 000c 0949     		ldr	r1, .L185+8
 2729 000e 0A48     		ldr	r0, .L185+12
 2730              	.LBB383:
 503:PhysmodBar.cpp ****         voices[i].active = false;
 2731              		.loc 10 503 26 view .LVU832
 2732 0010 1A70     		strb	r2, [r3]
 502:PhysmodBar.cpp ****         voices[i].active = false;
 2733              		.loc 10 502 5 is_stmt 1 view .LVU833
 2734              	.LVL229:
 502:PhysmodBar.cpp ****         voices[i].active = false;
 2735              		.loc 10 502 22 view .LVU834
 503:PhysmodBar.cpp ****         voices[i].active = false;
 2736              		.loc 10 503 9 view .LVU835
 503:PhysmodBar.cpp ****         voices[i].active = false;
 2737              		.loc 10 503 26 is_stmt 0 view .LVU836
 2738 0012 83F86422 		strb	r2, [r3, #612]
 502:PhysmodBar.cpp ****         voices[i].active = false;
 2739              		.loc 10 502 5 is_stmt 1 view .LVU837
 2740              	.LVL230:
 502:PhysmodBar.cpp ****         voices[i].active = false;
 2741              		.loc 10 502 22 view .LVU838
 503:PhysmodBar.cpp ****         voices[i].active = false;
 2742              		.loc 10 503 9 view .LVU839
 503:PhysmodBar.cpp ****         voices[i].active = false;
 2743              		.loc 10 503 26 is_stmt 0 view .LVU840
 2744 0016 83F8C824 		strb	r2, [r3, #1224]
 502:PhysmodBar.cpp ****         voices[i].active = false;
 2745              		.loc 10 502 5 is_stmt 1 view .LVU841
 2746              	.LVL231:
 502:PhysmodBar.cpp ****         voices[i].active = false;
 2747              		.loc 10 502 22 view .LVU842
 503:PhysmodBar.cpp ****         voices[i].active = false;
 2748              		.loc 10 503 9 view .LVU843
 503:PhysmodBar.cpp ****         voices[i].active = false;
 2749              		.loc 10 503 26 is_stmt 0 view .LVU844
ARM GAS  C:\Users\isaia\AppData\Local\Temp\ccAwOTrI.s 			page 82


 2750 001a 83F82C27 		strb	r2, [r3, #1836]
 502:PhysmodBar.cpp ****         voices[i].active = false;
 2751              		.loc 10 502 5 is_stmt 1 view .LVU845
 2752              	.LVL232:
 502:PhysmodBar.cpp ****         voices[i].active = false;
 2753              		.loc 10 502 22 view .LVU846
 2754              	.LBE383:
 2755              		.loc 10 505 5 view .LVU847
 2756              		.loc 10 505 26 is_stmt 0 view .LVU848
 2757 001e FFF7FEFF 		bl	_ZN5daisy8patch_sm12DaisyPatchSM10StartAudioEPFvPKPKfPPfjE
 2758              	.LVL233:
 2759              	.L183:
 506:PhysmodBar.cpp **** 
 507:PhysmodBar.cpp ****     while(1)
 2760              		.loc 10 507 5 is_stmt 1 discriminator 1 view .LVU849
 508:PhysmodBar.cpp ****     {
 509:PhysmodBar.cpp ****         euro.BootloaderResetCheck();
 2761              		.loc 10 509 9 discriminator 1 view .LVU850
 2762              		.loc 10 509 34 is_stmt 0 discriminator 1 view .LVU851
 2763 0022 0248     		ldr	r0, .L185
 2764 0024 FFF7FEFF 		bl	_ZN9anachrome7planter20BootloaderResetCheckEv
 2765              	.LVL234:
 507:PhysmodBar.cpp ****     {
 2766              		.loc 10 507 5 is_stmt 1 discriminator 1 view .LVU852
 2767 0028 FBE7     		b	.L183
 2768              	.L186:
 2769 002a 00BF     		.align	2
 2770              	.L185:
 2771 002c 00000000 		.word	.LANCHOR1
 2772 0030 00000000 		.word	.LANCHOR0
 2773 0034 00000000 		.word	_Z13AudioCallbackPKPKfPPfj
 2774 0038 B8000000 		.word	.LANCHOR1+184
 2775              		.cfi_endproc
 2776              	.LFE4914:
 2778              		.section	.text.startup._GLOBAL__sub_I__Z13AudioCallbackPKPKfPPfj,"ax",%progbits
 2779              		.align	1
 2780              		.p2align 2,,3
 2781              		.syntax unified
 2782              		.thumb
 2783              		.thumb_func
 2784              		.fpu fpv5-d16
 2786              	_GLOBAL__sub_I__Z13AudioCallbackPKPKfPPfj:
 2787              	.LFB5484:
 510:PhysmodBar.cpp ****     }
 511:PhysmodBar.cpp **** }
 2788              		.loc 10 511 1 view -0
 2789              		.cfi_startproc
 2790              		@ args = 0, pretend = 0, frame = 0
 2791              		@ frame_needed = 0, uses_anonymous_args = 0
 2792              		@ link register save eliminated.
 2793              	.LBB513:
 2794              	.LBI513:
 2795              		.loc 10 511 1 view .LVU854
 2796              	.LVL235:
 2797              	.LBB514:
 303:PhysmodBar.cpp **** static planter          euro;
 2798              		.loc 10 303 42 view .LVU855
ARM GAS  C:\Users\isaia\AppData\Local\Temp\ccAwOTrI.s 			page 83


 2799 0000 2A4A     		ldr	r2, .L191
 2800              	.LBE514:
 2801              	.LBE513:
 2802              		.loc 10 511 1 is_stmt 0 view .LVU856
 2803 0002 10B4     		push	{r4}
 2804              		.cfi_def_cfa_offset 4
 2805              		.cfi_offset 4, -4
 2806 0004 02F51964 		add	r4, r2, #2448
 2807              	.L188:
 2808              	.LVL236:
 2809              	.LBB767:
 2810              	.LBB764:
 2811              	.LBB515:
 2812              	.LBI515:
  61:PhysmodBar.cpp **** {
 2813              		.loc 10 61 8 is_stmt 1 view .LVU857
 2814              	.LBB516:
 2815 0008 0023     		movs	r3, #0
 2816 000a 0021     		movs	r1, #0
 2817 000c 4FF07E50 		mov	r0, #1065353216
 2818 0010 C2F81C12 		str	r1, [r2, #540]	@ float
 2819 0014 C2F82012 		str	r1, [r2, #544]	@ float
 2820 0018 C2F82402 		str	r0, [r2, #548]	@ float
 2821 001c 82F82832 		strb	r3, [r2, #552]
 2822              	.LVL237:
  61:PhysmodBar.cpp **** {
 2823              		.loc 10 61 8 is_stmt 0 view .LVU858
 2824              	.LBE516:
 2825              	.LBE515:
 303:PhysmodBar.cpp **** static planter          euro;
 2826              		.loc 10 303 42 is_stmt 1 view .LVU859
 303:PhysmodBar.cpp **** static planter          euro;
 2827              		.loc 10 303 42 view .LVU860
 2828              	.LBB518:
 2829              	.LBB517:
  61:PhysmodBar.cpp **** {
 2830              		.loc 10 61 8 is_stmt 0 view .LVU861
 2831 0020 1370     		strb	r3, [r2]
 2832 0022 C2E90133 		strd	r3, r3, [r2, #4]
 2833 0026 C2E90333 		strd	r3, r3, [r2, #12]
 2834              	.LBE517:
 2835              	.LBE518:
 303:PhysmodBar.cpp **** static planter          euro;
 2836              		.loc 10 303 42 view .LVU862
 2837 002a 02F51972 		add	r2, r2, #612
 2838 002e A242     		cmp	r2, r4
 2839 0030 EAD1     		bne	.L188
 2840              	.LVL238:
 2841              	.LBB519:
 2842              	.LBI519:
  53:../../Planter/planter.h ****         ~planter() = default;
 2843              		.loc 1 53 9 is_stmt 1 view .LVU863
 2844              	.LBB520:
 2845              	.LBI520:
 2846              		.file 12 "../../libDaisy//src/per/gpio.h"
   1:../../libDaisy//src/per/gpio.h **** #pragma once
   2:../../libDaisy//src/per/gpio.h **** #ifndef DSY_GPIO_H
ARM GAS  C:\Users\isaia\AppData\Local\Temp\ccAwOTrI.s 			page 84


   3:../../libDaisy//src/per/gpio.h **** #define DSY_GPIO_H
   4:../../libDaisy//src/per/gpio.h **** #include "daisy_core.h"
   5:../../libDaisy//src/per/gpio.h **** 
   6:../../libDaisy//src/per/gpio.h **** #ifdef __cplusplus
   7:../../libDaisy//src/per/gpio.h **** 
   8:../../libDaisy//src/per/gpio.h **** namespace daisy
   9:../../libDaisy//src/per/gpio.h **** {
  10:../../libDaisy//src/per/gpio.h **** /** @brief General Purpose I/O control 
  11:../../libDaisy//src/per/gpio.h ****  *  @details peripheral control over a single GPIO
  12:../../libDaisy//src/per/gpio.h ****  *  @ingroup peripheral
  13:../../libDaisy//src/per/gpio.h ****  *   
  14:../../libDaisy//src/per/gpio.h ****  *  Button Input (with internal Pullup resistor)
  15:../../libDaisy//src/per/gpio.h ****  *  @include GPIO_Input.cpp 
  16:../../libDaisy//src/per/gpio.h ****  * 
  17:../../libDaisy//src/per/gpio.h ****  *  Output Example (perfect for blinking an LED)
  18:../../libDaisy//src/per/gpio.h ****  *  @include GPIO_Output.cpp
  19:../../libDaisy//src/per/gpio.h ****  * 
  20:../../libDaisy//src/per/gpio.h **** */
  21:../../libDaisy//src/per/gpio.h **** class GPIO
  22:../../libDaisy//src/per/gpio.h **** {
  23:../../libDaisy//src/per/gpio.h ****   public:
  24:../../libDaisy//src/per/gpio.h ****     /** @brief Mode of operation for the specified GPIO */
  25:../../libDaisy//src/per/gpio.h ****     enum class Mode
  26:../../libDaisy//src/per/gpio.h ****     {
  27:../../libDaisy//src/per/gpio.h ****         INPUT,      /**< Input for reading state of pin */
  28:../../libDaisy//src/per/gpio.h ****         OUTPUT,     /**< Output w/ push-pull configuration */
  29:../../libDaisy//src/per/gpio.h ****         OPEN_DRAIN, /**< Output w/ open-drain configuration */
  30:../../libDaisy//src/per/gpio.h ****         ANALOG,     /**< Analog for connection to ADC or DAC peripheral */
  31:../../libDaisy//src/per/gpio.h ****     };
  32:../../libDaisy//src/per/gpio.h **** 
  33:../../libDaisy//src/per/gpio.h ****     /** @brief Configures whether an internal Pull up or Pull down resistor is used. 
  34:../../libDaisy//src/per/gpio.h ****      *  
  35:../../libDaisy//src/per/gpio.h ****      * Internal Pull up/down resistors are typically 40k ohms, and will be between
  36:../../libDaisy//src/per/gpio.h ****      * 30k and 50k
  37:../../libDaisy//src/per/gpio.h ****      * 
  38:../../libDaisy//src/per/gpio.h ****      * When the Pin is configured in Analog mode, the pull up/down resistors are
  39:../../libDaisy//src/per/gpio.h ****      * disabled by hardware. 
  40:../../libDaisy//src/per/gpio.h ****      */
  41:../../libDaisy//src/per/gpio.h ****     enum class Pull
  42:../../libDaisy//src/per/gpio.h ****     {
  43:../../libDaisy//src/per/gpio.h ****         NOPULL,   /**< No pull up resistor */
  44:../../libDaisy//src/per/gpio.h ****         PULLUP,   /**< Internal pull up enabled */
  45:../../libDaisy//src/per/gpio.h ****         PULLDOWN, /**< Internal pull down enabled*/
  46:../../libDaisy//src/per/gpio.h ****     };
  47:../../libDaisy//src/per/gpio.h **** 
  48:../../libDaisy//src/per/gpio.h ****     /** @brief Output speed controls the drive strength, and slew rate of the pin */
  49:../../libDaisy//src/per/gpio.h ****     enum class Speed
  50:../../libDaisy//src/per/gpio.h ****     {
  51:../../libDaisy//src/per/gpio.h ****         LOW,
  52:../../libDaisy//src/per/gpio.h ****         MEDIUM,
  53:../../libDaisy//src/per/gpio.h ****         HIGH,
  54:../../libDaisy//src/per/gpio.h ****         VERY_HIGH,
  55:../../libDaisy//src/per/gpio.h ****     };
  56:../../libDaisy//src/per/gpio.h **** 
  57:../../libDaisy//src/per/gpio.h ****     /** @brief Configuration for a given GPIO */
  58:../../libDaisy//src/per/gpio.h ****     struct Config
  59:../../libDaisy//src/per/gpio.h ****     {
ARM GAS  C:\Users\isaia\AppData\Local\Temp\ccAwOTrI.s 			page 85


  60:../../libDaisy//src/per/gpio.h ****         Pin   pin;
  61:../../libDaisy//src/per/gpio.h ****         Mode  mode;
  62:../../libDaisy//src/per/gpio.h ****         Pull  pull;
  63:../../libDaisy//src/per/gpio.h ****         Speed speed;
  64:../../libDaisy//src/per/gpio.h **** 
  65:../../libDaisy//src/per/gpio.h ****         /** Constructor with no arguments will prepare an invalid GPIO set as
  66:../../libDaisy//src/per/gpio.h ****          *  an input, with no pullup. 
  67:../../libDaisy//src/per/gpio.h ****          */
  68:../../libDaisy//src/per/gpio.h ****         Config()
  69:../../libDaisy//src/per/gpio.h ****         : pin(), mode(Mode::INPUT), pull(Pull::NOPULL), speed(Speed::LOW)
  70:../../libDaisy//src/per/gpio.h ****         {
  71:../../libDaisy//src/per/gpio.h ****         }
  72:../../libDaisy//src/per/gpio.h ****     };
  73:../../libDaisy//src/per/gpio.h **** 
  74:../../libDaisy//src/per/gpio.h ****     GPIO() {}
 2847              		.loc 12 74 5 view .LVU864
 2848              	.LBB521:
 2849              	.LBB522:
 2850              	.LBI522:
  68:../../libDaisy//src/per/gpio.h ****         : pin(), mode(Mode::INPUT), pull(Pull::NOPULL), speed(Speed::LOW)
 2851              		.loc 12 68 9 view .LVU865
 2852              	.LBB523:
 2853              	.LBB524:
 2854              	.LBB525:
 2855              	.LBI525:
 2856              		.file 13 "../../libDaisy//src/daisy_core.h"
   1:../../libDaisy//src/daisy_core.h **** #pragma once
   2:../../libDaisy//src/daisy_core.h **** #ifndef DSY_CORE_HW_H
   3:../../libDaisy//src/daisy_core.h **** #define DSY_CORE_HW_H /**< & */
   4:../../libDaisy//src/daisy_core.h **** #include <stdint.h>
   5:../../libDaisy//src/daisy_core.h **** #include <stdlib.h>
   6:../../libDaisy//src/daisy_core.h **** 
   7:../../libDaisy//src/daisy_core.h **** #if defined(_MSC_VER)
   8:../../libDaisy//src/daisy_core.h **** #define FORCE_INLINE __forceinline /**< & */
   9:../../libDaisy//src/daisy_core.h **** #elif defined(__clang__)
  10:../../libDaisy//src/daisy_core.h **** #define FORCE_INLINE inline __attribute__((always_inline)) /**< & */
  11:../../libDaisy//src/daisy_core.h **** #pragma clang diagnostic ignored "-Wduplicate-decl-specifier"
  12:../../libDaisy//src/daisy_core.h **** #elif defined(__GNUC__)
  13:../../libDaisy//src/daisy_core.h **** #define FORCE_INLINE inline __attribute__((always_inline)) /**< & */
  14:../../libDaisy//src/daisy_core.h **** #else
  15:../../libDaisy//src/daisy_core.h **** #error unknown compiler
  16:../../libDaisy//src/daisy_core.h **** #endif
  17:../../libDaisy//src/daisy_core.h **** 
  18:../../libDaisy//src/daisy_core.h **** /** @addtogroup utility
  19:../../libDaisy//src/daisy_core.h ****     @{
  20:../../libDaisy//src/daisy_core.h **** */
  21:../../libDaisy//src/daisy_core.h **** 
  22:../../libDaisy//src/daisy_core.h **** /** Macro for area of memory that is configured as cacheless
  23:../../libDaisy//src/daisy_core.h **** This should be used primarily for DMA buffers, and the like.
  24:../../libDaisy//src/daisy_core.h **** */
  25:../../libDaisy//src/daisy_core.h **** #define DMA_BUFFER_MEM_SECTION __attribute__((section(".sram1_bss")))
  26:../../libDaisy//src/daisy_core.h **** /** 
  27:../../libDaisy//src/daisy_core.h **** THE DTCM RAM section is also non-cached. However, is not suitable 
  28:../../libDaisy//src/daisy_core.h **** for DMA transfers. Performance is on par with internal SRAM w/ 
  29:../../libDaisy//src/daisy_core.h **** cache enabled.
  30:../../libDaisy//src/daisy_core.h **** */
  31:../../libDaisy//src/daisy_core.h **** #define DTCM_MEM_SECTION __attribute__((section(".dtcmram_bss")))
ARM GAS  C:\Users\isaia\AppData\Local\Temp\ccAwOTrI.s 			page 86


  32:../../libDaisy//src/daisy_core.h **** 
  33:../../libDaisy//src/daisy_core.h **** #define FBIPMAX 0.999985f             /**< close to 1.0f-LSB at 16 bit */
  34:../../libDaisy//src/daisy_core.h **** #define FBIPMIN (-FBIPMAX)            /**< - (1 - LSB) */
  35:../../libDaisy//src/daisy_core.h **** #define U82F_SCALE 0.0078740f         /**< 1 / 127 */
  36:../../libDaisy//src/daisy_core.h **** #define F2U8_SCALE 127.0f             /**< 128 - 1 */
  37:../../libDaisy//src/daisy_core.h **** #define S82F_SCALE 0.0078125f         /**< 1 / (2**7) */
  38:../../libDaisy//src/daisy_core.h **** #define F2S8_SCALE 127.0f             /**< (2 ** 7) - 1 */
  39:../../libDaisy//src/daisy_core.h **** #define S162F_SCALE 3.0517578125e-05f /**< 1 / (2** 15) */
  40:../../libDaisy//src/daisy_core.h **** #define F2S16_SCALE 32767.0f          /**< (2 ** 15) - 1 */
  41:../../libDaisy//src/daisy_core.h **** #define F2S24_SCALE 8388608.0f        /**< 2 ** 23 */
  42:../../libDaisy//src/daisy_core.h **** #define S242F_SCALE 1.192092896e-07f  /**< 1 / (2 ** 23) */
  43:../../libDaisy//src/daisy_core.h **** #define S24SIGN 0x800000              /**< 2 ** 23 */
  44:../../libDaisy//src/daisy_core.h **** #define S322F_SCALE 4.6566129e-10f    /**< 1 / (2** 31) */
  45:../../libDaisy//src/daisy_core.h **** #define F2S32_SCALE 2147483647.f      /**< (2 ** 31) - 1 */
  46:../../libDaisy//src/daisy_core.h **** 
  47:../../libDaisy//src/daisy_core.h **** 
  48:../../libDaisy//src/daisy_core.h **** /** shorthand macro for simplifying the reading of the left 
  49:../../libDaisy//src/daisy_core.h ****  *  channel of a non-interleaved output buffer named out */
  50:../../libDaisy//src/daisy_core.h **** #define OUT_L out[0]
  51:../../libDaisy//src/daisy_core.h **** 
  52:../../libDaisy//src/daisy_core.h **** /** shorthand macro for simplifying the reading of the right 
  53:../../libDaisy//src/daisy_core.h ****  *  channel of a non-interleaved output buffer named out */
  54:../../libDaisy//src/daisy_core.h **** #define OUT_R out[1]
  55:../../libDaisy//src/daisy_core.h **** 
  56:../../libDaisy//src/daisy_core.h **** /** shorthand macro for simplifying the reading of the left 
  57:../../libDaisy//src/daisy_core.h ****  *  channel of a non-interleaved input buffer named in */
  58:../../libDaisy//src/daisy_core.h **** #define IN_L in[0]
  59:../../libDaisy//src/daisy_core.h **** 
  60:../../libDaisy//src/daisy_core.h **** /** shorthand macro for simplifying the reading of the right 
  61:../../libDaisy//src/daisy_core.h ****  *  channel of a non-interleaved input buffer named in */
  62:../../libDaisy//src/daisy_core.h **** #define IN_R in[1]
  63:../../libDaisy//src/daisy_core.h **** 
  64:../../libDaisy//src/daisy_core.h **** /** 
  65:../../libDaisy//src/daisy_core.h ****     Computes cube.
  66:../../libDaisy//src/daisy_core.h ****     \param x Number to be cubed
  67:../../libDaisy//src/daisy_core.h ****     \return x ^ 3
  68:../../libDaisy//src/daisy_core.h **** */
  69:../../libDaisy//src/daisy_core.h **** FORCE_INLINE float cube(float x)
  70:../../libDaisy//src/daisy_core.h **** {
  71:../../libDaisy//src/daisy_core.h ****     return (x * x) * x;
  72:../../libDaisy//src/daisy_core.h **** }
  73:../../libDaisy//src/daisy_core.h **** 
  74:../../libDaisy//src/daisy_core.h **** /** 
  75:../../libDaisy//src/daisy_core.h ****     Converts unsigned 8-bit to float
  76:../../libDaisy//src/daisy_core.h ****     \param x Number to be scaled.
  77:../../libDaisy//src/daisy_core.h ****     \return Scaled number.
  78:../../libDaisy//src/daisy_core.h **** */
  79:../../libDaisy//src/daisy_core.h **** FORCE_INLINE float u82f(uint8_t x)
  80:../../libDaisy//src/daisy_core.h **** {
  81:../../libDaisy//src/daisy_core.h ****     return ((float)x - 127.f) * U82F_SCALE;
  82:../../libDaisy//src/daisy_core.h **** }
  83:../../libDaisy//src/daisy_core.h **** 
  84:../../libDaisy//src/daisy_core.h **** /**
  85:../../libDaisy//src/daisy_core.h ****     Converts float to unsigned 8-bit
  86:../../libDaisy//src/daisy_core.h **** */
  87:../../libDaisy//src/daisy_core.h **** FORCE_INLINE uint8_t f2u8(float x)
  88:../../libDaisy//src/daisy_core.h **** {
ARM GAS  C:\Users\isaia\AppData\Local\Temp\ccAwOTrI.s 			page 87


  89:../../libDaisy//src/daisy_core.h ****     x = x <= FBIPMIN ? FBIPMIN : x;
  90:../../libDaisy//src/daisy_core.h ****     x = x >= FBIPMAX ? FBIPMAX : x;
  91:../../libDaisy//src/daisy_core.h ****     return (uint8_t)((x * F2U8_SCALE) + F2U8_SCALE);
  92:../../libDaisy//src/daisy_core.h **** }
  93:../../libDaisy//src/daisy_core.h **** 
  94:../../libDaisy//src/daisy_core.h **** 
  95:../../libDaisy//src/daisy_core.h **** /** 
  96:../../libDaisy//src/daisy_core.h ****     Converts Signed 8-bit to float
  97:../../libDaisy//src/daisy_core.h ****     \param x Number to be scaled.
  98:../../libDaisy//src/daisy_core.h ****     \return Scaled number.
  99:../../libDaisy//src/daisy_core.h **** */
 100:../../libDaisy//src/daisy_core.h **** FORCE_INLINE float s82f(int8_t x)
 101:../../libDaisy//src/daisy_core.h **** {
 102:../../libDaisy//src/daisy_core.h ****     return (float)x * S82F_SCALE;
 103:../../libDaisy//src/daisy_core.h **** }
 104:../../libDaisy//src/daisy_core.h **** 
 105:../../libDaisy//src/daisy_core.h **** /**
 106:../../libDaisy//src/daisy_core.h ****     Converts float to Signed 8-bit
 107:../../libDaisy//src/daisy_core.h **** */
 108:../../libDaisy//src/daisy_core.h **** FORCE_INLINE int8_t f2s8(float x)
 109:../../libDaisy//src/daisy_core.h **** {
 110:../../libDaisy//src/daisy_core.h ****     x = x <= FBIPMIN ? FBIPMIN : x;
 111:../../libDaisy//src/daisy_core.h ****     x = x >= FBIPMAX ? FBIPMAX : x;
 112:../../libDaisy//src/daisy_core.h ****     return (int32_t)(x * F2S8_SCALE);
 113:../../libDaisy//src/daisy_core.h **** }
 114:../../libDaisy//src/daisy_core.h **** 
 115:../../libDaisy//src/daisy_core.h **** /** 
 116:../../libDaisy//src/daisy_core.h ****     Converts Signed 16-bit to float
 117:../../libDaisy//src/daisy_core.h ****     \param x Number to be scaled.
 118:../../libDaisy//src/daisy_core.h ****     \return Scaled number.
 119:../../libDaisy//src/daisy_core.h **** */
 120:../../libDaisy//src/daisy_core.h **** FORCE_INLINE float s162f(int16_t x)
 121:../../libDaisy//src/daisy_core.h **** {
 122:../../libDaisy//src/daisy_core.h ****     return (float)x * S162F_SCALE;
 123:../../libDaisy//src/daisy_core.h **** }
 124:../../libDaisy//src/daisy_core.h **** 
 125:../../libDaisy//src/daisy_core.h **** /**
 126:../../libDaisy//src/daisy_core.h ****     Converts float to Signed 16-bit
 127:../../libDaisy//src/daisy_core.h **** */
 128:../../libDaisy//src/daisy_core.h **** FORCE_INLINE int16_t f2s16(float x)
 129:../../libDaisy//src/daisy_core.h **** {
 130:../../libDaisy//src/daisy_core.h ****     x = x <= FBIPMIN ? FBIPMIN : x;
 131:../../libDaisy//src/daisy_core.h ****     x = x >= FBIPMAX ? FBIPMAX : x;
 132:../../libDaisy//src/daisy_core.h ****     return (int32_t)(x * F2S16_SCALE);
 133:../../libDaisy//src/daisy_core.h **** }
 134:../../libDaisy//src/daisy_core.h **** 
 135:../../libDaisy//src/daisy_core.h **** /**
 136:../../libDaisy//src/daisy_core.h ****     Converts Signed 24-bit to float
 137:../../libDaisy//src/daisy_core.h ****  */
 138:../../libDaisy//src/daisy_core.h **** FORCE_INLINE float s242f(int32_t x)
 139:../../libDaisy//src/daisy_core.h **** {
 140:../../libDaisy//src/daisy_core.h ****     x = (x ^ S24SIGN) - S24SIGN; //sign extend aka ((x<<8)>>8)
 141:../../libDaisy//src/daisy_core.h ****     return (float)x * S242F_SCALE;
 142:../../libDaisy//src/daisy_core.h **** }
 143:../../libDaisy//src/daisy_core.h **** /**
 144:../../libDaisy//src/daisy_core.h ****     Converts float to Signed 24-bit
 145:../../libDaisy//src/daisy_core.h ****  */
ARM GAS  C:\Users\isaia\AppData\Local\Temp\ccAwOTrI.s 			page 88


 146:../../libDaisy//src/daisy_core.h **** FORCE_INLINE int32_t f2s24(float x)
 147:../../libDaisy//src/daisy_core.h **** {
 148:../../libDaisy//src/daisy_core.h ****     x = x <= FBIPMIN ? FBIPMIN : x;
 149:../../libDaisy//src/daisy_core.h ****     x = x >= FBIPMAX ? FBIPMAX : x;
 150:../../libDaisy//src/daisy_core.h ****     return (int32_t)(x * F2S24_SCALE);
 151:../../libDaisy//src/daisy_core.h **** }
 152:../../libDaisy//src/daisy_core.h **** 
 153:../../libDaisy//src/daisy_core.h **** /**
 154:../../libDaisy//src/daisy_core.h ****     Converts Signed 32-bit to float
 155:../../libDaisy//src/daisy_core.h ****  */
 156:../../libDaisy//src/daisy_core.h **** FORCE_INLINE float s322f(int32_t x)
 157:../../libDaisy//src/daisy_core.h **** {
 158:../../libDaisy//src/daisy_core.h ****     return (float)x * S322F_SCALE;
 159:../../libDaisy//src/daisy_core.h **** }
 160:../../libDaisy//src/daisy_core.h **** /**
 161:../../libDaisy//src/daisy_core.h ****     Converts float to Signed 24-bit
 162:../../libDaisy//src/daisy_core.h ****  */
 163:../../libDaisy//src/daisy_core.h **** FORCE_INLINE int32_t f2s32(float x)
 164:../../libDaisy//src/daisy_core.h **** {
 165:../../libDaisy//src/daisy_core.h ****     x = x <= FBIPMIN ? FBIPMIN : x;
 166:../../libDaisy//src/daisy_core.h ****     x = x >= FBIPMAX ? FBIPMAX : x;
 167:../../libDaisy//src/daisy_core.h ****     return (int32_t)(x * F2S32_SCALE);
 168:../../libDaisy//src/daisy_core.h **** }
 169:../../libDaisy//src/daisy_core.h **** 
 170:../../libDaisy//src/daisy_core.h **** #ifdef __cplusplus
 171:../../libDaisy//src/daisy_core.h **** 
 172:../../libDaisy//src/daisy_core.h **** namespace daisy
 173:../../libDaisy//src/daisy_core.h **** {
 174:../../libDaisy//src/daisy_core.h **** /** @brief GPIO Port names */
 175:../../libDaisy//src/daisy_core.h **** enum GPIOPort
 176:../../libDaisy//src/daisy_core.h **** {
 177:../../libDaisy//src/daisy_core.h ****     PORTA, /**< Port A */
 178:../../libDaisy//src/daisy_core.h ****     PORTB, /**< Port B */
 179:../../libDaisy//src/daisy_core.h ****     PORTC, /**< Port C */
 180:../../libDaisy//src/daisy_core.h ****     PORTD, /**< Port D */
 181:../../libDaisy//src/daisy_core.h ****     PORTE, /**< Port E */
 182:../../libDaisy//src/daisy_core.h ****     PORTF, /**< Port F */
 183:../../libDaisy//src/daisy_core.h ****     PORTG, /**< Port G */
 184:../../libDaisy//src/daisy_core.h ****     PORTH, /**< Port H */
 185:../../libDaisy//src/daisy_core.h ****     PORTI, /**< Port I */
 186:../../libDaisy//src/daisy_core.h ****     PORTJ, /**< Port J */
 187:../../libDaisy//src/daisy_core.h ****     PORTK, /**< Port K */
 188:../../libDaisy//src/daisy_core.h ****     PORTX, /**< Used as a dummy port to signal an invalid pin. */
 189:../../libDaisy//src/daisy_core.h **** };
 190:../../libDaisy//src/daisy_core.h **** 
 191:../../libDaisy//src/daisy_core.h **** /** @brief representation of hardware port/pin combination */
 192:../../libDaisy//src/daisy_core.h **** struct Pin
 193:../../libDaisy//src/daisy_core.h **** {
 194:../../libDaisy//src/daisy_core.h ****     GPIOPort port;
 195:../../libDaisy//src/daisy_core.h ****     uint8_t  pin;
 196:../../libDaisy//src/daisy_core.h **** 
 197:../../libDaisy//src/daisy_core.h ****     /** @brief Constructor creates a valid pin. 
 198:../../libDaisy//src/daisy_core.h ****      *  @param pt GPIOPort between PA, and PK corresponding to STM32 Port.
 199:../../libDaisy//src/daisy_core.h ****      *  @param pn pin number in range of 0-15
 200:../../libDaisy//src/daisy_core.h ****     */
 201:../../libDaisy//src/daisy_core.h ****     constexpr Pin(const GPIOPort pt, const uint8_t pn) : port(pt), pin(pn) {}
 202:../../libDaisy//src/daisy_core.h **** 
ARM GAS  C:\Users\isaia\AppData\Local\Temp\ccAwOTrI.s 			page 89


 203:../../libDaisy//src/daisy_core.h ****     /** @brief Basic Constructor creates an invalid Pin object */
 204:../../libDaisy//src/daisy_core.h ****     constexpr Pin() : port(PORTX), pin(255) {}
 2857              		.loc 13 204 15 view .LVU866
 2858              		.loc 13 204 15 is_stmt 0 view .LVU867
 2859              	.LBE525:
 2860              	.LBE524:
 2861              	.LBE523:
 2862              	.LBE522:
 2863              	.LBE521:
 2864              	.LBE520:
 2865              	.LBB535:
 2866              	.LBI535:
 2867              		.loc 12 74 5 is_stmt 1 view .LVU868
 2868              	.LBB536:
 2869              	.LBB537:
 2870              	.LBI537:
  68:../../libDaisy//src/per/gpio.h ****         : pin(), mode(Mode::INPUT), pull(Pull::NOPULL), speed(Speed::LOW)
 2871              		.loc 12 68 9 view .LVU869
 2872              	.LBB538:
 2873              	.LBB539:
 2874              	.LBB540:
 2875              	.LBI540:
 2876              		.loc 13 204 15 view .LVU870
 2877              		.loc 13 204 15 is_stmt 0 view .LVU871
 2878              	.LBE540:
 2879              	.LBE539:
 2880              	.LBE538:
 2881              	.LBE537:
 2882              	.LBE536:
 2883              	.LBE535:
 2884              	.LBB549:
 2885              	.LBI549:
  33:../../libDaisy//src/hid/switch.h ****     ~Switch() {}
 2886              		.loc 9 33 5 is_stmt 1 view .LVU872
 2887              	.LBB550:
 2888              	.LBB551:
 2889              	.LBI551:
 2890              		.loc 12 74 5 view .LVU873
 2891              	.LBB552:
 2892              	.LBB553:
 2893              	.LBI553:
  68:../../libDaisy//src/per/gpio.h ****         : pin(), mode(Mode::INPUT), pull(Pull::NOPULL), speed(Speed::LOW)
 2894              		.loc 12 68 9 view .LVU874
 2895              	.LBB554:
 2896              	.LBB555:
 2897              	.LBB556:
 2898              	.LBI556:
 2899              		.loc 13 204 15 view .LVU875
 2900              		.loc 13 204 15 is_stmt 0 view .LVU876
 2901              	.LBE556:
 2902              	.LBE555:
 2903              	.LBE554:
 2904              	.LBE553:
 2905              	.LBE552:
 2906              	.LBE551:
 2907              	.LBE550:
 2908              	.LBE549:
ARM GAS  C:\Users\isaia\AppData\Local\Temp\ccAwOTrI.s 			page 90


 2909              	.LBB569:
 2910              	.LBI569:
  33:../../libDaisy//src/hid/switch.h ****     ~Switch() {}
 2911              		.loc 9 33 5 is_stmt 1 view .LVU877
 2912              	.LBB570:
 2913              	.LBB571:
 2914              	.LBI571:
 2915              		.loc 12 74 5 view .LVU878
 2916              	.LBB572:
 2917              	.LBB573:
 2918              	.LBI573:
  68:../../libDaisy//src/per/gpio.h ****         : pin(), mode(Mode::INPUT), pull(Pull::NOPULL), speed(Speed::LOW)
 2919              		.loc 12 68 9 view .LVU879
 2920              	.LBB574:
 2921              	.LBB575:
 2922              	.LBB576:
 2923              	.LBI576:
 2924              		.loc 13 204 15 view .LVU880
 2925              		.loc 13 204 15 is_stmt 0 view .LVU881
 2926              	.LBE576:
 2927              	.LBE575:
 2928              	.LBE574:
 2929              	.LBE573:
 2930              	.LBE572:
 2931              	.LBE571:
 2932              	.LBE570:
 2933              	.LBE569:
 2934              	.LBB589:
 2935              	.LBI589:
  33:../../libDaisy//src/hid/switch.h ****     ~Switch() {}
 2936              		.loc 9 33 5 is_stmt 1 view .LVU882
 2937              	.LBB590:
 2938              	.LBB591:
 2939              	.LBI591:
 2940              		.loc 12 74 5 view .LVU883
 2941              	.LBB592:
 2942              	.LBB593:
 2943              	.LBI593:
  68:../../libDaisy//src/per/gpio.h ****         : pin(), mode(Mode::INPUT), pull(Pull::NOPULL), speed(Speed::LOW)
 2944              		.loc 12 68 9 view .LVU884
 2945              	.LBB594:
 2946              	.LBB595:
 2947              	.LBB596:
 2948              	.LBI596:
 2949              		.loc 13 204 15 view .LVU885
 2950              		.loc 13 204 15 is_stmt 0 view .LVU886
 2951              	.LBE596:
 2952              	.LBE595:
 2953              	.LBE594:
 2954              	.LBE593:
 2955              	.LBE592:
 2956              	.LBE591:
 2957              	.LBE590:
 2958              	.LBE589:
 2959              	.LBB609:
 2960              	.LBI609:
  33:../../libDaisy//src/hid/switch.h ****     ~Switch() {}
ARM GAS  C:\Users\isaia\AppData\Local\Temp\ccAwOTrI.s 			page 91


 2961              		.loc 9 33 5 is_stmt 1 view .LVU887
 2962              	.LBB610:
 2963              	.LBB611:
 2964              	.LBI611:
 2965              		.loc 12 74 5 view .LVU888
 2966              	.LBB612:
 2967              	.LBB613:
 2968              	.LBI613:
  68:../../libDaisy//src/per/gpio.h ****         : pin(), mode(Mode::INPUT), pull(Pull::NOPULL), speed(Speed::LOW)
 2969              		.loc 12 68 9 view .LVU889
 2970              	.LBB614:
 2971              	.LBB615:
 2972              	.LBB616:
 2973              	.LBI616:
 2974              		.loc 13 204 15 view .LVU890
 2975              		.loc 13 204 15 is_stmt 0 view .LVU891
 2976              	.LBE616:
 2977              	.LBE615:
 2978              	.LBE614:
 2979              	.LBE613:
 2980              	.LBE612:
 2981              	.LBE611:
 2982              	.LBE610:
 2983              	.LBE609:
 2984              	.LBB629:
 2985              	.LBI629:
  64:../../libDaisy//src/daisy_patch_sm.h ****         ~DaisyPatchSM() {}
 2986              		.loc 2 64 9 is_stmt 1 view .LVU892
 2987              	.LBB630:
 2988              	.LBB631:
 2989              	.LBI631:
  96:../../libDaisy//src/sys/system.h ****     ~System() {}
 2990              		.loc 8 96 5 view .LVU893
  96:../../libDaisy//src/sys/system.h ****     ~System() {}
 2991              		.loc 8 96 5 is_stmt 0 view .LVU894
 2992              	.LBE631:
 2993              	.LBB632:
 2994              	.LBI632:
 2995              		.file 14 "../../libDaisy//src/per/qspi.h"
   1:../../libDaisy//src/per/qspi.h **** #ifndef DSY_QSPI
   2:../../libDaisy//src/per/qspi.h **** #define DSY_QSPI /**< Macro */
   3:../../libDaisy//src/per/qspi.h **** 
   4:../../libDaisy//src/per/qspi.h **** #ifndef UNIT_TEST // for unit tests, a dummy implementation
   5:../../libDaisy//src/per/qspi.h **** 
   6:../../libDaisy//src/per/qspi.h **** #include <cstdint>
   7:../../libDaisy//src/per/qspi.h **** #include "daisy_core.h"
   8:../../libDaisy//src/per/qspi.h **** #include "util/hal_map.h"
   9:../../libDaisy//src/per/qspi.h **** 
  10:../../libDaisy//src/per/qspi.h **** #define DSY_QSPI_TEXT       \
  11:../../libDaisy//src/per/qspi.h ****     __attribute__((section( \
  12:../../libDaisy//src/per/qspi.h ****         ".qspiflash_text"))) /**< used for reading memory in memory_mapped mode. */
  13:../../libDaisy//src/per/qspi.h **** #define DSY_QSPI_DATA       \
  14:../../libDaisy//src/per/qspi.h ****     __attribute__((section( \
  15:../../libDaisy//src/per/qspi.h ****         ".qspiflash_data"))) /**< used for reading memory in memory_mapped mode. */
  16:../../libDaisy//src/per/qspi.h **** #define DSY_QSPI_BSS        \
  17:../../libDaisy//src/per/qspi.h ****     __attribute__((section( \
  18:../../libDaisy//src/per/qspi.h ****         ".qspiflash_bss"))) /**< used for reading memory in memory_mapped mode. */
ARM GAS  C:\Users\isaia\AppData\Local\Temp\ccAwOTrI.s 			page 92


  19:../../libDaisy//src/per/qspi.h **** 
  20:../../libDaisy//src/per/qspi.h **** namespace daisy
  21:../../libDaisy//src/per/qspi.h **** {
  22:../../libDaisy//src/per/qspi.h **** /** @addtogroup serial
  23:../../libDaisy//src/per/qspi.h **** @{
  24:../../libDaisy//src/per/qspi.h **** */
  25:../../libDaisy//src/per/qspi.h **** 
  26:../../libDaisy//src/per/qspi.h **** /**
  27:../../libDaisy//src/per/qspi.h ****  Driver for QSPI peripheral to interface with external flash memory. \n
  28:../../libDaisy//src/per/qspi.h ****     Currently supported QSPI Devices: \n
  29:../../libDaisy//src/per/qspi.h ****     * IS25LP080D
  30:../../libDaisy//src/per/qspi.h **** */
  31:../../libDaisy//src/per/qspi.h **** class QSPIHandle
  32:../../libDaisy//src/per/qspi.h **** {
  33:../../libDaisy//src/per/qspi.h ****   public:
  34:../../libDaisy//src/per/qspi.h ****     enum Result
  35:../../libDaisy//src/per/qspi.h ****     {
  36:../../libDaisy//src/per/qspi.h ****         OK = 0,
  37:../../libDaisy//src/per/qspi.h ****         ERR
  38:../../libDaisy//src/per/qspi.h ****     };
  39:../../libDaisy//src/per/qspi.h **** 
  40:../../libDaisy//src/per/qspi.h ****     /** Indicates the current status of the module.
  41:../../libDaisy//src/per/qspi.h ****          *  Warnings are indicated by a leading W.
  42:../../libDaisy//src/per/qspi.h ****          *  Errors are indicated by a leading E and cause an immediate exit.
  43:../../libDaisy//src/per/qspi.h ****          *
  44:../../libDaisy//src/per/qspi.h ****          *  \param GOOD - No errors have been reported.
  45:../../libDaisy//src/per/qspi.h ****          *  \param E_HAL_ERROR - HAL code did not return HAL_OK.
  46:../../libDaisy//src/per/qspi.h ****          *  \param E_SWITCHING_MODES - An error was encountered while switching QSPI peripheral mod
  47:../../libDaisy//src/per/qspi.h ****          *  \param E_INVALID_MODE - QSPI should not be written to while the program is executing fr
  48:../../libDaisy//src/per/qspi.h ****          */
  49:../../libDaisy//src/per/qspi.h ****     enum Status
  50:../../libDaisy//src/per/qspi.h ****     {
  51:../../libDaisy//src/per/qspi.h ****         GOOD = 0,
  52:../../libDaisy//src/per/qspi.h ****         E_HAL_ERROR,
  53:../../libDaisy//src/per/qspi.h ****         E_SWITCHING_MODES,
  54:../../libDaisy//src/per/qspi.h ****         E_INVALID_MODE,
  55:../../libDaisy//src/per/qspi.h ****     };
  56:../../libDaisy//src/per/qspi.h **** 
  57:../../libDaisy//src/per/qspi.h ****     /** Configuration structure for interfacing with QSPI Driver */
  58:../../libDaisy//src/per/qspi.h ****     struct Config
  59:../../libDaisy//src/per/qspi.h ****     {
  60:../../libDaisy//src/per/qspi.h ****         /** Flash Devices supported. (Both of these are more-or-less the same, just different sizes
  61:../../libDaisy//src/per/qspi.h ****         enum Device
  62:../../libDaisy//src/per/qspi.h ****         {
  63:../../libDaisy//src/per/qspi.h ****             IS25LP080D,  /**< & */
  64:../../libDaisy//src/per/qspi.h ****             IS25LP064A,  /**< & */
  65:../../libDaisy//src/per/qspi.h ****             DEVICE_LAST, /**< & */
  66:../../libDaisy//src/per/qspi.h ****         };
  67:../../libDaisy//src/per/qspi.h **** 
  68:../../libDaisy//src/per/qspi.h ****         /**
  69:../../libDaisy//src/per/qspi.h ****         Modes of operation.
  70:../../libDaisy//src/per/qspi.h ****         Memory Mapped mode: QSPI configured so that the QSPI can be
  71:../../libDaisy//src/per/qspi.h ****         read from starting address 0x90000000. Writing is not
  72:../../libDaisy//src/per/qspi.h ****         possible in this mode. \n
  73:../../libDaisy//src/per/qspi.h ****         Indirect Polling mode: Device driver enabled.
  74:../../libDaisy//src/per/qspi.h ****         */
  75:../../libDaisy//src/per/qspi.h ****         enum Mode
ARM GAS  C:\Users\isaia\AppData\Local\Temp\ccAwOTrI.s 			page 93


  76:../../libDaisy//src/per/qspi.h ****         {
  77:../../libDaisy//src/per/qspi.h ****             MEMORY_MAPPED,    /**< & */
  78:../../libDaisy//src/per/qspi.h ****             INDIRECT_POLLING, /**< & */
  79:../../libDaisy//src/per/qspi.h ****             MODE_LAST,
  80:../../libDaisy//src/per/qspi.h ****         };
  81:../../libDaisy//src/per/qspi.h **** 
  82:../../libDaisy//src/per/qspi.h ****         //SCK,  CE# (active low)
  83:../../libDaisy//src/per/qspi.h ****         struct
  84:../../libDaisy//src/per/qspi.h ****         {
  85:../../libDaisy//src/per/qspi.h ****             Pin io0; /**< & */
  86:../../libDaisy//src/per/qspi.h ****             Pin io1; /**< & */
  87:../../libDaisy//src/per/qspi.h ****             Pin io2; /**< & */
  88:../../libDaisy//src/per/qspi.h ****             Pin io3; /**< & */
  89:../../libDaisy//src/per/qspi.h ****             Pin clk; /**< & */
  90:../../libDaisy//src/per/qspi.h ****             Pin ncs; /**< & */
  91:../../libDaisy//src/per/qspi.h ****         } pin_config;
  92:../../libDaisy//src/per/qspi.h **** 
  93:../../libDaisy//src/per/qspi.h ****         Device device;
  94:../../libDaisy//src/per/qspi.h ****         Mode   mode;
  95:../../libDaisy//src/per/qspi.h ****     };
  96:../../libDaisy//src/per/qspi.h **** 
  97:../../libDaisy//src/per/qspi.h ****     /**
  98:../../libDaisy//src/per/qspi.h ****         Initializes QSPI peripheral, and Resets, and prepares memory for access.
  99:../../libDaisy//src/per/qspi.h ****         \param config should be populated with the mode, device and pin_config before calling this 
 100:../../libDaisy//src/per/qspi.h ****         \return Result::OK or Result::ERR
 101:../../libDaisy//src/per/qspi.h ****         */
 102:../../libDaisy//src/per/qspi.h ****     Result Init(const Config& config);
 103:../../libDaisy//src/per/qspi.h **** 
 104:../../libDaisy//src/per/qspi.h ****     /** Returns the current config. */
 105:../../libDaisy//src/per/qspi.h ****     const Config& GetConfig() const;
 106:../../libDaisy//src/per/qspi.h **** 
 107:../../libDaisy//src/per/qspi.h ****     // Couldn't this just be called before anything else in init? That
 108:../../libDaisy//src/per/qspi.h ****     // would make manually calling it unnecessary.
 109:../../libDaisy//src/per/qspi.h ****     /**
 110:../../libDaisy//src/per/qspi.h ****         Deinitializes the peripheral
 111:../../libDaisy//src/per/qspi.h ****         This should be called before reinitializing QSPI in a different mode.
 112:../../libDaisy//src/per/qspi.h ****         \return Result::OK or Result::ERR
 113:../../libDaisy//src/per/qspi.h ****         */
 114:../../libDaisy//src/per/qspi.h ****     Result DeInit();
 115:../../libDaisy//src/per/qspi.h **** 
 116:../../libDaisy//src/per/qspi.h ****     /**
 117:../../libDaisy//src/per/qspi.h ****         Writes a single page to to the specified address on the QSPI chip.
 118:../../libDaisy//src/per/qspi.h ****         For IS25LP*, page size is 256 bytes.
 119:../../libDaisy//src/per/qspi.h ****         \param address Address to write to
 120:../../libDaisy//src/per/qspi.h ****         \param size Buffer size
 121:../../libDaisy//src/per/qspi.h ****         \param buffer Buffer to write
 122:../../libDaisy//src/per/qspi.h ****         \return Result::OK or Result::ERR
 123:../../libDaisy//src/per/qspi.h ****         */
 124:../../libDaisy//src/per/qspi.h ****     Result WritePage(uint32_t address, uint32_t size, uint8_t* buffer);
 125:../../libDaisy//src/per/qspi.h **** 
 126:../../libDaisy//src/per/qspi.h ****     /**
 127:../../libDaisy//src/per/qspi.h ****         Writes data in buffer to to the QSPI. Starting at address to address+size
 128:../../libDaisy//src/per/qspi.h ****         \param address Address to write to
 129:../../libDaisy//src/per/qspi.h ****         \param size Buffer size
 130:../../libDaisy//src/per/qspi.h ****         \param buffer Buffer to write
 131:../../libDaisy//src/per/qspi.h ****         \return Result::OK or Result::ERR
 132:../../libDaisy//src/per/qspi.h ****         */
ARM GAS  C:\Users\isaia\AppData\Local\Temp\ccAwOTrI.s 			page 94


 133:../../libDaisy//src/per/qspi.h ****     Result Write(uint32_t address, uint32_t size, uint8_t* buffer);
 134:../../libDaisy//src/per/qspi.h **** 
 135:../../libDaisy//src/per/qspi.h ****     /**
 136:../../libDaisy//src/per/qspi.h ****         Erases the area specified on the chip.
 137:../../libDaisy//src/per/qspi.h ****         Erasures will happen by 4K, 32K or 64K increments.
 138:../../libDaisy//src/per/qspi.h ****         Smallest erase possible is 4kB at a time. (on IS25LP*)
 139:../../libDaisy//src/per/qspi.h ****         \param start_addr Address to begin erasing from
 140:../../libDaisy//src/per/qspi.h ****         \param end_addr  Address to stop erasing at
 141:../../libDaisy//src/per/qspi.h ****         \return Result::OK or Result::ERR
 142:../../libDaisy//src/per/qspi.h ****         */
 143:../../libDaisy//src/per/qspi.h ****     Result Erase(uint32_t start_addr, uint32_t end_addr);
 144:../../libDaisy//src/per/qspi.h **** 
 145:../../libDaisy//src/per/qspi.h ****     /**
 146:../../libDaisy//src/per/qspi.h ****          Erases a single sector of the chip.
 147:../../libDaisy//src/per/qspi.h ****         TODO: Document the size of this function.
 148:../../libDaisy//src/per/qspi.h ****         \param address Address of sector to erase
 149:../../libDaisy//src/per/qspi.h ****         \return Result::OK or Result::ERR
 150:../../libDaisy//src/per/qspi.h ****         */
 151:../../libDaisy//src/per/qspi.h ****     Result EraseSector(uint32_t address);
 152:../../libDaisy//src/per/qspi.h **** 
 153:../../libDaisy//src/per/qspi.h ****     /** Returns the current class status. Useful for debugging.
 154:../../libDaisy//src/per/qspi.h ****      *  \returns Status
 155:../../libDaisy//src/per/qspi.h ****      */
 156:../../libDaisy//src/per/qspi.h ****     Status GetStatus();
 157:../../libDaisy//src/per/qspi.h **** 
 158:../../libDaisy//src/per/qspi.h ****     /** Returns a pointer to the actual memory used
 159:../../libDaisy//src/per/qspi.h ****      *  The memory at this address is read-only
 160:../../libDaisy//src/per/qspi.h ****      *  to write to it use the Write function.
 161:../../libDaisy//src/per/qspi.h ****      *
 162:../../libDaisy//src/per/qspi.h ****      *  \param offset returns the pointer starting this
 163:../../libDaisy//src/per/qspi.h ****      *                many bytes into the memory
 164:../../libDaisy//src/per/qspi.h ****     */
 165:../../libDaisy//src/per/qspi.h ****     void* GetData(uint32_t offset = 0);
 166:../../libDaisy//src/per/qspi.h **** 
 167:../../libDaisy//src/per/qspi.h ****     QSPIHandle() : pimpl_(nullptr) {}
 2996              		.loc 14 167 5 is_stmt 1 view .LVU895
 2997              		.loc 14 167 5 is_stmt 0 view .LVU896
 2998              	.LBE632:
 2999              	.LBB633:
 3000              	.LBI633:
  87:../../libDaisy//src/hid/audio.h ****     ~AudioHandle() {}
 3001              		.loc 7 87 5 is_stmt 1 view .LVU897
  87:../../libDaisy//src/hid/audio.h ****     ~AudioHandle() {}
 3002              		.loc 7 87 5 is_stmt 0 view .LVU898
 3003              	.LBE633:
 3004              	.LBB636:
 3005              	.LBI636:
 109:../../libDaisy//src/per/adc.h ****     ~AdcHandle() {}
 3006              		.loc 6 109 5 is_stmt 1 view .LVU899
 109:../../libDaisy//src/per/adc.h ****     ~AdcHandle() {}
 3007              		.loc 6 109 5 is_stmt 0 view .LVU900
 3008              	.LBE636:
 3009              	.LBB637:
 3010              	.LBI637:
  40:../../libDaisy//src/hid/usb.h **** 
 3011              		.loc 5 40 5 is_stmt 1 view .LVU901
  40:../../libDaisy//src/hid/usb.h **** 
ARM GAS  C:\Users\isaia\AppData\Local\Temp\ccAwOTrI.s 			page 95


 3012              		.loc 5 40 5 is_stmt 0 view .LVU902
 3013              	.LBE637:
 3014              	.LBB638:
 3015              	.LBI638:
  28:../../libDaisy//src/dev/codec_pcm3060.h ****     ~Pcm3060() {}
 3016              		.loc 4 28 5 is_stmt 1 view .LVU903
 3017              	.LBB639:
 3018              	.LBB640:
 3019              	.LBI640:
 3020              		.file 15 "../../libDaisy//src/per/i2c.h"
   1:../../libDaisy//src/per/i2c.h **** #pragma once
   2:../../libDaisy//src/per/i2c.h **** #include "util/hal_map.h"
   3:../../libDaisy//src/per/i2c.h **** #include "daisy_core.h"
   4:../../libDaisy//src/per/i2c.h **** 
   5:../../libDaisy//src/per/i2c.h **** namespace daisy
   6:../../libDaisy//src/per/i2c.h **** {
   7:../../libDaisy//src/per/i2c.h **** /** A handle for interacting with an I2C peripheral. This is a dumb
   8:../../libDaisy//src/per/i2c.h ****  *  gateway that internally points to one of the four I2C peripherals
   9:../../libDaisy//src/per/i2c.h ****  *  after it was initialised. It can then be copied and passed around.
  10:../../libDaisy//src/per/i2c.h ****  *  Use an I2CHandle like this:
  11:../../libDaisy//src/per/i2c.h ****  *  
  12:../../libDaisy//src/per/i2c.h ****  *      // setup the configuration
  13:../../libDaisy//src/per/i2c.h ****  *      I2CHandle::Config i2c_conf;
  14:../../libDaisy//src/per/i2c.h ****  *      i2c_conf.periph = I2CHandle::Config::Peripheral::I2C_1;
  15:../../libDaisy//src/per/i2c.h ****  *      i2c_conf.speed  = I2CHandle::Config::Speed::I2C_400KHZ;
  16:../../libDaisy//src/per/i2c.h ****  *      i2c_conf.mode   = I2CHandle::Config::Mode::Master;
  17:../../libDaisy//src/per/i2c.h ****  *      i2c_conf.pin_config.scl  = {DSY_GPIOB, 8};
  18:../../libDaisy//src/per/i2c.h ****  *      i2c_conf.pin_config.sda  = {DSY_GPIOB, 9};
  19:../../libDaisy//src/per/i2c.h ****  *      // initialise the peripheral
  20:../../libDaisy//src/per/i2c.h ****  *      I2CHandle i2c;
  21:../../libDaisy//src/per/i2c.h ****  *      i2c.Init(i2c_conf);
  22:../../libDaisy//src/per/i2c.h ****  *      // now i2c points to the corresponding peripheral and can be used.
  23:../../libDaisy//src/per/i2c.h ****  *      i2c.TransmitBlocking( ... );
  24:../../libDaisy//src/per/i2c.h ****  */
  25:../../libDaisy//src/per/i2c.h **** class I2CHandle
  26:../../libDaisy//src/per/i2c.h **** {
  27:../../libDaisy//src/per/i2c.h ****   public:
  28:../../libDaisy//src/per/i2c.h ****     /** Contains settings for initialising an I2C interface. */
  29:../../libDaisy//src/per/i2c.h ****     struct Config
  30:../../libDaisy//src/per/i2c.h ****     {
  31:../../libDaisy//src/per/i2c.h ****         /** Specifies whether the interface will operate in master or slave mode. */
  32:../../libDaisy//src/per/i2c.h ****         enum class Mode
  33:../../libDaisy//src/per/i2c.h ****         {
  34:../../libDaisy//src/per/i2c.h ****             I2C_MASTER,
  35:../../libDaisy//src/per/i2c.h ****             I2C_SLAVE,
  36:../../libDaisy//src/per/i2c.h ****         };
  37:../../libDaisy//src/per/i2c.h **** 
  38:../../libDaisy//src/per/i2c.h ****         /** Specifices the internal peripheral to use (these are mapped to different pins on the ha
  39:../../libDaisy//src/per/i2c.h ****         enum class Peripheral
  40:../../libDaisy//src/per/i2c.h ****         {
  41:../../libDaisy//src/per/i2c.h ****             I2C_1 = 0, /**< & */
  42:../../libDaisy//src/per/i2c.h ****             I2C_2,     /**< & */
  43:../../libDaisy//src/per/i2c.h ****             I2C_3,     /**< & */
  44:../../libDaisy//src/per/i2c.h ****             I2C_4,     /**< & */
  45:../../libDaisy//src/per/i2c.h ****         };
  46:../../libDaisy//src/per/i2c.h **** 
  47:../../libDaisy//src/per/i2c.h ****         /** Rate at which the clock/data will be sent/received. The device being used will have max
ARM GAS  C:\Users\isaia\AppData\Local\Temp\ccAwOTrI.s 			page 96


  48:../../libDaisy//src/per/i2c.h ****          *  1MHZ Mode is currently 886kHz
  49:../../libDaisy//src/per/i2c.h ****          */
  50:../../libDaisy//src/per/i2c.h ****         enum class Speed
  51:../../libDaisy//src/per/i2c.h ****         {
  52:../../libDaisy//src/per/i2c.h ****             I2C_100KHZ, /**< & */
  53:../../libDaisy//src/per/i2c.h ****             I2C_400KHZ, /**< & */
  54:../../libDaisy//src/per/i2c.h ****             I2C_1MHZ,   /**< & */
  55:../../libDaisy//src/per/i2c.h ****         };
  56:../../libDaisy//src/per/i2c.h **** 
  57:../../libDaisy//src/per/i2c.h ****         Peripheral periph; /**< & */
  58:../../libDaisy//src/per/i2c.h ****         struct
  59:../../libDaisy//src/per/i2c.h ****         {
  60:../../libDaisy//src/per/i2c.h ****             Pin scl;  /**< & */
  61:../../libDaisy//src/per/i2c.h ****             Pin sda;  /**< & */
  62:../../libDaisy//src/per/i2c.h ****         } pin_config; /**< & */
  63:../../libDaisy//src/per/i2c.h **** 
  64:../../libDaisy//src/per/i2c.h ****         Speed speed; /**< & */
  65:../../libDaisy//src/per/i2c.h ****         Mode  mode;  /**< & */
  66:../../libDaisy//src/per/i2c.h ****         // 0x10 is chosen as a default to avoid conflicts with reserved addresses
  67:../../libDaisy//src/per/i2c.h ****         uint8_t address = 0x10; /**< & */
  68:../../libDaisy//src/per/i2c.h ****     };
  69:../../libDaisy//src/per/i2c.h **** 
  70:../../libDaisy//src/per/i2c.h ****     /** Return values for I2C functions. */
  71:../../libDaisy//src/per/i2c.h ****     enum class Result
  72:../../libDaisy//src/per/i2c.h ****     {
  73:../../libDaisy//src/per/i2c.h ****         OK, /**< & */
  74:../../libDaisy//src/per/i2c.h ****         ERR /**< & */
  75:../../libDaisy//src/per/i2c.h ****     };
  76:../../libDaisy//src/per/i2c.h **** 
  77:../../libDaisy//src/per/i2c.h ****     enum class Direction
  78:../../libDaisy//src/per/i2c.h ****     {
  79:../../libDaisy//src/per/i2c.h ****         TRANSMIT, /**< & */
  80:../../libDaisy//src/per/i2c.h ****         RECEIVE,  /**< & */
  81:../../libDaisy//src/per/i2c.h ****     };
  82:../../libDaisy//src/per/i2c.h **** 
  83:../../libDaisy//src/per/i2c.h ****     I2CHandle() : pimpl_(nullptr) {}
 3021              		.loc 15 83 5 view .LVU904
 3022              		.loc 15 83 5 is_stmt 0 view .LVU905
 3023              	.LBE640:
 3024              	.LBE639:
 3025              	.LBE638:
 3026              	.LBB645:
 3027              	.LBI645:
 3028              		.file 16 "../../libDaisy//src/per/dac.h"
   1:../../libDaisy//src/per/dac.h **** #pragma once
   2:../../libDaisy//src/per/dac.h **** #ifndef DSY_DAC_H
   3:../../libDaisy//src/per/dac.h **** #define DSY_DAC_H
   4:../../libDaisy//src/per/dac.h **** #include "stm32h7xx_hal.h"
   5:../../libDaisy//src/per/dac.h **** #include "daisy_core.h"
   6:../../libDaisy//src/per/dac.h **** 
   7:../../libDaisy//src/per/dac.h **** namespace daisy
   8:../../libDaisy//src/per/dac.h **** {
   9:../../libDaisy//src/per/dac.h **** /** @brief DAC handle for Built-in DAC Peripheral 
  10:../../libDaisy//src/per/dac.h ****  *  @ingroup per_analog
  11:../../libDaisy//src/per/dac.h ****  ** 
  12:../../libDaisy//src/per/dac.h ****  ** For now only Normal Mode is supported,
  13:../../libDaisy//src/per/dac.h ****  ** Sample and hold mode provides reduced power consumption, but requires a bit more setup.
ARM GAS  C:\Users\isaia\AppData\Local\Temp\ccAwOTrI.s 			page 97


  14:../../libDaisy//src/per/dac.h ****  **
  15:../../libDaisy//src/per/dac.h ****  ** For now connecting the DAC through other internal peripherals is also not supported.
  16:../../libDaisy//src/per/dac.h ****  **
  17:../../libDaisy//src/per/dac.h ****  ** Since the DAC channels have dedicated pins we don't need to pass in a pin config like with
  18:../../libDaisy//src/per/dac.h ****  ** other modules. However, it is still important to not try to use the DAC pins for anything else.
  19:../../libDaisy//src/per/dac.h ****  ** DAC Channel 1 is on PA4, and DAC Channel 2 is on PA5
  20:../../libDaisy//src/per/dac.h ****  ***/
  21:../../libDaisy//src/per/dac.h **** class DacHandle
  22:../../libDaisy//src/per/dac.h **** {
  23:../../libDaisy//src/per/dac.h ****   public:
  24:../../libDaisy//src/per/dac.h ****     /** Return Values for the DacHandle class */
  25:../../libDaisy//src/per/dac.h ****     enum class Result
  26:../../libDaisy//src/per/dac.h ****     {
  27:../../libDaisy//src/per/dac.h ****         OK,
  28:../../libDaisy//src/per/dac.h ****         ERR,
  29:../../libDaisy//src/per/dac.h ****     };
  30:../../libDaisy//src/per/dac.h **** 
  31:../../libDaisy//src/per/dac.h ****     /** Selects which channel(s) will be configured for use. */
  32:../../libDaisy//src/per/dac.h ****     enum class Channel
  33:../../libDaisy//src/per/dac.h ****     {
  34:../../libDaisy//src/per/dac.h ****         ONE,
  35:../../libDaisy//src/per/dac.h ****         TWO,
  36:../../libDaisy//src/per/dac.h ****         BOTH,
  37:../../libDaisy//src/per/dac.h ****     };
  38:../../libDaisy//src/per/dac.h **** 
  39:../../libDaisy//src/per/dac.h ****     /** Sets the Mode for the DAC channels.
  40:../../libDaisy//src/per/dac.h ****      **
  41:../../libDaisy//src/per/dac.h ****      ** Polling mode uses the blocking mode to transmit a single value at a time.
  42:../../libDaisy//src/per/dac.h ****      **
  43:../../libDaisy//src/per/dac.h ****      ** DMA mode uses a buffer, and periodically transmits it triggering a 
  44:../../libDaisy//src/per/dac.h ****      ** callback to fill the buffer when it is ready for more samples.
  45:../../libDaisy//src/per/dac.h ****      ***/
  46:../../libDaisy//src/per/dac.h ****     enum class Mode
  47:../../libDaisy//src/per/dac.h ****     {
  48:../../libDaisy//src/per/dac.h ****         POLLING,
  49:../../libDaisy//src/per/dac.h ****         DMA,
  50:../../libDaisy//src/per/dac.h ****     };
  51:../../libDaisy//src/per/dac.h **** 
  52:../../libDaisy//src/per/dac.h ****     /** Sets the number of bits per sample transmitted out of the DAC.
  53:../../libDaisy//src/per/dac.h ****      ** The output range will be: 0V - VDDA
  54:../../libDaisy//src/per/dac.h ****      ** The resolution will be roughly: bitdepth / (VDDA - 0V) 
  55:../../libDaisy//src/per/dac.h ****      ***/
  56:../../libDaisy//src/per/dac.h ****     enum class BitDepth
  57:../../libDaisy//src/per/dac.h ****     {
  58:../../libDaisy//src/per/dac.h ****         BITS_8,
  59:../../libDaisy//src/per/dac.h ****         BITS_12
  60:../../libDaisy//src/per/dac.h ****     };
  61:../../libDaisy//src/per/dac.h **** 
  62:../../libDaisy//src/per/dac.h ****     /** Sets whether the DAC output is buffered for higher drive ability. */
  63:../../libDaisy//src/per/dac.h ****     enum class BufferState
  64:../../libDaisy//src/per/dac.h ****     {
  65:../../libDaisy//src/per/dac.h ****         ENABLED,
  66:../../libDaisy//src/per/dac.h ****         DISABLED,
  67:../../libDaisy//src/per/dac.h ****     };
  68:../../libDaisy//src/per/dac.h **** 
  69:../../libDaisy//src/per/dac.h ****     /** Configuration structure for initializing the DAC structure. */
  70:../../libDaisy//src/per/dac.h ****     struct Config
ARM GAS  C:\Users\isaia\AppData\Local\Temp\ccAwOTrI.s 			page 98


  71:../../libDaisy//src/per/dac.h ****     {
  72:../../libDaisy//src/per/dac.h ****         /** Target Samplerate in Hz used to configure the internal 
  73:../../libDaisy//src/per/dac.h ****          ** timebase for DMA mode. Does nothing in POLLING mode.
  74:../../libDaisy//src/per/dac.h ****          ** If the value is 0 at Init time this will default to 48000Hz 
  75:../../libDaisy//src/per/dac.h ****          ** otherwise the driver will attempt meet the target.*/
  76:../../libDaisy//src/per/dac.h ****         uint32_t target_samplerate;
  77:../../libDaisy//src/per/dac.h **** 
  78:../../libDaisy//src/per/dac.h ****         Channel     chn;
  79:../../libDaisy//src/per/dac.h ****         Mode        mode;
  80:../../libDaisy//src/per/dac.h ****         BitDepth    bitdepth;
  81:../../libDaisy//src/per/dac.h ****         BufferState buff_state;
  82:../../libDaisy//src/per/dac.h ****     };
  83:../../libDaisy//src/per/dac.h **** 
  84:../../libDaisy//src/per/dac.h ****     DacHandle() : pimpl_(nullptr) {}
 3029              		.loc 16 84 5 is_stmt 1 view .LVU906
 3030              	.LBE645:
 3031              	.LBE630:
 3032              	.LBE629:
 3033              	.LBB742:
 3034              	.LBB532:
 3035              		.loc 12 74 12 is_stmt 0 view .LVU907
 3036 0032 1F48     		ldr	r0, .L191+4
 3037 0034 4FF60B74 		movw	r4, #65291
 3038              	.LBE532:
 3039              	.LBE742:
 3040              	.LBE519:
 304:PhysmodBar.cpp **** 
 3041              		.loc 10 304 25 view .LVU908
 3042 0038 1E4A     		ldr	r2, .L191+8
 3043              	.LBB760:
 3044              	.LBB743:
 3045              	.LBB737:
 3046              	.LBB646:
 3047              	.LBB644:
 3048              	.LBB643:
 3049              	.LBB641:
 3050              	.LBB642:
 3051              		.loc 15 83 33 view .LVU909
 3052 003a C0F8D830 		str	r3, [r0, #216]
 3053              	.LVL239:
 3054              		.loc 15 83 33 view .LVU910
 3055              	.LBE642:
 3056              	.LBE641:
 3057              	.LBE643:
 3058              	.LBE644:
 3059              	.LBE646:
 3060              	.LBB647:
 3061              	.LBI647:
 3062              		.loc 12 74 5 is_stmt 1 view .LVU911
 3063              	.LBB648:
 3064              	.LBB649:
 3065              	.LBI649:
  68:../../libDaisy//src/per/gpio.h ****         : pin(), mode(Mode::INPUT), pull(Pull::NOPULL), speed(Speed::LOW)
 3066              		.loc 12 68 9 view .LVU912
 3067              	.LBB650:
 3068              	.LBB651:
 3069              	.LBB652:
ARM GAS  C:\Users\isaia\AppData\Local\Temp\ccAwOTrI.s 			page 99


 3070              	.LBI652:
 3071              		.loc 13 204 15 view .LVU913
 3072              		.loc 13 204 15 is_stmt 0 view .LVU914
 3073              	.LBE652:
  69:../../libDaisy//src/per/gpio.h ****         {
 3074              		.loc 12 69 73 view .LVU915
 3075 003e C0F8F030 		str	r3, [r0, #240]
 3076              	.LVL240:
  69:../../libDaisy//src/per/gpio.h ****         {
 3077              		.loc 12 69 73 view .LVU916
 3078              	.LBE651:
 3079              	.LBE650:
 3080              	.LBE649:
 3081              	.LBE648:
 3082              	.LBE647:
 3083              	.LBE737:
 3084              	.LBE743:
 3085              	.LBE760:
 3086              	.LBE764:
 3087              	.LBE767:
  64:../../libDaisy//src/daisy_patch_sm.h ****         ~DaisyPatchSM() {}
 3088              		.loc 2 64 24 is_stmt 1 view .LVU917
 3089              	.LBB768:
 3090              	.LBB765:
 3091              	.LBB761:
 3092              	.LBB744:
 3093              	.LBB738:
 3094              	.LBB658:
 3095              	.LBI658:
  18:../../libDaisy//src/hid/gatein.h **** 
 3096              		.loc 3 18 5 view .LVU918
 3097              	.LBB659:
 3098              	.LBB660:
 3099              	.LBI660:
 3100              		.loc 12 74 5 view .LVU919
 3101              	.LBB661:
 3102              	.LBB662:
 3103              	.LBI662:
  68:../../libDaisy//src/per/gpio.h ****         : pin(), mode(Mode::INPUT), pull(Pull::NOPULL), speed(Speed::LOW)
 3104              		.loc 12 68 9 view .LVU920
 3105              	.LBB663:
 3106              	.LBB664:
 3107              	.LBB665:
 3108              	.LBI665:
 3109              		.loc 13 204 15 view .LVU921
 3110              		.loc 13 204 15 is_stmt 0 view .LVU922
 3111              	.LBE665:
 3112              	.LBE664:
 3113              	.LBE663:
 3114              	.LBE662:
 3115              	.LBE661:
 3116              	.LBE660:
 3117              	.LBE659:
 3118              	.LBE658:
 3119              	.LBE738:
 3120              	.LBE744:
 3121              	.LBE761:
ARM GAS  C:\Users\isaia\AppData\Local\Temp\ccAwOTrI.s 			page 100


 304:PhysmodBar.cpp **** 
 3122              		.loc 10 304 25 view .LVU923
 3123 0042 1D49     		ldr	r1, .L191+12
 3124              	.LBB762:
 3125              	.LBB745:
 3126              	.LBB533:
 3127              	.LBB530:
 3128              	.LBB528:
 3129              	.LBB526:
  69:../../libDaisy//src/per/gpio.h ****         {
 3130              		.loc 12 69 73 view .LVU924
 3131 0044 C0E90043 		strd	r4, r3, [r0]
 3132              	.LBE526:
 3133              	.LBE528:
 3134              	.LBE530:
 3135              	.LBE533:
 3136              	.LBE745:
 3137              	.LBB746:
 3138              	.LBB547:
 3139              	.LBB545:
 3140              	.LBB543:
 3141              	.LBB541:
 3142 0048 C0E90543 		strd	r4, r3, [r0, #20]
 3143              	.LBE541:
 3144              	.LBE543:
 3145              	.LBE545:
 3146              	.LBE547:
 3147              	.LBE746:
 3148              	.LBB747:
 3149              	.LBB567:
 3150              	.LBB565:
 3151              	.LBB563:
 3152              	.LBB561:
 3153              	.LBB559:
 3154              	.LBB557:
 3155 004c C0E90C43 		strd	r4, r3, [r0, #48]
 3156              	.LBE557:
 3157              	.LBE559:
 3158              	.LBE561:
 3159              	.LBE563:
 3160              	.LBE565:
 3161              	.LBE567:
 3162              	.LBE747:
 3163              	.LBB748:
 3164              	.LBB587:
 3165              	.LBB585:
 3166              	.LBB583:
 3167              	.LBB581:
 3168              	.LBB579:
 3169              	.LBB577:
 3170 0050 C0E91543 		strd	r4, r3, [r0, #84]
 3171              	.LBE577:
 3172              	.LBE579:
 3173              	.LBE581:
 3174              	.LBE583:
 3175              	.LBE585:
 3176              	.LBE587:
ARM GAS  C:\Users\isaia\AppData\Local\Temp\ccAwOTrI.s 			page 101


 3177              	.LBE748:
 3178              	.LBB749:
 3179              	.LBB607:
 3180              	.LBB605:
 3181              	.LBB603:
 3182              	.LBB601:
 3183              	.LBB599:
 3184              	.LBB597:
 3185 0054 C0E91E43 		strd	r4, r3, [r0, #120]
 3186              	.LBE597:
 3187              	.LBE599:
 3188              	.LBE601:
 3189              	.LBE603:
 3190              	.LBE605:
 3191              	.LBE607:
 3192              	.LBE749:
 3193              	.LBB750:
 3194              	.LBB627:
 3195              	.LBB625:
 3196              	.LBB623:
 3197              	.LBB621:
 3198              	.LBB619:
 3199              	.LBB617:
 3200 0058 C0E92743 		strd	r4, r3, [r0, #156]
 3201              	.LBE617:
 3202              	.LBE619:
 3203              	.LBE621:
 3204              	.LBE623:
 3205              	.LBE625:
 3206              	.LBE627:
 3207              	.LBE750:
 3208              	.LBB751:
 3209              	.LBB739:
 3210              	.LBB678:
 3211              	.LBB656:
 3212              		.loc 12 74 12 view .LVU925
 3213 005c C0E93834 		strd	r3, r4, [r0, #224]
 3214              	.LBE656:
 3215              	.LBE678:
 3216              	.LBE739:
 3217              	.LBE751:
 3218              	.LBB752:
 3219              	.LBB534:
 3220              	.LBB531:
 3221              	.LBB529:
 3222              	.LBB527:
  69:../../libDaisy//src/per/gpio.h ****         {
 3223              		.loc 12 69 73 view .LVU926
 3224 0060 C0E90233 		strd	r3, r3, [r0, #8]
 3225              	.LBE527:
 3226              	.LBE529:
 3227              	.LBE531:
 3228              	.LBE534:
 3229              	.LBE752:
 3230              	.LBB753:
 3231              	.LBB548:
 3232              	.LBB546:
ARM GAS  C:\Users\isaia\AppData\Local\Temp\ccAwOTrI.s 			page 102


 3233              	.LBB544:
 3234              	.LBB542:
 3235 0064 C0E90733 		strd	r3, r3, [r0, #28]
 3236              	.LBE542:
 3237              	.LBE544:
 3238              	.LBE546:
 3239              	.LBE548:
 3240              	.LBE753:
 3241              	.LBB754:
 3242              	.LBB568:
 3243              	.LBB566:
 3244              	.LBB564:
 3245              	.LBB562:
 3246              	.LBB560:
 3247              	.LBB558:
 3248 0068 C0E90E33 		strd	r3, r3, [r0, #56]
 3249              	.LBE558:
 3250              	.LBE560:
 3251              	.LBE562:
 3252              	.LBE564:
 3253              	.LBE566:
 3254              	.LBE568:
 3255              	.LBE754:
 3256              	.LBB755:
 3257              	.LBB588:
 3258              	.LBB586:
 3259              	.LBB584:
 3260              	.LBB582:
 3261              	.LBB580:
 3262              	.LBB578:
 3263 006c C0E91733 		strd	r3, r3, [r0, #92]
 3264              	.LBE578:
 3265              	.LBE580:
 3266              	.LBE582:
 3267              	.LBE584:
 3268              	.LBE586:
 3269              	.LBE588:
 3270              	.LBE755:
 3271              	.LBB756:
 3272              	.LBB608:
 3273              	.LBB606:
 3274              	.LBB604:
 3275              	.LBB602:
 3276              	.LBB600:
 3277              	.LBB598:
 3278 0070 C0E92033 		strd	r3, r3, [r0, #128]
 3279              	.LBE598:
 3280              	.LBE600:
 3281              	.LBE602:
 3282              	.LBE604:
 3283              	.LBE606:
 3284              	.LBE608:
 3285              	.LBE756:
 3286              	.LBB757:
 3287              	.LBB628:
 3288              	.LBB626:
 3289              	.LBB624:
ARM GAS  C:\Users\isaia\AppData\Local\Temp\ccAwOTrI.s 			page 103


 3290              	.LBB622:
 3291              	.LBB620:
 3292              	.LBB618:
 3293 0074 C0E92933 		strd	r3, r3, [r0, #164]
 3294              	.LBE618:
 3295              	.LBE620:
 3296              	.LBE622:
 3297              	.LBE624:
 3298              	.LBE626:
 3299              	.LBE628:
 3300              	.LBE757:
 3301              	.LBB758:
 3302              	.LBB740:
 3303              	.LBB679:
 3304              	.LBB634:
 3305              	.LBB635:
  87:../../libDaisy//src/hid/audio.h ****     ~AudioHandle() {}
 3306              		.loc 7 87 35 view .LVU927
 3307 0078 C0E93133 		strd	r3, r3, [r0, #196]
 3308              	.LBE635:
 3309              	.LBE634:
 3310              	.LBE679:
 3311              	.LBB680:
 3312              	.LBB657:
 3313              	.LBB655:
 3314              	.LBB654:
 3315              	.LBB653:
  69:../../libDaisy//src/per/gpio.h ****         {
 3316              		.loc 12 69 73 view .LVU928
 3317 007c C0E93A33 		strd	r3, r3, [r0, #232]
 3318              	.LBE653:
 3319              	.LBE654:
 3320              	.LBE655:
 3321              	.LBE657:
 3322              	.LBE680:
 3323              	.LBB681:
 3324              	.LBB676:
 3325              	.LBB674:
 3326              	.LBB672:
 3327              	.LBB670:
 3328              	.LBB668:
 3329              	.LBB666:
 3330 0080 C0E99E43 		strd	r4, r3, [r0, #632]
 3331              	.LBE666:
 3332              	.LBE668:
 3333              	.LBE670:
 3334              	.LBE672:
 3335              	.LBE674:
 3336              	.LBE676:
 3337              	.LBE681:
 3338              	.LBB682:
 3339              	.LBB683:
 3340              	.LBB684:
 3341              	.LBB685:
 3342              	.LBB686:
 3343              	.LBB687:
 3344              	.LBB688:
ARM GAS  C:\Users\isaia\AppData\Local\Temp\ccAwOTrI.s 			page 104


 3345              		.loc 13 204 21 view .LVU929
 3346 0084 A0F8BC42 		strh	r4, [r0, #700]	@ movhi
 3347              	.LBE688:
 3348              	.LBE687:
  69:../../libDaisy//src/per/gpio.h ****         {
 3349              		.loc 12 69 73 view .LVU930
 3350 0088 C0F8C832 		str	r3, [r0, #712]
 3351              	.LBE686:
 3352              	.LBE685:
 3353              	.LBE684:
 3354              	.LBE683:
 3355              	.LBE682:
 3356              	.LBB696:
 3357              	.LBB697:
 3358              	.LBB698:
 3359              	.LBB699:
 3360              	.LBB700:
 3361              	.LBB701:
 3362              	.LBB702:
 3363 008c C0E9A443 		strd	r4, r3, [r0, #656]
 3364              	.LBE702:
 3365              	.LBE701:
 3366              	.LBE700:
 3367              	.LBE699:
 3368              	.LBE698:
 3369              	.LBE697:
 3370              	.LBE696:
 3371              	.LBB716:
 3372              	.LBB717:
 3373              	.LBB718:
 3374              	.LBB719:
 3375              	.LBB720:
 3376 0090 C0E9AA43 		strd	r4, r3, [r0, #680]
 3377              	.LBE720:
 3378              	.LBE719:
 3379              	.LBE718:
 3380              	.LBE717:
 3381              	.LBE716:
 3382              	.LBB730:
 3383              	.LBB677:
 3384              	.LBB675:
 3385              	.LBB673:
 3386              	.LBB671:
 3387              	.LBB669:
 3388              	.LBB667:
 3389 0094 C0E9A033 		strd	r3, r3, [r0, #640]
 3390              	.LVL241:
  69:../../libDaisy//src/per/gpio.h ****         {
 3391              		.loc 12 69 73 view .LVU931
 3392              	.LBE667:
 3393              	.LBE669:
 3394              	.LBE671:
 3395              	.LBE673:
 3396              	.LBE675:
 3397              	.LBE677:
 3398              	.LBE730:
 3399              	.LBB731:
ARM GAS  C:\Users\isaia\AppData\Local\Temp\ccAwOTrI.s 			page 105


 3400              	.LBI696:
  18:../../libDaisy//src/hid/gatein.h **** 
 3401              		.loc 3 18 5 is_stmt 1 view .LVU932
 3402              	.LBB714:
 3403              	.LBB712:
 3404              	.LBI698:
 3405              		.loc 12 74 5 view .LVU933
 3406              	.LBB710:
 3407              	.LBB708:
 3408              	.LBI700:
  68:../../libDaisy//src/per/gpio.h ****         : pin(), mode(Mode::INPUT), pull(Pull::NOPULL), speed(Speed::LOW)
 3409              		.loc 12 68 9 view .LVU934
 3410              	.LBB706:
 3411              	.LBB704:
 3412              	.LBB703:
 3413              	.LBI703:
 3414              		.loc 13 204 15 view .LVU935
 3415              		.loc 13 204 15 is_stmt 0 view .LVU936
 3416              	.LBE703:
 3417              	.LBE704:
 3418              	.LBE706:
 3419              	.LBE708:
 3420              	.LBE710:
 3421              	.LBE712:
 3422              	.LBE714:
 3423              	.LBE731:
 3424              	.LBE740:
 3425              	.LBE758:
 3426              	.LBE762:
 3427              	.LBE765:
 3428              	.LBE768:
 3429              		.loc 10 511 1 view .LVU937
 3430 0098 5DF8044B 		ldr	r4, [sp], #4
 3431              		.cfi_restore 4
 3432              		.cfi_def_cfa_offset 0
 3433              	.LBB769:
 3434              	.LBB766:
 3435              	.LBB763:
 3436              	.LBB759:
 3437              	.LBB741:
 3438              	.LBB732:
 3439              	.LBB715:
 3440              	.LBB713:
 3441              	.LBB711:
 3442              	.LBB709:
 3443              	.LBB707:
 3444              	.LBB705:
  69:../../libDaisy//src/per/gpio.h ****         {
 3445              		.loc 12 69 73 view .LVU938
 3446 009c C0E9A633 		strd	r3, r3, [r0, #664]
 3447              	.LVL242:
  69:../../libDaisy//src/per/gpio.h ****         {
 3448              		.loc 12 69 73 view .LVU939
 3449              	.LBE705:
 3450              	.LBE707:
 3451              	.LBE709:
 3452              	.LBE711:
ARM GAS  C:\Users\isaia\AppData\Local\Temp\ccAwOTrI.s 			page 106


 3453              	.LBE713:
 3454              	.LBE715:
 3455              	.LBE732:
 3456              	.LBB733:
 3457              	.LBI716:
 3458              		.loc 12 74 5 is_stmt 1 view .LVU940
 3459              	.LBB728:
 3460              	.LBB726:
 3461              	.LBI718:
  68:../../libDaisy//src/per/gpio.h ****         : pin(), mode(Mode::INPUT), pull(Pull::NOPULL), speed(Speed::LOW)
 3462              		.loc 12 68 9 view .LVU941
 3463              	.LBB724:
 3464              	.LBB722:
 3465              	.LBB721:
 3466              	.LBI721:
 3467              		.loc 13 204 15 view .LVU942
 3468              		.loc 13 204 15 is_stmt 0 view .LVU943
 3469              	.LBE721:
 3470              	.LBE722:
 3471              	.LBE724:
 3472              	.LBE726:
 3473              	.LBE728:
 3474              	.LBE733:
 3475              	.LBB734:
 3476              	.LBI682:
 3477              		.loc 12 74 5 is_stmt 1 view .LVU944
 3478              	.LBB694:
 3479              	.LBB692:
 3480              	.LBI684:
  68:../../libDaisy//src/per/gpio.h ****         : pin(), mode(Mode::INPUT), pull(Pull::NOPULL), speed(Speed::LOW)
 3481              		.loc 12 68 9 view .LVU945
 3482              	.LBE692:
 3483              	.LBE694:
 3484              	.LBE734:
 3485              	.LBB735:
 3486              	.LBB729:
 3487              	.LBB727:
 3488              	.LBB725:
 3489              	.LBB723:
  69:../../libDaisy//src/per/gpio.h ****         {
 3490              		.loc 12 69 73 is_stmt 0 view .LVU946
 3491 00a0 C0E9AC33 		strd	r3, r3, [r0, #688]
 3492              	.LVL243:
  69:../../libDaisy//src/per/gpio.h ****         {
 3493              		.loc 12 69 73 view .LVU947
 3494              	.LBE723:
 3495              	.LBE725:
 3496              	.LBE727:
 3497              	.LBE729:
 3498              	.LBE735:
 3499              	.LBB736:
 3500              	.LBB695:
 3501              	.LBB693:
 3502              	.LBB691:
 3503              	.LBB690:
 3504              	.LBB689:
 3505              	.LBI687:
ARM GAS  C:\Users\isaia\AppData\Local\Temp\ccAwOTrI.s 			page 107


 3506              		.loc 13 204 15 is_stmt 1 view .LVU948
 3507              		.loc 13 204 15 is_stmt 0 view .LVU949
 3508              	.LBE689:
  69:../../libDaisy//src/per/gpio.h ****         {
 3509              		.loc 12 69 73 view .LVU950
 3510 00a4 C0E9B033 		strd	r3, r3, [r0, #704]
 3511              	.LBE690:
 3512              	.LBE691:
 3513              	.LBE693:
 3514              	.LBE695:
 3515              	.LBE736:
 3516              	.LBE741:
 3517              	.LBE759:
 3518              	.LBE763:
 304:PhysmodBar.cpp **** 
 3519              		.loc 10 304 25 view .LVU951
 3520 00a8 FFF7FEBF 		b	__aeabi_atexit
 3521              	.LVL244:
 3522              	.L192:
 3523              		.align	2
 3524              	.L191:
 3525 00ac 00000000 		.word	.LANCHOR0
 3526 00b0 00000000 		.word	.LANCHOR1
 3527 00b4 00000000 		.word	__dso_handle
 3528 00b8 00000000 		.word	_ZN9anachrome7planterD1Ev
 3529              	.LBE766:
 3530              	.LBE769:
 3531              		.cfi_endproc
 3532              	.LFE5484:
 3534              		.section	.init_array,"aw",%init_array
 3535              		.align	2
 3536 0000 00000000 		.word	_GLOBAL__sub_I__Z13AudioCallbackPKPKfPPfj(target1)
 3537              		.section	.bss._ZL10prev_gate1,"aw",%nobits
 3538              		.set	.LANCHOR5,. + 0
 3541              	_ZL10prev_gate1:
 3542 0000 00       		.space	1
 3543              		.section	.bss._ZL11prev_button,"aw",%nobits
 3544              		.set	.LANCHOR4,. + 0
 3547              	_ZL11prev_button:
 3548 0000 00       		.space	1
 3549              		.section	.bss._ZL13led_flash_ctr,"aw",%nobits
 3550              		.align	2
 3551              		.set	.LANCHOR2,. + 0
 3554              	_ZL13led_flash_ctr:
 3555 0000 00000000 		.space	4
 3556              		.section	.bss._ZL4euro,"aw",%nobits
 3557              		.align	2
 3558              		.set	.LANCHOR1,. + 0
 3561              	_ZL4euro:
 3562 0000 00000000 		.space	728
 3562      00000000 
 3562      00000000 
 3562      00000000 
 3562      00000000 
 3563              		.section	.bss._ZL6voices,"aw",%nobits
 3564              		.align	2
 3565              		.set	.LANCHOR0,. + 0
ARM GAS  C:\Users\isaia\AppData\Local\Temp\ccAwOTrI.s 			page 108


 3568              	_ZL6voices:
 3569 0000 00000000 		.space	2448
 3569      00000000 
 3569      00000000 
 3569      00000000 
 3569      00000000 
 3570              		.section	.bss._ZL7tmp_rhs,"aw",%nobits
 3571              		.align	2
 3572              		.set	.LANCHOR3,. + 0
 3575              	_ZL7tmp_rhs:
 3576 0000 00000000 		.space	96
 3576      00000000 
 3576      00000000 
 3576      00000000 
 3576      00000000 
 3577              		.text
 3578              	.Letext0:
 3579              		.file 17 "c:\\program files\\daisytoolchain\\arm-none-eabi\\include\\machine\\_default_types.h"
 3580              		.file 18 "c:\\program files\\daisytoolchain\\arm-none-eabi\\include\\sys\\_stdint.h"
 3581              		.file 19 "c:\\program files\\daisytoolchain\\arm-none-eabi\\include\\stdint.h"
 3582              		.file 20 "c:\\program files\\daisytoolchain\\lib\\gcc\\arm-none-eabi\\10.2.1\\include\\stddef.h"
 3583              		.file 21 "c:\\program files\\daisytoolchain\\arm-none-eabi\\include\\c++\\10.2.1\\cmath"
 3584              		.file 22 "c:\\program files\\daisytoolchain\\arm-none-eabi\\include\\c++\\10.2.1\\bits\\std_abs.h"
 3585              		.file 23 "c:\\program files\\daisytoolchain\\arm-none-eabi\\include\\c++\\10.2.1\\cstdlib"
 3586              		.file 24 "c:\\program files\\daisytoolchain\\arm-none-eabi\\include\\c++\\10.2.1\\cstdint"
 3587              		.file 25 "c:\\program files\\daisytoolchain\\arm-none-eabi\\include\\c++\\10.2.1\\type_traits"
 3588              		.file 26 "c:\\program files\\daisytoolchain\\arm-none-eabi\\include\\c++\\10.2.1\\debug\\debug.h"
 3589              		.file 27 "c:\\program files\\daisytoolchain\\arm-none-eabi\\include\\c++\\10.2.1\\arm-none-eabi\\t
 3590              		.file 28 "c:\\program files\\daisytoolchain\\arm-none-eabi\\include\\c++\\10.2.1\\bits\\algorithmf
 3591              		.file 29 "c:\\program files\\daisytoolchain\\arm-none-eabi\\include\\c++\\10.2.1\\bits\\stl_pair.h
 3592              		.file 30 "c:\\program files\\daisytoolchain\\arm-none-eabi\\include\\c++\\10.2.1\\bits\\exception_
 3593              		.file 31 "c:\\program files\\daisytoolchain\\arm-none-eabi\\include\\c++\\10.2.1\\cstdarg"
 3594              		.file 32 "c:\\program files\\daisytoolchain\\arm-none-eabi\\include\\c++\\10.2.1\\cstdio"
 3595              		.file 33 "c:\\program files\\daisytoolchain\\arm-none-eabi\\include\\c++\\10.2.1\\cstring"
 3596              		.file 34 "c:\\program files\\daisytoolchain\\arm-none-eabi\\include\\c++\\10.2.1\\cstddef"
 3597              		.file 35 "c:\\program files\\daisytoolchain\\arm-none-eabi\\include\\c++\\10.2.1\\cwchar"
 3598              		.file 36 "c:\\program files\\daisytoolchain\\arm-none-eabi\\include\\c++\\10.2.1\\clocale"
 3599              		.file 37 "c:\\program files\\daisytoolchain\\arm-none-eabi\\include\\c++\\10.2.1\\bits\\basic_stri
 3600              		.file 38 "c:\\program files\\daisytoolchain\\arm-none-eabi\\include\\c++\\10.2.1\\bits\\stl_tempbu
 3601              		.file 39 "c:\\program files\\daisytoolchain\\arm-none-eabi\\include\\c++\\10.2.1\\bits\\predefined
 3602              		.file 40 "c:\\program files\\daisytoolchain\\arm-none-eabi\\include\\sys\\_types.h"
 3603              		.file 41 "c:\\program files\\daisytoolchain\\arm-none-eabi\\include\\sys\\reent.h"
 3604              		.file 42 "c:\\program files\\daisytoolchain\\arm-none-eabi\\include\\sys\\lock.h"
 3605              		.file 43 "c:\\program files\\daisytoolchain\\arm-none-eabi\\include\\math.h"
 3606              		.file 44 "c:\\program files\\daisytoolchain\\arm-none-eabi\\include\\stdlib.h"
 3607              		.file 45 "c:\\program files\\daisytoolchain\\arm-none-eabi\\include\\c++\\10.2.1\\math.h"
 3608              		.file 46 "c:\\program files\\daisytoolchain\\arm-none-eabi\\include\\c++\\10.2.1\\stdlib.h"
 3609              		.file 47 "../../libDaisy//src/per/tim.h"
 3610              		.file 48 "../../libDaisy//src/per/sai.h"
 3611              		.file 49 "../../libDaisy//src/hid/ctrl.h"
 3612              		.file 50 "../../libDaisy//src/dev/max11300.h"
 3613              		.file 51 "../../libDaisy//src/dev/sr_595.h"
 3614              		.file 52 "../../libDaisy//src/util/wav_format.h"
 3615              		.file 53 "../../libDaisy//src/dev/sdram.h"
 3616              		.file 54 "c:\\program files\\daisytoolchain\\lib\\gcc\\arm-none-eabi\\10.2.1\\include\\stdarg.h"
 3617              		.file 55 "c:\\program files\\daisytoolchain\\arm-none-eabi\\include\\stdio.h"
 3618              		.file 56 "c:\\program files\\daisytoolchain\\arm-none-eabi\\include\\string.h"
ARM GAS  C:\Users\isaia\AppData\Local\Temp\ccAwOTrI.s 			page 109


 3619              		.file 57 "../../libDaisy//Middlewares/Third_Party/FatFs/src/integer.h"
 3620              		.file 58 "../../libDaisy//Middlewares/Third_Party/FatFs/src/ff.h"
 3621              		.file 59 "../../DaisySP//Source/Control/adenv.h"
 3622              		.file 60 "c:\\program files\\daisytoolchain\\arm-none-eabi\\include\\wchar.h"
 3623              		.file 61 "c:\\program files\\daisytoolchain\\arm-none-eabi\\include\\locale.h"
 3624              		.file 62 "../../Planter/planter_cal.h"
 3625              		.file 63 "<built-in>"
ARM GAS  C:\Users\isaia\AppData\Local\Temp\ccAwOTrI.s 			page 110


DEFINED SYMBOLS
                            *ABS*:00000000 PhysmodBar.cpp
C:\Users\isaia\AppData\Local\Temp\ccAwOTrI.s:17     .text._ZN9anachrome7planterD2Ev:00000000 $t
C:\Users\isaia\AppData\Local\Temp\ccAwOTrI.s:26     .text._ZN9anachrome7planterD2Ev:00000000 _ZN9anachrome7planterD2Ev
C:\Users\isaia\AppData\Local\Temp\ccAwOTrI.s:26     .text._ZN9anachrome7planterD2Ev:00000000 _ZN9anachrome7planterD1Ev
C:\Users\isaia\AppData\Local\Temp\ccAwOTrI.s:110    .text._ZN9anachrome7planter4InitEv:00000000 $t
C:\Users\isaia\AppData\Local\Temp\ccAwOTrI.s:118    .text._ZN9anachrome7planter4InitEv:00000000 _ZN9anachrome7planter4InitEv
C:\Users\isaia\AppData\Local\Temp\ccAwOTrI.s:240    .text._ZN9anachrome7planter4InitEv:000000b4 $d
C:\Users\isaia\AppData\Local\Temp\ccAwOTrI.s:250    .text._ZN16StiffStringVoice4InitEffffffffffffff:00000000 $t
C:\Users\isaia\AppData\Local\Temp\ccAwOTrI.s:258    .text._ZN16StiffStringVoice4InitEffffffffffffff:00000000 _ZN16StiffStringVoice4InitEffffffffffffff
C:\Users\isaia\AppData\Local\Temp\ccAwOTrI.s:992    .text._ZN16StiffStringVoice4InitEffffffffffffff:000003bc $d
C:\Users\isaia\AppData\Local\Temp\ccAwOTrI.s:1008   .text._ZN16StiffStringVoice4InitEffffffffffffff:000003e4 $t
C:\Users\isaia\AppData\Local\Temp\ccAwOTrI.s:1189   .text._ZL13TriggerStrikev:00000000 $t
C:\Users\isaia\AppData\Local\Temp\ccAwOTrI.s:1196   .text._ZL13TriggerStrikev:00000000 _ZL13TriggerStrikev
C:\Users\isaia\AppData\Local\Temp\ccAwOTrI.s:1603   .text._ZL13TriggerStrikev:000001d4 $d
C:\Users\isaia\AppData\Local\Temp\ccAwOTrI.s:1627   .text._ZN16StiffStringVoice7ProcessERfS0_:00000000 $t
C:\Users\isaia\AppData\Local\Temp\ccAwOTrI.s:1635   .text._ZN16StiffStringVoice7ProcessERfS0_:00000000 _ZN16StiffStringVoice7ProcessERfS0_
C:\Users\isaia\AppData\Local\Temp\ccAwOTrI.s:2106   .text._ZN16StiffStringVoice7ProcessERfS0_:00000278 $d
C:\Users\isaia\AppData\Local\Temp\ccAwOTrI.s:2115   .text._Z13AudioCallbackPKPKfPPfj:00000000 $t
C:\Users\isaia\AppData\Local\Temp\ccAwOTrI.s:2123   .text._Z13AudioCallbackPKPKfPPfj:00000000 _Z13AudioCallbackPKPKfPPfj
C:\Users\isaia\AppData\Local\Temp\ccAwOTrI.s:2679   .text._Z13AudioCallbackPKPKfPPfj:0000022c $d
C:\Users\isaia\AppData\Local\Temp\ccAwOTrI.s:2694   .text.startup.main:00000000 $t
C:\Users\isaia\AppData\Local\Temp\ccAwOTrI.s:2702   .text.startup.main:00000000 main
C:\Users\isaia\AppData\Local\Temp\ccAwOTrI.s:2771   .text.startup.main:0000002c $d
C:\Users\isaia\AppData\Local\Temp\ccAwOTrI.s:2779   .text.startup._GLOBAL__sub_I__Z13AudioCallbackPKPKfPPfj:00000000 $t
C:\Users\isaia\AppData\Local\Temp\ccAwOTrI.s:2786   .text.startup._GLOBAL__sub_I__Z13AudioCallbackPKPKfPPfj:00000000 _GLOBAL__sub_I__Z13AudioCallbackPKPKfPPfj
C:\Users\isaia\AppData\Local\Temp\ccAwOTrI.s:3525   .text.startup._GLOBAL__sub_I__Z13AudioCallbackPKPKfPPfj:000000ac $d
C:\Users\isaia\AppData\Local\Temp\ccAwOTrI.s:3535   .init_array:00000000 $d
C:\Users\isaia\AppData\Local\Temp\ccAwOTrI.s:3541   .bss._ZL10prev_gate1:00000000 _ZL10prev_gate1
C:\Users\isaia\AppData\Local\Temp\ccAwOTrI.s:3542   .bss._ZL10prev_gate1:00000000 $d
C:\Users\isaia\AppData\Local\Temp\ccAwOTrI.s:3547   .bss._ZL11prev_button:00000000 _ZL11prev_button
C:\Users\isaia\AppData\Local\Temp\ccAwOTrI.s:3548   .bss._ZL11prev_button:00000000 $d
C:\Users\isaia\AppData\Local\Temp\ccAwOTrI.s:3550   .bss._ZL13led_flash_ctr:00000000 $d
C:\Users\isaia\AppData\Local\Temp\ccAwOTrI.s:3554   .bss._ZL13led_flash_ctr:00000000 _ZL13led_flash_ctr
C:\Users\isaia\AppData\Local\Temp\ccAwOTrI.s:3557   .bss._ZL4euro:00000000 $d
C:\Users\isaia\AppData\Local\Temp\ccAwOTrI.s:3561   .bss._ZL4euro:00000000 _ZL4euro
C:\Users\isaia\AppData\Local\Temp\ccAwOTrI.s:3564   .bss._ZL6voices:00000000 $d
C:\Users\isaia\AppData\Local\Temp\ccAwOTrI.s:3568   .bss._ZL6voices:00000000 _ZL6voices
C:\Users\isaia\AppData\Local\Temp\ccAwOTrI.s:3571   .bss._ZL7tmp_rhs:00000000 $d
C:\Users\isaia\AppData\Local\Temp\ccAwOTrI.s:3575   .bss._ZL7tmp_rhs:00000000 _ZL7tmp_rhs
                           .group:00000000 _ZN9anachrome7planterD5Ev

UNDEFINED SYMBOLS
_ZN5daisy8patch_sm12DaisyPatchSM4InitEv
_ZN9anachrome7planter8InitLedsEv
_ZN5daisy8patch_sm12DaisyPatchSM17AudioCallbackRateEv
_ZN5daisy6Switch4InitENS_3PinEf
_ZN5daisy8patch_sm12DaisyPatchSM17SetAudioBlockSizeEj
_ZN5daisy4GPIO4InitENS_3PinENS0_4ModeENS0_4PullENS0_5SpeedE
_ZN5daisy8patch_sm12DaisyPatchSM2B7E
_ZN5daisy8patch_sm12DaisyPatchSM2B8E
_ZN5daisy8patch_sm12DaisyPatchSM2D1E
_ZN5daisy8patch_sm12DaisyPatchSM3D10E
_ZN5daisy8patch_sm12DaisyPatchSM2B5E
_ZN5daisy8patch_sm12DaisyPatchSM2B6E
cosf
memset
ARM GAS  C:\Users\isaia\AppData\Local\Temp\ccAwOTrI.s 			page 111


sqrtf
_ZN5daisy8patch_sm12DaisyPatchSM15AudioSampleRateEv
_ZN9anachrome7planter12GetKnobValueEi
_ZN9anachrome7planter7GetCvInEi
powf
memcpy
_ZN5daisy8patch_sm12DaisyPatchSM21ProcessAnalogControlsEv
_ZN5daisy8patch_sm12DaisyPatchSM22ProcessDigitalControlsEv
_ZN5daisy6Switch8DebounceEv
_ZN5daisy4GPIO4ReadEv
_ZN9anachrome7planter6SetLedEib
_ZN5daisy8patch_sm12DaisyPatchSM10StartAudioEPFvPKPKfPPfjE
_ZN9anachrome7planter20BootloaderResetCheckEv
__aeabi_atexit
__dso_handle
