:020000042400D6
:100000000000022061090024550900246D590024D4
:10001000550900245509002455090024000000005A
:10002000000000000000000000000000550900244E
:10003000550900240000000055090024F15800244F
:1000400055090024550900245509002455090024A8
:100050005509002455090024550900245509002498
:10006000550900245509002455090024C1540024D1
:10007000CD5400241D390024D9540024E554002413
:10008000D52301249D450024550900245509002449
:100090005509002455090024550900245509002458
:1000A0005509002455090024550900245509002448
:1000B00055150124611501246D150124D145002435
:1000C00055090024DD450024550900249D0D012417
:1000D000A90D0124092201243522012469220124C9
:1000E000550900245509002400000000550900248A
:1000F00055090024550900245509002455090024F8
:10010000550900245509002479150124B50D012451
:100110009D220124D12201243D3C002455090024C4
:10012000253C0024313C0024D90D01240D0E01246E
:1001300009240124550900245509002455090024E7
:1001400000000000000000000000000000000000AF
:1001500055090024550900245509002405230124CC
:10016000E94500245509002401590024255900249B
:100170005509002449590024550900245509002433
:100180005509002455090024392301246D23012435
:10019000C10D0124CD0D0124550900245509002469
:1001A0005509002455090024550900245509002447
:1001B000B55100245509002455090024550900248F
:1001C0005509002455090024550900245509002427
:1001D0005509002455090024550900245509002417
:1001E0005509002455090024550900245509002407
:1001F00055090024550900245509002455090024F7
:1002000055090024550900245509002455090024E6
:1002100055090024550900245509002455090024D6
:100220005509002455090024550900240000000048
:100230005509002455090024000000005509002438
:1002400055090024550900245509002455090024A6
:100250005509002455090024550900245509002496
:100260005509002455090024550900245509002486
:100270005509002455090024A12301240000000091
:1002800055090024550900245509002400000000E8
:080290000000000055090024E4
:1002980010B5054C237833B9044B13B10448AFF3B8
:1002A80000800123237010BDE80300200000000037
:1002B8008850012408B5034B1BB103490348AFF329
:1002C800008008BD00000000EC03002088500124D5
:1002D80081F0004102E000BF83F0004330B54FEAEF
:1002E80041044FEA430594EA050F08BF90EA020F5C
:1002F8001FBF54EA000C55EA020C7FEA645C7FEAEF
:10030800655C00F0E2804FEA5454D4EB5555B8BF11
:100318006D420CDD2C4480EA020281EA030382EA82
:10032800000083EA010180EA020281EA0303362D14
:1003380088BF30BD11F0004F4FEA01314FF4801CE7
:100348004CEA113102D0404261EB410113F0004FF9
:100358004FEA03334CEA133302D0524263EB4303B0
:1003680094EA050F00F0A780A4F10104D5F1200E4E
:100378000DDB02FA0EFC22FA05F2801841F10001A9
:1003880003FA0EF2801843FA05F359410EE0A5F17D
:1003980020050EF1200E012A03FA0EFC28BF4CF0AE
:1003A800020C43FA05F3C01851EBE37101F0004564
:1003B80007D54FF0000EDCF1000C7EEB00006EEB71
:1003C8000101B1F5801F1BD3B1F5001F0CD34908FB
:1003D8005FEA30004FEA3C0C04F101044FEA445252
:1003E80012F5800F80F09A80BCF1004F08BF5FEAD9
:1003F800500C50F1000041EB045141EA050130BDB9
:100408005FEA4C0C404141EB0101013C28BFB1F5CA
:10041800801FE9D291F0000F04BF01460020B1FA15
:1004280081F308BF2033A3F10B03B3F120020CDAE8
:100438000C3208DD02F1140CC2F10C0201FA0CF0C6
:1004480021FA02F10CE002F11402D8BFC2F1200C2B
:1004580001FA02F120FA0CFCDCBF41EA0C019040E1
:10046800E41AA2BF01EB0451294330BD6FEA04042A
:100478001F3C1CDA0C340EDC04F11404C4F1200215
:1004880020FA04F001FA02F340EA030021FA04F327
:1004980045EA030130BDC4F10C04C4F1200220FA7E
:1004A80002F001FA04F340EA0300294630BD21FABC
:1004B80004F0294630BD94F0000F83F4801306BF82
:1004C80081F480110134013D4EE77FEA645C18BF76
:1004D8007FEA655C29D094EA050F08BF90EA020F0D
:1004E80005D054EA000C04BF1946104630BD91EA05
:1004F800030F1EBF0021002030BD5FEA545C05D108
:100508004000494128BF41F0004130BD14F5800446
:100518003CBF01F5801130BD01F0004545F0FE41BA
:1005280041F470014FF0000030BD7FEA645C1ABFEF
:10053800194610467FEA655C1CBF0B46024650EA26
:10054800013406BF52EA033591EA030F41F4002152
:1005580030BD00BF90F0000F04BF0021704730B5D8
:100568004FF4806404F132044FF000054FF00001AD
:1005780050E700BF90F0000F04BF0021704730B56E
:100588004FF4806404F1320410F0004548BF404243
:100598004FF000013EE700BF42004FEAE2014FEA98
:1005A80031014FEA02701FBF12F07F4393F07F4F73
:1005B80081F06051704732F07F4208BF704793F076
:1005C8007F4F04BF41F40021704730B54FF4607489
:1005D80001F0004521F000411CE700BF50EA01028C
:1005E80008BF704730B54FF000050AE050EA010235
:1005F80008BF704730B511F0004502D5404261EBA5
:1006080041014FF4806404F132045FEA915C3FF4E5
:10061800D8AE4FF003025FEADC0C18BF03325FEA82
:10062800DC0C18BF033202EBDC02C2F1200300FA33
:1006380003FC20FA02F001FA03FE40EA0E0021FA58
:1006480002F11444BDE600BF53B94AB9002908BFF6
:1006580000281CBF4FF0FF314FF0FF3000F074B995
:10066800ADF1080C6DE904CE00F006F8DDF804E001
:10067800DDE9022304B070472DE9F047089D0446E0
:100688008E46002B4DD18A42944669D9B2FA82F23D
:1006980052B101FA02F3C2F1200120FA01F10CFA79
:1006A80002FC41EA030E94404FEA1C48210CBEFBB1
:1006B800F8F61FFA8CF708FB16E341EA034306FB3A
:1006C80007F199420AD91CEB030306F1FF3080F0C9
:1006D8001F81994240F21C81023E63445B1AA4B216
:1006E800B3FBF8F008FB103344EA034400FB07F7B8
:1006F800A7420AD91CEB040400F1FF3380F00A81F9
:10070800A74240F207816444023840EA0640E41BED
:1007180000261DB1D4400023C5E900433146BDE899
:10072800F0878B4209D9002D00F0EF800026C5E93B
:10073800000130463146BDE8F087B3FA83F6002E53
:100748004AD18B4202D3824200F2F980841A61EBCB
:10075800030301209E46002DE0D0C5E9004EDDE7E9
:1007680002B9FFDEB2FA82F2002A40F09280A1EBD1
:100778000C014FEA1C471FFA8CFE0126200CB1FB26
:10078800F7F307FB131140EA01410EFB03F088421F
:1007980008D91CEB010103F1FF3802D2884200F2AC
:1007A800CB804346091AA4B2B1FBF7F007FB10113E
:1007B80044EA01440EFB00FEA64508D91CEB0404DC
:1007C80000F1FF3102D2A64500F2BB800846A4EB37
:1007D8000E0440EA03409CE7C6F12007B34022FA22
:1007E80007FC4CEA030C20FA07F401FA06F31C4351
:1007F800F9404FEA1C4900FA06F3B1FBF9F8200C5E
:100808001FFA8CFE09FB181140EA014108FB0EF0A3
:10081800884202FA06F20BD91CEB010108F1FF3AF3
:1008280080F08880884240F28580A8F102086144FF
:10083800091AA4B2B1FBF9F009FB101144EA01410D
:1008480000FB0EFE8E4508D91CEB010100F1FF34B8
:100858006CD28E456AD90238614440EA0840A0FB50
:100868000294A1EB0E01A142C846A64656D353D026
:100878005DB1B3EB080261EB0E0101FA07F722FA4A
:1008880006F3F1401F43C5E9007100263146BDE873
:10089800F087C2F12003D8400CFA02FC21FA03F3D6
:1008A800914001434FEA1C471FFA8CFEB3FBF7F057
:1008B80007FB10360B0C43EA064300FB0EF69E427C
:1008C80004FA02F408D91CEB030300F1FF382FD215
:1008D8009E422DD9023863449B1B89B2B3FBF7F6BD
:1008E80007FB163341EA034106FB0EF38B4208D996
:1008F8001CEB010106F1FF3816D28B4214D9023ED7
:100908006144C91A46EA004638E72E46284605E7F4
:100918000646E3E61846F8E64B45A9D2B9EB0208C5
:1009280064EB0C0E0138A3E74646EAE7204694E755
:100938004046D1E7D0467BE7023B614432E7304688
:1009480009E76444023842E7704700BF684620F070
:1009580007018D46FEE700BF0A480B4A904208B5DA
:1009680003D0121A094914F077F80948094A904245
:1009780003D0121A002114F07DF814F049F800F0A1
:10098800F3FEFEE700000020E4030020C850012425
:10099800E8030020D4450020704700BF30B500F1BF
:1009A800B805044683B0284601F0C6F8204600F092
:1009B8008BFF284601F05EFB254B04F128001A78CE
:1009C800597842EA012102F0D3FC284601F052FB93
:1009D800204B04F14C001A78597842EA012102F0C0
:1009E800C7FC284601F046FB1B4B04F170001A783F
:1009F800597842EA012102F0BBFC284601F03AFB93
:100A0800164B04F194001A78597842EA012102F051
:100A1800AFFC28463021002501F0FEFA104B009566
:100A280004F52A701A7859782B4642EA01210122E6
:100A380003F066FB0B4B009504F52F701A78597874
:100A48002B4642EA0121012203F05AFB03B030BDD4
:100A5800084B01240C4B0124144B0124244B012482
:100A6800004B0124044B012460EE211AF5EE400AE4
:100A7800F7EE007AFDEEE11AF1EE10FAF0B5054650
:100A88002DED0E8B87EE80BA8BB0C0ED031A31EED8
:100A980001CAF0EE628AB0EE43AA00F16B82B1EEB1
:100AA800E00ADFEDE07AB5EE401A2CEE000AF1EE2E
:100AB80010FAC0EE279A00F13482B1EEC10AB5EE01
:100AC800400AF1EE10FA00F10382F1EEC07A9FEDD0
:100AD800D67A21EE271ADFEDD57AB3EE000A6CEE4E
:100AE8000CCA81EE078A29EE800AB7EE009A6CEEEE
:100AF8008BAA20EE290A6AEE8BAA20EE0B0A20EEBA
:100B08000B0A38EE278A78EE08BA3BEEC99A20EE2F
:100B1800090AAAEEAA0AB5EE400AF1EE10FA00F1A7
:100B2800B281F1EEC07A77EEAAAA39EE099A8AEE76
:100B3800890AB5EE400AF1EE10FA00F16582B1EECD
:100B4800C07AB7EE003AC3EE077AFDEEE77A17EE01
:100B5800903A032B00F35881F5EE00AA04230322F0
:100B6800DFEDB3DA6B602BEE0CCADFEDB27A2BEE59
:100B7800297AAA6024EE274A8CEE2ADA29EEA9CA35
:100B8800F1EE009A2CEEACEA25EE275A6CEE299A83
:100B9800B0EE4E0A87EE2D9A69EE847AA7EE840AA3
:100BA800B5EE400AF1EE10FA00F10D82F1EEC07ACE
:100BB80069EE859A3CEE0CCA77EEEC7AA9EE85EAE6
:100BC800C7EE8C9AB5EE40EAF1EE10FA00F13E81DC
:100BD800B1EECE0A9FED983AAF68012F30EE6C0A5D
:100BE800C9EEA57A80EE0C4AB7EE005AC5EE252A62
:100BF80079EEC49AB1EE444A84EE247A37EE277A25
:100C0800C5EE247A27EE037AC7EE295A77EEE27A00
:100C180067EE837A35EE483AC7EEA94A25EE8B7A15
:100C2800F6EE007A64EE8B5A7DEEAD4AC5EEAD2A3B
:100C380085EEA44A7DEE0D5AF1EE084AE5EECDBAEE
:100C480064EEC94AF0EE435AEDEE0D5AE4EE89BA65
:100C580072EE884A38EE628AE7EE274AA7EE678A7C
:100C6800B0EE447AC5ED80BA93EE274AA3EE277A10
:100C7800C5EE242A85ED7E8A85ED7D4AF1EE007A5F
:100C880085ED7F7A29EE497A69EE277A85ED827AB1
:100C9800B0EE657AA7EE897A64EE227AC5ED652A08
:100CA80085ED817AC5ED4D7A40F3B980B1EE443ACD
:100CB8007A1E05F59C710123F0EE645A9342B7EE53
:100CC800005A03F1010301F10401E3EE275ADFEDB5
:100CD8005B7A85EE257AB8BF64EE077ABB4281ED70
:100CE800177A41ED017AE7D1D5ED017AF8EEE77A86
:100CF80026EE276ABDEEC67A17EE103A93427FDADF
:100D0800B8EEC77A36EE476A002B02DA9FED4B6AD7
:100D1800002366EEA77AC5F80C3285ED856ABDEE2C
:100D2800E77A17EE103A934266DAB8EEC77A77EEAA
:100D3800C77A002B02DADFED417A0023002FC5F8CD
:100D48001032C5ED867A42DDF0EE4A9A05F1740656
:100D5800B6EE008A0024B1EE429AEBEE239A28EE12
:100D6800888A01349FED350A9FED326A07EE904A72
:100D7800B8EEE77AF0EE497AE7EE2A7A37EEC87AE3
:100D880078EE276A27EE667AB4EEC07AF1EE10FAAA
:100D98000DDD27EE860A80EE280A13F035FBB7EE44
:100DA800007AF6EE007A30EE070A20EE270A6AEE9D
:100DB800007AA74229EE800AC6ED187AA6EC010A45
:100DC800CFD1BA00002105F1140013F053FE02211F
:100DD80001234FF07E52002029612B70002318490F
:100DE800C5F81C02C5F82012C5F8242285F8283257
:100DF8000BB0BDEC0E8BF0BDF7EE007ABB1E98E78A
:100E0800B7EE006ABB1E7FE7182B40F32281182338
:100E18001722DFED0CAADFED0CDA6B60A3E67A1E71
:100E280062E700BFDB0F494000007A449A99193FF6
:100E38000000803DDB0FC940550C5D4100000000FB
:100E4800ABAAAA3CABAA2A3D3A8EE33AB0EE4E0AC8
:100E5800CDED066A8DED056ACDED045ACDED034A58
:100E6800CDED023A8DED012A13F092FDDDED066A13
:100E78009DED056ADDED045ADDED034ADDED023A2C
:100E88009DED012AA6E6CDED086A8DED076ACDED48
:100E9800065A8DED055ACDED044A8DED034ACDED88
:100EA800023A8DED012A13F073FDDDED086AF0EECC
:100EB800407A9DED076ADDED065A9DED055ADDED98
:100EC800044A9DED034ADDED023A9DED012A2AE62A
:100ED800CDED096A8DED086ACDED075A8DED065AFC
:100EE800CDED054A8DED044ACDED033A8DED022A8C
:100EF8008DED011A13F04CFDDDED096AF0EE407A34
:100F08009DED086ADDED075A9DED065ADDED054AAF
:100F18009DED044ADDED033A9DED022A9DED011A8F
:100F2800D5E5B0EE410ACDED096A8DED086ACDED43
:100F3800075A8DED065ACDED054A8DED044ACDEDE3
:100F4800033A8DED022A8DED011A13F021FDDDED36
:100F5800096A9DED086ADDED075A9DED065ADDED3B
:100F6800054A9DED044ADDED033A9DED022A9DED0B
:100F7800011AA4E5B0EE600ACDED096A8DED086AA4
:100F8800CDED075A8DED065ACDED054A8DED044A93
:100F9800CDED033A8DED022A8DED011A13F0F8FC20
:100FA800DDED096A9DED086ADDED075A9DED065AEB
:100FB800DDED054A9DED044ADDED033A9DED022A7B
:100FC8009DED011A6DE5CDED076A8DED066ACDED53
:100FD800055ACDED044ACDED033A8DED022A8DED8B
:100FE800015A13F0D5FCDDED076AF0EE407A9DED6D
:100FF800066ADDED055ADDED044ADDED033A9DEDA7
:10100800022A9DED015AD3E5CDED086A8DED076AF8
:10101800CDED065A8DED055ACDED044A8DED034A06
:10102800CDED023A8DED012A13F0B2FCDDED086A30
:10103800B0EE407A9DED076ADDED065A9DED055A42
:10104800DDED044A9DED034ADDED023A9DED012AEE
:1010580077E5C5ED017AF8EEE77A5A1EC3EE27AABE
:101068006AEEAADA7FE500BFF8B50022734E4FF0AA
:10107800FF303346154604462DED088B19780029B4
:1010880000F0D58093F8281219B1B4F1FF3F08BFDA
:101098001446196903F51973814201DD154608469E
:1010A8000132042AEAD1631C00F0C4800027644D91
:1010B80005F1B80000F0DAFF04212846F0EE409A66
:1010C80000F028FC05212846B0EE409A00F022FCEA
:1010D80006212846B0EE40AA00F01CFC072128464D
:1010E800B0EE408A00F016FC08212846B0EE40BA5F
:1010F80000F010FC09212846F0EE408A00F00AFCB6
:1011080000212846F0EE40AA00F0AAFBF3EE086A98
:10111800B0EE407ADFED4B5AB0EE000AFFEE007AEF
:10112800E9EE256ADFED485AB1EE045AE8EE807A16
:10113800F2EE080A27EE057A77EEA67AE7EE207A2D
:1011480077EEE57AC7EEA00A13F08EFADFED3F6A74
:10115800DFED3F2A9FED3F7A95F86830F2EE007A8E
:101168009FED3D3A20EE261A9FED3C2AF6EE004A06
:10117800FF2BF0EE625AF1EE0C3AEBEE274AC1EE85
:10118800267ADFED376A02FE262AE8EE633AEAEEAF
:10119800875AEAEE072A28EE033A64EEA55A67EE64
:1011A800A33A7FBB4FF419734FF07E502D4903FBD0
:1011B80004632D4A2D4CC3F83002C3F838122C486A
:1011C8002C49C3F84C220122C3ED8B9A83ED8D1A6A
:1011D80083ED8F2AC3ED902A83ED913AC3ED923ABD
:1011E800C3ED944AC3F85442C3ED965AC3F85C025F
:1011F800C3F8601283F828221F4B0522BDEC088B28
:101208001A60F8BD4FF41970F2EE041AF7EE000AEE
:10121800DFED1A6AB0EE690A9FED196A9FED195A57
:1012280000FB04609FED184AFFF71EFCE4E7144634
:1012380001273CE72C46002739E700BFE4060020D9
:101248000C0400200000904200008A420000DC43A9
:10125800CDCCCC3D6666663F6F12833A3333B33EDE
:10126800CDCC4C3D000020410000C84200007A442B
:101278009A99993E3333333F080400203333333F80
:101288009A99993E00007A440000C8422DE9F84333
:1012980003780F461646002B00F01B81856804462C
:1012A800002D40F31B81DFF860E200F16C0390ED44
:1012B800804AA5F1020CD0ED7E4A0122F0460020BA
:1012C8002BE0691E94ED816A93ED015AD4ED7F6A93
:1012D8008142D3ED195AE6EE057AA6EEA57A2CDC02
:1012E8001146012805D994ED826AD3ED006AE6EE2D
:1012F800267A844505DD94ED826AD3ED046AE6EE2C
:10130800267A77EEC77A8D4200F1010003F10403D3
:1013180002F10102E8EC017A1BDDD3ED027A93EDCC
:101328001A7A64EE277A24EE877A0028C9D1012D2B
:101338000DD094ED816AD4ED7F6A93ED035A11467E
:10134800D3ED1B5AE6EE057AA6EEA57AC9E7114653
:10135800CFE79EED007A012DD4ED657A27EE277A46
:101368008EED007A00F0C68094ED7D6A04F5CA73AC
:10137800644804F5CC71B1EE466A03EB85034FEA85
:101388008508D0ED007AF1EC016AE6EE077A8B4227
:1013980027EEA67AA0EC017AF3D14FEA8C02131D4E
:1013A80002F59C7273442244194672ED016A0CF1ED
:1013B800FF3C043B91ED007AD3ED007ABCF1FF3F8E
:1013C800E6EEC77AC3ED007AEED104F1140942467D
:1013D8004D49484613F040FBD4F80C32B7EE007A7A
:1013E800D4ED857A04EB8303D3ED065A37EE676AAA
:1013F800D3ED056A67EEA57AD4F8103204EB8303BF
:10140800E6EE267AC7ED007AD4ED867AD3ED065A51
:1014180037EE676AD3ED056A67EEA57AE6EE267AB7
:10142800C6ED007AD4ED877AF4EEC77AF1EE10FAB9
:1014380032D404F17406424604F1D400314613F064
:101448000BFB42464946304613F006FB2369E26827
:101458000133934223611BDAC3F30B03D3B9002D85
:1014680016DD49469FED297AC844F1EC017AF0EE81
:10147800E77AF4EE477AF1EE10FA37FE877A4145BB
:10148800F3D1DFED237AB4EEE77AF1EE10FA01D565
:1014980000232370BDE8F883D7ED006A66EEA77ACB
:1014A800C7ED007AD4ED876AD6ED007A67EEA67AA2
:1014B800C6ED007AD4ED877AD4ED886A77EEA67AFD
:1014C800F4EEC77AF1EE10FA37FE277A84ED877AC0
:1014D800AFE7002313600B60BDE8F8830A4B4FEABF
:1014E800850890ED657AD3ED007A67EE877AC3EDCB
:1014F800007A6AE7BCF1FF3F4FF004083FF465AF9C
:101508004BE700BF78100020741000200000000096
:1015180095BFD6332DE9F043894C8846174604F128
:10152800B8002DED028B83B000F0ACFD04F1B800DB
:1015380000F0B4FD04F1280001F032FF04F14C0082
:1015480001F02EFF94F8446094F88E3204F51E7072
:10155800A6F1FF05B5FA85F56D09002B00F0CB80E3
:1015680002F0B4FEFF2E80F00100DFF8F891C4B25B
:1015780000F0C980734E1CB13378002B00F0D58081
:1015880089F800503470002F00F0D78000256E4E87
:101598009FED6E8A6E4CF0EE488A2378002B46D178
:1015A80004F51974B442F8D19FED6A7AF7EE006A2F
:1015B80068EE877A28EE078AF4EEE67AF1EE10FAFA
:1015C80040F38F80F0EE667AB7EE007AB4EEC78A01
:1015D800F1EE10FA7BDDB0EE478AD8E9000300EBA4
:1015E800850003EB85030135C0ED007AAF4283ED3A
:1015F800008ACDD1564B1A7803F519730AB99E4261
:10160800F9D1554C02214E4800F07EF92368002B91
:1016180040F3818001224A48114600F075F9236899
:10162800013B236003B0BDEC028BBDE8F08320468C
:1016380001AA6946FFF72AFE94F82832DFED476AC7
:101648009FED476A43B99DED007ADDED017A38EEEA
:10165800278A78EE878AA3E7D4ED897A9DED007A08
:1016680067EEA66ADDED015A27EE877A67EEA57A5E
:10167800F4EEC66AC4ED896A8DED007ACDED017A83
:10168800F1EE10FAE3D5D4ED986A204694ED976A06
:10169800D4ED965A94ED955AD4ED944A94ED934A24
:1016A800D4ED923A94ED913AD4ED902A94ED8F2AA4
:1016B800D4ED8E1A94ED8D1AD4ED8C0A94ED8B0A24
:1016C800FFF7D2F9DFED217AB0EE677ABFE7BFEE18
:1016D800007AB4EE478AF1EE10FA48BFB0EE478AB6
:1016E8007BE7BFEE007AF4EE477AF1EE10FA48BFD6
:1016F800F0EE477A68E702F0E9FDFF2E0446DFF8CE
:1017080064907FF437AF99F80030002B7FF432AF44
:10171800FFF7AAFC2EE700220121094803B0BDEC1F
:10172800028BBDE8F04300F0EFB8FFF79DFC89F8A5
:1017380000503470002F7FF429AF034E5AE700BFE2
:101748000C04002004040020741000200000000095
:10175800E40600200000964308040020A4707D3FA2
:1017680017B7D138050400200A4808B5FFF716F95D
:10177800094B002209490A481A7083F8642283F841
:10178800C82483F82C2700F03FFC024800F0E6F854
:10179800FBE700BF0C040020E40600201D15002410
:1017A800C40400202A4A10B402F519640023002159
:1017B8004FF07E50C2F81C12C2F82012C2F8240260
:1017C80082F828321370C2E90133C2E9033302F503
:1017D8001972A242EAD11F484FF60B741E4AC0F88C
:1017E800D830C0F8F0301D49C0E90043C0E90543CE
:1017F800C0E90C43C0E91543C0E91E43C0E92743CB
:10180800C0E93834C0E90233C0E90733C0E90E3310
:10181800C0E91733C0E92033C0E92933C0E93133BF
:10182800C0E93A33C0E99E43A0F8BC42C0F8C832C8
:10183800C0E9A443C0E9AA43C0E9A0335DF8044B5A
:10184800C0E9A633C0E9AC33C0E9B03312F0D6BD65
:10185800E40600200C04002000000020A109002458
:1018680010B50C46B83000F01BFC032C1BD89FEDBC
:10187800137ADFED137AB4EEC70AF1EE10FA9CBFC3
:1018880030EE270A9FED0F7AC0EE276AA6EEA77AF8
:10189800F7EE007AB4EEE77AB0EE470AF1EE10FA06
:1018A80002DDB0EE670A10BDFFEE007AB4EE677A8B
:1018B800F1EE10FA48BFB0EE670A10BD0000000054
:1018C800CDCC4C3FCDCC4CBF0D4B30B51A7883B046
:1018D80000245978054642EA012123460122009452
:1018E80002F00EFC074B009405F114001A785978A1
:1018F800234642EA0121012202F002FC03B030BD76
:10190800184B01241C4B01240129114618BF14301F
:1019180002F0E8BC10B50C46B83000F0C1FB211F3E
:10192800052913D80B4B03EB8101D1ED007A80EE2A
:10193800270AB5EEC00AF1EE10FA08D4F7EE007ADD
:10194800B4EE670AF1EE10FA37FE800A10BD9FED7B
:10195800020A10BDE84A012400000000F0B5044660
:1019680085B0283001F01CFD04F1300002F0AEFC17
:1019780094F8453013B180F00100C0B23F4D002803
:1019880051D02B78002B57D03D4E04F05BF83368CC
:10199800C01A40F6B733984248D994F84430FF2B20
:1019A80069D0002704F1B8002F7004250390376030
:1019B80000F064FB039804F1140600F029FB314B96
:1019C800009720461A7859783B4642EA01210122BD
:1019D80002F096FB2C4A00973B4611783046527825
:1019E80041EA0221012202F08BFB0121204602F08C
:1019F80079FC0021304602F075FC642004F024F8DC
:101A08000021204602F06EFC3046012102F06AFCFB
:101A1800642004F019F8013DE7D1032005B0BDE8C2
:101A2800F04004F013B8164E2870306094F8443033
:101A3800FF2B0ED005B0F0BD0123114E2B7004F022
:101A480001F82B783060002B9FD194F84430FF2B9D
:101A5800F0D103F0F7FF07EE900AD4ED126AF8EE22
:101A6800677A9FED0A7A77EEE67AF4EEC77AF1EEB6
:101A780010FA96DADEE703F0E5FF92E7D8100020C7
:101A8800D4100020184B01241C4B012400007A4478
:101A980000294ED0274BF0B5D0E90024481E03F1A9
:101AA8000C0E951C03F1100C4E00AC4218BF052813
:101AB80002EB41058CBF01200020624538BFAE45CE
:101AC8002CBF01270027384227D02644644538BF59
:101AD800B64522D39D890026D8894FEA510E65F371
:101AE8000F06A44602EB8E0E65F31F46002560F331
:101AF8000F0560F31F45104640F8046B70454CF81D
:101B0800045BF9D121F00100C90705D5998922F8AC
:101B18001010DB8924F81030F0BD023A023C023D77
:101B2800998922F8021FAA42D98924F8021FF7D1FD
:101B3800F0BD7047DC1000202DE9F04F40F2011392
:101B48000E4A012680462DED028BADF2844DC0F879
:101B58001C22ADF81430002304968DF8163004F0DA
:101B68006FF9044603F0C0FF04A9054640B93CB12B
:101B780040468DF8166004F0E3F80BE0DC10002016
:101B8800404604F0DDF8002D00F02A8208F1080034
:101B980000F0A2FB072C24AC0CD0D24908F10C00B1
:101BA800D14BD24AC4E9001301232146A260A38184
:101BB80003F01AF90322012300251AA902A8DFF865
:101BC8003CA3029508F1100B0DF1500927462E464B
:101BD800CDE91E2300220123CDE920230122002381
:101BE800CDE92223C24BCDE91A5303F1007303F563
:101BF80040731C934FF44173ADF8743003F0E8FC64
:101C080001230AA903A80D950A930C9310230395A1
:101C18008DF83830B74B0B9302F0E8FC039908F1C4
:101C2800200000F057FA0DF1180C9AE80F008CE824
:101C38000F006146029A584601F03EFA584601F0F4
:101C480085FA5846B0EE408A01F06EFAD0ED007A77
:101C58004FF60B7300200021F8EE677A0DF58362CA
:101C680023800AF1100CA382CE4688EE277AE5601D
:101C7800C4E90155CDE92A012385A3872562656357
:101C8800C4E90B55CDE93401A4F85430A56488EDB6
:101C9800867ACDE93A01A4F86830A4F87C30256644
:101CA8006567C4E91B55CDE94401A4F89030A4F850
:101CB800A830C4F88850C4F89C50C4E92555C4E934
:101CC8002B55A4F8BC30C4F8B450CDE95401A4F89D
:101CD800D030A4F8E430C4F8C850C4F8DC50C4E9E3
:101CE8003555CDE95E01A4F8FC30C4F8F050CDE9D3
:101CF8006401A4F81031A4F82431C4F80851C4F8D8
:101D08001C51C4E94555CDE96E01A4F83831A4F851
:101D18005031A4F86431C4F83051C4F84451C4F8BF
:101D28005C51C4E94F55C4E95555CDE97E01C4F865
:101D38007051A4F87831A4F88C31C4F88451C4E9FE
:101D48005F55CDE98801A4F8A431C4F89851CDE9CC
:101D58008E01A4F8B831A4F8CC31C4F8B051C4F855
:101D6800C451C4E96F55CDE99801A4F8E031A4F84D
:101D7800F831A4F80C32C4F8D851C4F8EC51C4F8BE
:101D88000452C4E97955C4E97F55CDE9A801A4F8FE
:101D98002032A4F83432C4F81852C4F82C52C4E9DA
:101DA8008955CDE9B201A4F84C32C4F84052CDE9C6
:101DB800B801A4F86032A4F87432C4F85852C4F8D0
:101DC8006C52C4E99955CDE9C201A4F88832A4F847
:101DD800A032A4F8B432C4F88052C4F89452C4F8BB
:101DE800AC52C4E9A355C4E9A955CDE9D201A4F878
:101DF800C832A4F8DC32C4F8C052C4F8D452C4E9DA
:101E0800B355CDE9DC01A4F8F432C4F8E852CDE9C1
:101E1800E201C4F80053A4F80833A4F81C33C4F84A
:101E28001453C4E9C355CDE9EC01A4F83033A4F840
:101E38004833A4F85C33C4F82853C4F83C53C4F8B6
:101E48005453C4E9CD55C4E9D355CDE9FC01A4F8F0
:101E58007033A4F88433C4F86853C4F87C53C4E9D5
:101E6800DD55C2E900010DF58662A4F89C33C4F87B
:101E78009053C2E900010DF58B62A4F8B033A4F8C1
:101E8800C433C4F8A853C4F8BC53C4E9ED55C2E937
:101E98000001A4F8D833C4F8D053C4F8E453BCE81C
:101EA8000F00AEE80F009CE80300C4E9F7558EE880
:101EB800030039F8161001363846022201F09AFA62
:101EC8000C2E07F15407F4D108F114072146042316
:101ED8003246384608F1400500249FED078A01F094
:101EE80099FA17E00508050905070506050A060613
:101EF80004020404010A010B6F12033B8C4A0124FB
:101F080001F0ACFC98ED860A01462846013401F040
:101F180097F92035072CE1B23846F1D9E1B20134FE
:101F280001F09CFC00230146F0EE480A28461A46B8
:101F380098ED860A01F052F90C2CEAD100242C4ABB
:101F480008F12C00234611680094012202F0D8F809
:101F5800284B012208F5E070196801F0F7F9264BC3
:101F6800012208F5EC70196801F0F0F9234A2346BC
:101F780008F5F87011680122009402F0C1F8204AAF
:101F8800234608F5017011680122009402F0B8F8A0
:101F98000123D8F81C024BF680320FA91394103095
:101FA8000F92CDE911330223109301F0DBFE38467E
:101FB80001F038FCD8F81C42237D04F110059BB9C8
:101FC8002846104D2368D4E90112009501F048FF16
:101FD800012323750DF2844DBDEC028BBDE8F08F13
:101FE800002C3FF4D3ADD5E5284601F06FFFE7E7B5
:101FF800284B0124204B0124104B0124004B0124C1
:10200800044B0124991A0024103001F0A3B800BF32
:10201800103001F0C1B800BFF8B500F1100705464F
:1020280000F1400400F5E07638462DED028B01F012
:102038007FF8384601F08AF83846B0EE408A01F059
:1020480073F8D0ED007AF8EE677A88EE270A85ED06
:10205800860A01E095ED860A2046203401F04AF907
:10206800B442F7D1BDEC028BF8BD00BF103001F0CF
:102078006DB800BF90ED860A704700BF143001F0BC
:10208800E7BB00BF38B500F1400400F5E075204615
:10209800203401F00BF9AC42F9D138BD704700BFCC
:1020A80000EB411191ED130A704700BF0749002268
:1020B800074B01F1600010B4302459601A611C60AC
:1020C8001A755DF8044BC3E902027047000000303E
:1020D800DC100020F0B5462387B0016000220371B0
:1020E8000124FA26194605AB8DF8142002964022E1
:1020F800009323460194054602F010FB002840F0A7
:102108009B809DF814300DF117074022284603F0F4
:102118007F030097CDE901468DF814308DF817300C
:102128002346297902F022FB002840F0858004200C
:1021380003F08AFC05AB4022284600932346CDE9EC
:102148000146297902F0EAFA002875D19DF8143081
:1021580040220097284603F0BF03CDE901468DF8D9
:1021680014308DF817302346297902F0FFFA002839
:1021780062D1042003F068FC0DF1150343222846C0
:1021880000932346CDE90146297902F0C7FA0028D1
:1021980052D10DF116034822284600932346CDE973
:1021A8000146297902F0BAFA002845D19DF8153080
:1021B80043220097284643F001038DF815308DF827
:1021C80017309DF8163043F00103CDE901468DF82C
:1021D80016302346297902F0C9FA68BB9DF81630F3
:1021E8004822009728468DF817302346CDE9014646
:1021F800297902F0BBFAF8B905AB402228460093CA
:102208002346CDE90146297902F088FAA0B99DF85C
:10221800142023460194284602F0CF040296009722
:10222800402229798DF814408DF8174002F09EFA63
:10223800003818BF012000E0012007B0F0BD00BF42
:10224800F0B5102387B0234C012200250126002772
:1022580002A920460195CDE902234FF48052CDE929
:1022680004670CF0BBF8642003F08AFF02A94FF45E
:1022780080522046CDE9046702261027CDE902677F
:102288000CF0ACF80322102302A92046CDE9022362
:1022980000230422CDE904234FF480520CF09EF869
:1022A80040F23223042202A9019310232046CDE9EB
:1022B8000223019A012305924FF4805204930CF0F3
:1022C8008DF840F6060120460CF0A8F8284607B01D
:1022D800F0BD00BFFC1000201C4B00221C494FF031
:1022E800400C30B5054689B00220596007219A6034
:1022F8001A620124DA620A224FF4006EDC60069248
:102308002022CDE9000104200821CDE902010320A3
:102318001021CDE9040108206946C3E904024FF4FD
:10232800C072181DC3E906C24FF48052C3E909E21E
:102338000CF02AF838B92846FFF782FF003818BF92
:10234800012009B030BD204609B030BDF81000208A
:1023580040410052614A0021D0B513688EB00A91FD
:10236800002B40F0B9805E4B01214FF683700C249E
:1023780011600221D3F8D4200026032742F48052AA
:10238800C3F8D420D3F8D42002F480520092009AE3
:10239800D3F8E02042F01002C3F8E020D3F8E020A0
:1023A80002F010020192019AD3F8E02042F04002B4
:1023B800C3F8E020D3F8E02002F040020292029A2B
:1023C800D3F8E02042F00802C3F8E020D3F8E02078
:1023D80002F008020392039AD3F8E02042F48072D4
:1023E800C3F8E020D3F8E02002F480720492049A43
:1023F800D3F8E02042F08002C3F8E020D3F8E020D0
:1024080002F080020592059AD3F8E02042F02002FB
:10241800C3F8E020D3F8E02002F020020692069AE2
:10242800D3F8E02042F00402C3F8E020D3F8E0300B
:102438000C9403F0040307930323079A0B93CDE945
:10244800080108A9274806F0F3FA48F237120223D0
:1024580008A925480C94CDE90823CDE90A6706F0B8
:10246800E7FA4CF20372022308A920480C94CDE93C
:102478000823CDE90A6706F0DBFA40F2FF6202237F
:1024880008A91B480C94CDE90823CDE90A6706F092
:10249800CFFA4FF60C72022308A916480C94CDE91E
:1024A8000823CDE90A6706F0C3FA4FF63F02022374
:1024B80008A911480C94CDE90823CDE90A6706F06C
:1024C800B7FA2022022308A90A480C94CDE90A6722
:1024D800CDE9082306F0ACFA0EB0D0BDF410002008
:1024E800004402580010025800180258000C025804
:1024F80000200258001C0258001402582DE9F04F21
:10250800DFF8108406460D46144608F118002DED34
:10251800028B89B000AF03F053F9D8F8183073B3C1
:10252800D8F81C30D8F80490002B43690BBF4FF043
:10253800080A4FF0100A4FF0020B4FF0040BB9F1E4
:10254800000F2AD0A200EA46012B02F1070222F06E
:102558000702ADEB020D6846ADEB020D694600F0CF
:102568003F81022B00F0D680002B6FD02246C8474F
:10257800D5462437BD46BDEC028BBDE8F08FD8F8B0
:102588001C30002BF5D0D8F804904FF0080A4FF013
:10259800020B4369B9F1000FD4D1FB61D8F80030C0
:1025A800BB61002BE5D0D54803F088F96B46BBF139
:1025B800020F786108EE103AFB6900F083816A46E1
:1025C8005146A2EBC40295466200EA46B2FBFBF212
:1025D800AAEBC40085460AEB8200EE46F861ADEB33
:1025E800010DF8690EEB820CC7F810C0EC46ADEB94
:1025F800010D00EB8201CCF80400CCF8081001EBC7
:1026080082013869E946CCF80C1000EB8201CCF85D
:1026180000A001EB8202C9E900E0C9E90212012B1E
:1026280000F06483022B00F06C82002B00F08081A4
:10263800620849466046BB69984718EE103A243745
:102648009D46BD46BDEC028BBDE8F08F002C8DD0B9
:102658001A46D8ED0C6A9FEDB27A8446331D36F9D6
:1026680022E00CF1080C07EE90EA33F922E002327E
:10267800F8EEE77A944267EE877A67EEA67A4CED31
:10268800027A07EE90EAF8EEE77A67EE877A67EE65
:10269800A67A4CED017AE2D8F9612246C847984EED
:1026A800D8ED0D6A0020F9692B1D9FED9E7A9FEDEC
:1026B8009E6ADFED9E5A22E0F4EEC67AF1EE10FA39
:1026C800C0F2C88447F6FE72D1ED017A45F82020A1
:1026D80066EEA77AF4EEC77AF1EE10FA40F2F080CF
:1026E800F4EEC67AF1EE10FAC0F2D58447F6FE721F
:1026F80043F820200230083184427FF639AFD1ED0B
:10270800007A66EEA77AF4EEC77AF1EE10FAD3D81B
:102718003246D9E7002C3FF429AFD8ED0C6A84463D
:102728009FED787A0022331D8E4656F822100CF160
:10273800080C07EE901A53F822100232F8EEE77AE6
:10274800944267EE877A67EEA67A4CED027A07EE36
:10275800901AF8EEE77A67EE877A67EEA67A4CED7C
:10276800017AE2D871462246C7F81CE0C847664E8F
:10277800D8ED0D6A0020F9692B1D9FED6A7A9FED4F
:102788006A6ADFF894C120E0F4EEC67AF1EE10FA36
:10279800C0F279843246D1ED017A45F8202066EE00
:1027A800A77AF4EEC77AF1EE10FA40F28780F4EED9
:1027B800C67AF1EE10FAC0F25E84324643F8202061
:1027C8000230083184427FF6D3AED1ED007A66EE4E
:1027D800A77AF4EEC77AF1EE10FAD5D86246DAE7AE
:1027E800002C3FF4C3AED8ED0C6A86469FED477ABD
:1027F8004FF0000C331D56F82C200EF1080E82F411
:102808000002A2F5000207EE902A53F82C200CF1E2
:10281800020CF8EEE77A82F400026445A2F50002A1
:1028280067EE877A67EEA67A4EED027A07EE902A6F
:10283800F8EEE77A67EE877A67EEA67A4EED017AC8
:10284800D9D8F9612246C847314ED8ED0D6A002023
:10285800F9692B1D9FED337A9FED336ADFF8BCC011
:102868001FE0F4EEC67AF1EE10FAC0F2FC833246AD
:10287800D1ED017A45F8202066EEA77AF4EEC77A02
:10288800F1EE10FA18D9F4EEC67AF1EE10FAC0F2A9
:10289800DA83324643F820200230083184427FF63A
:1028A80067AED1ED007A66EEA77AF4EEC77AF1EE5C
:1028B80010FAD6D86246DBE76246EBE762467DE768
:1028C800324615E7A100D6466208073121F0070114
:1028D800ADEB010DEA46ADEB010D6946ADEB0E0D12
:1028E8000AEB8200EC46ADEB0E0D01EB8202F861BB
:1028F800E946CCE900A0C9E9001290E64C11002095
:102908000280FFFF000000300082FF7F00000034DB
:1029180082FF7F0030110020007E00807E0080FF53
:102928000000003804FF7FBF04FF7F3F00FEFF4622
:10293800002C00F0C982BBF1020FD8F8242000F067
:10294800FA827969C7F8049002EB810E5FED0C5AA0
:102958008A00DCF808100EF104007A611A46DCF8E7
:102968000C303B61331DD7F810903D61FD69C7E914
:1029780002CB8C46834636F92210D8ED0C7A06EE47
:10298800101A33F9221006EE901A3EF92210B8EE0A
:10299800C66A07EE101AF8EEE66A3BF92210B8EE9E
:1029A800C77A26EE256A66EEA56A27EE257A26EE10
:1029B800276A66EEA76A27EE277A07EE901A51086B
:1029C8000232F8EEE77A0AEB8100944280ED006A61
:1029D80005EB810067EEA57AC0ED006A0CEB81007B
:1029E80009EB810180ED007A98ED0C7A67EE877A21
:1029F800C1ED007ABFD8D7F804903D69D7E902CB7A
:102A080060466208BB6949469847D8F82C307A690D
:102A1800D8ED0D6A1A441FED3D7A1FED3D6A2B1D56
:102A2800904602F1040A5FED3F5A0022A84ED9E908
:102A380000EC51E0F4EEC67AF1EE10FAC0F2C7826B
:102A480047F6FE7045F822000CEB0100D0ED007A45
:102A580066EEA77AF4EEC77AF1EE10FA4BD9F4EEE7
:102A6800C67AF1EE10FAC0F2BA8247F6FE70BBF1F0
:102A7800020F43F822002BD0D9F808000844D0ED03
:102A8800007A66EEA77AF4EEC77AF1EE10FA36D934
:102A9800F4EEC67AF1EE10FAC0F2CD8247F6FE7077
:102AA80048F82200D9F80C000144D1ED007A66EE0E
:102AB800A77AF4EEC77AF1EE10FA1ED9F4EEC67AC8
:102AC800F1EE10FAC0F2AF8247F6FE714AF8221012
:102AD800023294427FF6B1AD51080EEB81008900B5
:102AE800D0ED007A66EEA77AF4EEC77AF1EE10FA26
:102AF800A0D83046A6E73046B9E73146E6E7304683
:102B0800CEE7002C00F0E081BBF1020FD8F82430AA
:102B180000F0E1817A69DCF8081003EB820EC7F84F
:102B280004909300DFED6B5A0EF1040000227B61E4
:102B3800DCF80C303B61331DD7F810903D61FD691E
:102B4800C7E902CB8C46834656F82210D8ED0C7A9A
:102B580007EE101A53F82210B8EEC76A07EE101ADB
:102B68005EF82210F8EEC76A07EE101A26EE256AFC
:102B78005BF82210B8EEC77A66EEA56A26EE276AD9
:102B880027EE257A66EEA76A27EE277A07EE901ACF
:102B980051080232F8EEE77A0AEB8100944280EDA0
:102BA800006A05EB810067EEA57AC0ED006A0CEBC0
:102BB800810009EB810180ED007A98ED0C7A67EECF
:102BC800877AC1ED007ABFD8D7F804903D69D7E974
:102BD80002CB60466208BB6949469847D8F82C3052
:102BE8007A69D8ED0D6A1A449FED3E7A9FED3E6AE8
:102BF800131D9246DFF8E4C00022FB612B1D364E00
:102C0800D9E9008E4EE0F4EEC67AF1EE10FAC0F281
:102C1800FC81304645F822000EEB0100D0ED007A29
:102C280066EEA77AF4EEC77AF1EE10FA49D9F4EE17
:102C3800C67AF1EE10FAC0F2EF813046BBF1020F0E
:102C480043F822002AD0D9F808000844D0ED007AC9
:102C580066EEA77AF4EEC77AF1EE10FA35D9F4EEFB
:102C6800C67AF1EE10FAC0F2C98130464AF822005D
:102C7800D9F80C000144D1ED007A66EEA77AF4EE9B
:102C8800C77AF1EE10FA1ED9F4EEC67AF1EE10FA10
:102C9800C0F2AD813146F86940F822100232944200
:102CA8007FF6CBAC510808EB81008900D0ED007AA3
:102CB80066EEA77AF4EEC77AF1EE10FAA3D860466A
:102CC800A8E76046BAE76146E5E76046CEE700BF99
:102CD8000280FFFF000000300082FF7F007E00803E
:102CE8000000003404FF7FBF04FF7F3F002C00F08A
:102CF800EB807A690021D8F82430C7F8109003EBEC
:102D0800820ED7F81C909300FD610EF104021FEDAE
:102D18000C6A7B61331D154656F821204808D8ED0A
:102D28000C6ABBF1020F82F40002A2F5000207EE62
:102D3800902A53F8212082F40002B8EEE77AA2F52F
:102D4800000227EE067A07EE902A0AEB8002F8EED8
:102D5800E77A27EE267A67EE867A82ED007A09EB23
:102D680080024FEA800067EEA67AC2ED007A27D08B
:102D78005EF8212082F40002A2F5000207EE902AF4
:102D880055F8212082F40002B8EEE77AA2F5000295
:102D980027EE067A07EE902ADCF80820F8EEE77AA4
:102DA800024427EE267A67EE867A82ED007A98ED5D
:102DB8000C7ADCF80C2067EE877A0244C2ED007AC0
:102DC80002318C42A8D8D7F8109060466208BB69D7
:102DD8004946FD699847D8F82C307A69D8ED0D6ACC
:102DE8001A441FED407A1FED406A131D9246DFF822
:102DF800C4C20022FB612B1DAB4ED9E9008E4EE008
:102E0800F4EEC67AF1EE10FAC0F2C580304645F805
:102E180022000EEB0100D0ED007A66EEA77AF4EE00
:102E2800C77AF1EE10FA49D9F4EEC67AF1EE10FA43
:102E3800C0F2BF803046BBF1020F43F822002AD00F
:102E4800D9F808000844D0ED007A66EEA77AF4EEC7
:102E5800C77AF1EE10FA35D9F4EEC67AF1EE10FA27
:102E6800C0F2AE8030464AF82200D9F80C0001447E
:102E7800D1ED007A66EEA77AF4EEC77AF1EE10FA91
:102E88001ED9F4EEC67AF1EE10FAC0F28B80314604
:102E9800F86940F82210023294427FF6CEAB51080E
:102EA80008EB81008900D0ED007A66EEA77AF4EE8F
:102EB800C77AF1EE10FAA3D86046A8E76046BAE7E9
:102EC8006146E5E76046CEE7224649466046BB696B
:102ED8009847FFF7B2BBC7F810B0002298ED0C6A0C
:102EE800331DDFED726AD7F81CB0786956F82210E6
:102EF80007EE901A53F82210B8EEE77A07EE901A08
:102F080051080232F8EEE77A27EE267A0AEB810EAC
:102F180094420BEB810167EEA67A27EE067A67EEFC
:102F2800867A8EED007AC1ED007ADFD88300D7F873
:102F380010B07B614DE61A46C7F810B098ED0C6AE0
:102F4800331DDFED5B6AD7F81CB0786936F92210BB
:102F580007EE101A33F9221007EE901AB8EEC77A66
:102F680051080232F8EEE77A27EE267A0AEB810E4C
:102F780094420BEB810167EEA67A27EE067A67EE9C
:102F8800867A8EED007AC1ED007ADFD88300D7F813
:102F980010B07B6134E5F0EE675AFEEEE45A15EEA8
:102FA800900A34E7F0EE675AFEEEE45A15EE901AEE
:102FB8006EE7F0EE675AFEEEE45A15EE900A3AE72D
:102FC800F0EE675AFEEEE45A15EE900A4BE767EE0C
:102FD800A57AFDEEE77A17EE900A00B232E567EEC1
:102FE800A57AFDEEE77A17EE900A00B23FE5F0EE1B
:102FF800675AFEEEE05A15EE901A4CE6F0EE675A64
:10300800FEEEE05A15EE900A30E6F0EE675AFEEE54
:10301800E05A15EE900AFDE5F0EE675AFEEEE05A2A
:1030280015EE900A0AE667EEA57AFDEEE77A17EE46
:10303800901A09B24AE567EEA57AFDEEE77A17EE2F
:10304800900A00B22CE5F0EE675AFEEEE45A15EE4F
:10305800902A1FE467EEA57AFDEEE77A17EE902A2C
:1030680012B2FFF731BBF0EE675AFEEEE45A15EEE6
:10307800902AFFF7FDBBF0EE675AFEEEE05A15EE18
:10308800902AFFF79BBBF0EE675AFEEEE05A15EE6A
:10309800902AFFF780BB67EEA57AFDEEE77A17EE78
:1030A800902A12B2FFF724BB82FF7F000000003095
:1030B800000000387E0080FF30B5184C154685B0FA
:1030C800046004F1080EEC460FC98EE80F00D4ED39
:1030D800047AF5EEC07A8CE80F00F1EE10FA1ADDEA
:1030E800B7EE006A94ED057A27EE277AC6EE276ACE
:1030F80084ED0D7AC4ED0C6A6DB1204640F8185F76
:1031080002F05EFB064903690020064A2162A262BA
:10311800E36005B030BD012005B030BD301100209E
:10312800C0200030C000003000680830704700BF81
:10313800B1F5807F03680A4628BF4FF48072B1F565
:10314800807F9A6094BF0020012070470068183083
:1031580002F0A2BB30B5046883B00D46E3694BB1F9
:10316800A3680020E26A616A9B00009004F11C00D9
:1031780002F028FBA3680748A26A9B00216A009016
:1031880004F1180002F01EFB0020C4E9005003B04F
:1031980030BD00BF0525002410B50468A3691BB124
:1031A80004F1180002F06CFBE3691BB104F11C0088
:1031B80002F066FB002010BD10B4074B4FF07E51A3
:1031C80030240022032019619C60D8605DF8044B0C
:1031D8005961C3E90622704730110020F6EE007AE3
:1031E8009FED166A20EE207A0160F7EE006A80ED06
:1031F800036A80ED020A27EE277AC6EE877AF4EE94
:10320800E67AF1EE10FA11DDF0EE667A4FF07E51B3
:103218004FF0000C02760022C0ED017AC0F814C00D
:10322800016143768276C0ED070A7047F4EEC67AEC
:10323800F1EE10FAEAD5F0EE467AE7E70000000072
:10324800DFED187AB6EE007AF7EE006A9FED166A9F
:1032580060EE277A016080ED036A80ED020A67EE6E
:10326800877A86EEA77AB4EEE67AF1EE10FA10DDE8
:10327800B0EE667A4FF0804C4FF07C514FF480727C
:10328800012380ED017AC0F810C041610283837682
:103298007047B4EEC67AF1EE10FAEBD5B0EE467A86
:1032A800E8E700BF6F12033B000000000268037EDE
:1032B800128807EE902AFBEEC87A1BB1B7EE007AA7
:1032C80077EE677AD0ED056A90ED047A77EEE67AC4
:1032D800437E67EE877A0BB1F1EE677A90ED030AC9
:1032E80090ED017A77EEC07AA7EE270A80ED030AFF
:1032F800704700BF837E80ED020AABB9D0ED077A34
:1033080027EE800AF6EE007AB7EE007A20EE270A5A
:10331800C7EE007AF4EEC77AF1EE10FA07DDF0EEA8
:10332800477AC0ED017A7047DFED067AE8E7F5EEF7
:10333800C07AF1EE10FAF4D5DFED037AC0ED017A28
:10334800704700BF6F12033B0000000070B584B0E7
:10335800002504461646ADF80C102B462A4603995C
:10336800009500F0CDFEA582A67504B070BD00BF23
:1033780010B586B00446ADF80C10ADF8141002F084
:1033880061FB4FF48071002220600123A18004F1C9
:103398000800A1830599009200F0B2FE06B010BDA6
:1033A80010B5044602F04EFB0021226821718242CA
:1033B80000D110BD0346012204F1080023602271E8
:1033C80000F084FF227F617F53005BB281B180F0FF
:1033D800010252B21343DBB27F2B2377E9D102F00B
:1033E80031FB07EE900AF8EE677AC4ED087A10BD53
:1033F80042B2EFE710B4002383B00324018080F8C1
:10340800503080F85120C0E9014303B05DF8044B07
:10341800704700BF2DE9F04FBE4F0024BE4D8DB060
:10342800037007F140034260804616468946202211
:1034380021463846C5F88835C5F88475CDE9024473
:10344800CDE90444CDE90644CDE90844CDE90A4470
:1034580011F010FB2022214605F26250C5F85145B3
:10346800C5F85545C5F85945C5F85D4511F002FB45
:1034780085F85065D8F8043085F86846002B62D086
:1034880005F5AA6A09F1500B264609EB040128192B
:103498005222013611F0E0FA4FF0000327F8023B00
:1034A8001BF804300AF8013F002B70D0D8F804301C
:1034B8004FF0010254349E4285F86826E5D3974AB6
:1034C800082195F850350026C5F88C254FF4802240
:1034D80093480027C5F8A4350023C5F89025012294
:1034E800C5F89C1595F86816C5F8943585F8A03583
:1034F800C5F89825C0E9006700293ED0C5F8B82569
:1035080085F8A13585F8A835002298F80030C5F867
:10351800BC25C5F8C025002B40D001220020012180
:10352800013B85F8C4257F4AC2E90001082B37D83A
:10353800DFE813F0BD00C200C700CC00D100D60000
:10354800DB00E100E800C5F89435F6B285F8A0354F
:103558000020724B0021C5F8A465C5F88C354FF4DE
:103568008023C5F890350123C5F898350823C5F898
:103578009C3505F5B663C3E90001012385F8A1353B
:10358800002385F8A8350323C5F8B835BCE7D8F873
:1035980004305434B3423FF678AF90E785F8C43529
:1035A800614803F015FB034608B1FFBEFEE702A918
:1035B8005D48029303F06CFC0446002875D104238F
:1035C80040F2FF720A90CDE9082395F85035002B98
:1035D80000F0F58006234FF05409019309FB0453CA
:1035E80093F85130072B07D8DFE803F0595C56539E
:1035F800504D4A040723079326B206EB4606C6EB4E
:10360800C60605EB8608B700404600F09BFC09FBA0
:10361800045393F85030042B00F3AD80022B00F3D1
:10362800C08000F0BC802B19002283F8402515F8D3
:10363800262098F80130002A7CD0022A00F08D80DC
:10364800012A40F0B480012B00F0B380002B374BE7
:1036580018BF0023059305A9019B3348069302F080
:10366800F3FD002840F0AE80013495F85035E4B2FF
:10367800A34240F2A4802E4B53F824300193ADE7C7
:1036880006230793B8E705230793B5E704230793B1
:10369800B2E703230793AFE702230793ACE70023BE
:1036A8000793A9E701230793A6E7FFBEFEE70320D8
:1036B800402142E9020173E70720602142E9020143
:1036C8006EE70F20802142E9020169E71F20A0214F
:1036D80042E9020164E73F20C02142E902015FE7B5
:1036E8007F20E02142E902015AE7FF204FF4807170
:1036F80042E9020154E740F2FF104FF4907142E9A9
:1037080002014DE740F2FF304FF4A07142E9020197
:1037180046E700BFC040003068110020002002408A
:103728001817002038170020F41600200002B025D2
:103738002C4B0124062B36D0072B3CD0022B49D02A
:10374800032B49D0002B4BD0012B47D0042B49D059
:10375800052B254B18BF00237CE7042B25D0052B10
:103768002BD08BB3012B31D0022B31D0032B1F4B25
:1037780018BF00236EE70323143705EB040B4FF043
:10378800000A2F448BF8403538460AF1010A00F048
:10379800D9FB9BF8403514375345F5DC47E701233F
:1037A800EAE70223E8E7124B54E7124B52E70023FB
:1037B80050E7114B4EE7114B4CE7114B4AE70DB060
:1037C800BDE8F08FFFBEFEE70E4B43E70E4B41E727
:1037D8000E4B3FE70E4B3DE70E4B3BE70E4B39E7F1
:1037E8000E4B37E70E4B35E70000B84F00209036F8
:1037F8000800900C1000C0102000F0148000501D2C
:10380800000180210004002A0008302E00106032D8
:103818000040C03A0080F03E0000524700002143BB
:103828000000844B38B5094C40F2FF724FF001118B
:1038380004F28C55284603F0D9FA94F85025D4F8A8
:1038480084152846BDE8384002F0F0BF6811002012
:10385800014803F0B7B800BFF4160020034B0F2946
:10386800D3F8840598BF00EB410070476811002029
:10387800244B02689A4200D07047234A0023234809
:10388800D2F8D81030B5224C41F0200183B0C4F8EA
:10389800F0050920C4F8F83504F5BE65C4F8F40548
:1038A8004FF48060C2F8D8104FF40061D2F8D820E5
:1038B800C4F8000694F8680602F02002C4F8FC3543
:1038C80098420192C4F804164FF40051C4F8103617
:1038D8002846C4F81436019B14BF00234FF48073A4
:1038E800C4F80816C4F80C3603F0FEFE08B1FFBE93
:1038F800FEE704F28C53C4F8D855C4F8283603B050
:1039080030BD00BF00200240004402584000024081
:1039180068110020014804F039BD00BF5817002085
:1039280002682DE9F84F504B9A4201D0BDE8F88F54
:103938004E4D95F86836002BF8D095F85035002B89
:103948007BD0002405F13C0905F2625605F5AA670B
:10395800A04613E003F0010117F811BCA9F12800F3
:1039680000F0C0FCBBF1010F25D895F850350134A3
:1039780009F154090236A2B293422BD917F8012F44
:10398800002AF4D0D5F884350021327833F81400B1
:10399800D5F8883503EB041323F812003388013374
:1039A8009BB233805FFA83FA3A789A42D2D88A4631
:1039B800A6F80080D0E7CAF34001A9F1140000F08E
:1039C80091FCBBF1020FCAF38001CED0484600F04B
:1039D80089FCCAE7002395F8680625490922984218
:1039E800C5F8F8354FF48060C5F8F015C5F8F4252A
:1039F8004FF400614FF40052C5F8FC3508BF4FF48E
:103A08008073C5F80006C5F80416C5F80826002214
:103A18001848C5F80C36C5F81026C5F8142603F062
:103A280063FE08B1FFBEFEE795F85025D5F884156A
:103A38001148BDE8F84F02F0F9BE0D4909224FF4CC
:103A48008060C5F8F835C5F8F0154FF40061C5F881
:103A5800F4254FF40052C5F8FC35C5F80006C5F842
:103A68000416C5F80826D2E7002002406811002095
:103A78004000024058170020F4160020704700BF8D
:103A88000C4B4FF60B71002203F5A8601980DA6021
:103A980099821A6219855A6399879A64C3E901223F
:103AA800C3E90622C3E90B22C3E910225433984222
:103AB800ECD1704768110020504B02689A4200D040
:103AC80070474F4BD3F8E81030B541F000514D4CDA
:103AD80087B0D4F85421C3F8E810D3F8E81001F0FF
:103AE800005104910499D3F8E01041F00101C3F8A2
:103AF800E010D3F8E03003F001030593059B32F0A2
:103B080002033DD0013A012A6CD9D4F85831012B6F
:103B18000AD000223620114603F034FA362007B0C6
:103B2800BDE8304003F06CBAD4F8543133F00202E7
:103B380035D0013B012BECD8442240233249334D88
:103B4800C4F88C1000212846C4F8B010C4E9242316
:103B580000224FF48063C4E926234FF400624FF437
:103B68000053C4E928234FF480724FF48033C4E92A
:103B78002A2303F0B9FD88B9E560C4F8C440C8E752
:103B88004FF48061032204F5BA700093ADF80C106D
:103B9800039900F0B5FAD4F85421B3E7FEE71C4BBB
:103BA800A2634322636140231A4DC4E9062300221D
:103BB8004FF480632846C4E908234FF400624FF4A9
:103BC8000053C4E90A234FF480724FF48033C4E9E8
:103BD8000C2303F089FD20B9D4F85431A560E464BE
:103BE800A7E7FEE74FF4A061002303220A48ADF8D7
:103BF8000C100399009300F083FA86E700740040E4
:103C080000440258D81700202804024064180020F5
:103C180010040240EC17002060190020014804F04D
:103C2800B5BB00BFEC170020014804F0AFBB00BFD4
:103C38006418002010B5054C204603F06FFB04F50E
:103C48008270BDE810400AF03FBE00BFD8170020C0
:103C5800164BD3F85421D3F86411022A4FEA5101C4
:103C680030B583B00CD088B2D3F86821D3F870414E
:103C780002EB400300930CB16846A04703B030BD87
:103C8800D3F86C21002AF9D088B2D3F86841D3F868
:103C9800705104EB400402EB4002CDE90042002DD4
:103CA800ECD06846A84703B030BD00BFD817002045
:103CB800134BD3F85421022A10B582B00CD0D3F894
:103CC8006811D3F87021009122B1D3F864116846C5
:103CD8004908904702B010BDD3F86C21002AF9D0EA
:103CE800D3F86811D3F87041CDE90012002CF1D057
:103CF800D3F8641168464908A04702B010BD00BF58
:103D0800D8170020094BD3F85421022A0DD000B54A
:103D1800D3E95B1283B0019122B1D3F8641101A8F1
:103D28004908904703B05DF804FB7047D817002096
:103D38000B4BD3F85421022A10D0D3F8641110B5D4
:103D4800D3E95B24C1F34F0382B0490802EB430374
:103D580001930CB101A8A04702B010BD704700BF85
:103D6800D817002030B58C463A4C3B4D8DB00460D6
:103D780004F5A87EBCE80F00AEE80F00DCF80030C0
:103D880020462560CEF8003003F0DAF90023D4F895
:103D980058510393CDB11622012D049218D0002258
:103DA800D4F860110125D4F854319142CDE9065276
:103DB80018BF0222059233F0020235D0013B012BD5
:103DC8003DD9002528460DB030BD02230493E6E70F
:103DD800224A0093C4F80C31C4F81431C4F8042101
:103DE800C4F81C31CDE9013302F028F8D4F8503179
:103DF8004BF68032C4F80851002B08BF1346B0FBBD
:103E0800F3F304F58270C4F810310AF01FFB0028A0
:103E1800D8D120230290694604F5827000930AF0F5
:103E2800FDFD0028BBD0CDE703A90A4803F0AAFA94
:103E38000028C7D1D4F85431013B012BC1D8102236
:103E480003A9044803F09EFA051E18BF0125284659
:103E58000DB030BDD817002000740040001000409D
:103E680070B504681D4682B01046D4F85831012B4D
:103E780003D0D4F85431022B24D1D4F85C31069AFB
:103E8800002BC4F86811C4F870212B460CBF082613
:103E98000026C4F86C010A46C4F864510021204683
:103EA800009603F063F9D4F86C212B4610212046C4
:103EB800009603F05BF904F582700AF07DFB0020A0
:103EC80002B070BD012002B070BD00BF10B504681B
:103ED800D4F85831012B09D1D4F8543133F0020108
:103EE80006D0013B012B0BD9002010BD012010BDCD
:103EF800204603F0C7F9D4F85431013B012BF3D81D
:103F08001021204603F0BEF9002010BD000000007B
:103F18009FED097B0A4B00224FF60B71C3F88021F5
:103F2800C3F88C21A3F87411A3F8881183ED5E7B84
:103F3800C3E96422704700BF0000000000000000D1
:103F4800D817002003780B2B2DD042780F2A2AD8B7
:103F58004168022910B590B03ED0032902D001294A
:103F680000D000210C918168012902D0022918BFD4
:103F780000210D91C168022904D0032902D001292A
:103F880018BF00210A2B0E910ED85B4C04EB83243A
:103F980004610A2B17D8DFE803F009A09284766839
:103FA8005A4C3E30220070470024F1E7534BD3F8B7
:103FB800E01041F00101C3F8E010D3F8E03003F05D
:103FC80001030093009B01230BA9204693400B9308
:103FD80004F02EFD10B010BD11210C91C3E7474B22
:103FE800D3F8E01041F48061C3F8E010D3F8E03072
:103FF80003F480630A930A9BE5E7404BD3F8E0108B
:1040080041F40071C3F8E010D3F8E03003F4007312
:104018000993099BD7E7394BD3F8E01041F4807135
:10402800C3F8E010D3F8E03003F480730893089BDA
:10403800C9E7324BD3F8E01041F08001C3F8E01033
:10404800D3F8E03003F080030793079BBBE72B4BC3
:10405800D3F8E01041F04001C3F8E010D3F8E030A5
:1040680003F040030693069BADE7244BD3F8E0101A
:1040780041F02001C3F8E010D3F8E03003F020034A
:104088000593059B9FE71D4BD3F8E01041F0100105
:10409800C3F8E010D3F8E03003F010030493049B56
:1040A80091E7164BD3F8E01041F00801C3F8E0108F
:1040B800D3F8E03003F008030393039B83E70F4B27
:1040C800D3F8E01041F00401C3F8E010D3F8E03071
:1040D80003F004030293029B75E7084BD3F8E01042
:1040E80041F00201C3F8E010D3F8E03003F0020316
:1040F8000193019B67E700BF000002580044025883
:1041080010B592B0ADF804100180C9B2149C0B2907
:10411800C460C0E901233FD090F801C0BCF10F0F83
:104128003AD8022A3FD0032A02D0012A00D000221E
:104138000E92012B02D0022B18BF0023022C0F93E2
:104148002CD0032C2AD0012C28D000230A29109324
:1041580027D85C4A02EB812202610A2914D8DFE8D9
:1041680001F0A39587796B5D4F4133250600564BC7
:10417800D3F8E01041F48061C3F8E010D3F8E030E0
:1041880003F480630C930C9B01230DA9104603FADA
:104198000CF30D9304F04CFC12B010BD0A291094D6
:1041A800D7D90022D8E711220E92C2E7464BD3F89E
:1041B800E01041F40071C3F8E010D3F8E03003F4E4
:1041C80000730B930B9BDFE73F4BD3F8E01041F4F0
:1041D8008071C3F8E010D3F8E03003F480730A93D9
:1041E8000A9BD1E7384BD3F8E01041F08001C3F8BF
:1041F800E010D3F8E03003F080030993099BC3E78C
:10420800314BD3F8E01041F04001C3F8E010D3F887
:10421800E03003F040030893089BB5E72A4BD3F836
:10422800E01041F02001C3F8E010D3F8E03003F0CB
:1042380020030793079BA7E7234BD3F8E01041F02F
:104248001001C3F8E010D3F8E03003F01003069330
:10425800069B99E71C4BD3F8E01041F00801C3F81E
:10426800E010D3F8E03003F008030593059B8BE7D3
:10427800154BD3F8E01041F00401C3F8E010D3F86F
:10428800E03003F004030493049B7DE70E4BD3F85E
:10429800E01041F00201C3F8E010D3F8E03003F079
:1042A80002030393039B6FE7074BD3F8E01041F039
:1042B8000101C3F8E010D3F8E03003F001030293E2
:1042C800029B61E7000002580044025808B501212A
:1042D80043780069994089B204F0ACFD003818BFF2
:1042E800012008BD01230A464178006903FA01F15B
:1042F80089B204F0A5BD00BF10B5002386B0122214
:1043080004460493CDE902230368022B1FDC002B2B
:1043180001DB0423059323790A2B1FD8114800EBEE
:1043280083206279012301A99340019304F080FB63
:10433800A3790A2B14D80B4800EB8320E2790123D8
:1043480001A99340019304F073FB06B010BD032B41
:10435800E1D10623059323790A2BDFD90020E0E772
:104368000020EBE700000258634A0368934210B547
:104378008CB028D0614A934258D0614A934200F0E9
:104388009480604A934201D00CB010BD5E4C5F48E7
:10439800D4F8E03043F00203C4F8E030D4F8E03059
:1043A80003F002030A930A9BFFF7A6FFD4F8F43040
:1043B80043F08003C4F8F430D4F8F43003F08003F9
:1043C8000B930B9BE0E7504C5148D4F8E03043F096
:1043D8000203C4F8E030D4F8E03003F0020301939C
:1043E800019BFFF789FFD4F8E83000221F2043F42F
:1043F80000131146C4F8E830D4F8E83003F4001389
:104408000293029BD4F8D83043F00103C4F8D830A3
:10441800D4F8D83003F001030393039B02F0B2FDF4
:104428001F200CB0BDE8104002F0EABD364C3948F8
:10443800D4F8E03043F08003C4F8E030D4F8E0303A
:1044480003F080030493049BD4F8E03043F00203A4
:10445800C4F8E030D4F8E03003F002030593059B7C
:10446800FFF74AFFD4F8E8300022212043F4800304
:104478001146C4F8E830D4F8E83003F48003069312
:10448800069BD4F8D83043F00103C4F8D830D4F8E8
:10449800D83003F001030793079B02F073FD212036
:1044A8000CB0BDE8104002F0ABBD1B48FFF724FF7D
:1044B800154B00224820D3F8E840114644F4000484
:1044C800C3F8E840D3F8E84004F400040894089CD2
:1044D800D3F8D84044F00104C3F8D840D3F8D83012
:1044E80003F001030993099B02F04CFD48200CB02E
:1044F800BDE8104002F084BD005400400058004060
:10450800005C0040001C005800440258181C0020A1
:1045180078190020581A0020381B00202DE9F04394
:104528001A4B87B000254FF010099E46EC46184BF1
:10453800FF22E04667461A700EF118060EF13004A5
:10454800CDE90055CDE90255ADF80090BCE80F0063
:10455800CDE90455AEE80F009CE803000095ADF8DE
:1045680000908EE80300B8E80F000FC69CE803002F
:104578000095ADF8009086E803000FCF0FC49CE8C3
:10458800030084E8030007B0BDE8F08304000020BE
:104598007419002010B5EFF3108472B6084B1A781E
:1045A800120602D504B962B610BD1878054B40B2A0
:1045B800C0EBC00003EB4010143003F0E7FEF1E756
:1045C8007419002078190020014805F025BD00BFA6
:1045D800041A0020014805F01FBD00BFE41A00209E
:1045E800014805F019BD00BFC41B00202DE9F043A8
:1045F8000D6885B0404EC5EBC503032D4FEA431740
:1046080006EB4313036041DCCA680C46012A3DD817
:104618004FEAC5084CD020689C466168A8EB05099C
:10462800A2680DF1100EE36806EB4919ACE80F001B
:10463800324B227C8CF80020D9F808C00FCB0EE949
:104648000F000EEB8503BCF1010F53F8103CC9F8BD
:104658008C3032D0BCF1020F43D0BCF1000F36D001
:10466800227C8C37A8EB050500233744520006EB63
:10467800451601213846C6F8AC30C6E92521C6E9F9
:104688002733C6E9293305F0D7F918B1012005B059
:10469800BDE8F0830146384605F0CAFC0028F5D18C
:1046A8000146384605F0EEFC003818BF0120EEE759
:1046B8000A7C103A672AAED9E8E701F0BDFB104B37
:1046C80098420CBF0F4B104BC9F89030C8E701F067
:1046D800B3FB0B4B98420CBF0C4B0D4BC9F89030F9
:1046E800BEE701F0A9FB064B98420CBF094B0A4BE9
:1046F800C9F89030B4E700BF78190020B44A012403
:10470800000E27072D0FB0303211D0205F43906084
:104718008A62E030200BA0101A0980102DE9F041C0
:10472800046884B09846E368BDF82C70CBB90D4690
:1047380016468C34204605F077FC2028FAD120460E
:104748000C9C69004346324689B2CDE901740A9C43
:10475800009405F0FBFA003818BF012004B0BDE84A
:10476800F081012004B0BDE8F08100BF2DE9F041DF
:10477800046884B09846E368BDF82C70CBB90D4640
:1047880016468C34204605F04FFC2028FAD12046E6
:104798000C9C69004346324689B2CDE901740A9CF3
:1047A800009405F09FF9003818BF012004B0BDE857
:1047B800F081012004B0BDE8F08100BF094B6FF023
:1047C800F41110225960C3F8E4101A7483F8F02029
:1047D800C3F8C41183F8D021C3F8A41283F8B02217
:1047E800704700BF7819002030B5002395B04FF40A
:1047F8008071062204460B9306921393CDE90C139D
:10480800CDE90E33CDE9113301F01AFB07282BD07F
:1048180004F1100541F2883206A9284606F070FC1A
:1048280028B10123184684F85C3015B030BD022247
:10483800022306A92846CDE9002310220123CDE949
:10484800022300224FF48003CDE9042305224FF010
:10485800807306926A460F9341F2883306F0BCFDD6
:104868000028DED115B030BD0323012084F85C3068
:1048780015B030BD0000000070B50023A4B04FF0A3
:1048880080724FF480750446ADF806300D93CDE97B
:1048980010320122CDE90E53CDE91223CDE91433AC
:1048A800002943D0F02300F1100508AEADF806301A
:1048B800C02341F2883231462846089306F020FC8E
:1048C80028B10123184684F85C3024B070BD41F249
:1048D80088320DF10601284606F07CFC03460028C4
:1048E800EFD105224FF480711E93284616924FF09F
:1048F80080721B9321931F9202AA9FED1F7BCDE923
:104908001C13CDE922338DED027B9FED1D7B41F217
:10491800883316A98DED047B9FED1B7B8DED067BFF
:1049280006F05AFD0028CCD124B070BD00F1100566
:1049380008AE612341F2883231462846089306F0D2
:10494800DFFB0028BDD141F288320DF1060128466F
:1049580006F0BEFC0028B4D1BDF80630204623F08E
:10496800780343F04003ADF80630FFF73DFF002819
:104978009ED0A6E7AFF30080000000000100000011
:1049880010000000010000000000000000004000CE
:104998002DE9F04F00234FF4807501264FF0807801
:1049A80004462DED028BABB08DF80730139321939D
:1049B800299314950E96CDF85C80CDE91533CDE991
:1049C8001863CDE91A33CDE92253CDE92433CDE973
:1049D800273306231C9301F033FA072808D004F183
:1049E800100741F288321CA9384606F089FB40B10D
:1049F8000123184684F85C302BB0BDEC028BBDE86F
:104A0800F08F4FF0020A4FF0020B4FF0050941F208
:104A1800883308AA1CA93846CDF89480CDF8709040
:104A28009FED2F8BCDE908AB4FF0000A4FF4800BB8
:104A38008DED0A8BCDE90CAB06F0CEFC0028D7D162
:104A480041F2883238460EA906F05AFB0028CFD129
:104A5800402341F288320DF1070138468DF80730BE
:104A680006F0B8FB0028C3D141F288330EA902AA88
:104A78003846CDF83890CDF85C809FED1B7BCDE9AA
:104A880006AB8DED027B9FED1A7B8DED047B06F066
:104A9800A3FC03460028ABD1CDF870904FF0010974
:104AA800CDF894804FF00008219308AA29931CA9F7
:104AB80038462295CDE92333CDE9273341F28833AF
:104AC8008DED0A8BCDE90CABCDE9088906F084FCA5
:104AD800002891D0304684F85C608DE7AFF3008001
:104AE800100000000100000040000000430000002A
:104AF80000800000010000002DE9F04F00234FF472
:104B0800807601254FF0807804462DED028BABB0FE
:104B1800CDE9153313932193299314960E95CDF867
:104B28005C80CDE91853CDE91A33CDE92263CDE98C
:104B38002433CDE9273306231C9301F081F9072894
:104B480008D004F1100741F288321CA9384606F053
:104B5800D7FA40B10123184684F85C302BB0BDEC7D
:104B6800028BBDE8F08F4FF0020A4FF0020B4FF0B6
:104B7800050941F2883308AA1CA93846CDF8948063
:104B8800CDF870909FED308BCDE908AB4FF0000A5F
:104B98004FF4800B8DED0A8BCDE90CAB06F01CFCB5
:104BA8000028D7D141F2883238460EA906F0A8FA73
:104BB8000028CFD1402341F288320DF10701384651
:104BC8008DF8073006F006FB0028C3D19DF80730A2
:104BD80008AA0C90FF2008934FF400430EA90B95E8
:104BE800CDF83890CDF85C80CDE909034FF4800307
:104BF80038460D9341F2883306F0EEFB0346002851
:104C0800A8D10022219329931CA938462296CDF8D1
:104C18007090CDF89480CDE92333CDE92733012373
:104C2800CDE9022341F2883302AA8DED048BCDE948
:104C380006AB06F0D1FB002890D0284684F85C50DB
:104C48008CE700BFAFF300801000000001000000F7
:104C580070B50122AAB004460D465F48C02104F091
:104C6800EFF800265D4B06965B4895FAA5F5CDE969
:104C78000466D3F8E02042F02002C3F8E020C02206
:104C8800D3F8E03003F0200301930123019902A92E
:104C9800CDE9022303F0CCFE142001F071FA32466C
:104CA800C0214D4804F0CCF8142001F069FA012223
:104CB800C021494804F0C4F8142001F061FA012326
:104CC800474AE6612261C4E90533002D77D0B5FA79
:104CD80085F1013900234FF4807604F11005C4E909
:104CE80008162846C4E90B3306F09CF930B10123B5
:104CF8001D4684F85C3028462AB070BD662316909D
:104D0800179041F2883213900EA91B900E93CDE9AB
:104D18001460CDE91900284606F0F2F90028E6D11A
:104D280099230EA941F2883228460E9306F0E8F935
:104D38000028DCD105230121249008AA219027907E
:104D48001C934FF08073CDE92260CDE92800102034
:104D5800259341F28833CDE90A019FED1D7B0020A0
:104D68004FF48001CDE90C011CA928468DED087B84
:104D780006F032FB0028BAD12046FFF7BDFE002816
:104D8800B5D1284606F0AAF905460028AFD12379FF
:104D98000A2B18D963790121994003F083FFA3797D
:104DA8000A2B0ED80F4800EB83200126E17906FA7A
:104DB80001F103F077FF266684F864609BE71F2102
:104DC80088E70020F1E7074800EB8320E2E700BF0F
:104DD80000000000010000000014025800440258BE
:104DE80000500052000002582DE9F041684CA2B072
:104DF8000D46046001F024F807284BD028682346A4
:104E0800AA68696807C3AA89184620F8042B267B74
:104E1800677B06F063F9002834D1012E94F86430DA
:104E280014BF4FF480154FF400052366002B39D0CA
:104E3800584B95FAA5F523610123C4E905330023EE
:104E4800E361002D6ED0B5FA85F1013900234FF4E6
:104E580080785148C4E90818C4E90B3306F0E2F831
:104E680080B966230B90139041F2883206A9069305
:104E7800CDE90C80CDE90E00CDE91100464806F0D9
:104E88003FF9A0B101231D4684F85C30284622B0C2
:104E9800BDE8F08101250323284684F85C3022B060
:104EA800BDE8F08129462046FFF7D2FEC0E79923E6
:104EB80041F2883206A93848069306F021F90028FD
:104EC800E0D105231C9019906A4614934FF0807323
:104ED800219014A91D9341F288339FED277BCDE9DA
:104EE8001A80CDE91F008DED007B9FED257B2A48B8
:104EF8008DED027B9FED247B8DED047B06F06CFA33
:104F08000028BFD131462248FFF7B6FC0028B9D1A6
:104F18001F48FFF73DFD05460028B3D127B10223FE
:104F28002366B3E71F2191E7EB230026002718909B
:104F380014934FF440631F9006AA1B934FF4005339
:104F4800209014A917934FF4404313481C93A023AF
:104F5800CDF868801693062319934FF08053219358
:104F68004FF04073CDE906671D9306F0ADFA0028AF
:104F7800D5D087E7AFF300800000000001000000F3
:104F880010000000010000000000000000004000C8
:104F9800F81C002000500052081D00205E4B0268DB
:104FA8002DE9F0419A428CB04FF00004CDE9074456
:104FB800CDE909440B9402D00CB0BDE8F081574B01
:104FC800574DD3F8D420574F42F48042564EDFF85D
:104FD8005C81C3F8D420D3F8D42002F48042009234
:104FE800009ADA6F42F48042DA67DA6F22F480427C
:104FF800DA67D3F8E02042F04002C3F8E020D3F8A3
:10500800E02002F040020192019AD3F8E02042F039
:105018002002C3F8E020D3F8E02002F02002029238
:10502800029AD3F8E02042F01002C3F8E020D3F847
:10503800E02002F010020392039AD3F8E02042F035
:105048000202C3F8E020D3F8E03003F0020304932F
:10505800049B22E014F0FC0252D103F1200155F820
:10506800211008780A2839D891F801C0012109923D
:1050780007EB802201FA0CF107910221CDF8148088
:10508800089103210A910CA90B4413F81C3C07A9A9
:10509800104601340B9303F0CBFC2A6EE3B2002ACE
:1050A800D8D0052B2CD803F11A0255F822100A780B
:1050B8000A2A18D9497801228A4002210792002237
:1050C800CDE9081203210A910CA90B4496E80300C4
:1050D8000590ADF8181013F81C3CD8E74878012162
:1050E80009928140C8E74878012107EB8222814074
:1050F800022007910021CDE9080103210A91E3E785
:1051080000225C20114601F03DFF5C2001F078FF91
:105118000CB0BDE8F08100BF0050005200440258B6
:10512800F81C0020000002586C4B01240A0A090AE6
:105138000268F8B5194B9A4200D0F8BD184A002405
:10514800184F0125D2F8D430174E23F48043C2F803
:10515800D43011E014F0FC0F1BD157F821301A7825
:105168000020597801340A2A05FA01F198BF06EBA4
:10517800822089B203F096FDE3B23A6E03F1200172
:10518800002AE7D0052B03F11A0202D857F822307B
:10519800E5E75C20BDE8F84001F040BF0050005250
:1051A80000440258F81C002000000258014806F08C
:1051B80017BA00BF081D00200E4B6FF0F412002133
:1051C800981C30B41C1D9D1D9A605D671C67C3E95F
:1051D8000022C3E9181103F10A0203F1080130BCE7
:1051E800C3E91A30C3E91E12C3E92030C3E9221209
:1051F800704700BFF81C002038B5036871B9026A0F
:1052080000F1280500F5AC74012A0CBF00214021EB
:105218008BBB1D4B5722C0F858310DE0426A00F194
:10522800C00500F5E874012A0CBF00214021EBB14C
:10523800164B5A22C0F8D03100232046C4E9012178
:105248004FF480524FF48061636262614FF4804290
:10525800C4E903314FF48073C4E906234FF40033E3
:10526800236202F041FA58B1FFBEFEE7084B58220C
:10527800C0F8D031E0E7074B5922C0F85831DBE7D6
:10528800C5E92044A56338BD100002407000024003
:1052980028000240580002402DE9F043C28889B036
:1052A80081468388ADF800200089B9F80A10B9F85A
:1052B8000C20ADF80230D9F81830ADF80400ADF87C
:1052C8000610ADF80820002B3FD0D9F81C70B7FAAB
:1052D80087F77F09012502236C460DF10A06DFF8DE
:1052E80070800695CDE9043599F80420207882422B
:1052F800627818D0D9F80010F9B1012902D1F8B1B3
:105308000A2107910A2805FA02F203A994BF08EBBB
:1053180080200020039203F08BFB0234A642E3D1E5
:1053280009B0BDE8F08399F805109142E2D1002F49
:10533800F3D0D9F800100029DFD106210791E1E761
:10534800022A0CBF08210A21DBE70127C2E700BFB8
:1053580000000258534A0368934230B505468BB0A3
:1053680055D02032934252D04F4A934204D0203233
:10537800934201D00BB030BD4C4C4D48D4F8E030CE
:1053880043F00103C4F8E030D4F8E03003F001033F
:105398000593059BD4F8E03043F00803C4F8E030E7
:1053A800D4F8E03003F008030693069BD4F8E03005
:1053B80043F04003C4F8E030D4F8E03003F0400391
:1053C8000793079BD4F8F03043F40003C4F8F03097
:1053D800D4F8F03003F400030893089BFFF75CFF50
:1053E800D4F8D830296843F001032F4A3048C4F86C
:1053F800D830891AD4F8D83018BF012103F0010336
:105408000993099B0BB0BDE83040FFF7F5BE274C68
:105418002848D4F8E03043F00103C4F8E030D4F869
:10542800E03003F001030093009BD4F8E03043F030
:105438001003C4F8E030D4F8E03003F0100301930F
:10544800019BD4F8E03043F04003C4F8E030D4F8CE
:10545800E03003F040030293029BD4F8F03043F4A9
:105468008003C4F8F030D4F8F03003F480030393D9
:10547800039BFFF711FFD4F8D830296843F00103E4
:10548800084A0C48C4F8D830891AD4F8D83018BF5C
:10549800012103F001030493049B0BB0BDE83040E5
:1054A800FFF7AABE04580140045C014000440258BA
:1054B800E41F0020881D0020014802F067BF00BFDC
:1054C800E01E0020014802F061BF00BF581F002005
:1054D800014802F05BBF00BF3C210020014802F0F8
:1054E80055BF00BFB42100201A4A0368934210B484
:1054F8000BD02032934208D0174A934216D020325C
:10550800934213D05DF8044B7047144B0022D3F834
:105518005442C3F85822002CF4D0D3F84802D3E9F7
:10552800931223465DF8044B520818470B4B002290
:10553800D3F8B044C3F8B424002CE3D0D3F8AC2497
:10554800D3F8A814D3F8A404520823465DF8044BF2
:10555800184700BF04580140045C0140881D002022
:10556800184A0368934210B40BD02032934208D0F3
:10557800154A934217D02032934214D05DF8044B59
:105588007047124BD3E994245208C3F85822002CD0
:10559800F4D0D3E99201234601EB820100EB8200AB
:1055A8005DF8044B1847094BD3F8AC24D3F8B04442
:1055B8005208C3F8B424002CE0D0D3F8A814D3F8C8
:1055C800A404E8E704580140045C0140881D002059
:1055D8002DE9F0470C684FF41776774F86B004FB37
:1055E80006F6012C07EB0608C0F8008000F39F8040
:1055F80000230D468E46C446C8F85032C8E9923397
:1056080069A3D3E900236AA1D1E90001CDE9022306
:1056180006AB03EB8403CDE9040153F810AC53F84F
:10562800089CBEE80F00ACE80F00BEE80F00ACE82D
:105638000F009EE80300C8F828A0C8F8C0908CE8BE
:1056480003002B69042B0CD8DFE803F078828C96D2
:1056580003004FF41773594A03FB04739A64C3F8A1
:10566800E020AA692B6A002A42D0002B4FF4177356
:1056780008BF022203FB047318BF0322DA62012267
:105688001A63EA696B6A002A3FD1191E4FF417732F
:1056980018BF012103FB0473C3E9311269690129A9
:1056A80043D0022947D1032500214FF4177306F18F
:1056B80028002A46019103FB0473002438445C64E3
:1056C8005C63DC65C3F8DC40C3F8CC40C3F8F44045
:1056D800C3E90F44C3E91544C3E93544C3E93B446E
:1056E800022308F083FB019900284FD0FFBEFEE794
:1056F800191E4FF4177318BF012103FB0473C3E984
:105708000B12EA696B6A002ABFD0002B4FF417739B
:105718000CBF0222032203FB0473C3F8C420012236
:10572800C3F8C82069690129BBD10225BDE701205A
:1057380006B0BDE8F08700252946B6E74FF4177391
:105748004FF4FA5203FB04739A64C3F8E02088E725
:105758004FF417734FF47A5203FB04739A64C3F837
:10576800E0207EE74FF417734FF4FA4203FB04730B
:105778009A64C3F8E02074E74FF417734BF680324D
:1057880003FB04739A64C3F8E0206AE706F1C000DB
:1057980002232A46384408F029FB0028C8D0FFBE57
:1057A800FEE700BFAFF3008004580140045C0140ED
:1057B80024580140245C0140881D00200077010026
:1057C8000068704770B5046882B015460E46C4F884
:1057D8005032C4E99212069AC4F85422A269012AE6
:1057E80026D0626A012A9AB211D0294604F1C00073
:1057F800019208F023FC236A019A012B10D0294654
:1058080004F1280008F01AFC002002B070BD04F171
:10581800C000019208F0A4FC236A019A012BEED182
:10582800314604F1280008F09BFC002002B070BD4E
:10583800226A012A9AB211D0294604F1280001925D
:1058480008F0FCFB636A019A012B10D0294604F189
:10585800C00008F0F3FB002002B070BD04F128007E
:10586800019208F07DFC636A019A012BEED1314662
:1058780004F1C00008F074FC002002B070BD00BF45
:1058880010B5046804F1280008F06AFB04F1C000B0
:1058980008F066FB002010BD03681B69042B05D8BF
:1058A800044A02EB830393ED000A70479FED020A56
:1058B800704700BF744B012400803B470368D3F84E
:1058C80058027047064B6FF0F4124FF60B71C3E99C
:1058D80001229981A3F86812C3E99822704700BF92
:1058E800881D0020704700BF08B500F037FCBDE8F0
:1058F800084001F021BC00BF064808B503680BB199
:1059080003F0A2FA044803681BB1BDE8084004F09C
:10591800E5BB08BD5827002048220020064808B5E6
:1059280003680BB103F090FA044803681BB1BDE8A3
:10593800084004F0D3BB08BD5827002048220020A7
:10594800064808B503680BB103F07EFA04480368FB
:105958001BB1BDE8084004F0C1BB08BD58270020B2
:1059680048220020364BDA6A520062D59A6A9A6A4F
:105978009A6A9B6A180600D500BE314B9B6A990645
:1059880000D500BE2E4B9B6ADA0600D500BE2C4B14
:105998009B6A1B0700D500BE294B9B6A980700D558
:1059A80000BE274B9B6AD90700D500BE244B9B6AD3
:1059B8001A0400D500BE224B9B6A9B0400D500BE8A
:1059C8001F4B9B6AD80400D500BE1D4B9B6A190566
:1059D80000D500BE1A4B9B6A5A0500D500BE184B6D
:1059E8009B6A9B0500D500BE154B9B6AD80500D560
:1059F80000BE134B9B6A990100D500BE104B9B6AF1
:105A0800DA0100D500BE0E4B9B6A1B0300D500BE11
:105A18000B4B9B6A580300D500BE094B9B6A990340
:105A280000D500BE064B9B6ADA0306D400BE00BE52
:105A3800FEE7DB6A9B07FAD5F8E700BEF6E700BF8A
:105A480000ED00E000F096BB00F09ABBB0B1431E39
:105A5800022B12D81F4B9B6803F17843B3F5003F24
:105A68000BD3022831D003282BD11B4B1B4A1A60B9
:105A78001B4B00221A6601F0E5BA704700B540F2E8
:105A8800063189B04FF60B720346ADF8081002993B
:105A98000090ADF80C2001220690CDE9040003A87F
:105AA800FEF72EFB03A80121FEF71CFC0A2000F0DC
:105AB80067FB0B4B00221A6609B05DF804EB01F096
:105AC800C1BA054B00221A60D2E7034B054A1A6097
:105AD800CEE700BF00ED00E000008038FA4E07B0C6
:105AE8000044025807B0FE5A0A4B9B6803F17843FA
:105AF800B3F5003F0BD3084B986848B19868012864
:105B080006D09868022803D09B68032070470120BC
:105B1800704700BF00ED00E0000080380000000082
:105B28002DE9F041CEB004464C2200210AA80EF01F
:105B3800A1FF2022002102A80EF09CFFC022002114
:105B48001EA80EF097FF022005F086F92368012BA6
:105B58004FF0000354D0584A02250193C820D16A57
:105B6800564B21F00101D162D26A02F00102019282
:105B78009A6942F440429A619B6903F44043019355
:105B8800019B4E4A93699B04FCD54D49022400228F
:105B980001268B6A04274FF0080823F003032343E8
:105BA8008B62052316900AA818934FF48033109639
:105BB800179419941597CDF86880CDE91B222122F6
:105BC800CDE91344CDE90A2305F0AAFE00B1FEE7AA
:105BD8003F220323294602A8CDE9022300220823F5
:105BE800CDE9042340224023CDE9062340234FF486
:105BF8008062CDE9082306F02DFA0346B8B1FEE726
:105C08002E4A04250093F02091692B4B41F4404122
:105C18009161926902F440420092DA6A42F001020C
:105C2800DA62DB6A03F001030093009BA9E72022F4
:105C380026932E9380212C924FF48052319306257F
:105C48003F931EA8279236924FF4803225914FF445
:105C580040113292479200222895802540911021C8
:105C6800CDF888802B9720962A91CDE92F3440F2E1
:105C7800271329934FF480632D930023CDE92346FE
:105C8800CDE93C234FF480740C23449402242193DF
:105C980007A3D3E90023CDE93445CDE91E2306F057
:105CA800C5FC00B1FEE705F0FBF84EB0BDE8F08199
:105CB8000F130F03000000000004005800480258AA
:105CC8000044025870B584B0012401F0E3F94FF4A0
:105CD80080764FF04052194B68460025ADF80040D9
:105CE8000396CDE9012301F0F3F919224FF040435F
:105CF80068468DF8082001938DF80F40ADF80D60C7
:105D08008DF801408DF80A5001F0E2F902230B22C8
:105D180068468DF80F508DF801304FF062538DF8BA
:105D280008200193ADF80D408DF80A4001F0D0F934
:105D3800042001F0BDF904B070BD00BF0E000103DE
:105D480030B50D46044685B0D1E9000184E803006A
:105D580000F0D4F9AB79002B63D00CF025FDFEF7E9
:105D6800DDFB0AF0D7FF0CF0C3F92B795BB3304C9D
:105D7800636913F4803326D1C4F88430BFF34F8F9E
:105D8800D4F8801043F6E07EC1F34E3CC1F3C9015C
:105D98004FEA4C1C0CEA0E000B4640EA8372013BAA
:105DA800C4F860225A1CF8D1ACF1200C1CF1200F69
:105DB800F0D1BFF34F8F636943F480336361BFF35E
:105DC8004F8FBFF36F8F6B79B3B1194A536913F4CF
:105DD800003311D1BFF34F8FBFF36F8FC2F850322A
:105DE800BFF34F8FBFF36F8F536943F40033536191
:105DF800BFF34F8FBFF36F8F4FF0FF3200230024A4
:105E0800002569460B4802928DF80C30CDE9004513
:105E18000BF0B4FB07480BF019FC0AF017F905B0B2
:105E280030BD2046FFF77CFE2046FFF74BFF94E786
:105E380000ED00E04022002006F074BA06F0BABA7D
:105E48001C4B9B6803F17842B2F5003F25D3B3F5AC
:105E5800803F20D303F16042B2F5003F1FD303F126
:105E68005C42B2F5002F1CD303F17042B2F5902FBB
:105E780019D303F14842B2F5803F16D303F18042AB
:105E8800B2F1806F13D303F1E043B3F5000F2CBFD9
:105E98000820072070470120704700207047022023
:105EA800704703207047042070470520704706207C
:105EB800704700BF00ED00E003480023034A04498F
:105EC80003600EF09BBA00BF4022002000000020B3
:105ED800ED58002400F2C441D0F8080509F01CBCB4
:105EE80001EBC10300EB8303D0F80805D3F888223F
:105EF80009F042BC01EBC10300EB8303D0F80805AD
:105F08009A6C09F073BC00BFD0F8080509F01CBDF5
:105F1800016910B5044619B1022900D0FEE7012134
:105F2800D4F8080509F0F0FCD4F80805BDE81040DD
:105F380009F0BCBC10B50446D0F8080509F0E8FC27
:105F48002268D2F8003E43F00103C2F8003E236AFB
:105F580023B1034A136943F00603136110BD00BF60
:105F680000ED00E0D0F8080509F0E2BCD0F808051B
:105F780009F010BDD0F8080509F0F6BCD0F80805FE
:105F880009F01EBDD0F8080509F01CBD9446D0F8EC
:105F9800C8021A4608B5634604F05AFE032802D818
:105FA800024B185C08BD032008BD00BF884B0124C4
:105FB800D0F8C80208B504F0CDFE032802D8024B79
:105FC800185C08BD032008BD884B0124D0F8C8021E
:105FD80008B504F003FF032802D8024B185C08BD7B
:105FE800032008BD884B01240A06D0F8C83206D41D
:105FF80001EBC10103EB810191F87E02704701F0CA
:106008007F0101EBC10103EB810191F83E0070476C
:10601800D0F8C80208B504F005FE032802D8024BE0
:10602800185C08BD032008BD884B0124D0F8C802BD
:1060380008B504F06DFE032802D8024B185C08BDB1
:10604800032008BD884B0124D0F8C80208B504F025
:106058003DFE032802D8024B185C08BD032008BD8A
:10606800884B0124D0F8000309F0AABFD0F8000338
:1060780009F0BEBFD0F8000309F0C6BF704700BFE3
:10608800D0F8000309F0ACBFD0F8000309F0ACBFAA
:10609800D0F8D40308B503F051FB032802D8024B0B
:1060A800185C08BD022008BD8C4B0124704700BF56
:1060B8000F4B1B780BB90120704710B504464FF4FD
:1060C8007A700C4AB0FBF3F31068B0FBF3F000F001
:1060D800CBFF0F2C00D808B1012010BD00222146AB
:1060E8004FF0FF3000F04EFF034B00201C6010BD46
:1060F8004C000020740300205000002010B503203D
:10610800124C00F02DFF05F005FF114B11499A695B
:106118009B69C2F3032203F00F038A5CCB5C02F095
:106128001F020D4903F01F03D04020FA03F3086053
:106138000E202360FFF7BCFF10B10124204610BDDC
:106148000446FFF7B3FF204610BD00BF78030020C8
:1061580000440258FC4B012474030020034A044BFA
:1061680011681B780B441360704700BF5C2A00203D
:106178004C000020014B1868704700BF5C2A0020C3
:1061880038B50446FFF7F6FF0546631C02D0044BFA
:106198001B781C44FFF7EEFF431BA342FAD338BD1C
:1061A8004C000020014B1868000C70470010005C80
:1061B800704700BF806B08B5FFF7FAFF08BD00BF46
:1061C800836B5A6D12F0500F5A6D10B51DD11968B6
:1061D80042F400725A650A6812F0080FCA681BD0A8
:1061E80012F4406F0DD1CA6894040AD45A6D22F48F
:1061F80080725A655A6DD10403D45A6D42F0010277
:106208005A651846FDF78CFB10BDD2060AD4DB6C24
:10621800BDE81040DB6C18479007E7D01846FDF73B
:106228007FFBF1E71846FDF729FC10BD806B08B528
:10623800436D43F040034365836D43F00403836576
:10624800FDF71CFC08BD00BFF0B5002283B0019229
:1062580090F85020012A00F0B880034601201A68FF
:1062680083F850009468640708D55A6D42F02002FC
:106278005A65002283F8502003B0F0BD0C68002C4A
:10628800C0F2A180C4F31305002D00F0978094FAA2
:10629800A4F515B1B5FA85F5A840A40ED56928432B
:1062A800D0614D681F2002F1300E04F01F04AE09C2
:1062B80005EA000C06F00C0600FA0CF704FA0CF4D8
:1062C80056F80E0020EA0700044346F80E4090688E
:1062D800400776D4956815F0080555D10C6802F189
:1062E800140607208F684FEAD45CC4F304540CF0FA
:1062F800040C00FA04FE07FA04F4B64F5CF8060032
:1063080020EA0E0020434CF80600386800F0704080
:10631800B0F1805F00F0E880D068D668C70600F169
:10632800EB80C6F382064869760000FA06F60F6924
:10633800042F7BD002F16004086854F827C000F0ED
:10634800F8400CF0004C40EA0C00304344F82700B9
:10635800487E0E69012854F826000CBF4FF000470C
:10636800002720F00040384344F826000C7E0869D6
:10637800012C04D100F01F004FF40065854010691E
:1063880020F4F040054315619068C40714D4CE6822
:106398000C6806F018079048D2F8C050F840C4F3CB
:1063A8001307204025EA07052843C2F8C0008B4898
:1063B800864257D0002C0BDB00205AE7A40EA040E1
:1063C8006CE79068E0E7A40E6BE7022003B0F0BD2D
:1063D80083498A4200F0B68001F580718A4200F054
:1063E800B180804D8048A968806801F0E076C0439C
:1063F80000F00100002800F0B4807C48844200F0DE
:10640800FD807B48844200F01C817A488442D3D1C5
:106418004902D1D474498A42CED1AA68002022F018
:10642800E072324342F48002AA6022E7106E0C68E0
:1064380000F0F840A506B0EB846F79D0506E00F0FC
:10644800F84085426FD0906E00F0F840854274D0D5
:10645800D06E00F0F840854296D1D06E20F0004012
:10646800D06691E7002F4ED094FAA4F5002D00F0E5
:106478008C80B5FA85F0013000F01F06092E40F235
:106488008480B5FA85F580060126013500F0F840CC
:1064980094FAA4F405F01F0506FA05F50543002C47
:1064A80000F0DF80B4FA84F4A0196FF01D0600F044
:1064B8001F04032010FB0460000540F0007028430F
:1064C800072402F11405C60DC0F3045006F00406B3
:1064D80004FA00F7745924EA07048F6807FA00F0F1
:1064E800204370510C6865E7D6684869C6F3820690
:1064F800760000FA06F61AE77608486906F00806F4
:1065080000FA06F613E7A40E013404F01F06092E5C
:106518002DD8A506012005F0F845B040054306EB47
:1065280046000005CBE7506E20F0004050668AE731
:10653800106E20F00040106680E7906E20F000405A
:10654800906685E726482C4D00F58070A96850F8BC
:10655800F86C8068304301F0E076C04300F0010039
:1065680048E75A6D012042F020025A6581E606EBA1
:106578004600A50601241E3805F0F84504FA06F67B
:106588000005354340F0007099E794FAA4F000281C
:106598006ED0B0FA80F00130800600F0F84094FA2E
:1065A800A4F5002D62D0B5FA85F50126013505F070
:1065B8001F0506FA05F5054394FAA4F4002C52D0F9
:1065C800B4FA84F4013404F01F0404EB44042005F5
:1065D80075E700BF0010005CFFFF0F000000FF47D9
:1065E800002002400063025800600258000084CB7B
:1065F800000052C70000B8CF0023024008023FF550
:10660800DBAE1D498A427FF4D7AE1C4A1C4812688B
:10661800A968920921F0E071A0FB020231439209B6
:1066280041F400010132A96052000192019A002A46
:106638003FF4C2AE019A013A0192019A002AF9D1B7
:10664800BAE611F080707FF4B7AE0B498A427FF446
:10665800B3AEAA6822F0E072324342F08072AA60B8
:1066680007E608482BE74FF4401028E70225A2E781
:106678004FF0806093E700BF006002587403002069
:10668800632D3E05000050FE03689A6812F0040F5F
:106698009A6870B5044603D1120701D4002070BD72
:1066A800DA68960104D5A08A40F2011290421AD005
:1066B80002299A6840D0560708D59A68900705D4E9
:1066C80098682D4A024042F010029A60012919D0B8
:1066D8009A68120702D59A68900734D5032914BF1F
:1066E80004250C250FE01A68500606D4234A01E059
:1066F800013A18D019684906FAD540221A609A68F2
:10670800520727D40425FFF735FD236806469B6802
:106718001D42C3D0FFF72EFD831B052B2368F6D936
:106728009A682A42F3D0636D012043F01003636531
:10673800A36D0343A36570BD150702D59A68920738
:1067480013D50825DFE798680B4A024042F020027B
:106758009A60C3E79A689607D4D499680425064ACC
:106768000A4042F010029A60CDE79968024A0A404E
:1067780042F020029A60E4E7C0FFFF7F00DC0C00D3
:1067880003689A68D10701D5002070479968214AA3
:10679800114270B504462CD199681F4A0A4042F04C
:1067A80001029A60FFF7E6FC23681C4A05469342FB
:1067B80028D002F58072934224D0194A92681A6848
:1067C800D60714D4144E9A68D00704D49A68324075
:1067D80042F001029A60FFF7CDFC431B022B2368AD
:1067E80002D91A68D10704D51A68D207EBD5002058
:1067F80070BD636D012043F010036365A36D03430F
:10680800A36570BD074A9268D206D8D0064A93425B
:10681800D5D1ECE73F000080C0FFFF7F0020024099
:106828000063025800230240002102402DE9F04194
:106838003E4D044600680F461646A84219D03C4B08
:10684800984216D03B4DAB688068420716D494F83E
:106858005020012A12D003F01F080122B8F1090FB5
:1068680084F850200DD90023012084F85030BDE869
:10687800F081314DAB6880684207E8D50220BDE859
:10688800F08140F2212323FA08F3DB4313EA0205DF
:10689800E9D12046FFF774FF002841D1626D274BEC
:1068A8002168134043F480736365B8F1000F02D088
:1068B8001F4B994203D0636D23F480136365636DA6
:1068C80013F4805330D0A36D23F00603A365E06C66
:1068D80033461B4D3A46E66A4031C563194D056497
:1068E800194DC5641C2541F8405C002584F85050BA
:1068F80051F83C5C45F0100541F83C5C51F8345CBB
:1069080025F00305354341F8345C01F05BF9226852
:106918000E4B91680B4043F004039360BDE8F0818F
:1069280084F85050BDE8F081A365D0E7002002400C
:10693800002102400063025800230240FEF0FFFFDE
:10694800C9610024BD61002435620024C0FFFF7FB7
:1069580038B503689A68950702D59B68002038BD4A
:106968009A68D40729D59A68044602F00D02012ACC
:1069780008D0636D012043F010036365A36D0343E2
:10698800A36538BD986803210D4A024042F002020F
:106998009A601960FFF7EEFB236805469B68D907E4
:1069A8000BD5FFF7E7FB401B2368022802D99A683A
:1069B800D207DED49B68DB07F3D4002038BD00BFC4
:1069C800C0FFFF7F38B590F85030012B26D0012347
:1069D8000321044680F85030FFF756FE0546C0B93B
:1069E8002368E06CDA6822F00302DA6090F8352058
:1069F800022A16D05A6822F010025A602046FFF781
:106A0800A7FF054628B9626D114B134043F00103F7
:106A180063650023284684F8503038BD022528468F
:106A280038BD01F071FA054660B1636D20462268F1
:106A380043F040036365536823F010035360FFF786
:106A480087FFE6E72268536823F010035360D5E711
:106A5800FEEEFFFF38B5574A04460368934226D036
:106A680002F58072934222D0534B9B6813F4403F47
:106A780022D005F017FC63680546B3F5003F00F027
:106A88008880B3F5403F6CD0B3F5803F00F081803B
:106A9800FFF788FB41F2030398424BD8474B9D42CE
:106AA8002AD92268936843F48073936038BD444BB5
:106AB8009B6813F4403FDCD14FF40020002106F01E
:106AC80005FE63680546B3F5101F6CD008D8B3F50A
:106AD800E01F50D016D9B3F5001FD9D14509D7E723
:106AE800B3F5201F45D0B3F5301FD1D1FFF75AFBBE
:106AF80041F20303984240D82268936823F48073D4
:106B0800936038BDB3F5801F06D00AD9B3F5A01F2E
:106B180002D0B3F5C01FBBD19B0C5B00B5FBF3F5EE
:106B2800B6E7B3F5002FF7D023F40022B2F5802F93
:106B3800F2D0ADE7234B9D4205D82268936823F431
:106B48004073936038BD204B9D421AD91F4B226871
:106B58009D42936829D823F4407343F400739360EB
:106B680038BD8508FFF71EFB41F203039842E1D8C0
:106B780094E7C5098CE705098AE7124BB3EB152F93
:106B8800DBD22268936823F4407343F480739360E4
:106B980038BD1B0CB5FBF3F5FFF704FB41F203030B
:106BA8009842C7D87AE7850972E743F4407393603F
:106BB80038BD00BF0020024000630258002D31019B
:106BC8000023024021BCBE0041787D0181F0FA0219
:106BD80070B5002382B00193002800F0D180456D84
:106BE8000446002D00F0BB80226893689D0003D501
:106BF8009168724B0B4093609368D80016D4704B21
:106C080070491B6890689B09A1FB03136E499B0997
:106C18000140013341F0805191600193019B2BB1F8
:106C2800019B013B0193019B002BF9D19368D9008B
:106C380024D4636D012543F010036365A36D2B43D2
:106C4800A365936813F0040F636D1DD1DB061BD495
:106C5800636D23F4817343F0020363659368DE0771
:106C680028D45A4B9A4217D003F580739A4213D00E
:106C7800574B9B68D9071DD4564A15E093680025E1
:106C880013F0040F636DE1D0636D012543F0100329
:106C98002846636502B070BD4C4A4F4B92689B68AA
:106CA8001343D80706D44D4A9368616823F47C13CC
:106CB8000B439360FFF776FA41F20303A168984209
:106CC800237F52D894F815C01A04206B42EA4C323C
:106CD80002430A43012B03D1236A013B42EA4342A0
:106CE800636A23B103F47873A16A0B431A432368D8
:106CF8003B49D86801400A43DA609A6812F0040FE9
:106D08009A681CD112071AD4D868364A217D0240E5
:106D180042EA8132E16A0A43DA6094F83820012AAB
:106D28003AD01A6922F001021A611A692046616B89
:106D380022F070420A431A61FFF78CFE2368E2686A
:106D4800012A21D01A6B22F00F021A63636D2846BC
:106D580023F0030343F00103636502B070BDFCF741
:106D680087FDA56584F850503EE71029AAD1617DBA
:106D78001A0442EA4132216B0A4342F01C02A9E795
:106D88000125284602B070BD196BA26921F00F01D8
:106D9800013A0A431A63D9E7D4E90F12666C01393C
:106DA8001869324342EA0142A16C0A430E49014084
:106DB8000A4342F001021A61B7E700BFC0FFFF5F54
:106DC80074030020632D3E05C0FFFF6F00200240C2
:106DD800006002580063025800210240002302406C
:106DE80003C0F0FFFCBFFFFF1EF800FCF0B5002356
:106DF80083B0019390F85030012B40D00123044612
:106E08000E46154680F85030FFF7A2FDE8B9676DC9
:106E180005F080421B4B06F480311B4D3B401B4F55
:106E280043F00203636523689E68354015430D43AC
:106E380045F000459D609A68002A0FDB636D23F0DA
:106E4800030343F00103636503E0636D43F010033C
:106E58006365002384F8503003B0F0BD019A013215
:106E68000192019ABA42E6D3636D0022012023F011
:106E7800120384F8502043F010036365ECE7022006
:106E880003B0F0BDFDEEFFFFC0FFFE3F00F8C325D5
:106E9800F0B490F850209AB00E68012A4DD00346FD
:106EA8002B4C002201201D681692A54283F8500041
:106EB800179208D0596D83F8502041F02001596588
:106EC8001AB0F0BC7047234CA26852070BD5AA68C9
:106ED8005A6D012042F020025A65002283F85020A2
:106EE8001AB0F0BC7047A86810F00400F0D1C6B121
:106EF800DFF868C04F68DCF8082022F440423A43C3
:106F0800CCF80820AD68A2682A43D40713D48A684D
:106F1800DCF808101643104A0A401643CCF80860FB
:106F2800DBE70E498A6822F440428A60A868A268B2
:106F38000243D00705D50020CFE702201AB0F0BCE5
:106F480070478C683046044A22408A60C5E700BF13
:106F58000020024000210240E0F0FFFF0023024031
:106F680006494FF6FF0C0002054BCA6800F4E060C2
:106F780002EA0C0210430343CB60704700ED00E0C7
:106F88000000FA051B4BDB68C3F3022300B5C3F10D
:106F9800070E03F1040CBEF1040F28BF4FF0040ED6
:106FA800BCF1060F1AD9033B4FF0FF3C0CFA03FC67
:106FB80022EA0C024FF0FF3C00280CFA0EFC21EAF2
:106FC8000C0101FA03F141EA02010ADB09010A4B4B
:106FD800C9B2034483F800135DF804FB002213468A
:106FE800E8E700F00F000901044BC9B20344197621
:106FF8005DF804FB00ED00E000E100E0FCEC00E0DF
:10700800002807DB012300F01F01034A40098B40D9
:1070180042F82030704700BF00E100E000280DDB97
:107028004309012200F01F000549203302FA00F04D
:1070380041F82300BFF34F8FBFF36F8F704700BF36
:1070480000E100E0BFF34F8F0549064BCA6802F420
:10705800E0621343CB60BFF34F8F00BFFDE700BF73
:1070680000ED00E00400FA05431EB3F1807F0CD266
:107078004FF0E022002006494FF0F00C536107233F
:1070880081F823C09061136170470120704700BFE9
:1070980000ED00E0BFF35F8F044B00215A6A22F431
:1070A80080325A62C3F89410704700BF00ED00E0C8
:1070B800064B40F00100C3F894005A6A42F480324B
:1070C8005A62BFF34F8FBFF36F8F704700ED00E038
:1070D800174A4378C2F89830017821B3436800B55D
:1070E800C2F89C30C37A90F80CC01B0690F80FE0E9
:1070F80043EA0C7390F80AC00B43817B43EACC4304
:1071080090F80DC043EA8C4390F809C043EA414324
:10711800017A43EA0E4343EA0C2343EA4103C2F8E7
:10712800A0305DF804FBC2F89C10C2F8A0107047AC
:1071380000ED00E0704700BF08B5FFF7FBFF08BD92
:1071480088B110B50379044603F0FF023BB1002370
:1071580002210122217118462361227110BD42715A
:10716800FCF7AAFCF3E70120704700BFF8B5044616
:107178004079069F012853D00D4611460122266802
:107188006271022222713DBBA068042F374ADFF8E2
:10719800E4C0C2633268C0F840C042F48052DFF8ED
:1071A800D8C0C0F84CC0326042D0082F3DD0002F64
:1071B80038D02A46376847F40057376000F002FD98
:1071C8000023637138BB236805F0100101251A6894
:1071D8008D4015431D60F8BDE068042F244ADFF890
:1071E8009CC0C2633268C0F840C042F08052DFF8E9
:1071F80090C0C0F84CC032602FD0082F24D0D7B12F
:107208003768002247F00057376000F0DBFC0023A6
:1072180063710028D7D0236943F004032361F8BDC4
:107228000220F8BD06F10802C4E706F11002C1E722
:1072380006F10C02BEE7376806F1140247F0005762
:10724800376000F0BFFCE2E7376806F11C0247F040
:107258000057376000F0B6FCD9E7376806F1180226
:1072680047F00057376000F0ADFCD0E7E972002422
:10727800E9740024F972002409730024F9740024C5
:107288000975002438B54FF4805C036801F0100ECE
:1072980004461D6801200CFA0EFC00FA0EF025EADF
:1072A8000C051D601A6822EA00021A6059B9A06824
:1072B80000F02AFE22680020136823F400531360AC
:1072C8000123237138BDE06800F01EFE226800200B
:1072D800136823F0005313600123237138BD00BFE6
:1072E80010B5846B2046FCF7B3FC0123237110BD55
:1072F800806B08B5FCF7DCFC08BD00BF704700BF19
:1073080010B5846B2369204643F004032361FFF71B
:10731800F5FF0123237110BD704700BF03681A6889
:10732800910410B5044602D55A6B920418D41A6811
:10733800910002D55A6B920000D410BD04224FF080
:10734800005120462271226942F0020222615963EB
:107358001A6822F08052BDE810401A6000F0DCB8CC
:1073680004224FF400510271026942F001020261E5
:1073780059631A6822F480521A60FFF7CDFF236818
:10738800D5E700BF2DE9F04143790E460968012B86
:1073980000F09880012304290546144643714FF0F4
:1073A8000203037145D002F0100200683369012B13
:1073B80008D11F24836B944023EA04047369934023
:1073C80023438363072404FA02F3C46B24EA030407
:1073D800D6E90273012B28D0022B28D0B7FA87F3FD
:1073E8005B093B430B4371689340914023434FF43F
:1073F8008044C3639440036823EA040340F6FE74A0
:1074080003609440036823EA040301240B43C0216A
:10741800036001FA02F30268002122EA0302026013
:1074280008462C716971BDE8F0810023D9E7012372
:10743800D7E7FEF79FFE2B6807465B6B1CBBDFF8A0
:107448009C8013EA080F0DD0FEF794FEC31B012B96
:107458002B6803D95A6B12EA080F36D15B6B13EA13
:10746800080FF1D10120FEF78BFE2868B369036489
:1074780011E0FEF77FFEC31B012B2B6802D95A6B64
:10748800002A22DB5B6B002BF3DB0120FEF778FE82
:107498002868B369436404F0100240F2FF31836C3A
:1074A800914023EA0103F16991400B43FF21836472
:1074B8009140C36C23EA0103316A91400B43316860
:1074C800C36473E70220BDE8F0812B69032243F00F
:1074D800080310462B612A71A5E700BF0080002031
:1074E80010B5846B2046FCF723FC0123237110BDE3
:1074F800806B08B5FCF706FC08BD00BF704700BFED
:1075080010B5846B2369204643F004032361FFF719
:10751800F5FF0123237110BD704700BF0268344B8B
:10752800344930B4344D354CAA4218BF9A420CBF86
:10753800012300238A4208BF43F001033031A242ED
:1075480008BF43F0010330348A4208BF43F0010307
:107558003031A24208BF43F0010330348A4208BFE9
:1075680043F0010301F55C71A24208BF43F0010337
:1075780004F55C748A4208BF43F001033031A2422B
:1075880008BF43F0010330348A4208BF43F00103C7
:107598003031A24208BF43F0010330348A4208BFA9
:1075A80043F001033031A24208BF43F001038A428D
:1075B80008BF43F0010313B9114B9A4213D1D3B258
:1075C8001049114C103BA1FB03515F2B0F4BC1F32A
:1075D800021103EA0203615C88BF0433C165836555
:1075E800184630BC704722F0FF038365F8E700BFF8
:1075F80010000240400002402800024058000240AB
:10760800B8040240ABAAAAAA904B012400FCFFFFD1
:107618000368294A294930B4294D2A4CAB4218BF7E
:1076280093420CBF012200228B4208BF42F00102A4
:107638002831A34208BF42F0010228348B4208BF18
:1076480042F001022831A34208BF42F001028B42F6
:1076580008BF42F0010212B91B4A934213D1DBB2B0
:107668001A4C1B4A0121083B1A4DA4FB03434566EB
:1076780002EB1312C3F30413920001FA03F3026638
:10768800836630BC7047DAB21349144C1944103A77
:10769800A829A4FB02234FEA131300D80833104A81
:1076A80003F01F0501210F4C1A44A94044669200BB
:1076B80081660266E5E700BF085402583054025854
:1076C8001C5402584454025894540258CDCCCCCC83
:1076D8000096001680580258F0FBFDBFABAAAAAA74
:1076E8000082001080080240F8B50446FEF742FD0B
:1076F800002C00F0778123680546924A934248D0CF
:107708001832934245D030328F498B4218BF93428A
:1077180001F130010CBF012200228B4208BF42F068
:10772800010218318B4208BF42F0010218318B4226
:1077380008BF42F0010218318B4208BF42F0010233
:1077480001F556718B4208BF42F0010218318B4295
:1077580008BF42F0010218318B4208BF42F0010213
:1077680018318B4208BF42F0010218318B4208BF22
:1077780042F0010218318B4208BF42F00102183171
:107788008B4208BF42F001021AB9704A934240F096
:1077980098810022022184F8342084F835101A6870
:1077A80022F001021A6006E0FEF7E4FC431B052BF9
:1077B80000F2FF8023681A68D607F5D4D4E90225B9
:1077C80020692A43A1691D68024360690243E06990
:1077D8000A4302435E482840256A2A435D4D024316
:1077E800606A042800F000812E685B4D3540B5F1D1
:1077F800005F80F0BB801A605A6922F007020243DA
:107808005A612046FFF78AFEE26D3F2302F01F020D
:107818009340836022684B4B50484B49824218BFC3
:107828009A4200F130000CBF012300238A4208BFAE
:1078380043F001033031824208BF43F00103303086
:107848008A4208BF43F001033031824208BF43F047
:10785800010330308A4208BF43F0010301F55C712F
:10786800824208BF43F0010300F55C708A4208BFFA
:1078780043F001033031824208BF43F00103303046
:107888008A4208BF43F001033031824208BF43F007
:10789800010330308A4208BF43F00103303182428D
:1078A80008BF43F0010330308A4208BF43F00103A8
:1078B8002B49824208BF43F001032A488A4208BF85
:1078C80043F001032831824208BF43F00103283006
:1078D8008A4208BF43F001032831824208BF43F0BF
:1078E800010328308A4208BF43F00103283182424D
:1078F80008BF43F001038A4208BF43F0010313B9EC
:10790800194B9A4218D12046FFF782FEA368802BB4
:107918005CD06368A06EDAB2013BD4E91851072B3A
:107928002A60486059D8501E07286ED9626FD4E97A
:107938001B31002018604A6000200123606584F82C
:107948003530F8BD1000024040000240B804024043
:107958003F8010FE0010005C0000FFFF280002407E
:10796800085402581C540258945402586568A5F1EA
:1079780029061F2E24D94F3D032D01D842F4801229
:107988001A6004285A6922F0070242EA00027FF4CA
:1079980037AFE56AA06A0243002D3FF431AF0029F2
:1079A80069D1012800F0888030F002017FF428AF07
:1079B80069E0202203230120626584F83530F8BD90
:1079C800734D25FA06F6F507DAD5D7E70023A16E39
:1079D800D4E918026360036051600023C4E91B33D3
:1079E8006367A9E70120F8BD2F68D4E90B562E4339
:1079F8003243684E3E40B6F1005FB7D21A605A690A
:107A080022F0070242F00402C4E72168624B634D8A
:107A1800A94218BF994205F114050CBF01230023A0
:107A2800A94208BF43F001031435A94208BF43F037
:107A380001031435A94208BF43F001031435A942D4
:107A480008BF43F001031435A94208BF43F00103FE
:107A58003BB9534B994204D0524B534913449B00B2
:107A680003E0524B524913449B0001228240C4E96F
:107A78001B3162675DE7B1F5005F0ED0022805D9BA
:107A880003287FF4BDAEE9017FF5BAAE0123402299
:107A98001846626584F83530F8BD03283FF6B0AE65
:107AA80001A151F820F000BF957A00248F7A0024B4
:107AB800957A0024C17A0024B5F1C07F7FF4A0AE86
:107AC800E4E7354A35483B49834218BF934200F101
:107AD80028000CBF012200228B4208BF42F001029D
:107AE8002831834208BF42F0010228308B4208BF88
:107AF80042F001022831834208BF42F001028B4262
:107B080008BF42F0010212B9254A934238D1002237
:107B18000221294D84F8351084F834201A6815405C
:107B2800A268402A2AD0802A0CBF4FF48040002047
:107B3800266AD4E90312D20842EAD102616942EA0C
:107B4800D102A16942EAD102E16942EAD1021B49A4
:107B580042EA161219442A4302431948A0FB0101BC
:107B680020461A600B099B00E365FFF7D7FCE26D1E
:107B7800012302F01F02934043604BE61020D7E731
:107B8800402203230120626584F83530F8BD00BF28
:107B98003F00C0C30000FFFF085402581C5402589D
:107BA800945402583F820010400902403F96001644
:107BB80040590258305402580F00FEFFF8ABFDA799
:107BC800CDCCCCCC002800F08281844690F83400DB
:107BD800012800F07E8101202DE9F0439CF8354012
:107BE8008CF83400844208D04FF400620023CCF8AB
:107BF80054208CF83430BDE8F0830220DCF80040D3
:107C0800554D8CF835000020544ECCF8540054489B
:107C1800AC4218BF844205F118050CBF01200020B2
:107C2800AC4208BF40F001001835AC4208BF40F034
:107C380001001835AC4208BF40F001001835AC42CD
:107C480008BF40F0010005F55675AC4208BF40F08A
:107C580001001835AC4208BF40F001001835AC42AD
:107C680008BF40F001001835AC4208BF40F00100E1
:107C78001835AC4208BF40F001001835AC4208BFC7
:107C880040F001001835AC4208BF40F0010018353B
:107C9800AC4208BF40F00100A5F59265AC4218BFA0
:107CA800B4420CBF0125002501D000285AD026680F
:107CB800DCF8589026F001062660002D7ED0DCF80E
:107CC80064603746DCF868607E60DCF86C7037B159
:107CD800DCF87060B646DCF87460CEF80460DCF856
:107CE8005C604FF03F0E06F01F080EFA08FEC9F858
:107CF80008E0266826F4802626606360DCF80830F1
:107D0800402B00F0E880A160E26015B9002800F07F
:107D1800E880236823F01E0343F016032360DCF891
:107D280040301BB1236843F008032360DCF860305F
:107D38001A68D20303D51A6842F480721A601FB118
:107D48003B6843F480733B602368002043F00103E1
:107D58002360BDE8F08300BF5800024010000240D5
:107D680040000240644F654EDCF85890B44218BF9A
:107D7800BC4206F128060CBF01270027B44208BF01
:107D880047F001071436B44208BF47F0010714361C
:107D9800B44208BF47F001071436B44208BF47F0A1
:107DA8000107266826F001062660554EB44208BF32
:107DB80047F0010717B9534FBC4212D1DCF8646091
:107DC8003746DCF868607E60DCF86C7037B1DCF848
:107DD8007060B646DCF87460CEF8046000287FF462
:107DE8007EAF464FDFF810E1744518BFBC420EF174
:107DF800140E0CBF01270027744508BF47F0010780
:107E08000EF1140E744508BF47F001070EF1140E69
:107E1800744508BF47F001070EF1140E744508BFFA
:107E280047F001070EF1140E744508BF47F001072B
:107E380017B9344FBC4254D1DCF85C60012706F016
:107E48001F0E07FA0EF7C9F804706360DCF80830F3
:107E5800402B43D0A160E260236823F00E0343F077
:107E68000A032360DCF84030002B2DD0236843F050
:107E780004032360204B214A944218BF9C4202F11C
:107E880028020CBF01230023944208BF43F00103DA
:107E98001432944208BF43F001031432944208BFDD
:107EA80043F001031432944208BF43F00103143233
:107EB800944208BF43F001031432944208BF43F0D0
:107EC8000103002B3FF440AFDCF86C702EE7012073
:107ED800704702207047A260E16016E7A260E16087
:107EE800BAE7236823F00E0343F00A032360DCF8A3
:107EF8004030002BBAD1BDE71C5402580854025830
:107F0800805402589454025870B50546FEF732F969
:107F1800002D00F0248195F83530022B40F0DD80EB
:107F28002C6806468F4B9048904A844218BF9C4262
:107F380000F130008E490CBF01230023844208BFA2
:107F480043F001031830844208BF43F0010318309E
:107F5800844208BF43F001031830844208BF43F04D
:107F6800010300F55670844208BF43F0010318303E
:107F7800844208BF43F001031830844208BF43F02D
:107F880001031830844208BF43F0010318308442CB
:107F980008BF43F001031830844208BF43F00103CF
:107FA8001830844208BF43F001031830844208BFE8
:107FB80043F001038C4218BF94420CBF01220022F7
:107FC80002D0002B00F09080216821F01E01216072
:107FD800616921F080016161002A00F0B0802A6E99
:107FE800136823F480731360236823F0010323606C
:107FF80005E0FEF7BFF8831B052B00F2A680236877
:10800800DB07F6D42A68574B57485A49824218BFAB
:108018009A4200F148000CBF012300238A4208BF9E
:1080280043F001033031824208BF43F0010330308E
:108038008A4208BF43F0010301F55C71824208BF20
:1080480043F0010300F55C708A4208BF43F0010366
:108058003031824208BF43F0010330308A4208BF02
:1080680043F001033031824208BF43F0010330304E
:108078008A4208BF43F001033031824208BF43F00F
:1080880001038A4208BF43F0010318318A4208BF3E
:1080980043F0010333B9A1F59561354B9A4218BFF6
:1080A8008A426FD1EA6D3F23A96D02F01F02934007
:1080B8008B60EB6ED5E91921516033B11A68D5E9A7
:1080C8001C1022F480721A604860002301221846AE
:1080D80085F8352085F8343070BD802200230120D2
:1080E8006A6585F8343070BD2268234922F00E0293
:1080F8002260224A8C4218BF944201F128010CBF29
:10810800012200228C4208BF42F0010214318C4245
:1081180008BF42F0010214318C4208BF42F001024C
:1081280014318C4208BF42F0010214318C4208BF5E
:1081380042F001021AB9124A94427FF455AF296EEF
:108148000A6822F480720A604EE720210322002385
:108158000120696585F8343085F8352070BD012027
:1081680070BD00BF580002404000024010000240AD
:108178002800024070000240085402581C5402585B
:1081880094540258E86D0121164B00F01F00164C5C
:108198008140A24218BF9A42A86D0CBF0123002358
:1081A800416012481249824208BF43F00103283057
:1081B8008A4208BF43F001032831824208BF43F0D6
:1081C80001038A4208BF43F0010314318A4208BF01
:1081D80043F00103002B7FF46CAF064B9A423FF447
:1081E80068AF72E71C5402580854025830540258B9
:1081F800445402589454025800285FD038B590F877
:1082080035200346022A55D10168574A914248D081
:108218001832914245D03032544C5548A14218BFCB
:10822800914204F148040CBF01220022814208BF98
:1082380042F001023030A14208BF42F0010230345E
:10824800814208BF42F0010200F55C70A14208BFFC
:1082580042F0010204F55C74814208BF42F0010259
:108268003030A14208BF42F001023034814208BFD9
:1082780042F001023030A14208BF42F0010230341E
:10828800814208BF42F001023030A14208BF42F0EB
:108298000102814208BF42F0010212B9354A9142F7
:1082A8000ED10422002083F835200B6823F0010347
:1082B8000B6038BD802201205A6538BD0120704707
:1082C8002D4A2E4D0868A94218BF91422C4C20F027
:1082D8000E0005F13C050CBF012200220860A142F6
:1082E80008BF42F0010208682834A94208BF42F0DA
:1082F800010220F00100A14208BF42F0010214343B
:108308000860A14208BF42F001021E48814208BF2E
:1083180042F0010212B91C4A914217D101229D6D07
:10832800D3E91704216800F01F0021F4807182400E
:1083380021606A60DA6ED3E91910486032B11168B9
:10834800D3E91C0421F480711160446001210024E8
:108358001A6D83F8351083F834401AB118469047DF
:10836800204638BD104638BD10000240400002408B
:1083780070000240B80402401C54025808540258C5
:108388003054025880540258945402582DE9F0434E
:1083980000229C4B83B09C4E1D6881460192036865
:1083A8009A4A846D934218BFB342276808BF0126D2
:1083B800216818BF002645D018329548834218BF57
:1083C800934200F118000CBF01220022834208BF2B
:1083D80042F001021830834208BF42F0010218300F
:1083E800834208BF42F001021830834208BF42F0BE
:1083F800010200F55670834208BF42F001021830AE
:10840800834208BF42F001021830834208BF42F09D
:1084180001021830834208BF42F00102183083423B
:1084280008BF42F001021830834208BF42F001023F
:108438001830834208BF42F001021AB9754A9342C4
:1084480040F05082D9F85C10082201F01F0C02FAA3
:108458000CF2174240F0888127FA0CF2D2070CD5AB
:108468005A69100609D5012202FA0CF2A260D9F85D
:10847800542042F00202C9F854204FF0040E0EFABC
:108488000CF038425BD0002E4FD1614ADFF888816A
:10849800434518BF934208F130080CBF012200225F
:1084A800434508BF42F0010208F11808434508BFD8
:1084B80042F0010208F11808434508BF42F00102E2
:1084C80008F11808434508BF42F0010208F556783C
:1084D800434508BF42F0010208F11808434508BFA8
:1084E80042F0010208F11808434508BF42F00102B2
:1084F80008F11808434508BF42F0010208F11808BE
:10850800434508BF42F0010208F11808434508BF77
:1085180042F0010208F11808434508BF42F0010281
:108528001AB93C4A934240F019821A68920706D554
:10853800A060D9F8542042F00402C9F8542010224F
:1085480002FA0CFC1CEA070F6CD0002E45D1304A09
:10855800314EB34218BF934206F130060CBF0122D8
:108568000022B34208BF42F001021836B34208BFE6
:1085780042F001021836B34208BF42F00102183631
:10858800B34208BF42F0010206F55676B34208BF6F
:1085980042F001021836B34208BF42F00102183611
:1085A800B34208BF42F001021836B34208BF42F096
:1085B80001021836B34208BF42F001021836B3422E
:1085C80008BF42F001021836B34208BF42F0010268
:1085D8001AB9104A934240F0C9811A68100721D588
:1085E800C4F808C01A68560300F14C811A68D2050D
:1085F80003D41A6822F008021A60D9F840308BB107
:108608000CE000BF74030020100002402800024064
:1086180058000240B80402404000024048469847CB
:10862800D9F85C1001F01F0120268E403E4268D028
:10863800D9F80020A54BA64FBA4218BF9A4207F1B5
:1086480018070CBF01230023BA4208BF43F00103F7
:108658001837BA4208BF43F001031837BA4208BFB7
:1086680043F001031837BA4208BF43F00103183733
:10867800BA4208BF43F001031837BA4208BF43F0B3
:10868800010307F55677BA4208BF43F001031837CC
:10869800BA4208BF43F001031837BA4208BF43F093
:1086A80001031837BA4208BF43F001031837BA422A
:1086B80008BF43F001031837BA4208BF43F001036B
:1086C8001837BA4208BF43F001031BB9814B9A42DD
:1086D80040F062811368DB0613D5A66099F835303F
:1086E800042B136800F0AE8013F4802F136800F099
:1086F800D3801C0340F1DE80D9F83C300BB14846EA
:108708009847D9F85430002B00F0B980D9F8543084
:10871800D8071FD5D9F80020042189F83510136827
:1087280023F0010313606C4BA3FB0535AD0A02E08F
:108738001368D90704D5019B0133AB420193F7D9DC
:108748001368DB074CBF0323012389F83530002366
:1087580089F83430D9F84C30002B00F09080484626
:1087680003B0BDE8F0431847186840070AD51868F1
:1087780020F004001860A260D9F8542042F00102E9
:10878800C9F8542027FA0CF2D2077FF576AE534A7F
:108798005348834218BF934200F130000CBF0122B6
:1087A8000022834208BF42F001021830834208BF0A
:1087B80042F001021830834208BF42F0010218302B
:1087C800834208BF42F0010200F55670834208BF99
:1087D80042F001021830834208BF42F0010218300B
:1087E800834208BF42F001021830834208BF42F0BA
:1087F80001021830834208BF42F001021830834258
:1088080008BF42F001021830834208BF42F001025B
:108818001830834208BF42F00102002A7FF420AEDC
:10882800002E7FF41DAE1A68042202FA0CF23A42B6
:1088380040F09480102202FA0CFC17EA0C0F3FF467
:10884800F1AE84E623F016031360536923F0800326
:108858005361D9F840309BB3136823F008031360C1
:108868003F230125002203FA01F1D9F85030A16015
:1088780089F8355089F83420002B7FF470AF03B0A5
:10888800BDE8F0831B6818037FF5B7AED9F8483008
:10889800002B7FF4C3AEC5E613F480737FF42CAFCE
:1088A800116821F010011160012289F8343089F82B
:1088B800352021E7D9F84430002B7FF420AF20E79A
:1088C800D9F84830002BC7D1CAE700BF10000240D2
:1088D80028000240B8040240B5814E1B58000240EF
:1088E800400002404E4A4F4DAB4218BF934205F13B
:1088F80014050CBF01220022AB4208BF42F001025E
:108908001435AB4208BF42F001021435AB4208BF30
:1089180042F001021435AB4208BF42F0010214359F
:10892800AB4208BF42F0010212B93F4A9342A6D1B6
:10893800D9F85C5004261A6805F01F05AE400E42AF
:1089480019D0570717D5100466604BD5D1034FD4FB
:10895800D9F84830002B7FF402AF90E71A6810224C
:1089680002FA0CFC17EA0C0F3FF45CAE1A685207C7
:108978007FF558AE34E60226AE400E4211D0970776
:108988000FD56660140439D5D00343D4D9F84430E0
:10899800002B7FF4E4AE72E713689F077FF5B1AE52
:1089A8009BE60826AE400E423FF469AF11077FF5FB
:1089B80066AF1A68002122F00E021A600123D9F866
:1089C8004C2003FA05F56560C9F8543089F834106D
:1089D80089F83530002A3FF452AF484603B0BDE865
:1089E800F0431047920603D41A6822F004021A6072
:1089F800D9F84030002B7FF4B2AE40E712F02002E5
:108A080008D11968012421F00A01196089F8354054
:108A180089F83420D9F83C30002B7FF4A0AE2EE73B
:108A2800085402581C54025894540258406D704718
:108A38002DE9F04F0C6883B0002C00F0A6804FF0B1
:108A4800000C8E4F634601229A4012EA040E00F091
:108A580095804D6805F0030909F1FF36012E40F2B3
:108A68009780B9F1030F40F0D18009FA0CF26FEA50
:108A78000208066815F4403F06EA080842EA0802B8
:108A880002607BD0D7F8F42023F0030803F0030931
:108A980042F0020208F1B0484FEA8909C7F8F42009
:108AA80008F58068D7F8F42002F002020192019AD2
:108AB8000F22D8F8086002FA09F226EA0202704E7C
:108AC800B04229D006F58066B04200F0AC806D4E09
:108AD800B04200F0AE806C4EB04200F09E806B4E0B
:108AE800B04200F0B2806A4EB04200F0B480694EE5
:108AF800B04200F0A480684EB04200F0B280674EE9
:108B0800B04200F0B480664EB0420CBF09260A2677
:108B180006FA09F942EA0902C8F808204FF0B042FB
:108B2800EE026FEA0E0812684FF0B04654BF08EA2A
:108B380002024EEA02023260AA0276684FF0B042A0
:108B480054BF08EA06064EEA06065660D2F8846064
:108B5800AA034FF0B04254BF08EA06064EEA0606DA
:108B6800ED034FF0B045C2F88460D2F8802054BFBE
:108B780008EA02024EEA0202C5F8802001330CF12D
:108B8800020C34FA03F27FF45EAF03B0BDE8F08F55
:108B98004FF00308866808FA0CF826EA080ACE6837
:108BA8006FEA080806FA0CF646EA0A068660C5F374
:108BB8000016D0F804A09E402AEA0202324342601E
:108BC800C268B9F1020F8E6802EA080206FA0CF6CA
:108BD80046EA020609FA0CF2C6607FF44AAF03F0CF
:108BE80007064FEAD3094FEA860B0F2600EB8909DF
:108BF80006FA0BF6D9F820A02AEA060A0E6906FA40
:108C08000BF646EA0A06C9F8206032E74FF0030877
:108C180008FA0CF86FEA0808D2E7032606FA09F9F9
:108C280042EA090278E7012606FA09F942EA090246
:108C380072E7022606FA09F942EA09026CE70626F3
:108C480006FA09F942EA090266E7042606FA09F96A
:108C580042EA090260E7052606FA09F942EA09022A
:108C68005AE7072606FA09F942EA090254E70826EC
:108C780006FA09F942EA09024EE700BF0044025821
:108C88000000025800080258000C02580010025850
:108C98000014025800180258001C025800200258FC
:108CA80000240258002900F0A88000232DE9F04F85
:108CB800DFF8689183B0DFF86881DFF868A1DFF832
:108CC80068B14FF0010E0EFA03F212EA010C6FD0F0
:108CD80023F0030503F003040F2640454D444FEAF3
:108CE8008404AF6806FA04F607EA0607019721D05C
:108CF800504566D0584567D0434FB8426ED0434F71
:108D0800B84270D0424FB84263D0424FB84256D0B2
:108D1800414FB84272D0DFF814E1704568D0DFF8EF
:108D280010E1704514BF4FF00A0E4FF0090E0EFA0D
:108D380004F400E00024019FA74219D14FF0B04489
:108D4800D4F8807027EA0C07C4F88070D4F88470CF
:108D580027EA0C07C4F88470676827EA0C0767607D
:108D6800276827EA0C072760AC6824EA0606AE6085
:108D780003255C0003F007070F2605FA04F40568CD
:108D8800BF00254306FA07F70560DD0800EB8505F7
:108D98002E6A26EA07062E62C56825EA0405C5601C
:108DA800456825EA02024260826822EA0404846077
:108DB800013331FA03F284D103B0BDE8F08F4FF0EC
:108DC800060E0EFA04F4B6E74FF0020E0EFA04F49B
:108DD800B1E74FF0050E0EFA04F4ACE74FF0030EBE
:108DE8000EFA04F4A7E74FF0040E0EFA04F4A2E713
:108DF8004FF0080E0EFA04F49DE770474FF0070E87
:108E08000EFA04F497E700BF000C0258001002584D
:108E18000014025800180258001C02580004005898
:108E280000000258000402580008025800200258A6
:108E3800002402580369194214BF0120002070471A
:108E480002B90904816170472DE9F04F056885B0C2
:108E58000446284606F07EFA012802D005B0BDE88F
:108E6800F08F206806F040FA0028F7D0206806F056
:108E78003BFA10F4001F206802D04FF4001343613E
:108E880006F032FA10F4801F206802D04FF48013E5
:108E9800436106F029FA10F0806F206802D04FF085
:108EA8008063436106F020FA10F0020F206801D0B9
:108EB8000223436106F018FA10F0005F206875D1AC
:108EC80006F012FAC20100F11081206806F00CFACF
:108ED800030700F10381206806F006FAC706266832
:108EE80000F1E980304606F0FFF98001B6D5206828
:108EF80006F098FAA2688146002A00F0D78000267A
:108F080005F5A0654FF02C0A2BE006F0F1F94107B2
:108F180063D508F5A063042203EB47139A60072280
:108F28000AFB0743394683F86120206806F07EFA79
:108F38003946206806F0DCF910F4007F39462068CD
:108F48007BD008F5A06806F071FA4FF4007308EBBF
:108F58004718C8F80830A26801362035964280F0D4
:108F6800A58006F00F0329FA03F3D907F4D52B6877
:108F7800F7B2D4F800801B0439464046C5D406F041
:108F8800B7F910F0040B40D008F5A06804230722B5
:108F9800394608EB4718C8F808300AFB074383F836
:108FA8006120206806F042FAA268D5E74FF0005326
:108FB8004361D5F84034D90782D41021284605F0FA
:108FC800B7FE284605F0DEFEA369022B00F0E0811B
:108FD8002046FDF74FF8206872E73946206806F00A
:108FE80087F9C20540F1BB8008F5A0634FF4807291
:108FF800394603EB47139A6008220AFB074383F8B4
:109008006120206806F012FA92E73946206806F0D7
:109018006FF9810640F1B98008F5A06820220AFBA3
:1090280007F308EB4718C8F80820E21892F83D1033
:10903800012900F05181A2688EE706F059F9C207AC
:1090480040F1B78008F5A0682023E168780108EBB3
:10905800471BCBF8083051B1DBF810200AFB074C4E
:10906800C2F31202DCF848309B1ACCF850300AFBE5
:1090780007430022DA65012283F86120CBF8082033
:1090880093F83F2012F0FD0200F0C680012A00F09C
:10909800158101290AFB074700F0B38097F854307F
:1090A80083F0010387F85430A26855E723684FF02E
:1090B80000725A61D2E6B36923F01003B361376ACC
:1090C800C7F34341C7F30A12022902D1002A40F02C
:1090D800AC80B36943F01003B36103E72046FCF7A3
:1090E800C1FF206808234361F6E62668D6F84034B5
:1090F8000293D6F840340393039B23F02E03039383
:10910800029B9B0707D5029BDF0700F1A580039B05
:1091180043F002030393029B180715D5039B43F002
:1091280008030393029B590740F19A80A169022919
:1091380000F0EB802369012B03D14EF66022C6F8BC
:1091480004242046FCF79CFF029B9A0603D5039B48
:1091580043F020030393039BC6F84034B5E6394631
:10916800206806F0C5F8030733D508F5A063082280
:10917800394603EB47139A6006220AFB074383F834
:109188006120206806F052F9D2E63946206806F0D8
:10919800AFF810F4007B67D008F5A0634FF40072B5
:1091A8003946206803EB47139A6006F03FF9A26836
:1091B800D2E63946206806F09BF8800640F1B08078
:1091C80008F5A068202308EB4718C8F80830A268FB
:1091D800C2E63946206806F08BF8400540F18880E1
:1091E80008F5A0634FF48062394603EB47139A6091
:1091F80009220AFB074383F86120206806F016F964
:1092080096E63B6DB7F84020013B1344B3FBF2F3FD
:10921800DB073FF543AF0EE73946206806F006F94D
:109228001023E168CBF8083033E707F00F074FF059
:109238002C0808FB0748D8F8441000293FF449AF28
:10924800D8F85030D8F84C001344834240F2DB8001
:10925800042388F860303CE72046FCF707FF56E710
:109268002046FCF711FF6FE73946206806F040F802
:1092780010F0010300F091800AFB0742394620688C
:10928800C2F85CB0019206F033F808F5A06310F05C
:10929800400F019A03EB471304D0012182F83D10D7
:1092A80040229A60012239469A600AFB074383F8F4
:1092B8006120206806F0BAF8A2684DE658F8001058
:1092C80041F0005148F800103946204683F86020E4
:1092D800FCF7D4FEE168DCE682F83DB0603340F28A
:1092E80002323946E252206806F0A0F8A26833E656
:1092F8003946206805F0FCFF01067FF519AE08F530
:10930800A063802203EB471308E6029B206803F45E
:10931800C023B3F5802F18BF012106F061F810E7CC
:109328003946206805F0E4FF10F0020B00F08A804F
:1093380008F5A06802200AFB07F2790108EB471339
:109348009860A01890F86130012B00F09580062BEA
:1093580000F0E980072B00F0D580092B00F0D280BF
:10936800052B00F01C81032B00F01E81042B00F05C
:109378002D81082B00F01F81022B3FF45CAE0AFB05
:1093880007433946204693F86020FCF777FE52E6FB
:109398000121206806F024F81AE63946206801936E
:1093A80005F0A6FF420616D50AFB0742019B08F501
:1093B800A0683946D365052308EB471882F8613061
:1093C800012382F83D30206806F030F84023C8F8C1
:1093D8000830A268C0E53946206805F089FF10F01A
:1093E800080B4ED008F5A0630822394603EB471353
:1093F8009A6006220AFB074383F86120206806F07A
:1094080015F8A268A8E5304606F5A066019205F0B1
:10941800D3FE06EB4711D8F84430019A0969D8F809
:1094280050001344C1F3C9411044C8F844307B01CB
:10943800C8F8500021B1B8F84010914200F0A2805D
:10944800266846E63946206805F052FF10F04002CB
:109458003CD008F5A06340200AFB0742394603EBDD
:10946800471398600523C2F85CB082F86130206821
:1094780005F0DCFFA2686FE5603240F20123A352D9
:109488007DE73946206805F033FFC3065DD50AFB42
:1094980007430422C3F85CB083F8612093F83D3099
:1094A8003BB90AFB074393F83C2012B9012283F821
:1094B8003D203946206805F0B9FF08F5A06810235B
:1094C80008EB4718C8F80830A26845E5394620680F
:1094D800019205F00DFF10F0100F019A3FF4ABADAB
:1094E8000AFB074393F83F10032900F0868011F028
:1094F800FD01E2D1E268D965002ADED1042283F8B1
:109508006120D6E70AFB07424FF0020382F8613078
:10951800D36D0133022BD3650AD90023D365042305
:1095280082F860302BE7603240F20523A35226E729
:109538004FF0020382F8603058F8013023F080437E
:1095480043F0004348F8013019E73946206805F030
:10955800CFFE000653D5E368002B73D00AFB074300
:10956800DA6D0132022ADA6562D84FF0020283F816
:10957800602008F5A068802308EB4718C8F8083071
:10958800A268E9E49A5922F0804242F000429A51D6
:1095980098F8543083F0010388F8543050E74FF0BE
:1095A800020380F86130EAE60AFB07434FF0020243
:1095B80083F86120E3E60AFB07F34FF40170E11832
:1095C8006033CA6D0132CA65E052D8E60AFB07F378
:1095D80040F2022003F160022344A05293F83F3086
:1095E80013F0FD0F7FF4CBAE58F8013023F0804321
:1095F80043F0004348F80130C1E6DA657EE73946B2
:10960800206805F075FE410526D50AFB07430922A7
:1096180008F5A068394683F86120206808EB4718E8
:1096280005F004FF4FF48063C8F80830A26893E49B
:10963800002239462046DA65042283F86020FCF7C8
:109648001DFD96E70AFB07430722394683F8612088
:10965800206805F0EBFE8CE73946206805F048FEE7
:1096680082077FF5E8AC08F5A06802210AFB07F33A
:10967800780108EB47129160E21892F8611001290D
:1096880027D0032920D0042946D0052944D006290B
:1096980015D0072902D009297FF4CDAC0AFB07436E
:1096A8004FF0020283F86120DA6D0132022ADA658E
:1096B80037D90022DA65042283F860205FE6603338
:1096C80040F20522E2525AE64FF0020382F8613076
:1096D80055E6603340F20121E15292F83F30023BF7
:1096E800012B3FF64CAEE3687BB1012B7FF447AE0C
:1096F800D36C002B3FF443AEB2F84010013B0B444F
:10970800B3FBF1F3DB077FF53AAE92F8553083F0FF
:10971800010382F8553032E6603340F20222E25209
:109728002DE64FF0020283F8602058F8003023F04D
:10973800804343F0004348F8003020E690F8F832C0
:10974800012B0CD0012310B50446006884F8F832C8
:1097580005F0DEFE0023184684F8F83210BD02201A
:10976800704700BF2DE9F04703684FF02008054611
:109778000E461746986910F0020940F09E809C69D1
:1097880014F0100468D010223C46CA46DA61711CF5
:109798009A6963D1900600F19380BAF1000F04D161
:1097A8009C69A106FCD5C3F81C8049F0040401217A
:1097B8009A69D00530D54FF48071560544F00104FC
:1097C800D96104D54FF4806144F00804D96191054A
:1097D80004D54FF4007244F00204DA619A699007E4
:1097E80001D500229A629A69D10703D49A6942F096
:1097F80001029A615A68002134482026024001205B
:109808005A606B6C85F840101C436C6485F84160A5
:1098180085F84210BDE8F0875005D3D49205D8D416
:109828000029DBD1721CA5D0FCF7A4FCC01B2B6857
:10983800B04201D8002E9DD19A6912F0020299D146
:109848006B6C2021012085F840200B436B6485F860
:10985800411085F84220DDE72146A9E792062FD47A
:10986800BAF1000FA1D1FCF785FC001B2B688642DA
:1098780001D3002E8BD1586895F842209969D2B24D
:1098880009040BD5410409D4202A07D05A6842F4A8
:1098980080425A60FCF76EFC2B6804469A69900671
:1098A8003FF575AFFCF766FC001B2B681928F5D946
:1098B8004FF020094FF0010A69E70020BDE8F08762
:1098C800BAF1000F3FF46FAF6FE700BF00E800FE8A
:1098D80003682DE9F04790469A69940665D40646D0
:1098E8000F464FF010099C6914F0100460D0002551
:1098F8004446C3F81C90AA46791C9A695AD1900626
:109908007DD4BAF1000F04D19C69A106FCD52022B0
:10991800DA6145F0040401219A69D00530D54FF485
:109928008071550544F00104D96104D54FF4806174
:1099380044F00804D961970504D54FF4007244F047
:109948000204DA619A69900701D500229A629A693D
:10995800D10703D49A6942F001029A615A6800213A
:1099680034482025024001205A60736C86F8401064
:109978001C43746486F8415086F84210BDE8F087AD
:109988005005D3D49505D8D40029DBD1FCF7F2FBD8
:10999800A0EB08003368B84200D81FB99A6912F0E2
:1099A800200230D09A6992069DD50020BDE8F08744
:1099B8002146B1E7920622D4BAF1000FA9D1FCF7EB
:1099C800D9FB001B3368874201D3002F94D1586814
:1099D80096F842209969D2B2090403D5410401D40A
:1099E800202A1DD19A69900686D4FCF7C3FB001B78
:1099F80033681928F6D920254FF0010A7CE7BAF117
:109A0800000F84D085E7736C2021012086F8402060
:109A18000B43736486F8411086F84220BDE8F0874E
:109A28005A6842F480425A60FCF7A4FB3368044643
:109A3800D8E700BF00E800FE00284ED010B590F827
:109A48004130044603F0FF02002B41D02368242153
:109A5800626884F84110196822F07062E06821F0A9
:109A68000101012819601A619A6822F400429A607B
:109A7800A26829D042F4044202289A6002D14FF425
:109A880000625A6058684FF0200C1549226901435A
:109A98005960D96821F40041D960D4E9050102432D
:109AA80042EA0122D4E90710DA6000220143104695
:109AB8001960196841F001011960626484F841C0B5
:109AC800226384F8422010BD42F400429A60D9E72C
:109AD80080F84020FAF748FCB8E70120704700BF3B
:109AE800008000022DE9F047984690F84130BDF813
:109AF80024A0202B0A9F32D1089B04464BB3BAF10D
:109B0800000F26D090F84030012B28D001230E46B4
:109B1800914680F84030FCF72DFB236805469A698A
:109B280011041FD5FCF726FB401B23681928F6D91A
:109B38009A691204F3D5636C2021002201200B439B
:109B480084F84020636484F8411084F84220BDE81A
:109B5800F0874FF4007301206364BDE8F0870220AA
:109B6800BDE8F087089A2121C6F30906204684F843
:109B7800411040216262002284F8421062636264EC
:109B88006D49A4F82AA05A680A405FFA88F142EAA7
:109B980001426A49324311432A4659603946FFF760
:109BA800E1FD002875D1B8F1010F0AD04FEA19225A
:109BB8002368394620469A622A46FFF7D3FD0028D3
:109BC80067D15FFA89F322689362781C4AD1936956
:109BD8001906FCD5638D9BB2FF2B40F28A8053682F
:109BE80057490B40574933431943FF232385516095
:109BF800DFF84C814FF0FF0ADFF8489104E0638DED
:109C08009BB2002B00F083802A4639462046FFF796
:109C1800A9FD00286BD1626A216812F8010B238D17
:109C280088626262013B628D9BB2013A238592B2DF
:109C38006285628D92B2002AE1D0002BDFD1781CB8
:109C48002CD18B691A06FCD5638D9BB2FF2B40D9AA
:109C58004B68A4F828A003EA0803334343EA09033E
:109C68004B60CCE793691B06B4D4FCF783FA401B1E
:109C78002268874201D3002FA7D1936913F080038C
:109C8800A3D1626C20210A43626484F8411084F8ED
:109C980042300023012084F840305EE78B691B06C0
:109CA800D2D4FCF767FA401B2168874201D3002F02
:109CB800C5D18B6913F08003C1D1626C20210120CA
:109CC80084F840300A43626484F8411084F84230D2
:109CD80043E7638D9BB2DAB223854B6803EA080336
:109CE800334343EA024343F000734B6087E70120A4
:109CF80033E7638D12489BB2D9B22385536803407A
:109D0800334343EA014343F00073536070E72A4644
:109D180039462046FFF7DCFD0028E8D123682021DA
:109D2800094DD9615A682A405A6084F8411084F86C
:109D3800400084F8420010E7009800FC0020000171
:109D4800009C00FC0000FF0100E800FE2DE9F04740
:109D58001F4690F84130BDF82490202B0A9C37D13B
:109D6800089B82466BB3B9F1000F2AD090F84030B7
:109D7800012B2DD001230E46904680F84030FCF789
:109D8800F9F9DAF8003005469A69120423D5FCF788
:109D9800F1F9401BDAF800301928F5D99A6910044E
:109DA800F2D5DAF844302021002201200B438AF84A
:109DB8004020CAF844308AF841108AF84220BDE8A9
:109DC800F0874FF400730120CAF84430BDE8F087EB
:109DD8000220BDE8F087089A2221C6F309065046FA
:109DE8008AF841104021CAF8242000228AF842103B
:109DF800CAF83420CAF844208149AAF82A905A6837
:109E08000A40F9B242EA01422146324342F4005282
:109E18005A602A46FFF7A6FC002840F09080012FE0
:109E28000CD04FEA1822DAF80030214650469A62E0
:109E38002A46FFF797FC002840F081805FFA88F3F4
:109E4800DAF800209362611C5FD193695B06FCD548
:109E5800BAF82A309BB2FF2B40F2AB8053686849AE
:109E68000B40684933431943FF23AAF8283051604F
:109E7800654F4FF0FF09DFF89C81601C27D193697B
:109E88005907FCD5526ADAF824301A70BAF82A2031
:109E9800DAF82430013A013392B2CAF82430BAF819
:109EA8002830AAF82A20013BBAF82A209BB292B29D
:109EB800AAF828300AB1002B46D0BAF82A309BB24B
:109EC800002B00F08680601CDAF80020D7D0936958
:109ED8005B07D7D4FCF74EF9401BDAF80020844220
:109EE80001D3002CC9D1936913F00403C5D1DAF862
:109EF8004420202101208AF840300A43CAF844202F
:109F08008AF841108AF8423060E793695F069FD467
:109F1800FCF730F9401BDAF80020844201D3002C0A
:109F280091D1936913F040038DD1DAF844202021B0
:109F38000A43CAF844208AF841108AF842300023BC
:109F480001208AF8403041E7DAF80020601C10D17F
:109F580093691906FCD5BAF82A309BB2FF2B19D998
:109F68005368AAF828903B40334343EA08035360F8
:109F7800A3E793691B06EED4FCF7FCF8401BDAF85C
:109F88000020844201D3002CE0D1936913F08003B0
:109F9800DCD1ACE7BAF82A309BB2D9B2AAF828309B
:109FA80053683B40334343EA014343F00073536033
:109FB80083E7BAF82A3012489BB2D9B2AAF82830F7
:109FC80053680340334343EA01431049194351603E
:109FD8004EE72A4621465046FFF77AFC70B9DAF870
:109FE800003020210A4CD9615A6822405A608AF808
:109FF80041108AF840008AF84200E7E60120E5E6C9
:10A00800009800FC0024FF01009C00FC00240002D2
:10A0180000E800FE0000FF010268436B91691268C6
:10A0280003B11847704700BF90F84100704700BF60
:10A0380090F84120202A23D15FFA82FC90F8402032
:10A048000346012A1CD00268242000B583F8410089
:10A058004FF0000E106820F001001060106820F426
:10A06800805010601068014370461160116841F01B
:10A078000101116083F841C083F840E05DF804FBFA
:10A088000220704790F84120202A22D1034600B5CB
:10A098005FFA82FE90F84020012A1CD00268242032
:10A0A8004FF0000C83F84100106820F001001060A8
:10A0B800106820F4706040EA012160461160116860
:10A0C80041F00101116083F841E083F840C05DF878
:10A0D80004FB0220704702205DF804FB2DE9F04FD5
:10A0E800056889B00446284605F034F910B109B06E
:10A0F800BDE8F08F8346206805F0F6F80028F6D012
:10A10800D5F8083805F500622068C3F30D230292DC
:10A11800C4F8FC3405F0E8F810F0020F206803D00A
:10A12800436903F00203436105F0DEF810F0100FF5
:10A13800206812D0836923F0100383612E6AC6F366
:10A14800434306F00F07022B00F0E383062B00F0D1
:10A158002283836943F01003836105F0C5F8070380
:10A1680000F18082206805F0BFF8460300F12882DC
:10A17800206805F0B9F80028C0F29A81206805F037
:10A18800B3F8030500F15781206805F0ADF8060122
:10A1980014D52268536903F00063536194F8F434CA
:10A1A800002B40F0AB820121204684F8F414536D53
:10A1B800C3F38303C4F8F83400F04CFE206805F0BC
:10A1C80093F8C00400F19E81206805F08DF810F422
:10A1D800005F206840F07F8105F086F8010700F1F4
:10A1E800E681206805F080F8020671D5AA696368DF
:10A1F80022F08002012BAA616AD994F8A322012ACD
:10A2080000F0E883022B63D994F8C722012A00F0F2
:10A21800FC83032B5CD994F8EB22012A00F0B4826A
:10A22800042B55D994F80F23012A00F0C782052B77
:10A238004ED994F83323012A00F02484062B47D9F9
:10A2480094F85723012A00F03184072B40D994F859
:10A258007B23012A00F04884082B39D994F89F23DE
:10A26800012A00F05584092B32D994F8C323012A16
:10A2780000F062840A2B2BD994F8E723012A00F016
:10A288006F840B2B24D994F80B24012A00F07C84CA
:10A298000C2B1DD994F82F24012A00F07D840D2B56
:10A2A80016D994F85324012A00F09D840E2B0FD957
:10A2B80094F87724012A00F0A4840F2B08D994F885
:10A2C8009B34012B04D104F59361206804F01AFF34
:10A2D800206805F009F8C30240F1AB806368012BE0
:10A2E80040F2898094F86420D5F82019012A00F0FA
:10A2F8001482022B7FD994F88820D5F84019012AB6
:10A3080000F01E82032B76D994F8AC20D5F860199A
:10A31800012A00F02182042B6DD994F8D020D5F8B9
:10A328008019012A00F02482052B64D994F8F420BE
:10A33800D5F8A019012A00F04183062B5BD994F8BF
:10A348001821D5F8C019012A00F05383072B52D9D8
:10A3580094F83C21D5F8E019012A00F05E83082B17
:10A3680049D994F86021D5F8001A012A00F06183D0
:10A37800092B40D994F88421D5F8201A012A00F035
:10A388006C830A2B37D994F8A821D5F8401A012AEA
:10A3980000F080830B2B2ED994F8CC21D5F8601AC5
:10A3A800012A00F095830C2B25D994F8F021D5F8D3
:10A3B800801A012A00F0A0830D2B1CD994F81422CE
:10A3C800D5F8A01A012A00F0AB830E2B13D994F804
:10A3D8003822D5F8C01A012A00F0B6830F2B0AD903
:10A3E80094F85C22D5F8E01A012A00F0C183102BFA
:10A3F80001D9D5F8003B2068436903F48013436111
:10A4080004F072FF870221D4206804F06DFF400039
:10A4180000F1C480206804F067FF41077FF567AE4C
:10A4280023685D686A0700F195825A682A435A6072
:10A438005DE62068E4E7029B9B68DF0700F18682FF
:10A448002068436903F4006343619EE6D4F804C0BE
:10A45800BCF1010F26D905F532622346012104E03B
:10A4680001312032243361451CD093F8A4021668C8
:10A478000128F5D1002EF3DAD4F8FC7406F48036FE
:10A4880007F00107BE42EBD183F8A302A86940F0A8
:10A498008000A86168690606E2D4029A536843F40A
:10A4A800007353602068436903F400134361ACE709
:10A4B800029A536823F00103536094F8F434012B93
:10A4C80000F037812046FBF74DFD2068436903F013
:10A4D8000043436153E604F041FF206804F07AFC2E
:10A4E8002668206101F0DEFE227C0146304604F039
:10A4F800A5FB2046FBF70CFD2068436903F40053D5
:10A50800436169E6029A10212068536823F0010329
:10A51800536004F00DFC6068E0B105F510634FF678
:10A528007F3199600BF1010B1A682033834522F4BF
:10A53800001243F8202CC3F8E811D3F8E02122F4E4
:10A548000012C3F8E021D3F8E02142F00062C3F81A
:10A55800E021E6D10299226BCB6943F00113CB616C
:10A56800002A40F0CF804A6942F22B0313434B6123
:10A578000B6943F00B030B61D5F8003804F2C442B1
:10A58800217B23F4FE632068C5F8003804F0FCFE44
:10A598002068436903F48053436116E62046FBF7BD
:10A5A800EDFC2068436903F08043436133E72046AC
:10A5B800FBF7AAFC2068436903F00803436111E62E
:10A5C800206804F0A5FE804600283FF4D1AD4FF086
:10A5D800000A2068274605F5106956460395CDF808
:10A5E80010B009E05FEA580806F1010607F12407F0
:10A5F80009F1200900F0EC8018F0010FF2D05FFAA1
:10A6080086FA514604F096FEC107054613D502990D
:10A6180006F00F0301229A404B6B23EA02034B63B7
:10A628000123E168C9F80830994200F09881514641
:10A638002046FBF75FFC2A0702D50823C9F8083033
:10A64800EB0602D51023C9F80830680602D5402366
:10A65800C9F80830A90700F14F812A0600F1F980EE
:10A668002068BFE7206804F04BFE064600283FF448
:10A6780079AD05F53067A2464FF00009CDF80CB06A
:10A6880008E0760809F1010907F120070AF1240A10
:10A6980000F09B80F007F4D55FFA89FB20685946E3
:10A6A80004F03EFE10F0010F804640F0B38018F031
:10A6B800080F40F0908018F0100F01D01022BA60F7
:10A6C80018F0020F0ED06A69100604D5029B5A686A
:10A6D80042F480625A609AF87F22012A00F0818150
:10A6E8000223BB6018F0200F01D02023BB6018F4B0
:10A6F800005FC6D04FF40053BB60C2E72046FBF7AB
:10A7080019FC5BE5D1F8843043F00B03C1F88430C1
:10A718004B6C43F00B034B642EE70029BFF6E9AD01
:10A72800214684F8632051F8600B04F0EBFC636861
:10A73800DFE50021204684F8F41400F08BFBC4E622
:10A748000029BFF6DFAD214684F8872051F8840B35
:10A7580004F0D8FC6368D5E50029BFF6DCAD2146D6
:10A7680084F8AB2051F8A80B04F0CCFC6368D2E560
:10A778000029BFF6D9AD214684F8CF2051F8CC0B7B
:10A7880004F0C0FC6368CFE504F53A71206804F072
:10A79800B9FC636844E507EBC707082204F2C44123
:10A7A800284604F009FDC6F30A1304EB8702206863
:10A7B800D2F890120B44C2F89032CAE404F54371FF
:10A7C800206804F09FFC636831E5DDF80CB0C9E44B
:10A7D800DDE9035BCDE421680822BB4BBA6001F5D3
:10A7E8003062096C02EB49129942906840F2C880C5
:10A7F800030402D54FF4004191602046FBF76AFB41
:10A80800E16801297FF457AF04F2C442206804F0DC
:10A81800BBFD50E720680122E168BA6000F53062AC
:10A828000129D0F840C002EB4912936800F0AC80CF
:10A83800A6498C4500F00981B9F1000F04D1D4F87C
:10A848008C22002A00F0D78159462046FBF748FBA6
:10A858002DE7D7E91353D4F800B0AB4258463FF67A
:10A86800C1AE0BF51062796CCDF81CB002EB461244
:10A878000592EA1A8A4228BF0A460599896903326D
:10A8880089B2B1EB920FC0F0958052460696CA463F
:10A898002646C146059C904619E0ED1A7B6CB96CBA
:10A8A80042469D42584628BF1D46337B0093ABB2B3
:10A8B80004F06CFCBB6CA1692B4489B2BB643B6D92
:10A8C8002B440335B1EB950F3B656BD3FD6C9D4273
:10A8D800E3D83446C846069ED146D4F800B0079B54
:10A8E8000122584603F5006106F00F039A404B6BAE
:10A8F80023EA02034B6375E63146039804F018FA1D
:10A9080097F83F30012B00F0B4800223C9F80830D3
:10A91800A3E647F6F0731E423FF41BAC07EBC707EC
:10A92800C6F30A12284604EB87071646D7F888129A
:10A9380004F042FCD7F8883220683344C7F88832DC
:10A94800D7F890323344C7F8903202E42046FBF738
:10A95800F1FA75E52046FBF715FB236865E5D7E9AD
:10A9680011231344BB64002E7FF461AEE36C002B0B
:10A978007FF45DAE04F2C442206804F005FD56E69B
:10A988002046FBF7A7FA96E6190740F197804E494B
:10A998008C457FF68CAE18047FF589AE4FF40041E4
:10A9A800916084E63446C846069ED146D4F800B085
:10A9B800FD6C58469D423FF615AE90E70029BFF65C
:10A9C800BCAC214684F8F32051F8F00B04F09AFB54
:10A9D8006368B2E404F52871206804F093FB6368A7
:10A9E80010E40023594620468AF87F32FBF7BEFA66
:10A9F80076E60029BFF6AAAC04F58A71206884F8C7
:10AA0800172104F07FFB6368A0E404F53171206826
:10AA180004F078FB6368FFF7FCBB0029BFF69FAC26
:10AA280004F59C71206884F83B2104F06BFB636893
:10AA380095E40029BFF69CAC04F5AE71206884F853
:10AA48005F2104F05FFB636892E41804A6D49906BA
:10AA58007FF5FAAE20219160F6E60029BFF691ACA9
:10AA680004F5C071206884F8832104F04BFB636807
:10AA780087E44FF000035146204687F83F30FBF744
:10AA880079FA42E704F54C71206804F03BFB6368EF
:10AA9800FFF7D4BB0029BFF67DAC04F5D27120685E
:10AAA80084F8A72104F02EFB636873E404F555715C
:10AAB800206804F027FB6368FFF7C7BB990673D5C6
:10AAC80020219160F3E500BF0A30544F0A31544FFA
:10AAD8000029BFF668AC04F5E471206884F8CB213E
:10AAE80004F010FB63685EE404F55E71206804F00E
:10AAF80009FB6368FFF7B0BB0029BFF65DAC04F53E
:10AB0800F671206884F8EF2104F0FCFA636853E4D6
:10AB180004F56771206804F0F5FA6368FFF7A3BBD2
:10AB28000029BFF652AC04F50471206884F813229A
:10AB380004F0E8FA636848E404F57071206804F0EA
:10AB4800E1FA6368FFF796BB0029BFF647AC04F546
:10AB58000D71206884F8372204F0D4FA63683DE464
:10AB680004F57971206804F0CDFA6368FFF789BBB2
:10AB78000029BFF63CAC04F51671206884F85B2206
:10AB880004F0C0FA636832E404F58161206804F0D7
:10AB9800B9FA6368FFF77CBB04F22C41206804F023
:10ABA800B1FA6368FFF77BBB13F0280F7FF47FAD22
:10ABB8001B498C4502D91B043FF5F0AE1169DAF840
:10ABC8009C22C1F31201521ACAF89022B9F1000F5F
:10ABD8007FF43AAED4F88C12D9B1D4F888120A446A
:10ABE800C4F8882230E604F58A61206804F08AFAFD
:10ABF8006368FFF75BBB04F2C442494604F0C4FB38
:10AC080022E604F27441206804F07CFA6368FFF7D6
:10AC180054BB04F2C442012104F0B6FB14E600BFA1
:10AC28000A30544F90F8BC24012A0ED0012210B5E6
:10AC38000446006884F8381084F8BC2404F042FB09
:10AC48000023184684F8BC3410BD0220704700BFAA
:10AC580010B501F00F0E0906044627D44FF0240C56
:10AC68000CFB0E0C0CF51F710EEBCE0C00EB8C0CD4
:10AC780000208CF87D028A604A7881F800E00B7128
:10AC88000AB1A1F81AE0022B01D100234B7194F804
:10AC9800BC34012B18D00123206884F8BC3404F09C
:10ACA800A5F80023184684F8BC3410BD24204FF0C2
:10ACB800010C00FB0E4000F13C010EEBCE0004EB52
:10ACC800800080F83DC0D6E7022010BD08B501F02D
:10ACD8000F0E24210EEBCE0C01FB0E0100EB8C0CA9
:10ACE80001F51F71CCF88C320023CCF888228CF83F
:10ACF8007CE2CCF890328CF87D32C3680068012B76
:10AD080008BFCCF89822DAB204F0B8F8002008BDE1
:10AD180008B501F00F0E24210EEBCE0C01FB0E013D
:10AD280000EB8C0C3C31CCF84C300023CCF848209C
:10AD3800CCF8503001238CF83CE08CF83D30C368E7
:10AD48000068012B08BFCCF85820DAB204F096F856
:10AD5800002008BD38B5436801F00F059D4234D87E
:10AD68000B0604461DD4242201EBC10302FB01019A
:10AD780000EB8303002201F51F7183F87D22012374
:10AD88000D708B7094F8BC249A421CD0206884F80B
:10AD9800BC3404F037FAD5B10023184684F8BC3423
:10ADA80038BD242105EBC503012201FB050100EB99
:10ADB80083033C3183F83D2001230D708B7094F898
:10ADC800BC249A42E2D1022038BD012038BD04F2E9
:10ADD800C442217B206804F0D7FADDE7426838B521
:10ADE80001F00F03934232D811F0800F04464FF060
:10ADF800240103EBC30219D101FB0341002004EB3A
:10AE08008202002501F51F7182F87D020B708D709A
:10AE180094F8BC34012B18D00123206884F8BC3482
:10AE280004F024FA284684F8BC5438BD01FB0341D9
:10AE3800012004EB820200253C3182F83D000B70B2
:10AE48008D7094F8BC34012BE6D1022038BD012066
:10AE580038BD00BF704700BF38B5104CE36813F029
:10AE6800040FE36805D103F00703181A18BF01207F
:10AE780038BD23F007031843E060FBF77BF905466C
:10AE880005E0FBF777F9401BB0F57A7F04D86368D3
:10AE98009B04F6D5002038BD012038BD0048025873
:10AEA800024AD36843F08073D36070470048025861
:10AEB80070B44D6A15B1B2F1406F3AD18B691BB3CA
:10AEC8000C6A002C4CD08E680068C661CE69002ED2
:10AED80069D02B4313432343CC6A334323430C6B7E
:10AEE80023434C6B23430C692343CC6823430C68EE
:10AEF80023434C69B2F1406F43EA8443436165D010
:10AF08004B6870BC836170470B6ABBB100682B4308
:10AF18008C68CE69C461002E6BD01343CC6A33436E
:10AF280023430C6B23434C6B23430C692343CC68AA
:10AF3800DEE78B6A0468013B2361BFE7CB69002B1E
:10AF480066D1002D42D0CB6A0C6B2B4300681343AB
:10AF58004A6923434C6B234343EA8243436135E008
:10AF6800CC6945EA030C002C32D003684CEA020095
:10AF7800B2F1406F40EA0400CC6A40EA04000C6B6E
:10AF880040EA04004C6B40EA0400CC6840EA040044
:10AF98000C6840EA04004C6940EA8440586115D0C6
:10AFA8004A689A6112E045EA030C0D694CEA02030B
:10AFB800CA6A23431343D1E90C4223430C68134361
:10AFC8004A692B43234343EA8243436170BC704779
:10AFD800CC6A4CEA020300682343D1E90C422343BC
:10AFE8000C6813434A69234343EA824370BC4361B4
:10AFF8007047CC6A13432343D1E90C4223431343DC
:10B00800D1E90442234343EA824370BC4361704759
:10B018002B43CD6A0C6B134300682B4323434C6BC3
:10B0280084E700BF70B50546FBF7A4F8002D46D0AD
:10B0380095F841300646002B39D0AC6C2A68A968CF
:10B048001368013923F4F85343EA0123136001E03C
:10B05800631C24D1936813F02003F9D1E869E968E7
:10B0680014680143286A0143686841EA0061194885
:10B078002040014368691160A9695468014328693F
:10B0880041EA004114482040012401431846516018
:10B098001168214311606B6485F8414070BDFBF76E
:10B0A80069F8801BA0420CD85CB12A68D2E7284610
:10B0B800F9F774FF41F288331C46AB64BEE7012000
:10B0C80070BD0423012085F841306B6C03436B6429
:10B0D80070BD00BF2FFFFF00FEF8E0FF70B10268EF
:10B0E800136823F0010310B513600446FAF720F83B
:10B0F80000236364184684F8413010BD012070476E
:10B108002DE9F04104460E461546FBF733F894F84E
:10B118004030012B3AD0012384F8403094F8413074
:10B12800012BDFB206D002270023384684F84030CE
:10B13800BDE8F081002380466364022384F841302F
:10B14800681C23680ED19A6812F02002FBD13146A0
:10B158002046FFF7ADFE736AE3B10123002784F8A8
:10B168004130E1E79A6812F020021ED0FBF702F89E
:10B17800A0EB0800854201D3002DE1D1042384F817
:10B188004130636C43F001036364CDE7022738461E
:10B19800BDE8F081226893689B07FCD50221012352
:10B1A8000027D16084F84130BEE731462046FFF7DA
:10B1B8007FFE736A43B1D0E7FAF7DCFFA0EB080023
:10B1C8008542DBD3002DD9D0226893689907F3D53F
:10B1D800E4E700BF2DE9F843044689461546FAF727
:10B1E800C9FF94F840302768012B67D0012384F801
:10B1F800403094F84130012B5FFA83F807D04FF0C4
:10B2080002080023404684F84030BDE8F883002354
:10B218006364B9F1000F56D01223064684F8413012
:10B228003B690133E3623B69C4F824900133A362AC
:10B238007B6923F040637B61E36A002B31D06A1C91
:10B24800394611D18B685B07FCD5636A1B7887F890
:10B258002030E26A636A013A0133E262E26A6362B9
:10B26800F2B16A1C2168EDD08B685807EDD4FAF763
:10B2780081FF801B854201D3002DF2D1042384F87D
:10B288004130636C43F00103636413E0BB689B07C0
:10B298000CD4FAF76FFF801B8542EFD3002DEDD059
:10B2A8002768691CF2D1BB689A07FCD502234FF0C6
:10B2B8000008FB60012384F84130A2E74FF0020840
:10B2C8004046BDE8F883636C43F00803636498E77D
:10B2D8002DE9F843044615468946FAF74BFF2768D7
:10B2E800BA6994F84030012B6CD0012384F84030BF
:10B2F80094F84130012B5FFA83F807D04FF0020829
:10B308000023404684F84030BDE8F8830023636496
:10B31800B9F1000F5BD02223064684F841303B691F
:10B328000133A3633B69C4F83090013363637B69DD
:10B3380023F0406343F080637B61BA61A36B002B09
:10B3480033D0681C394612D18B6813F0060FFBD036
:10B3580097F82020236B1A70A26B236B013A0133F4
:10B36800A263A26B2363FAB1681C2168ECD08B68D6
:10B3780013F0060FECD1FAF7FDFE801B854201D3CE
:10B38800002DF1D1042384F84130636C43F00103AC
:10B39800636413E0BB689B070CD4FAF7EBFE801BD1
:10B3A8008542EFD3002DEDD02768691CF2D1BB6828
:10B3B8009A07FCD502234FF00008FB60012384F8AC
:10B3C80041309DE74FF002084046BDE8F883636CC2
:10B3D80043F00803636493E72DE9F84F04461F46DA
:10B3E80089469046FAF7C6FE94F84030012B52D0B1
:10B3F800012384F8403094F84130012B5FFA83FB35
:10B4080007D04FF0020B0023584684F84030BDE8BF
:10B41800F88F002382466364422384F841307A1C03
:10B4280026682CD1B568AB06FCD4D8F8003049465C
:10B438002046B362D8F804307362D8F80830F36253
:10B448003268D8F8103022F440021343D8F80C20A0
:10B4580043F480033360C9F828204FF00062FFF7F7
:10B4680027FD781C22681BD193681907FCD5082191
:10B4780001234FF0000BD16084F84130C3E7B36873
:10B488009D06D2D5FAF776FEA0EB0A00874212D3C2
:10B49800002FC4D10FE04FF0020B5846BDE8F88FDB
:10B4A80093681B07E3D4FAF765FEA0EB0A0087420E
:10B4B80001D3002FD5D1042384F84130636C43F0C5
:10B4C800010363649FE700BF2DE9F04704460F4678
:10B4D8001646FAF74FFE94F84030012B45D0012369
:10B4E80084F8403094F84130012B5FFA83F907D093
:10B4F8004FF002090023484684F84030BDE8F08741
:10B5080000238046D4F848A06364822384F841303D
:10B51800BAF1FF3F256814D1AB689A06FCD42B68B2
:10B52800726823F00803082A43EA02032B6021D03B
:10B538004FF04062394620464FF00009FFF7B8FC4B
:10B54800D8E7AB689B06EAD5FAF714FEA0EB08002B
:10B55800824502D3BAF1000FDAD1042384F84130CE
:10B56800636C43F001036364C4E74FF00209484683
:10B57800BDE8F087326810232A63EB602B6843F438
:10B5880080132B60D4E700BF704700BF08B5006C7C
:10B5980000238363C36290F84130082B0BD1036802
:10B5A8000222DA601A6842F400321A601A6842F01D
:10B5B80002021A6008BD012380F84130FFF7E4FF5A
:10B5C80008BD00BF704700BF704700BF704700BF8D
:10B5D800704700BF704700BF704700BF704700BF8B
:10B5E80038B5036804469A68196855070ED54803A4
:10B5F8000CD594F84120122A75D094F84120222ABB
:10B6080000F0A1802046FFF7E5FF38BD950726D555
:10B61800880324D50222DA601A6822F4E0221A602C
:10B6280094F84120122A7AD094F84120222A00F076
:10B63800A98094F84120022A00F0D08094F8412093
:10B64800082AE2D15A690121204622F040625A6153
:10B6580084F84110636C3BBBFFF7B4FF38BD150796
:10B6680025D4D50735D5C80333D50125DD601A683B
:10B6780022F470221A60626C42F0020262641A6854
:10B68800520779D51A68E06B22F004021A60574B0A
:10B69800836507F01FF90028B7D0636C204643F094
:10B6A8000403636484F84150FFF76EFF38BD080354
:10B6B800D7D50822DA601A68520206D51A6801211D
:10B6C80022F410221A6084F841102046FFF784FF04
:10B6D80038BDD00699D5CA0297D510222046DA601F
:10B6E800FFF77CFF38BD9A6850078BD518460EE0E7
:10B6F800626A127883F82020E16A20680139626A58
:10B70800E1620132816862624D077FF57BAFE26AD0
:10B71800002AEDD1036823F48023036072E71A68D6
:10B72800510709D51A68E16B22F0040209681A600A
:10B73800CB6823F00103CB600123204684F8413015
:10B74800FFF746FF38BD9A6852077FF55BAF18468A
:10B758000EE093F82010226B1170A16B206801395C
:10B76800226BA16301328168226349077FF54AAFE2
:10B77800A26B002AEDD1CDE7204684F84150FFF7AF
:10B7880003FF38BD1A6852071DD49A6812F47C5F0B
:10B798000FD111E093F82010226B1170A16B206873
:10B7A8000139226BA16301328168226311F47C5F45
:10B7B80002D0A26B002AEDD10123204684F8413043
:10B7C800FFF704FF38BD1A68E16B22F0040209682C
:10B7D8001A60CB6823F00103CB60EDE70123204614
:10B7E80084F84130FFF7F0FE38BD00BF95B500245E
:10B7F800454B30B49A6A9C6ADD6A14F47C7F596BB5
:10B80800C4F3051038D0C1F3CC0105F0010502F0EE
:10B81800030205FB01F1012A07EE901AB8EEE77A58
:10B8280002D0022A4ED04AB307EE900ADFED376AFB
:10B83800F8EEE77A1B6B86EEA76A9FED355AC3F3DD
:10B84800080306EE903AF7EE005AF8EEE66AE7EEDD
:10B85800056A76EEA56A66EE266A2B4B1B6BC3F368
:10B868004623013307EE903AB8EEE77AC6EE877AB8
:10B87800FCEEE77A17EE900A30BC70471A68920619
:10B8880027D5196807EE900A224AF7EE005A1B6B73
:10B89800C1F3C101F8EEE77A9FED1D5AC3F308031F
:10B8A800CA4006EE903A06EE102AF8EEE66AB8EEBE
:10B8B800C66AE7EE056A86EE277A76EEA56A66EE30
:10B8C800876ACAE707EE900ADFED136AF8EEE77AAF
:10B8D800B0E707EE900A9FED115A1B6BB7EE006AAE
:10B8E800F8EEE77ADFED0A5AC3F30803C5EE276AD4
:10B8F80007EE903AF8EEE77AE7EE257A77EE867A61
:10B9080066EEA76AA9E700BF004402580024744AFB
:10B91800000000390090D0030024744B0024744CBC
:10B92800002800F0EC81F8B503680446D80730D544
:10B93800A5490A69896A02F03802102A00F00981CB
:10B94800182A00F001816368B3F5803F00F02C816C
:10B95800002B00F06A81B3F5A02F9B4B1A6800F00A
:10B968008E8222F480321A601A6822F480221A60C9
:10B97800FAF700FC944E41F28837054605E0FAF7DD
:10B98800F9FB401BB84200F24E8133689A03F6D5A2
:10B9980023689D0700F18A80D90633D58A4A13693E
:10B9A800926A03F03803082B00F0E380182B00F0AC
:10B9B800DB80E369844D002B00F071812B6843F034
:10B9C80080032B60FAF7D6FB064605E0FAF7D2FBB0
:10B9D800801B022800F227812B68DB05F6D5FAF7D1
:10B9E800E1FB41F20303984200F27182226A6B681C
:10B9F800202A23F0F8430CBF43F0804343EA8263D4
:10BA08006B6023681D0716D563696F4D002B00F026
:10BA180024816B6F43F001036B67FAF7ABFB0646B3
:10BA280005E0FAF7A7FB801B022800F2FC806B6F89
:10BA38009807F6D523689A0616D5A369624D002B98
:10BA480000F01C812B6843F480532B60FAF792FBBB
:10BA5800064605E0FAF78EFB801B022800F2E38019
:10BA68002B689F04F6D52368590700F1A380606A04
:10BA7800D0B1554D2B6903F03803182B00F0B18174
:10BA88002B68022823F080732B6000F04481FAF7BA
:10BA980071FB044605E0FAF76DFB001B022800F273
:10BAA800C2802B689B01F6D40020F8BD464A136972
:10BAB800926A13F038032DD1434BE2681B6859078B
:10BAC80001D5002A4ED0404D2B6823F019031343AB
:10BAD8002B60FAF74FFB064605E0FAF74BFB801B95
:10BAE800022800F2A0802B685B07F6D5FAF75AFB0C
:10BAF80041F20303984200F2F98022696B68402AF8
:10BB080023F47C330CBF43F4003343EA02336B6005
:10BB1800236841E7182B00F0E5802B4DE2682B687D
:10BB2800002A00F0CE8023F0190313432B60FAF7A4
:10BB380021FB064604E0FAF71DFB801B022872D899
:10BB48002B685F07F7D5D1E701F0030102297FF4DD
:10BB5800FAAE1D4A126891037FF51BAF6268002A8E
:10BB68007FF417AF0120F8BD02F00302012A7FF429
:10BB780020AF154B1B68DA0502D5E369802BF1D19C
:10BB8800FAF710FB41F20303984200F2BA80226AE6
:10BB9800202A00F0AB810C494B6823F0F84343EAB4
:10BBA80082634B6023682DE7074A136843F48033A8
:10BBB8001360DDE6054D2B6843F480732B60FAF7BC
:10BBC800D9FA064609E000BF004402580048025866
:10BBD800FAF7D0FA801B642825D82B68DA05F7D540
:10BBE800A368012B00F07C81002B00F05781052B06
:10BBF800A74B1A6F00F0838122F001021A671A6FAF
:10BC080022F004021A67FAF7B5FAA14E41F2883712
:10BC1800054604E0FAF7AEFA401BB84203D8336F82
:10BC28009B07F7D523E70320F8BD994D41F28837E4
:10BC38002B6823F480332B602B6823F480232B603C
:10BC4800FAF798FA064604E0FAF794FA801BB84225
:10BC5800E9D82B689B03F7D49AE66B6F23F00103AE
:10BC68006B67FAF787FA064604E0FAF783FA801B4F
:10BC78000228D8D86B6F9907F7D4DBE62B6823F432
:10BC880080532B60FAF776FA064604E0FAF772FA60
:10BC9800801B0228C7D82B689804F7D4E3E62B68E2
:10BCA80023F080032B60FAF765FA064604E0FAF7FA
:10BCB80061FA801B0228B6D82B68DF05F7D4236801
:10BCC800A0E623F001032B60FAF754FA064604E0D5
:10BCD800FAF750FA801B0228A5D82B685807F7D422
:10BCE800236859E690077FF418AFE5E66B68226988
:10BCF80023F0FE4343EA02636B6023684CE60120AD
:10BD08007047634A216AD36823F07C5343EA01638E
:10BD1800D360236876E6FAF72DFA064605E0FAF7C7
:10BD280029FA801B02283FF67EAF2B689901F6D4CA
:10BD3800A96A584BA26A0B405749554E1343E26A09
:10BD480043EA0213AB62D4E90D32013B013A5B02CC
:10BD580012049BB202F4FE021343226B013AC2F3AF
:10BD680008021343E26B013A120602F0FE42134343
:10BD78002B63EB6A23F00103EB626A6BA36C11403F
:10BD880041EAC3016963EB6A226C23F00C03134395
:10BD9800EB62EB6A626C23F002031343EB62EB6A1B
:10BDA80043F48033EB62EB6A43F40033EB62EB6AF3
:10BDB80043F48023EB62EB6A43F00103EB622B68E8
:10BDC80043F080732B60FAF7D5F9044605E0FAF7DB
:10BDD800D1F9001B02283FF626AF33689A01F6D541
:10BDE80062E60128AA6A2E6B3FF45FAE02F00303F5
:10BDF800A16A8B427FF4B6AEC2F30512E36A9A4297
:10BE08007FF4B0AE236BC6F30802013B9A427FF47D
:10BE1800A9AE636BC6F34622013B9A427FF4A2AEF9
:10BE2800A36BC6F30642013B9A427FF49BAEE36BD9
:10BE3800C6F30666013B9E427FF494AE6B6BA26C20
:10BE4800C3F3CC039A423FF42FAE114AD36A23F0CE
:10BE58000103D362FAF78EF90546FAF78BF9A8427F
:10BE6800FBD00B4A0020A16C0B4B546B234043EAD8
:10BE7800C1035363D36A43F00103D362F8BD42F4AC
:10BE880080221A601A6842F480321A6070E500BF96
:10BE9800004402580CFCFFFF0700FFFF1C4D41F255
:10BEA80088372B6F23F001032B672B6F23F00403D4
:10BEB8002B67FAF75FF9064605E0FAF75BF9801B8E
:10BEC800B8423FF6B0AE2B6F9807F6D4CFE5EB68D3
:10BED800226A23F07C5343EA0263EB60236891E50E
:10BEE8000B4A136F43F0010313678CE6084A536843
:10BEF80023F0F84343F080435360236882E542F01F
:10BF080004021A671A6F42F001021A677BE600BF43
:10BF180000440258474A136903F03803102B04D031
:10BF2800182B0DD01BB1444870474448704713681C
:10BF380099064AD513684248C3F3C103D8407047ED
:10BF4800936A30B4946AD56A14F47C7F516BC4F355
:10BF5800051038D0C1F3CC0105F0010503F0030347
:10BF680005FB01F1012B07EE901AB8EEE77A02D033
:10BF7800022B2CD093B307EE900A9FED325AF8EEBD
:10BF8800E77A136BC5EE276ADFED2F5AC3F3080370
:10BF980007EE903AB7EE006AF8EEE77AE7EE257A10
:10BFA80077EE867A66EEA76A224B1B6BC3F34623AD
:10BFB800013307EE903AB8EEE77AC6EE877AFCEEE0
:10BFC800E77A17EE900A30BC70471D48704707EEB5
:10BFD800900A9FED1E5AF8EEE77AD2E713689B069F
:10BFE80020D5146807EE900A1549F7EE005A136B2E
:10BFF800C4F3C104F8EEE77A9FED135AC3F30803BC
:10C00800E14006EE903A06EE101AF8EEE66AB8EE4F
:10C01800C66AE7EE056A86EE277A76EEA56A66EEC8
:10C02800876AC1E707EE900A9FED095AF8EEE77AAA
:10C03800A7E700BF0044025800093D000024F400AF
:10C048000090D0030024744A000000390024744B87
:10C058000024744C002800F00C818C4A136803F00B
:10C068000F038B422DE9F04104460D460CD21368AC
:10C0780023F00F030B431360136803F00F038B4285
:10C0880002D00120BDE8F08123685F070BD5804905
:10C0980020698A6902F07002904204D98A6922F004
:10C0A800700202438A611E070BD579496069CA6923
:10C0B80002F07002904204D9CA6922F07002024369
:10C0C800CA61D8060BD57249A069CA6902F4E06250
:10C0D800904204D9CA6922F4E0620243CA6199060F
:10C0E8000BD56B49E0690A6A02F07002904204D9E4
:10C0F8000A6A22F0700202430A629A0740F1AB8092
:10C108006348E168826902F00F02914204D98269AA
:10C1180022F00F020A438261D80730D55C4AA16831
:10C12800936923F470630B43936161681368022970
:10C1380000F0A180032900F09880012900F0A18077
:10C1480058079ED5524E41F28838336923F00703C9
:10C158000B433361FAF70EF8074605E0FAF70AF8D9
:10C16800C01B404500F28B803369626803F03803D6
:10C17800B3EBC20FF2D12368990706D5E1684448AA
:10C18800826902F00F028A4269D840490A6802F0BF
:10C198000F02AA420AD90A6822F00F022A430A604B
:10C1A8000A6802F00F02AA427FF46BAF5A070BD558
:10C1B800374920698A6902F07002904204D28A697C
:10C1C80022F0700202438A611F070BD5304960696B
:10C1D800CA6902F07002904204D2CA6922F0700261
:10C1E8000243CA61DE060BD52949A069CA6902F46F
:10C1F800E062904204D2CA6922F4E0620243CA6152
:10C208009D060BD5224AE169136A03F0700399422F
:10C2180004D2136A23F070030B431362FFF77AFE0C
:10C228001B4A03461B4891699269C1F303211A4DC1
:10C2380002F00F02194C415C825C01F01F011848A2
:10C2480002F01F02CB4000682B60D3402360BDE89A
:10C25800F041F9F72DBFDA073FF560AF95E782693E
:10C2680022F00F02114381618FE79F013FF56AAF0A
:10C2780007E7012070479B033FF564AF01E7032000
:10C2880000E7DE053FF55EAFFBE600BF0020005289
:10C2980000440258FC4B012474030020780300205A
:10C2A80050000020184A38B5136903F03803102BE2
:10C2B8001AD0182B23D0CBB11448134B14499A69C0
:10C2C8009B69C2F30322134C03F00F03124D8A5CDF
:10C2D800CB5C02F01F0220FA02F203F01F0022FAE0
:10C2E80000F02A60206038BD0C48E6E713689B061A
:10C2F80008D512680A48C2F3C102D040DDE7FFF74B
:10C3080077FADAE70648D8E70044025800093D0002
:10C31800FC4B012478030020740300200024F4005F
:10C328000090D0031C4A38B5136903F03803102B6A
:10C3380021D0182B2BD003B31848174A18499369F2
:10C34800184DC3F30323184CCB5C03F01F0320FAEA
:10C3580003F3906900F00F002B60085C00F01F00E9
:10C36800C3402360D269C2F30212885C00F01F0048
:10C3780023FA00F038BD0D48DFE713689B0609D59E
:10C3880010680B4BC0F3C10023FA00F0D5E7FFF7A4
:10C398002FFAD2E70648D0E70044025800093D00CA
:10C3A800FC4B012474030020780300200024F400CF
:10C3B8000090D0031C4A38B5136903F03803102BDA
:10C3C80021D0182B2BD003B31848174A1849936962
:10C3D800184DC3F30323184CCB5C03F01F0320FA5A
:10C3E80003F3906900F00F002B60085C00F01F0059
:10C3F800C3402360D269C2F30222885C00F01F00A8
:10C4080023FA00F038BD0D48DFE713689B0609D50D
:10C4180010680B4BC0F3C10023FA00F0D5E7FFF713
:10C42800E7F9D2E70648D0E70044025800093D0082
:10C43800FC4B012474030020780300200024F4003E
:10C448000090D003F8B53A4CA36A03F00303032B1A
:10C4580067D0236806460F4623F080632360F9F708
:10C4680089FE054604E0F9F785FE431B022B56D8E2
:10C4780023681A01F7D4A36A326823F47C3343EAA9
:10C488000233A362D6E90232013B013A5B0212048D
:10C498009BB202F4FE0213437268013AC2F3080227
:10C4A80013433269013A120602F0FE421343A363B2
:10C4B800E36A726923F0C0031343E362E26AB36973
:10C4C80022F020021A431B4BE262E26A22F01002B9
:10C4D800E262E16BF2690B4043EAC203E363E36A99
:10C4E80043F01003E362E36AEFB1012F0CBF43F49A
:10C4F800801343F40013E3620D4C236843F0806318
:10C508002360F9F737FE054604E0F9F733FE401BD0
:10C51800022804D823681B01F7D50020F8BD0320A2
:10C52800F8BD0120F8BD43F40023E362E4E700BF4F
:10C53800004402580700FFFFF8B53A4CA36A03F01D
:10C548000303032B67D0236806460F4623F0805366
:10C558002360F9F70FFE054604E0F9F70BFE431BCD
:10C56800022B56D823689A00F7D4A36A326823F0BE
:10C578007C7343EA0253A362D6E90232013B013AD3
:10C588005B0212049BB202F4FE0213437268013A82
:10C59800C2F3080213433269013A120602F0FE425E
:10C5A80013432364E36A726923F440631343E36229
:10C5B800E26AB36922F400721A431B4BE262E26A30
:10C5C80022F48072E262616CF2690B4043EAC203B2
:10C5D8006364E36A43F48073E362E36AEFB1012FB3
:10C5E8000CBF43F4000343F08073E3620D4C2368EF
:10C5F80043F080532360F9F7BDFD054604E0F9F7E1
:10C60800B9FD401B022804D823689B00F7D50020F9
:10C61800F8BD0320F8BD0120F8BD43F48003E362B0
:10C62800E4E700BF004402580700FFFF2DE9F84384
:10C63800D0E9003204461D0103F0006623D5816E5F
:10C64800B1F5001F00F04F8512D8002900F0A5852C
:10C65800B1F5801F40F09E8502210830FFF7F2FEF9
:10C668000646002E40F01E85A16ED4E9003203E094
:10C67800B1F5401F40F08E85AE4D0026286D20F4A0
:10C68800401001432965D8050AD5A16D042906D8AB
:10C69800DFE811F0320539051605100310030126ED
:10C6A800354699051DD5E16D802900F0128500F207
:10C6B800F980002900F02084402940F0FA80002108
:10C6C80004F10800FFF7BEFE0546D4E90032002D4C
:10C6D80040F0EB83974FE06D396D21F4E071014331
:10C6E80039655F0521D5D4F8A810B1F5800F00F0A1
:10C6F8001D8500F2E180002900F00584B1F5001FD6
:10C7080040F0E280002104F10800FFF79BFE054697
:10C71800D4E90032002D40F0CF83864FD4F8A8002A
:10C72800B96D21F460010143B965180521D5D4F824
:10C73800AC10B1F1007F00F0B98400F2C880002984
:10C7480000F0D483B1F1807F40F0C980002104F16A
:10C758000800FFF777FE0546D4E90032002D40F0C7
:10C76800A283744FD4F8AC00B96D21F0E0610143A5
:10C77800B965990118D5E16C202900F01E8400F2F2
:10C78800B18039B1102940F0B0806A48C16A41F4DB
:10C798000031C162002D40F0D383664FE06CF96C24
:10C7A80021F030010143F964DF041FD5216EB1F592
:10C7B800005F00F0B18400F29B80002900F09083B4
:10C7C800B1F5805F40F09C80002104F10800FFF77C
:10C7D80039FE0546D4E90032002D40F06883554FF4
:10C7E800206E396D21F4E0410143396598041DD567
:10C7F800616EB1F5003F00F00F8400F2848059B1FA
:10C80800B1F5803F40F08780012104F10800FFF76F
:10C8180019FE0546D4E90032002D40F09B83454FB0
:10C82800606E396D21F4E0210143396559041DD545
:10C83800D4F8B010B1F1005F00F0FA836ED851B1AE
:10C84800B1F1805F72D1012104F10800FFF7FAFD10
:10C858000546D4E90032002D40F08083354FD4F8E6
:10C86800B000B96D21F0E0410143B9651F040DD551
:10C87800216FB1F1805F00F0C783B1F1005F00F074
:10C888002582002900F02A8201263546D8015FD585
:10C89800A16C032900F2BB84DFE811F05600E10324
:10C8A8004E005600C0293FF412AFB1F5807F3FF427
:10C8B8000EAF0126354614E7B1F5C00F3FF42AAF95
:10C8C800B1F5000F3FF426AF012635462DE7B1F14B
:10C8D800407F3FF443AFB1F1806F3FF43FAF012693
:10C8E800354646E730293FF455AF012635465BE724
:10C8F800B1F5405F3FF470AFB1F5804F3FF46CAFD6
:10C908000126354672E721F48030B0F5802F83D0B8
:10C91800B1F5403F80D00126354687E721F08050A9
:10C92800B0F1804F97D0B1F1405F94D001263546E1
:10C938009CE700BF00440258022104F10800FFF7F9
:10C9480081FD0546D4E90032002D00F0FB822E4619
:10C95800590200F15A82D8072FD5E16F28292AD821
:10C96800DFE811F0FA01290029002900290029002F
:10C978002900290006042900290029002900290086
:10C9880029002900F201290029002900290029008D
:10C9980029002900FA012900290029002900290075
:10C9A80029002900FA012900290029002900290065
:10C9B80029002900FA0101263546990717D5A16FE4
:10C9C800052900F22084DFE811F00E00BB03060001
:10C9D8000E000E000E00012104F12800FFF7ACFD47
:10C9E8000546D4E90032002D00F099822E465F07F3
:10C9F80018D5D4F89410052900F20D84DFE811F059
:10CA08000E00AC0306000E000E000E00012104F11A
:10CA18002800FFF791FD0546D4E90032002D00F00B
:10CA280086822E4698061FD5D4F89010B1F1005F83
:10CA380000F0098300F20B8159B1B1F1805F40F039
:10CA48001081002104F10800FFF7FCFC0546D4E939
:10CA58000032002D40F05F82A64FD4F89000796D27
:10CA680021F0E0410143796559061FD5D4F89C109F
:10CA7800B1F5006F00F0B28200F2F68059B1B1F55D
:10CA8800806F40F0FB80002104F10800FFF7DAFC1A
:10CA98000546D4E90032002D40F06282954FD4F863
:10CAA8009C00B96D21F4E0510143B9651F061FD5FB
:10CAB800D4F8A010B1F5804F00F09B8200F2E1801D
:10CAC80059B1B1F5005F40F0E680002104F108009B
:10CAD800FFF7B8FC0546D4E90032002D40F03C824F
:10CAE800844FD4F8A000B96D21F460410143B965C1
:10CAF80018070BD5D4F88400B0F5805F00F0B88231
:10CB08007C4F796D21F4405101437965D9060BD5E5
:10CB1800D4F89800B0F5807F00F0B782754FB96DF2
:10CB280021F440710143B9651F030ED5D4F8A41050
:10CB3800B1F5803F00F0F480B1F5003F00F0F880D7
:10CB4800002900F02E820126354658030FD5D4F867
:10CB58008810B1F5001F00F0CF80B1F5401F00F03C
:10CB6800D380B1F5801F00F0148201263546D90321
:10CB780009D5216D002900F00382B1F5803F00F04E
:10CB88009D81012635469F0000F1F18098030CD560
:10CB9800D4F88010B1F5807F00F0EA817ED921F4C5
:10CBA8008070B0F5007F7BD00126D90206D55148A8
:10CBB800656F016D21F0004129430165DF0007D54C
:10CBC8004C48D4F8B850016921F4804129430161E7
:10CBD8009D0206D54748E56E016D21F08071294315
:10CBE8000165580009D54349086920F400400861E7
:10CBF8000869D4F8BC5028430861002B06DA3D4880
:10CC0800656DC16C21F040512943C164190207D5F3
:10CC18003849D4F88C004B6D23F4400303434B652B
:10CC2800D30700F1B080970700F1BA80550700F1EB
:10CC3800C480100700F1CE80D10600F1D88092069A
:10CC480000F12581301E18BF0120BDE8F88321F0CE
:10CC58008050B0F1804F3FF4FCAEB1F1405F3FF43B
:10CC6800F8AE01263546FFE621F48060B0F5805F16
:10CC78003FF411AFB1F5406F3FF40DAF01263546D3
:10CC880014E721F40050B0F5004F3FF426AFB1F59A
:10CC9800C04F3FF422AF0126354629E7002983D14A
:10CCA800002D40F06381134D686D20F440700143FE
:10CCB80069657AE73546002D40F0FB800D4FA06D81
:10CCC800396D21F0070101433965EAE4012104F1D6
:10CCD8000800FFF7B7FB0546D4E90032002D40F005
:10CCE8001C81044F206F396D21F040510143396593
:10CCF800CCE500BF00440258012104F12800FFF7E9
:10CD08001BFC0546D4E90032002D40F02D81B14FBF
:10CD1800D4F88800796D21F440110143796526E73C
:10CD2800022104F12800FFF707FC0546D4E9003288
:10CD3800002D40F01781A74FD4F8A400B96D21F455
:10CD480040310143B96500E7012104F12800FFF7EC
:10CD5800F3FB0546D4E90032002D40F0DA809D4F00
:10CD6800E06F796D21F038010143796525E60221EC
:10CD780004F12800FFF7E0FBD4E9003200283FF473
:10CD880005AF012602E7002104F10800FFF75AFB6E
:10CD9800626800283FF447AF970706467FF546AF1D
:10CDA800012104F10800FFF74DFB626800283FF4F9
:10CDB8003DAF550706467FF53CAF022104F1080058
:10CDC800FFF740FB626800283FF433AF06461007C0
:10CDD8007FF532AF002104F12800FFF7ADFB626850
:10CDE80000283FF429AFD10606467FF528AF04F1A5
:10CDF800280501212846FFF79FFB002800F0DB806B
:10CE080063689B064CD5064643E0734F3B6843F482
:10CE180080733B60F9F7AEF9804606E0F9F7AAF9A6
:10CE2800A0EB0800642800F2AF813B68DA05F5D56D
:10CE3800002D40F0E381674AD4F8B430116F5940AF
:10CE480011F4407F0BD0116F106F21F4407140F442
:10CE580080301067106F20F4803010671167B3F5C9
:10CE6800807F00F0AD8103F44072B2F5407F00F09E
:10CE7800BB8158490A6922F47C520A615548C3F3B8
:10CE88000B01076F3943D4E90032016763E504F108
:10CE9800280502212846FFF74FFB00283FF4D2AEB1
:10CEA8000120BDE8F8832E4663E42E4619E42E4699
:10CEB8009CE42E46FFF7F5BB2E4636E4022104F12A
:10CEC8000800FFF7BFFA0546D4E90032002D5ED10D
:10CED800404F206DF96C21F480310143F96452E62A
:10CEE8003C48C16A41F40031C16275E43948C16AFD
:10CEF80041F40031C16231E43648C16A41F400317D
:10CF0800C162FFF7E4BB3348C16A41F40031C16232
:10CF180000E42E4651E52E46A6E52E46B6E42D4FF2
:10CF2800A06F796D21F00701014379655FE5294F0D
:10CF3800D4F89400B96D21F007010143B96571E592
:10CF48002E4631E4234FA06CF96C21F00301014314
:10CF5800F964FDE42E4669E42E46C9E52E4685E4CB
:10CF68002E46A3E52E46F0E52E4600E62E461CE6A4
:10CF7800184FF86A40F40030F862002DF6D192E6B6
:10CF88001448C16A41F40031C162002DA0D02E4678
:10CF9800F9E51048C16A41F40031C162002DE3D1BE
:10CFA800B5E604F10800FFF74DFA0546D4E900326A
:10CFB800002DD7D1BFE6626841E6022104F10800DE
:10CFC800FFF740FA0546D4E90032002DB8D1FFF743
:10CFD800E4BB00BF0044025800480258022104F193
:10CFE8002800FFF7A9FA0546D4E90032002DB7D189
:10CFF80054E5022104F12800FFF79EFA0546D4E91A
:10D008000032002DA8D16BE58448C16A41F4003193
:10D01800C162002D81D164E6012104F12800FFF7E7
:10D028008BFA0546D4E90032002D93D1FFF7F7BB00
:10D03800012104F12800FFF77FFA0546D4E9003200
:10D04800002D8BD10AE4022104F12800FFF774FABD
:10D058000546D4E90032002D7FF45DAFFCE46F484B
:10D06800C16A41F40031C162002D7FF470AC69E7F8
:10D07800022104F12800FFF75FFA002840F09480AD
:10D08800D4F88400D4E900323AE5022104F12800FA
:10D09800FFF752FA002840F08D80D4F89800D4E9C0
:10D0A80000323BE5D4E90032FFF7EDBA002104F184
:10D0B8002800FFF741FA0546D4E90032FFF74EBBD6
:10D0C800002104F12800FFF737FA0546D4E90032B9
:10D0D800F1E5002104F12800FFF72EFA0546D4E90E
:10D0E8000032FFF7F4BA02212830FFF725FA064686
:10D0F800002E3FF4B9AAD5E748483546C16A41F43D
:10D108000031C162D7E5002104F10800FFF79AF960
:10D118000546D4E90032CEE5002104F12800FFF7E6
:10D128000BFA0546D4E90032FFF756BB002104F19B
:10D138002800FFF701FA0546D4E90032FFF7EABAFA
:10D14800012104F10800FFF77DF90546D4E9003212
:10D15800002D7FF44BACE2E6012104F10800FFF753
:10D1680071F90546D4E90032002D7FF45AACDEE6A9
:10D17800012104F10800FFF765F90546D4E90032FA
:10D18800002D7FF4C6AEEAE50326D4E90032354621
:10D19800FFF7E1BB0126FFF776BA204DE86A40F4B5
:10D1A8000030E862FFF768BAD4F884000126D4E9B1
:10D1B8000032A5E4D4F898000126D4E90032ADE4A1
:10D1C800F8F7D8FFDFF85480074641F2883904E0C1
:10D1D800F8F7D0FFC01B4845D6D8D8F870309B0761
:10D1E800F6D5D4F8B4303EE60C480D4A016902EA97
:10D1F800131221F47C510A4302613FE6D4E900325C
:10D208002E46FFF7A8BB01263546FFF7F0BB0126DF
:10D218003546FFF79DBB0126354603E40044025816
:10D22800CFFFFF0008B5FFF73DF8054B054A1B6A1D
:10D23800C3F30213D35C03F01F03D84008BD00BF3B
:10D2480000440258FC4B0124584B70B4996A9D6AFB
:10D25800DE6A15F47C3FC5F30532DC6B5CD0C4F3A1
:10D26800CC04C6F3001601F0030106FB04F40129FF
:10D2780007EE904AB8EEE77A03D0022975D0002964
:10D288004FD007EE902ADFED4A6AF8EEE77A9B6BFB
:10D2980086EEA76A9FED475AC3F3080306EE903A55
:10D2A800F7EE005AF8EEE66AE7EE056A76EEA56A4A
:10D2B80066EE266A3D4AB7EE006A936BC3F34623CF
:10D2C80007EE103AB8EEC77A70BC37EE067AC6EEAB
:10D2D800877AFCEEE77AC0ED007A936BC3F30643D6
:10D2E80007EE103AB8EEC77A37EE067AC6EE877AB6
:10D2F800FCEEE77AC0ED017A936BC3F3066307EEA1
:10D30800903AF8EEE77A77EE867A86EEA77ABCEE60
:10D31800C77A80ED027A704770BCC0E9002282604B
:10D3280070471968890627D51C6807EE902A224994
:10D33800F7EE005A9B6BC4F3C102F8EEE77A9FED53
:10D348001D5AC3F30803D14006EE903A06EE101AB0
:10D35800F8EEE66AB8EEC66AE7EE056A86EE277A60
:10D3680076EEA56A66EE876AA4E707EE902ADFEDF7
:10D37800136AF8EEE77A8AE707EE902A9FED105ACB
:10D388009B6BB7EE006AF8EEE77ADFED0A5AC3F353
:10D398000803C5EE276A07EE903AF8EEE77AE7EE5B
:10D3A800257A77EE867A66EEA76A83E70044025804
:10D3B8000024744A000000390090D0030024744B04
:10D3C8000024744C584B70B4996A9D6ADE6A15F053
:10D3D8007C7FC5F305525C6C5CD0C4F3CC04C6F307
:10D3E800002601F0030106FB04F4012907EE904A28
:10D3F800B8EEE77A03D0022975D000294FD007EE9E
:10D40800902ADFED4A6AF8EEE77A1B6C86EEA76A87
:10D418009FED475AC3F3080306EE903AF7EE005A19
:10D42800F8EEE66AE7EE056A76EEA56A66EE266A23
:10D438003D4AB7EE006A136CC3F3462307EE103A71
:10D44800B8EEC77A70BC37EE067AC6EE877AFCEE7D
:10D45800E77AC0ED007A136CC3F3064307EE103A7F
:10D46800B8EEC77A37EE067AC6EE877AFCEEE77A28
:10D47800C0ED017A136CC3F3066307EE903AF8EE39
:10D48800E77A77EE867A86EEA77ABCEEC77A80EDE1
:10D49800027A704770BCC0E9002282607047196840
:10D4A800890627D51C6807EE902A2249F7EE005A0C
:10D4B8001B6CC4F3C102F8EEE77A9FED1D5AC3F363
:10D4C8000803D14006EE903A06EE101AF8EEE66A26
:10D4D800B8EEC66AE7EE056A86EE277A76EEA56AA2
:10D4E80066EE876AA4E707EE902ADFED136AF8EE86
:10D4F800E77A8AE707EE902A9FED105A1B6CB7EE81
:10D50800006AF8EEE77ADFED0A5AC3F30803C5EEBE
:10D51800276A07EE903AF8EEE77AE7EE257A77EE93
:10D52800867A66EEA76A83E7004402580024744AA4
:10D53800000000390090D0030024744B0024744C80
:10D548005C4B70B4996A9D6ADE6A15F47C7FC5F3FA
:10D5580005125C6B5CD0C4F3CC0406F0010601F044
:10D56800030106FB04F4012907EE904AB8EEE77AB6
:10D578007ED0022975D000294FD007EE902ADFED22
:10D588004E6AF8EEE77A1B6B86EEA76A9FED4B5A58
:10D59800C3F3080306EE903AF7EE005AF8EEE66A8F
:10D5A800E7EE056A76EEA56A66EE266A414AB7EEA8
:10D5B800006A136BC3F3462307EE103AB8EEC77A36
:10D5C80070BC37EE067AC6EE877AFCEEE77AC0EDD5
:10D5D800007A136BC3F3064307EE103AB8EEC77A26
:10D5E80037EE067AC6EE877AFCEEE77AC0ED017A66
:10D5F800136BC3F3066307EE903AF8EEE77A77EE1B
:10D60800867A86EEA77ABCEEC77A80ED027A7047F2
:10D6180070BCC0E9002282607047196889062ED55F
:10D628001C6807EE902A2649F7EE005A1B6BC4F3D4
:10D63800C102F8EEE77A9FED215AC3F30803D140FF
:10D6480006EE903A06EE101AF8EEE66AB8EEC66AEA
:10D65800E7EE056A86EE277A76EEA56A66EE876AB1
:10D66800A4E707EE902ADFED176AF8EEE77A8AE773
:10D6780007EE902ADFED146AF8EEE77A83E707EE03
:10D68800902A9FED0D5A1B6BB7EE006AF8EEE77A09
:10D69800DFED0A5AC3F30803C5EE276A07EE903A8E
:10D6A800F8EEE77AE7EE257A77EE867A66EEA76AED
:10D6B8007CE700BF004402580024744C0000003985
:10D6C8000090D0030024744B0024744AA0F58073A2
:10D6D8000B4300B585B000F08480A0F500730B43C0
:10D6E80039D0A0F580630B4300F0E680A0F5006315
:10D6F8000B4300F08980A0F580530B4361D0A0F55F
:10D7080000530B4300F01281A0F500230B4300F0F7
:10D71800A380A0F580330B4300F0FA80A0F5804386
:10D728000B4300F04381A0F5004050EA010337D1D4
:10D73800994A136D03F04053B3F1805F00F0838082
:10D74800B3F1005F00F0568153BB106810F400304D
:10D7580044D0924842E0904A136D03F4E073802B62
:10D7680000F0A58020D9C02B37D0B3F5807F17D122
:10D77800D36C116803F04053490702D5002B00F021
:10D78800C180854A1268D00503D5B3F1805F00F0E7
:10D798000181814A1268910302D5B3F1005FD8D0A4
:10D7A800002005B05DF804FB002B4CD0402BF7D1CE
:10D7B800106810F0006011D001A8FFF745FD01982E
:10D7C8000CE0754A136D03F4E043B3F5005F6ED0C7
:10D7D80037D9B3F5405F40F08780714805B05DF8F0
:10D7E80004FB6D4B1B6D03F00703042BD8D801A273
:10D7F80052F823F09FD800247BD800248BD800242B
:10D80800E3D7002487D80024634A936D03F0E063CC
:10D81800B3F1007F4BD044D9B3F1407FDDD0B3F1F1
:10D82800806FBDD1D36C126803F040535207A8D55E
:10D83800002BA6D1584B5B481B68C3F3C103D840E3
:10D84800CCE7002B54D1106810F00070C6D001A8A6
:10D85800FFF776FE0298C1E74F4A936D03F4403311
:10D86800B3F5803F00F0D080B3F5003FDAD0002B4D
:10D8780096D1494B186810F00060AFD09CE7464A33
:10D8880076E7454B186810F00050A7D001A8FFF7BD
:10D8980099FD0198A2E7404B186810F000709DD0E0
:10D8A800D5E7002BCFD0B3F1807F81D078E710681F
:10D8B80010F0005092D0E9E7374A936D03F4600303
:10D8C800B3F5800FF3D006D8002BBCD0B3F5001FFA
:10D8D8003FF46EAF64E7B3F5C00F3FF47EAFB3F526
:10D8E800000F3FF445AF5BE7B3F5804F9AD057E799
:10D8F800B3F5805F3FF45CAF52E7106810F00400A6
:10D908003FF46CAF13682748C3F3C103D84065E7F9
:10D91800214BDA6CD203BFD5186810F000603FF4D1
:10D928005DAF01A8FFF790FC039857E71A4A136DFB
:10D9380003F4E023B3F5403FDFD010D8B3F5803FC0
:10D9480058D0B3F5003F18D1134B186810F00050A9
:10D958003FF444AF01A8FFF735FD02983EE7B3F561
:10D96800802F12D0B3F5A02F7FF41AAF0A4B186896
:10D9780010F400303FF432AFEBE6002B7FF410AF29
:10D9880005B05DF804EBFEF7CDBC106810F48070AC
:10D998003FF424AF044821E7004402580024F4006F
:10D9A8000080BB000090D00300093D00284B9B6D10
:10D9B80003F0E043B3F1405F37D014D8B3F1805F90
:10D9C8003FD0B3F1005FBFD0002B7FF4E9AEFEF784
:10D9D80069FC1F4B1F4A1B6AC3F30213D35C03F095
:10D9E8001F03D840FAE6B3F1804F17D0B3F1A04F28
:10D9F800BCD0D5E6106810F000603FF4EFAE01A887
:10DA0800FFF722FC0298E9E6106810F000503FF496
:10DA1800E5AE01A8FFF7D6FC0398DFE60C4B1868C3
:10DA280010F480703FF4DAAEB4E7094B186810F0D0
:10DA380004003FF4D3AE1B680748C3F3C103D840C2
:10DA4800CCE6034B186810F000603FF4C7AED6E789
:10DA580000440258FC4B01240090D003F8B501683B
:10DA68000546AB4B99421CD02033994219D003F597
:10DA7800787399424ED0203399424BD003F578738E
:10DA8800994200F02E812033994200F02A81A14B5F
:10DA9800994200F028812033994200F02481012026
:10DAA800F8BD9D4E95F8913003F0FF02002B38D059
:10DAB8009A4B9B4A1B68A2FB03230A681B0B22F4A0
:10DAC80080329B000A60002B32D00C68013B14F4B2
:10DAD8008034F8D1022385F89130EB68012B00F0EF
:10DAE8004481022B15BF032023200227222715BFBC
:10DAF8004FF0010C4FF0210C00222022AB68013BB3
:10DB0800042B00F26E81DFE813F0E1001C00E8004E
:10DB18001B00E40095F89130824E03F0FF02002BC1
:10DB2800C6D1284685F89020F7F714FC2968BFE786
:10DB3800D5F89430012043F04003C5F89430F8BD7F
:10DB48003A464FF400672B6A3260002B49D0704B7D
:10DB5800994200F01F817448081AB0FA80F0400911
:10DB6800002840F01781714B994200F02181203341
:10DB7800994200F01D816E4B994200F012812033CA
:10DB8800994200F00E81634B994200F02181694B64
:10DB9800994200F01781AB69B3F5002F00F0EB80D4
:10DBA800AA6A00EB8000696CB2F1806F4FEA40030B
:10DBB800286A0CBF0222012200FB02F21202B3FB08
:10DBC800F2F35D4AA2FB0302D20802EB8200A3EB48
:10DBD8004003092B08BF013204296A6201D15208A7
:10DBE8006A626B6833F002032B6D40F0B980012B39
:10DBF80014BF4FF400740024F8F7D4FA696CB0F538
:10DC0800005FD5E9003242EA0102A96C42EA01024A
:10DC1800E96C42EA0102E96A42EA0102696942EAF8
:10DC28000102C0F09580A96918680A43A96A0A43E5
:10DC380042490140196029690A4319680A43696A17
:10DC480042EA01523E493A4322431A605A68286B15
:10DC58001140EA690243686B5960024359680A43F4
:10DC680038495A609A6811406A6E9960E96D9868F7
:10DC78000A43296E0A43696D01390A43A96D0139BE
:10DC880042EA012202434FF220009A60D968AA6E44
:10DC98000140D960E96ED8680A43696F42EA0142D7
:10DCA800296F013942EA0122194902438B42DA609D
:10DCB8001BD0184A934218D000230122C5F894308B
:10DCC800184685F8912085F89030F8BD4FF48067A4
:10DCD80039E702464FF4006735E762464FF40067BC
:10DCE80031E7194EDEE6194EDCE6736C23F00103CA
:10DCF800736495F83830012BDED1D5E90F23013A4A
:10DD080043EA02137364736C43F001037364D3E74B
:10DD1800045801400454005800580140740300207E
:10DD28001BECCB95005C014024580140045C014089
:10DD38000460014024540058CDCCCCCC10C005F070
:10DD4800F01FFFFF0080F8FF0060014000540058FA
:10DD5800A96918680A43244901401960A96A6BE750
:10DD6800012B08BF4FF4007446E7132012274FF029
:10DD7800110C1022C2E6696C042930D008291ED083
:10DD88006A6D00EB80004300286A00FB02F2B3FBD7
:10DD9800F2F316E700214FF48070FFF797FC29682B
:10DDA800E1E600214FF40070FFF790FC2968EAE6ED
:10DDB80000214FF40070FFF789FC2968DBE64FF477
:10DDC8008072DEE700214FF40060FFF77FFCE2E697
:10DDD80000214FF48060FFF779FC2968D7E64022DC
:10DDE800CFE70027AFE600BF10C005F8022938B515
:10DDF800044635D9C81E012830D80020236760643E
:10DE0800E064E065A0664FF6FF706067606830F018
:10DE180002000CBF0125002504294FF400312565B7
:10DE28000CBF01200D2021664FF48021A06561669A
:10DE3800032A13D8DFE802F03E4F555C2368474AAF
:10DE4800934205D002F1C052A2F58232934205D125
:10DE58006368012B02D1636C002B37D0012038BDD9
:10DE6800002023676064E064A066606830F0020008
:10DE780014BF0120002020654FF48030E0654FF684
:10DE8800FF70606713F00100E8D149B94FF48020B2
:10DE9800C4E91810032AE1D8DFE802F05546362C09
:10DEA80060664FF400302066032AD7D8DFE802F016
:10DEB8004B3C2C2280211B014022A1646365E26651
:10DEC800F8F770F994F83830012BB7D02046BDE840
:10DED8003840FFF7C3BD80225B01A2646365E26638
:10DEE800EEE7C0215B018022A1646365E266E7E793
:10DEF800E021F7E75B08E02080219A01A0645B013C
:10DF0800E166C4E91523DBE75B08C0228025022906
:10DF18004FEA8310A2644FEA4313E5666065A36580
:10DF2800CED10823A366CBE75B08802202294FEAFB
:10DF38008310A2644FEA4313E266C4E91503BFD114
:10DF48001023A366BCE75B08802040215A01A06427
:10DF58001B01E166C4E91523B2E700BF045801407C
:10DF680038B590F89030012B61D0324A0546324BD3
:10DF7800126801680120A3FB023285F89000120B99
:10DF88000B68920023F480330B60F2B10B68013AFE
:10DF980013F48033F9D11C460B6823F400330B606B
:10DFA80095F89130122B2DD095F89130222B14D062
:10DFB8002A6801200021536843F00803536085F85C
:10DFC8009100204685F8901038BDD5F8943001248A
:10DFD80043F04003C5F89430DEE7D5F88400002804
:10DFE800E6D0F9F791FF0028E2D0D5F884305B6DD0
:10DFF800802BDDD0D5F89430012443F08003C5F898
:10E008009430D5E7D5F880000028CDD0F9F77CFF0B
:10E018000028C9D0D5F880305B6D802BC4D0D5F8E6
:10E028009430012443F08003C5F89430BCE70224FF
:10E03800204638BD740300201BECCB952DE9F8432E
:10E048000F4604461546F8F795F8002F61D0B5FA43
:10E0580085F84FEA5818002D5BD094F89130012BC1
:10E068005FFA83F950D194F89030012B4CD0434695
:10E07800C4F894800646D4F8800065F30F0322683C
:10E0880084F89090394665F31F43A7671C32E3670D
:10E098002B46122584F891502E4DC0F85080056407
:10E0A8002D4DC5632D4DC564F9F78CFD00283ED173
:10E0B800636C082B636831D005216122023B012B78
:10E0C80098BF1146226813690B431361136843F420
:10E0D8000033136006E0F8F74DF8831BB3F57A7F39
:10E0E8002AD82268556915F4E025F4D01368DB03B3
:10E0F80003D4136843F4803313600023994684F8EB
:10E1080090304846BDE8F8834FF002094846BDE81C
:10E11800F8834FF001094846BDE8F88323F002026E
:10E12800012A0BBF1521052171226122C6E7484645
:10E1380084F89080BDE8F883D4F894304FF0030950
:10E1480084F8905043F040034846C4F89430BDE842
:10E15800F88300BFA5E200243DE2002425E3002463
:10E16800F8B500294ED0B2FA82F513466D09002A97
:10E1780048D090F891200446012AD6B23FD190F8B1
:10E188009020012A3BD081670A462946222780F839
:10E19800906063F30F01C0F8945063F31F41C167A7
:10E1A800D0F8840084F891701E4F216807641E4FD0
:10E1B8001C310565C7631D4FC764F9F703FD20BB14
:10E1C800636C6268082B24D0052161202368023A19
:10E1D800012A98BF01461A690A431A611A6842F46B
:10E1E80000321A601A68D20303D41A6842F48032E3
:10E1F8001A6000231E4684F890303046F8BD022687
:10E208003046F8BD01263046F8BD304684F89050B7
:10E21800F8BD22F00203012B0BBF15210521712047
:10E228006120D3E715E30024B1E2002425E30024AC
:10E23800704700BF08B5C369806BB3F5807F1BD0FA
:10E2480003684FF0000C416C1A680829A0F87EC0DA
:10E2580022F400321A60426811D06FF0610C6FF03E
:10E268000501023A012A98BF61461A694FF0010C6C
:10E278000A401A6180F891C0FFF7DAFF08BD22F062
:10E28800020101290BBF6FF0710C6FF0610C6FF088
:10E2980015016FF00501E4E7704700BF806B08B512
:10E2A800FFF7FAFF08BD00BF08B5C369806BB3F577
:10E2B800807F1BD003684FF0000C416C1A68082956
:10E2C80022F400321A604268A0F87EC011D06FF0C4
:10E2D800610C6FF00501023A012A98BF61461A697C
:10E2E8004FF0010C0A401A6180F891C0F7F738F92D
:10E2F80008BD22F0020101290BBF6FF0710C6FF00D
:10E30800610C6FF015016FF00501E4E7806B08B54B
:10E31800F7F7EAF808BD00BF704700BF10B5846B77
:10E32800FAF784FB022823D0D4F89420216842F01D
:10E338008002134B1348C4F894201B680A68A0FB9A
:10E34800030322F400321B0B0A600A689B0022F4C4
:10E3580080320A606BB10A68013BD203FAD4012209
:10E368000023204684F89120A4F87E30FFF7D4FFDC
:10E3780010BDD4F8943043F04003C4F89430EEE76D
:10E38800740300201BECCB9518B338B590F82C30EB
:10E3980004460D4603F0FF02B3B12146022384F878
:10E3A8002C3051F8040B00F099FB6268294620686C
:10E3B80000F0D2FB084A01210020136843F0004313
:10E3C800136084F82C1038BD80F82D20F3F7C2FFB5
:10E3D800E3E70120704700BF0040005270B590F895
:10E3E8002C300446022BD8B204D000F0FB06012ED4
:10E3F80001D0012070BD02230D46206884F82C301E
:10E4080000F0F6FB2B68022B03D0002084F82C6068
:10E4180070BD0523002084F82C3070BD38B590F805
:10E428002C300446022BD8B205D094F82C30012B9E
:10E43800DDB201D0012038BD0223206884F82C30D9
:10E4480000F0EEFB002084F82C5038BD002800F0C6
:10E45800A58038B590F83D30044603F0FF02002B44
:10E4680076D0226802234E49B2F1804F84F83D30BD
:10E47800A2EB01011368B1FA81F14FEA511127D0DB
:10E4880031BB4848484D824267D000F580608242DF
:10E4980063D0551B00F58060B5FA85F582424FEAD6
:10E4A800551563D0002D61D1404841498A4218BFB3
:10E4B800824265D001F580618A4261D0A06923F06B
:10E4C8008003E168034313606368D162936223E0C9
:10E4D800354D23F07003A068551B0343B5FA85F545
:10E4E8006D09206923F440730343A06923F0800376
:10E4F80003431360E368D3626368936251B94DB90B
:10E508002A492B4B9A4218BF8A4203D003F58063ED
:10E518009A4201D16369136301230020536184F88F
:10E52800483084F83E3084F83F3084F8403084F82E
:10E53800413084F8423084F8433084F8443084F819
:10E54800453084F8463084F8473084F83D3038BD8B
:10E5580080F83C2002F0E8FE83E7551B23F07003A7
:10E56800A068B5FA85F503436D09BAE7A06823F0FA
:10E57800700303430F488242B3D0002DB1D193E713
:10E58800206923F44073A1690343E06823F0800302
:10E598000B4361681360D0629162B1E70120704754
:10E5A8000000014000040040000401400040014018
:10E5B80000440140000C004090F83D30012B3DD153
:10E5C8000268234B2349B2F1804F18BF9A4230B4F6
:10E5D8000CBF01230023204D0224AA4208BF43F0A8
:10E5E800010380F83D401D4C8A4208BF43F00103F7
:10E5F8001B4801F58051A24208BF43F00103824243
:10E6080008BF43F001038A4208BF43F0010333B94E
:10E6180000F57050101AB0FA80F0400998B191686E
:10E62800104B0B40062B0BD0B3F5803F08D0136876
:10E63800002043F00103136030BC7047012070478D
:10E64800002030BC7047136843F001031360F3E700
:10E65800000001400008004000040040000C004099
:10E66800000401400700010090F83D30012B41D122
:10E6780002680221244BB2F1804F18BF9A4230B48D
:10E688000CBF01230023214D214CAA4208BF43F0AF
:10E69800010380F83D10D168A24208BF43F001038E
:10E6A80004F5806441F001011A48A24208BF43F012
:10E6B8000103D160824208BF43F0010316498A4230
:10E6C80008BF43F0010333B900F57050101AB0FACF
:10E6D80080F0400998B19168104B0B40062B0BD085
:10E6E800B3F5803F08D01368002043F0010313609E
:10E6F80030BC704701207047002030BC7047136859
:10E7080043F001031360F3E70000014000040040F8
:10E718000008004000040140001800400700010004
:10E7280090F83C30012B00F081800246022370B43F
:10E738000468012082F83D3082F83C005A4BA568F5
:10E748002B40A3600B68702B00F09C8025D8502BC1
:10E758006ED039D9602B18D1206A4D6820F010008E
:10E76800C96820620020A36923F4704343EA013397
:10E77800216A21F0A001A3614C4B41EA05112162F5
:10E78800A1680B4043F06703A3600121002382F8CE
:10E798003D1082F83C3070BC7047B3F5005F60D024
:10E7A80033D943498B4206D029D942498B4202D0FA
:10E7B80010318B42E9D1A0683C49014000200B434D
:10E7C80043F00703A360E0E7402B23D1236A256ABF
:10E7D800486823F00A0325F00105CE681843334B37
:10E7E8002562A16921F0F00141EA0611A1612062C8
:10E7F8000020A1680B4043F04703A360C5E723F05E
:10E808001001B1F5801FC0D1D5E7B3F5805018BF0E
:10E818000120BAE7B9D8202BCDD003D9302BCAD0E4
:10E828000120B2E733F01001AFD1C4E702207047EE
:10E83800236A256A486823F00A0325F00105CE6893
:10E8480018431A4B2562A16921F0F00141EA06112B
:10E85800A16120620020A1680B4043F05703A36028
:10E8680093E7D1E90153A0682B43CD6820F47F4199
:10E87800002043EA05230B43A360A36843F48043C5
:10E88800A36082E7D1E90153A0682B43CD6820F447
:10E898007F41002043EA05230B43A360A36843F0AC
:10E8A8007703A36071E700BF8800CEFF8FFFCFFF1B
:10E8B8002000100030001000704700BF704700BFF4
:10E8C800704700BF704700BF036870B5DE68054633
:10E8D8001C69A10701D5B20754D4620701D5730793
:10E8E8003DD4200701D5310727D4E30601D5F0062A
:10E8F80010D4E10701D5F20762D4230652D53006B9
:10E9080066D4600601D5710673D4A20601D5B30694
:10E918004DD470BD2B686FF0100228461A6108228A
:10E928002A77DB6913F4407F74D1FFF7C5FF2846C7
:10E93800FFF7C6FF00232B77DBE72B686FF0080291
:10E9480028461A6104222A77DB699A075FD1FFF704
:10E95800B3FF2846FFF7B4FF00232B77C5E72B68E2
:10E968006FF0040228461A6102222A779B6913F481
:10E97800407F49D1FFF7A0FF2846FFF7A1FF0023FA
:10E988002B77AEE76FF002021A61012202779B69CA
:10E99800990736D1FFF790FF2846FFF791FF00232C
:10E9A8002B779AE7E205ACD533061AD4A9E72B688A
:10E9B8006FF0200228461A61BDE8704000F088B860
:10E9C8002B686FF0010228461A6102F09DFD94E75A
:10E9D8002B686FF0800228461A6100F07BF8E10589
:10E9E8008FD52B686FF4807228461A6100F074F88E
:10E9F80087E72B686FF0400228461A61FFF762FF2D
:10EA080083E7FFF75BFFCAE7FFF758FFB7E7FFF7B2
:10EA180055FFA1E7FFF752FF8CE700BF90F83C30A5
:10EA2800012B4BD003680246022030B4244D82F8F3
:10EA38003D00AB4258689C6829D005F58065AB421B
:10EA480025D0204D20F07000AB4218BFB3F1804FA5
:10EA580005F580650CBF4FF0010C4FF0000CAB4280
:10EA680008BF4CF0010C05F58065AB4208BF4CF0BF
:10EA7800010C0D682843144D5860AB4214BF604622
:10EA88004CF0010060B91148834209D00DE04D688F
:10EA980020F4700028430D6820F070002843586067
:10EAA800896824F080040C439C60002301211846E7
:10EAB80082F83D1082F83C3030BC70470220704725
:10EAC80000000140000400400018004000400140E0
:10EAD800704700BF704700BF704700BF0B6810B495
:10EAE800D3B90468A3F500434A6823401343D1E926
:10EAF800024223431343D1E9044223431343D1E998
:10EB0800064223431343D1E9084223435DF8044BEB
:10EB180013430360002070470268D1E9074322F4D9
:10EB2800F84222434C6A1A430A4B22430260426865
:10EB38001340D1E9014223431343D1E9034223435C
:10EB48001343D1E9054223435DF8044B1343436063
:10EB5800002070470080FFFF30B40ABB8368D1E90A
:10EB6800002403F07043013C013A43EA04131343C1
:10EB7800D1E90224013A013C43EA022343EA043280
:10EB8800D1E904348969013B013C013942EA034374
:10EB980043EA045343EA016330BC836000207047B2
:10EBA8008268CC68114B013C13404A6943EA04333C
:10EBB800541E43EA0454D1E900258460C3686C1EDE
:10EBC800013A03F0704343EA04130C691A438B6853
:10EBD800013C8969013B013942EA032343EA0443C2
:10EBE80043EA016330BCC36000207047FF0F0FFF8A
:10EBF80010B4D1E90034024600692343D1E9021474
:10EC080043EA4423054C01390440002023435DF8BE
:10EC1800044B43EA41131361704700BF0000C0FF73
:10EC28000246054B002010B4546923405DF8044B9C
:10EC380043EA41015161704701C0FFFF022A0346C0
:10EC48000BD04FF4105CD968002021F47051D960C2
:10EC5800DA6842EA0C02DA607047234A23480A4419
:10EC680082422CD9224A23480A4482422AD9224A7B
:10EC780022480A44824228D9214A22480A44824228
:10EC880026D3214A21480A44824224D9204A2148CD
:10EC98000A44824222D3204A20480A448242D0D3DE
:10ECA8001F4A20480A4482421BD31F4A1F480A446D
:10ECB800824234BF4FF4E05C4FF4C05CC3E74FF4CA
:10ECC800705CC0E74FF4605CBDE74FF4505CBAE796
:10ECD8004FF4405CB7E74FF4305CB4E74FF4205C86
:10ECE800B1E74FF4005CAEE7405327FFFF340C0058
:10ECF800401E1BFF3F420F0000DC0BFF7F4F12003E
:10ED0800808CF9FE20D6130060B6E5FE5FE316009E
:10ED180000D3CEFE40771B00C05BB3FEC09121003C
:10ED280000CA91FE20753800E05459FEE09C41006D
:10ED380082B00023124A019302E00369002B08DB2A
:10ED4800019B01330193019B9342F6D9032002B042
:10ED58007047890100230A4A41F0200101930161AB
:10ED680003E0036913F0200306D0019B01330193EC
:10ED7800019B9342F5D9E9E7184602B0704700BFF6
:10ED8800400D030082B00023114A019302E0036999
:10ED9800002B08DB019B01330193019B9342F6D9B9
:10EDA800032002B0704700211023094A0191036132
:10EDB80003E0036913F0100306D0019B01330193AC
:10EDC800019B9342F5D9EBE7184602B0704700BFA4
:10EDD800400D0300D0F8083813F0060004D013F0F3
:10EDE800020F14BF02200F20704700BF30B44B78C9
:10EDF8000A78012B20D002F00F0C4FF48033D0F8A2
:10EE08001C4800EB421203FA0CF32343C0F81C38E9
:10EE1800D2F8003B1B040CD48B68D2F8004BC3F328
:10EE28000A0308791449234343EA80431943C2F883
:10EE3800001B002030BC704700F5006402F00F058D
:10EE480000EB4210AB40E5692B43E361D0F8003991
:10EE58001C04EED48B68D0F80059C3F30A030C796C
:10EE680005492B4343EA844343EA8252114330BCA9
:10EE7800C0F8001900207047008000102DE9F0410B
:10EE88004B780C78012B45D000EB44139A4E9B4DE0
:10EE9800D3F8107B03F5306C3E40C3F8106BD3F801
:10EEA800106B3540C3F8105B7CBB0C69002C40F03C
:10EEB80093808C680C62DCF81050C4F31204012AA9
:10EEC80044EA0504CCF81040DCF8104044F400246F
:10EED800CCF8104000F0A1800A79012A0CD1D0F8B2
:10EEE800082812F4807FD3F8002B0CBF42F00052A0
:10EEF80042F08052C3F8002BD3F8002B002042F0D8
:10EF08000442C3F8002BBDE8F0810C69002C66D1DF
:10EF18008C68D0E70B6900EB44162BBBD6F810C9F8
:10EF2800012A764F744D0CEA0707C6F81079D6F80F
:10EF3800107947F40027C6F81079D6F8107905EA51
:10EF48000705C6F8105906F510650F7900F0B1806D
:10EF5800D6F800C9012F4CF0044CC6F800C900F0DF
:10EF680088800020BDE8F081D6F810C9624F634D53
:10EF78000CEA0707C6F81079D6F810793D40C6F8AC
:10EF8800105906F51065002C4ED18F68BB4200F26F
:10EF9800A0802F6947F400272F61D5F810C0C3F36C
:10EFA800120747EA0C072F610F79012F4DD0012A6C
:10EFB80000F08A80D6F8002942F00442C6F80029F9
:10EFC800002BCED004F00F020124D0F8343894403E
:10EFD8001C43C0F83448C4E78C680C616AE78D6844
:10EFE800012A474E2C4404F1FF34B4FBF5F4A4B2D3
:10EFF80004FB05F506EAC444DCF810600D62C5F3AD
:10F00800120544EA0604CCF81040DCF8104045EA42
:10F018000405CCF810507FF45FAFCA68002A3FF4AB
:10F028005BAFCCF8142057E7D1F808E0344F03EB76
:10F038000E0CD5F810800CF1FF3CBCFBFEFC07EA77
:10F04800CC4747EA08072F61A7E7D5F810C0012A7F
:10F058002CF0C04CC5F810C0D5F810C04CF0005CBE
:10F06800C5F810C038D0D6F8007947F00447C6F87C
:10F078000079D0F8086816F4807F2E680CBF46F037
:10F08800005646F080562E60002A7FF46AAF9BB285
:10F0980003339A083FF465AFCB6800EB043003EB09
:10F0A800820100F5805053F8042B8B420260FAD19C
:10F0B80057E7CB695BB9012F11D02B68002043F0CB
:10F0C80004432B60BDE8F081CB69002BF5D06B6160
:10F0D800F1E73B460F615CE7CB69002BF7D1D0F82D
:10F0E800083813F4807F2B680CBF43F0005343F0BB
:10F0F80080532B60E1E700BF0000F8FFFFFF07E047
:10F108000000F81F002382B001934B78012B0B7885
:10F1180020D000F5306000EB43100368002B02DBC1
:10F12800002002B07047036842F2107243F0006397
:10F138000360036843F08043036002E00368002B28
:10F14800EEDA019B01330193019B9342F6D901202A
:10F1580002B0704700F5106000EB43131A68002AEC
:10F16800DEDA1A6842F2107142F000621A601A6818
:10F1780042F080421A6002E01A68002AD0DA019A46
:10F1880001320192019A8A42F6D9E0E710B49DF85B
:10F19800044064B903339B0809D0013201EB8303AF
:10F1A80000EB023051F8042B8B420260FAD10020A8
:10F1B8005DF8044B704700BF5FEA920C70B50546D6
:10F1C80002F003061CD000F5805E0A4600230133D6
:10F1D800DEF800409C4542F8044BF8D101EB8C0066
:10F1E8006EB105F58055731E2A689BB202702BB16B
:10F1F800110A012B417001D0120C8270304470BD8D
:10F208000846EDE74A780B78012A00EB43100CD04A
:10F21800D0F8002B0BB1002A14DAD0F8003B43F4E5
:10F228000013C0F8003B00207047D0F80029002ADE
:10F2380000DB73B9D0F8003943F40013C0F8003983
:10F2480000207047D0F8003B23F08043C0F8003B13
:10F25800E3E7D0F8003923F08043C0F80039D0F84C
:10F26800003943F40013C0F80039E9E74A780B780D
:10F27800012A00EB431013D0D0F8003B23F400130D
:10F28800C0F8003B0B79023B012B01D900207047E5
:10F29800D0F8003B43F08053C0F8003B0020704793
:10F2A800D0F8003923F40013C0F800390B79023B79
:10F2B800012BEBD8D0F8003943F08053C0F800395F
:10F2C80000207047034609010020D3F8002801F404
:10F2D800FE6122F4FE62C3F80028D3F80028114327
:10F2E800C3F80018704700BF426980691040704732
:10F2F80000EB4111D1F80805D1F80C3518407047DA
:10F30800D0F81838D0F81C081840000C704700BF17
:10F31800D0F81838D0F81C08184080B2704700BFE1
:10F3280000EB411100F50060D1F8082B406910404E
:10F33800704700BFD0F81028D0F8343800EB4110DF
:10F3480001F00F01D0F80809CB40DB01DBB2134311
:10F3580018407047406900F0010070470346094AA9
:10F36800002003F5006110B4D3F8004922405DF88D
:10F37800044BC3F80029D3F8043843F480734B6076
:10F38800704700BF00F8FFFF144B10B4046C9C4298
:10F398001AD800F53060002301290361036943F49A
:10F3A80000230361036943F018030361036943F011
:10F3B800C043036104D14261036843F080230360C2
:10F3C80000205DF8044B7047D0F8003B00F5306032
:10F3D800002BE0DA00205DF8044B70470A30544FE8
:10F3E800D0F8002401F00303012900F5806C22F015
:10F3F8000302C0F80024D0F8002443EA0203C0F84E
:10F40800003409D0022905D141F270730020CCF8EC
:10F4180004307047012070474BF680330020CCF849
:10F4280004307047D0F8140480B2704700EB4111E3
:10F43800002310B483B001F5A06C0193D1F8003516
:10F44800D1F8004582689B0C920601D5002C25DA7C
:10F4580013F0010FD1F8003543F08043C1F80035AF
:10F4680021D0D0F8103413F47F0FD1F800353AD1F9
:10F4780023F00043C1F80035D1F8003543F00043CC
:10F48800C1F8003503E0DCF80030002B06DA019BF8
:10F4980001330193019BB3F57A7FF4D9002003B0BF
:10F4A8005DF8044B704783689B0625D4C36A13F440
:10F4B8007F0FD1F8003516D123F00043C1F800358D
:10F4C800D1F8003543F00043C1F8003503E0DCF81B
:10F4D8000030002BE2DA019B01330193019BB3F565
:10F4E8007A7FF4D9DAE743F000430020C1F8003509
:10F4F80003B05DF8044B7047D1F80035002043F0A5
:10F508000043C1F8003503B05DF8044B704700BFF5
:10F5180010B4002485B0764A01460194836823F02C
:10F5280001038360029403E00B69002BC0F2BB80E7
:10F53800029B01330293029B9342F5D901200023D9
:10F548006B4A039303E00B69002BC0F2BF80039B57
:10F5580001330393039B9342F5D90120D1F8003579
:10F5680001F5A06201F5E06C23F0802343F08043AD
:10F57800C1F80035D1F8203523F0802343F08043CB
:10F58800C1F82035D1F8403523F0802343F080437B
:10F59800C1F84035D1F8603523F0802343F080432B
:10F5A800C1F86035D1F8803523F0802343F08043DB
:10F5B800C1F88035D1F8A03523F0802343F080438B
:10F5C800C1F8A035D1F8C03523F0802343F080433B
:10F5D800C1F8C035D1F8E03523F0802343F08043EB
:10F5E800C1F8E035D1F8003623F0802343F080439A
:10F5F800C1F80036D1F8203623F0802343F0804349
:10F60800C1F82036D1F8403623F0802343F08043F8
:10F61800C1F84036D1F8603623F0802343F08043A8
:10F62800C1F86036D1F8803623F0802343F0804358
:10F63800C1F88036D1F8A03623F0802343F0804308
:10F64800C1F8A036D1F8C03623F0802343F08043B8
:10F65800C1F8C036D1F8E03623F0802343F0804368
:10F66800C1F8E036136823F4004343F040431360C5
:10F6780002E01368002B06DA019B01330193019B1A
:10F68800B3F57A7FF5D920326245EBD14FF0FF33DD
:10F69800C1F814344B618B6843F001038B6005B0EB
:10F6A8005DF8044B704700204FF48463104A0290C1
:10F6B8000B6104E0086910F020003FF440AF029BA2
:10F6C80001330293029B9342F4D937E700241023B5
:10F6D800074A03940B6103E00B69DB067FF53EAF35
:10F6E800039B01330393039B9342F5D935E700BF8E
:10F6F800400D0300D0F8B8320BB11B681847184604
:10F70800704700BF08B5D0F8B8325B689847002842
:10F7180018BF032008BD00BF38B500F2AA2504466B
:10F72800284600F007FCB4F8B03294F8AA12012277
:10F73800C4F8983201F01F03C4F89422934209D008
:10F74800022B13D063B1204601F08001BDE8384098
:10F75800F6F72EBC29462046BDE8384000F0F8BA36
:10F7680029462046BDE8384000F042B929462046DF
:10F77800BDE8384000F02EBB70B5044631B90B46E1
:10F78800D0F89412032910D0002070BD90F89C3254
:10F79800032BF9D1D0F8B8329B69002BF4D00022A2
:10F7A800BDE87040C0F8D4221847D0E95715A942DF
:10F7B80008D890F89C22032A0FD0204600F0E8FBD6
:10F7C800002070BD4B1B11462A469D42C0F85C3193
:10F7D80028BF1A4600F0D2FBD6E7D0F8B822126943
:10F7E800002AEAD0C0F8D4329047E6E770B504465C
:10F7F80059B9D0F89432022B16D094F8A03213B12C
:10F80800002384F8A032002070BD90F89C32032BAE
:10F81800F9D1D0F8B8325B69002BF4D00022BDE8EA
:10F828007040C0F8D4221847D0E907360D46B342D5
:10F8380010D81CD094F89C32032B2BD08021204662
:10F84800F6F7B6FB204600F0AFFB94F8A032002B89
:10F85800D9D0D5E79B1B1146C3611A4600F084FB3B
:10F868002B462A4629462046F6F7EEFBC5E782696D
:10F878009342DFD8D0F898329A42DBD20A4600F099
:10F8880073FB2B462A4629462046C4F89852F6F7B9
:10F89800DBFBB2E7D4F8B832DB68002BCED000220D
:10F8A8002046C4F8D4229847C8E700BFF8B500211D
:10F8B8000122D0F8B832044680F89C224160C0F892
:10F8C8009412C0F8A41280F8A0121BB15B680BB1A7
:10F8D8009847B0B9002740230022012620461D463C
:10F8E8001146F6F753FB00222B4680212046A4F848
:10F8F8006461C4F86051F6F749FB3846A68425626E
:10F90800F8BD0327E7E700BF0346002019747047D6
:10F9180090F89C220346042A04D090F89C22D2B284
:10F9280080F89D220422002083F89C22704700BFA3
:10F9380090F89C32042B04D190F89D32DBB280F809
:10F948009C320020704700BF90F89C22032A01D007
:10F958000020704708B5D0F8B83213B1DB6903B19D
:10F968009847002008BD00BFD0F8D422AE3250F826
:10F9780022205AB108B590F89C32032B01D0002000
:10F9880008BD136A23B19847002008BD03207047BB
:10F99800184608BDD0F8D422AE3250F822205AB109
:10F9A80008B590F89C32032B01D0002008BD536A9B
:10F9B80023B19847002008BD03207047184608BDAA
:10F9C800002070470121D0F8B82280F89C1242B17B
:10F9D8005268017908B5904708B9002008BD03208E
:10F9E80008BD0020704700BF002070470020704706
:10F9F800F0B50C7883B00E46054604F06004202C60
:10FA08000ED0402C0CD0BCB180212846F6F7D0FA95
:10FA1800002128460C46F6F7CBFA204603B0F0BD85
:10FA2800D5F8D43231462846AE3355F823309B6892
:10FA380003B0BDE8F04018474B78092BE4D801A281
:10FA480052F823F0ADFA0024DBFA002411FA00245E
:10FA5800F9FA002411FA00241BFB002453FB0024AC
:10FA680011FA002485FB002475FA00248978B34E26
:10FA78000129317000F2508190F89C32022BDFB2DC
:10FA880000F00E81032F00F01F8180210324F6F778
:10FA98008FFA00212846F6F78BFA31782846FFF7C7
:10FAA80031FEBAE790F89C22013A022A26D8CA8881
:10FAB800022A23D10121D0F8A422C1600AB103226D
:10FAC800C260022205F10C0128461C4600F03EFAED
:10FAD800A3E790F89C32013B022B0FD84B88012BEF
:10FAE8009BD100232846C5F8A43200F051FA94E7C8
:10FAF8004B88012BF6D0022B00F007818021284685
:10FB0800F6F756FA00212846F6F752FA204603B0CF
:10FB1800F0BD8B88002BF1D1CB88002BEED14E881D
:10FB28007F2EEBD890F89C32032BE7D0F1B280F807
:10FB38009E12F6F76DFA284600F02AFA002E40F0D9
:10FB4800E080012385F89C3267E700234A88ADF8F6
:10FB58000630130A013B062BD0D801A151F823F037
:10FB680011FC0024F7FB002421FC002405FB0024E1
:10FB780005FB0024E3FB0024ABFB0024CA88012A10
:10FB8800BCD190F89C120229CBB200F28280002BE3
:10FB98003FF43AAF0146002341F8083F00F0D6F998
:10FBA8003BE7037C002BA9D1D0F8B8320DF1060051
:10FBB8001B6B984707234370F288002A65D0BDF86D
:10FBC8000630002B9AD09A420146284628BF1A468A
:10FBD800ADF8062000F0BAF91FE7037C002B8DD1A1
:10FBE800D0F8B8320DF106005B6B9847E4E7037C68
:10FBF800002B40F09A80D0F8B8320DF106009B6ACD
:10FC0800984702234370D7E7D0F8B4320DF10601C4
:10FC1800007C1B689847CFE7D2B2052A3FF66EAF43
:10FC2800DFE802F026201A140E03D0F8B4329B69DC
:10FC3800002B3FF463AF0DF10601287C9847BBE722
:10FC4800D0F8B4325B69002BF5D157E7D0F8B4325D
:10FC58001B69002BEFD151E7D0F8B432DB68002BD9
:10FC6800E9D14BE7D0F8B4329B68002BE3D145E7E4
:10FC7800D0F8B4325B68002BDDD13FE70223416046
:10FC88000C4680F89C32FFF73DFD284600F080F9CD
:10FC9800C3E6032B7FF4B8AE011D00F057F9BCE6AC
:10FCA8000029F2D001214160FFF724FD0446002815
:10FCB80046D080212846F6F77BF900212846F6F73A
:10FCC80077F985F89C72A8E60029D7D04168012900
:10FCD800DBD0C9B2FFF716FD317828466960FFF717
:10FCE80009FD06460028D0D080212846F6F760F99D
:10FCF800002128463446F6F75BF929792846FFF7AC
:10FD080001FD022385F89C3287E68B881B0A80F860
:10FD1800A03200F03DF980E680210324F6F748F987
:10FD280000212846F6F744F977E6D0F8B8320DF105
:10FD38000600DB6A9847022343703DE7602A0020EB
:10FD4800284600F025F9032385F89C3265E600BFB4
:10FD580038B50B780D46044603F06002402A0BD0F4
:10FD68005B0609D500258021F6F722F920462946A9
:10FD7800F6F71EF9284638BD94F89C32013B022B51
:10FD880002D8297901290AD980212046F6F710F9E5
:10FD9800002120460D46F6F70BF9284638BD2046C7
:10FDA800FFF722FE90B9D4F8B8329B6873B12946A0
:10FDB800C4F8D40220469847EB880546002BD9D1D1
:10FDC8000028D7D1204600F0E3F8D3E703252846DA
:10FDD80038BD00BF30B50C468A8883B00546237805
:10FDE800D1B203F06003202B1ED0402B1CD06BB384
:10FDF80080212846F6F7DCF800212846F6F7D8F8DF
:10FE0800002003B030BD90F89C32022BDAB259D0F2
:10FE1800032AEDD16388002BF2D14B067ED1284608
:10FE2800019100F0B5F801992846FFF7DFFD002899
:10FE3800E6D1D5F8B832C5F8D4029B68002BDFD0DC
:10FE48002146284603B0BDE8304018476378012BA7
:10FE5800D9D0032B24D0002BCAD190F89C32022B86
:10FE6800D8B238D00328C3D101F00F03120603EB30
:10FE7800830305EB83033FD4B3F86431002BB7D079
:10FE880001F07F03142404FB035404F5AA74002B27
:10FE98003ED1236002222146284600F057F8AFE7FA
:10FEA80090F89C32022BDAB20CD0032AA0D16388D6
:10FEB80023B9480602D0E388002B36D0284600F044
:10FEC80067F89DE74A0693D0F6F772F8802128462E
:10FED800F6F76EF894E748068AD111064FF000034A
:10FEE8004FF0020228464CBF05F1140105F5AA712E
:10FEF8000B6000F02BF883E79B8C002B3FF478AF66
:10FF080001F07F035C1C04EB840405EB8404BEE76A
:10FF18002846F6F769F830B10123BAE70191F6F7F8
:10FF280055F801997BE72060B4E72846F6F740F8D2
:10FF3800C4E700BF0B7803704B7843704B8843804D
:10FF48008B888380CB88C380704700BF10B5134669
:10FF580002240A460021C0F89442C0E90633F6F7A5
:10FF680065F8002010BD00BF8C46002108B5134677
:10FF78006246F6F75BF8002008BD00BF8C460021FA
:10FF880008B513466246F6F75FF8002008BD00BFC3
:10FF9800002310B504241A461946C0F89442F6F70F
:10FFA80045F8002010BD00BF002310B505241A46EF
:10FFB8001946C0F89442F6F747F8002010BD00BF74
:10FFC800D0F8C8230132C0F8C82302780B2A00D021
:10FFD8007047D0F88033002BFAD09B69184700BFD0
:10FFE800012380F823337047002380F823337047B8
:08FFF80003460022012110461E
:020000042401D5
:1000000083F8201383F8212383F82223704700BF4D
:1000100038B501230025044680F8213380F82353A6
:1000200080F82053F6F738F82179204600F006F8DA
:100030006179204600F002F8284638BD0A2907D821
:1000400000EB8100D0F88833C3F30E03C0F8883387
:10005000002070470C4A82B00C4BD2F8DC1041F003
:100060004001C2F8DC10D2F8DC2002F0400201921C
:10007000019A1A6822F020021A601A6842F00402FB
:100080001A6002B0704700BF0044025800180248CE
:1000900070B5002304464FF4806204214FF44035CC
:1000A0003448C4F83821C4F8D410C4F83431C4F842
:1000B0004C113149C4F8B000C4F82811C4E92F32FA
:1000C000C4E93133C4E93335C4E93733C4E94F33C4
:1000D000C4E95135C4E95533A2680323C4F8D830C4
:1000E000C4F85031042A0AD8DFE802F01F262D3464
:1000F000030055225623C4F8B420C4F82C31002242
:10010000402304F1B005C4F8B8202846C4F83031C3
:10011000F7F7EEFA08B1FFBEFEE704F59476304635
:10012000F7F7E6FAE8B1FFBEFEE725222623C4F87A
:10013000B420C4F82C31E2E727222823C4F8B420E5
:10014000C4F82C31DBE73D223E23C4F8B420C4F8C8
:100150002C31D4E753225423C4F8B420C4F82C31F2
:10016000CDE704F12803C4E92865C4F8E830C4F8F1
:10017000603170BD40040240580402402DE9F04F48
:10018000814683B00E4617461D4600F128042046DE
:1001900003F058F901288246F9D14846FFF778FF65
:1001A0008046002835D1EFF31083019372B6DFF853
:1001B00088B00C9B99F90820DFF880A0DFF88090C8
:1001C000CBF800300D9B89F80020CAF800300DB143
:1001D0001846A847BAB23146204602F0C5FC30B9ED
:1001E000019B03B962B6404603B0BDE8F08F00231F
:1001F000CBF80030CAF80030FF2389F800300C9BA0
:100200008BB101210D9888469847019B002BEAD1BC
:10021000E8E70C9B53B1D0460D98514698474046AD
:1002200003B0BDE8F08F4FF00108D9E7D046404653
:1002300003B0BDE8F08F00BF843400208C34002070
:10024000883400202DE9F04F814683B00E461746D2
:100250001D4600F12804204603F0F4F801288246E8
:10026000F9D14846FFF714FF8046002835D1EFF357
:100270001083019372B6DFF888B00C9B99F90820BF
:10028000DFF880A0DFF88090CBF800300D9B89F874
:100290000020CAF800300DB11846A847BAB231465E
:1002A000204602F021FD30B9019B03B962B64046F9
:1002B00003B0BDE8F08F0023CBF80030CAF800305F
:1002C000FF2389F800300C9B8BB101210D988846E3
:1002D0009847019B002BEAD1E8E70C9B53B1D0462D
:1002E0000D9851469847404603B0BDE8F08F4FF057
:1002F0000108D9E7D046404603B0BDE8F08F00BF03
:10030000843400208C340020883400202DE9F04F04
:10031000814683B00F461646984600F128042046D1
:1003200003F090F80128FAD182464846FFF7B0FE64
:100330000546002838D1EFF31083019372B699F97E
:100340000830DFF88890DFF888B089F800300D9B1E
:10035000DFF880A0CBF800300E9BCAF800300C9B71
:100360000BB10E9898471FFA88F33A46314620465B
:1003700002F084FD30B9019B03B962B6284603B090
:10038000BDE8F08F0023CBF80030CAF80030FF231F
:1003900089F800300D9B8BB101210E980D469847CE
:1003A000019B002BEAD1E8E70D9B4BB155460E9817
:1003B00051469847284603B0BDE8F08F0125DAE79B
:1003C0005546284603B0BDE8F08F00BF88340020B2
:1003D000843400208C3400202DE9F041022286B0C4
:1003E0000026044605690496CDE90226D0E902728A
:1003F000BF000AB3022D00F0C8802078B5FA85F559
:100400000126D4F820800B284FEA551521D1A07879
:100410000B2801D0002E3AD120790B2801D0002DD5
:100420005ED1A079B8F1000F02D00B2840F0848093
:10043000002006B0BDE8F08135F002032078D4F842
:1004400020800CBF01260026023D18BF01250B2885
:10045000DDD0764B617853F827301A780B2A02D01A
:10046000904200F09A80DA7803F1030C0B2A02D054
:10047000824200F0A2809A7903F1060C824202D1F6
:100480000B2A40F0A080012006B0BDE8F0817A1C64
:10049000664BE17853F822301A780B2A02D090424A
:1004A00000F09A80DA78DE1C0B2A02D0904200F02D
:1004B000AC809A799E1D9042E5D10B2AE3D0DB797E
:1004C0008B42E0D133469B780A28059340F289801D
:1004D000002001238B4001A90193F8F7ADFA9BE7B7
:1004E000BA1C524B617953F822301A780B2A01D08A
:1004F00090427AD0DA78DD1C0B2A02D0904200F0CC
:100500008A809A799D1D9042BDD10B2ABBD0DB79A0
:100510008B42B8D12B469B780A28059369D90020D5
:1005200001238B4001A90193F8F786FAA079B8F16D
:10053000000F7FF47AAF7BE73C4B0337E47953F845
:1005400027301A780B2A01D0904256D0DA78D91C7D
:100550000B2A01D0904264D09A79991D904292D191
:100560000B2A90D0DB79A3428DD10B469B780A28C9
:10057000059346D90020012301A9A3400193F8F770
:100580005BFA002006B0BDE8F08100780125D4F8C0
:1005900020800B283FF440AF5BE75A788A427FF413
:1005A00062AF9B780A28059312D9002001238B4063
:1005B00001A90193F8F740FA29E71A798A427FF4F2
:1005C0005AAF6346EDE7DB798B427FF45CAFF8E727
:1005D000174B03EB8020E9E75A788A427FF462AF39
:1005E00071E7134B03EB802073E75A788A4281D17D
:1005F00091E70F4B03EB802092E75A78A242A5D1F6
:10060000B4E70B4B03EB8020B5E71A798A427FF4FD
:1006100050AF334657E71A798A427FF472AF2B46C0
:1006200079E71A79A24297D10B469FE79C4B0124A8
:1006300000000258B04A0368934200F05F83A2F5BD
:100640007842934200F05C8302F58062934200F0AE
:10065000598302F57842934200F0568302F5E05246
:10066000934200F05383A54A934240F05183052101
:10067000A34B10B54FF4D074B2B001FB04F41A5D73
:100680001C440A2A19D8DFE812F02B03AB02B90286
:10069000C902D702E502F30201030F031D030B0099
:1006A000984AD2F8E00040F48060C2F8E000D2F846
:1006B000E02002F480623192319AA2780A2A19D895
:1006C000DFE812F0E200F000FE000C012201300130
:1006D000CA01D801E601F4010B008A4AD2F8E00011
:1006E00040F48060C2F8E000D2F8E02002F48062BA
:1006F0002692269A22790A2A19D8DFE812F0E50113
:10070000F30101020F021D022B02390247025502BA
:1007100063020B007B4AD2F8E00040F48060C2F82C
:10072000E000D2F8E02002F480621B921B9AA279CA
:100730000A2A19D8DFE812F020012E013C014A01F3
:100740005801660174018201040112010B006D4A17
:10075000D2F8E00040F48060C2F8E000D2F8E02077
:1007600002F480621092109A4FF4D07202FB0133AF
:100770009B68052B11D8DFE803F0192F455B710347
:10078000604BD3F8F42042F02002C3F8F420D3F8F1
:10079000F43003F020030593059B2046FFF71CFE71
:1007A000012801D032B010BDFFBEFEE7554B00223C
:1007B0002320D3F8F01041F48051C3F8F010114613
:1007C000D3F8F03003F480530093009BF6F7DEFB80
:1007D0002320F6F719FCE0E74A4B00222420D3F847
:1007E000E81041F48041C3F8E8101146D3F8E8302E
:1007F00003F480430193019BF6F7C8FB2420F6F72E
:1008000003FCCAE73F4B00223320D3F8E81041F441
:100810000041C3F8E8101146D3F8E83003F4004370
:100820000293029BF6F7B2FB3320F6F7EDFBB4E739
:10083000344B00225420D3F8F01041F40051C3F897
:10084000F0101146D3F8F03003F400530393039BE8
:10085000F6F79CFB5420F6F7D7FB9EE7294B0022C6
:100860005520D3F8F01041F48011C3F8F010114670
:10087000D3F8F03003F480130493049BF6F786FB5F
:100880005520F6F7C1FB88E71E4AD2F8E00040F099
:100890000100C2F8E000D2F8E02002F001021C9250
:1008A0001C9A27E7174AD2F8E00040F00200C2F88D
:1008B000E000D2F8E02002F002021D921D9A19E732
:1008C000104AD2F8E00040F00400C2F8E000D2F88C
:1008D000E02002F004021E921E9A0BE7094AD2F8A9
:1008E000E00040F00800C2F8E000D2F8E02002F09A
:1008F00008021F921F9AFDE60030014000140058C4
:10090000642A002000440258C34AD2F8E00040F0B4
:100910001000C2F8E000D2F8E02002F010022092AD
:10092000209AE7E6BC4AD2F8E00040F02000C2F886
:10093000E000D2F8E02002F020022192219AD9E6CC
:10094000B54AD2F8E00040F48070C2F8E000D2F876
:10095000E02002F480720E920E9A05E7AE4AD2F8B9
:10096000E00040F40070C2F8E000D2F8E02002F4A9
:1009700000720F920F9AF7E6A74AD2F8E00040F013
:100980000100C2F8E000D2F8E02002F00102069275
:10099000069AE9E6A04AD2F8E00040F00200C2F868
:1009A000E000D2F8E02002F002020792079ADBE6AC
:1009B000994AD2F8E00040F00400C2F8E000D2F812
:1009C000E02002F004020892089ACDE6924AD2F89A
:1009D000E00040F00800C2F8E000D2F8E02002F0A9
:1009E00008020992099ABFE68B4AD2F8E00040F06B
:1009F0001000C2F8E000D2F8E02002F010020A92E3
:100A00000A9AB1E6844AD2F8E00040F02000C2F829
:100A1000E000D2F8E02002F020020B920B9AA3E64D
:100A20007D4AD2F8E00040F04000C2F8E000D2F881
:100A3000E02002F040020C920C9A95E6764AD2F839
:100A4000E00040F08000C2F8E000D2F8E02002F0C0
:100A500080020D920D9A87E66F4AD2F8E00040F0CE
:100A60004000C2F8E000D2F8E02002F040022292FA
:100A7000229A3FE6684AD2F8E00040F08000C2F8CF
:100A8000E000D2F8E02002F080022392239A31E6BF
:100A9000614AD2F8E00040F48070C2F8E000D2F879
:100AA000E02002F480722492249A23E65A4AD2F873
:100AB000E00040F40070C2F8E000D2F8E02002F458
:100AC00000722592259A15E6534AD2F8E00040F0CC
:100AD0000100C2F8E000D2F8E02002F00102119219
:100AE000119A24E64C4AD2F8E00040F00200C2F825
:100AF000E000D2F8E02002F002021292129A16E60A
:100B0000454AD2F8E00040F00400C2F8E000D2F814
:100B1000E02002F004021392139A08E63E4AD2F84B
:100B2000E00040F00800C2F8E000D2F8E02002F057
:100B300008021492149AFAE5374AD2F8E00040F01D
:100B40001000C2F8E000D2F8E02002F01002159286
:100B5000159AECE5304AD2F8E00040F02000C2F8E7
:100B6000E000D2F8E02002F020021692169ADEE5AC
:100B7000294AD2F8E00040F04000C2F8E000D2F884
:100B8000E02002F040021792179AD0E5224AD2F8EC
:100B9000E00040F08000C2F8E000D2F8E02002F06F
:100BA00080021892189AC2E51B4AD2F8E00040F47D
:100BB0008070C2F8E000D2F8E02002F4807219924E
:100BC000199AB4E5144AD2F8E00040F40070C2F873
:100BD000E000D2F8E02002F400721A921A9AA6E518
:100BE0000D4AD2F8E00040F00200C2F8E000D2F86E
:100BF000E02002F002022892289A5EE5064AD2F826
:100C0000E00040F00400C2F8E000D2F8E02002F07A
:100C100004022992299A50E5004402583E4AD2F82B
:100C2000E00040F00800C2F8E000D2F8E02002F056
:100C300008022A922A9A40E5374AD2F8E00040F0AA
:100C40001000C2F8E000D2F8E02002F010022B926F
:100C50002B9A32E5304AD2F8E00040F02000C2F88A
:100C6000E000D2F8E02002F020022C922C9A24E539
:100C7000294AD2F8E00040F04000C2F8E000D2F883
:100C8000E02002F040022D922D9A16E5224AD2F879
:100C9000E00040F08000C2F8E000D2F8E02002F06E
:100CA00080022E922E9A08E51B4AD2F8E00040F40A
:100CB0008070C2F8E000D2F8E02002F480722F9237
:100CC0002F9AFAE4144AD2F8E00040F40070C2F817
:100CD000E000D2F8E02002F400723092309AECE4A6
:100CE0000D4AD2F8E00040F00100C2F8E000D2F86E
:100CF000E02002F001022792279ADEE40021B7E407
:100D00000121B5E40221B3E40321B1E40421AFE4FD
:100D100000231B78FFDE00BF004402582DE9F0439A
:100D2000002289B01B4B01210DF1040C9E461A4B89
:100D30000791E146E04667460EF11C060EF13805C4
:100D40000EF15404CDE90122CDE90322CDE90522BB
:100D5000FF221A70BCE80F00AEE80F009CE8070005
:100D60008EE80700B9E80F000FC69CE8070086E888
:100D70000700B8E80F000FC59CE8070085E80700EA
:100D80000FCF0FC49CE8070084E8070009B0BDE856
:100D9000F08300BF1401002088340020014802F0D5
:100DA00047BA00BF8C2A0020014802F041BA00BFB8
:100DB0002C2C0020014802F03BBA00BFCC2D0020B3
:100DC000014802F035BA00BF6C2F0020014802F044
:100DD0002FBA00BF0C31002010B5EFF3108472B6AB
:100DE000084B1A78120602D504B962B610BD1B78FA
:100DF0004FF4D07204485BB202FB0300B030F7F747
:100E0000C9FAF1E788340020642A002010B5EFF316
:100E1000108472B6094B1A78120602D504B962B66C
:100E200010BD1B784FF4D07205485BB202FB030083
:100E300000F59470F7F7AEFAF0E700BF88340020B1
:100E4000642A00202DE9F04184B0EFF3108772B6D8
:100E5000284AFF21284C1368217023B1002111601A
:100E6000264A1068984723781B061CD5DFF8948023
:100E70000025234E4446216879B162686AB1A369AE
:100E8000012B22D0A3B963693046019323690093F3
:100E9000E3682289FFF7D6F918B301351C3406F54B
:100EA000D076042DE7D107B962B604B0BDE8F08171
:100EB000D4E90430CDE90130E06823890090304660
:100EC000FFF724FA0028E8D10BE0D4E904301146FA
:100ED000CDE900303046E3682289FFF74FF900285A
:100EE000DBD1C5EBC50508EB850348F82500586044
:100EF000D9E700BF84340020883400208C340020DF
:100F0000642A0020140100202DE9F04184B0EFF3A1
:100F1000108772B6284AFF21284C1368217023B12C
:100F200000211160264A1068984723781B061CD5BB
:100F3000DFF894800025234E4446216879B1626829
:100F40006AB1A369012B22D0A3B96369304601932A
:100F500023690093E3682289FFF774F918B3013518
:100F60001C3406F5D076042DE7D107B962B604B07B
:100F7000BDE8F081D4E90430CDE90130E06823898F
:100F800000903046FFF7C2F90028E8D10BE0D4E921
:100F900004301146CDE900303046E3682289FFF77E
:100FA000EDF80028DBD1C5EBC50508EB850348F853
:100FB00025005860D9E700BF843400208834002021
:100FC0008C340020642A0020140100202DE9F04117
:100FD00084B0EFF3108772B6284AFF21284C1368BB
:100FE000217023B100211160264A106898472378A8
:100FF0001B061CD5DFF894800025234E444621684B
:1010000079B162686AB1A369012B22D0A3B963697F
:101010003046019323690093E3682289FFF712F9B0
:1010200018B301351C3406F5D076042DE7D107B985
:1010300062B604B0BDE8F081D4E90430CDE90130F6
:10104000E068238900903046FFF760F90028E8D176
:101050000BE0D4E904301146CDE900303046E368B6
:101060002289FFF78BF80028DBD1C5EBC50508EB1B
:10107000850348F825005860D9E700BF8434002074
:10108000883400208C340020642A002014010020C1
:101090002DE9F04184B0EFF3108772B601F090FCB7
:1010A000284A294CFF21136821702BB100211160BF
:1010B0000121264A1068984723781B061CD5DFF8C3
:1010C00094800025224E4446216879B162686AB155
:1010D000A369012B22D0A3B9636930460193236928
:1010E0000093E3682289FFF7ADF818B301351C348B
:1010F00006F5D076042DE7D107B962B604B0BDE895
:10110000F081D4E90430CDE90130E0682389009012
:101110003046FFF7FBF80028E8D10BE0D4E90430B3
:101120001146CDE900303046E3682289FFF726F802
:101130000028DBD1C5EBC50508EB850348F8250081
:101140005860D9E784340020883400208C34002093
:10115000642A0020140100205E4B00226FF0F4117D
:10116000022030B40824DA615862C3F8BC21C3F805
:10117000C401C3F85C23C3F86403C3F8E014C3F8E4
:10118000E414C3F8F444C3F8F824C3F8FC24C3F807
:101190000405C3F88016C3F88416C3F89446C3F850
:1011A0009826C3F89C26C3F8A406C3F820184A4D15
:1011B000C3E90542C3E96D42C3E9D542C3E9001161
:1011C000C3E96811C3E9D011C3F824184349C3F82F
:1011D0003448C3F83828424CC3F83C28C3F84408C4
:1011E0000A888B783F482372E280C28003723E4CAB
:1011F0003E48E280A0F8032023724371C28003724C
:101200003B4C3C480968E2802372A0F803203A4C2A
:101210004371C28003723948E2802372A0F8032030
:10122000374C4371C2800372080C2180EA802B7214
:10123000A070A4F803206371E2802372314C2180F6
:10124000A070A4F803206371E28023722E4C2180E9
:10125000A070A4F803206371E28023722B4C2180DC
:10126000A070A4F803206371E2802372284C2180CF
:10127000A070A4F803206371E2802372254C2180C2
:10128000A070A4F803206371E2802372224C2180B5
:10129000A070E2802372A4F8032063711F4C2180A8
:1012A0001F49A070E2801F482372A1F803204B71F0
:1012B000CA800B72A4F803201B4963711B4CC280C7
:1012C000E28023720372A1F803204B71CA800B7273
:1012D00030BC7047642A0020D8000020984B0124BD
:1012E0009C0000209000002054000020C00000203E
:1012F000A8000020E4000020CC0000206C000020AA
:10130000543400203C340020483400202434002091
:1013100078340020603400206C3400203034002009
:1013200008010020FC00002078000020F0000020D0
:10133000714A036811698B4200B587B04BD0516F79
:101340008B4200F0B680D2F8D8108B4200F0B38008
:10135000D2F83C118B4200F0B080B3F1804F1ED028
:10136000664A93420DD0664A934200F0A880654ACF
:10137000934200F0B280644A93421ED007B05DF8F9
:1013800004FB624BD3F8E82042F00202C3F8E820E5
:10139000D3F8E83003F002030293029BEEE75B4BC5
:1013A000D3F8E82042F00102C3F8E820D3F8E8308F
:1013B00003F001030193019BE0E7544BD3F8E820CD
:1013C00042F01002C3F8E820D3F8E83003F010032D
:1013D0000593059BD2E700206421B3F1804F01FB08
:1013E0000022127B1ED045498B4235D044498B42A6
:1013F00048D044498B42BED1444BD3F8E81041F069
:101400000801C3F8E810D3F8E83003F008030493A8
:10141000049B002AB2D0322000220F21F5F7B6FD3E
:10142000322014E0394BD3F8E81041F00101C3F841
:10143000E810D3F8E83003F001030193019B002A80
:101440009CD01C2000220F21F5F7A0FD1C2007B026
:101450005DF804EBF5F7D8BD2C4BD3F8E81041F05C
:101460000201C3F8E810D3F8E83003F00203029356
:10147000029B002A82D01D2000220F21F5F786FD55
:101480001D20E4E7214BD3F8E81041F00401C3F834
:10149000E810D3F8E83003F004030393039B002A19
:1014A0003FF46CAF1E2000220F21F5F76FFD1E20C8
:1014B000CDE7012090E702208EE703208CE7134B55
:1014C000D3F8E82042F00402C3F8E820D3F8E8306B
:1014D00003F004030393039B50E70C4BD3F8E8207D
:1014E00042F00802C3F8E820D3F8E83003F008031C
:1014F0000493049B42E700BF9034002000040040A6
:1015000000080040000C0040001000400044025859
:101510000F4B026819698A420BD0596F8A4211D069
:10152000D3F8D8108A420FD0D3F83C118A420DD09C
:1015300070470021642202FB0133DA6D002AF7D0E4
:10154000186E10470121F5E70221F3E70321F1E7C7
:10155000903400200148FDF7BBB900BFA034002043
:101560000148FDF7B5B900BF043500200148FDF77B
:10157000AFB900BF683500200148FDF7A9B900BF29
:10158000CC350020F0B54FF0640C0F682E4D8DB0B7
:101590000CFB07FC032F05EB0C06066047DC0B4633
:1015A0000868344649689A6807C41B7B237004ACFA
:1015B0007268264B002A4FF00002726118BF102299
:1015C000B2610FCB84E80F000CAB03EB870353F839
:1015D000203CB3F1804F336124D01D4A934221D087
:1015E00030890CF1100464230021802203FB07538F
:1015F0002C44C3E907019A622046FCF72BFF0346FF
:1016000000B1FEE74FF4805208A9204609930193E8
:101610000892CDE90A33CDE90233FDF785F8034698
:1016200040B1FEE7642303FB07539868D9E7012024
:101630000DB0F0BD01A9204601930393FDF7F2F927
:101640000028F5D0FEE700BF90340020C44A0124F2
:10165000000C0040006808B5037B10302BB1FDF78B
:1016600007F8003818BF012008BDFCF7A9FF0038B3
:1016700018BF012008BD00BF0C4B00224FF0FF3106
:101680001A739960D96683F87020C3F8D01083F874
:10169000D420C3F8341183F83821C3E90022C3E908
:1016A0001922C3E93222C3E94B227047903400204B
:1016B0001F4BC1680268F0B5D3F88C5083B0036942
:1016C000ADB24D1BA2B1AB4212D00446866811D216
:1016D000F018E91ACDE9001001F0EAF80023DDE97D
:1016E0000010D4E90062B047E3682561AB421BD02B
:1016F00003B0F0BDF018C91ACDE9000101F0D8F827
:101700000023DDE90001D4E90072B84730462946DC
:1017100001F0CEF800233046626829462668B047BB
:10172000E3682561AB42E3D10023236103B0F0BD40
:10173000000002402DE9F84F04460F4690461E4631
:1017400000F13405284602F085F92028FAD14FF43B
:1017500080630020C4F8D830C4F850314FF44033CF
:10176000C4F8D400C4F8E830C4F860314E4BC4F873
:10177000E400C4F8C83003F57A73C4F8EC00C4F888
:1017800040314023C4F8D000C4F84831E369C4F8BC
:101790004C01C4F85C01C4F86401C4E93700C4E931
:1017A0005500072B0BD8DFE803F061535A373E454D
:1017B0004C045123C4F8CC305223C4F8443104F50E
:1017C000A0794846F5F794FF08B1FFBEFEE7C4F8DC
:1017D000B090C4F87851EFF3108972B6DFF8D0B04A
:1017E00094F91C30DFF8CCA08BF800300A9B2F4C0A
:1017F000CAF800300B9B23600EB11846B0471FFAA1
:1018000088F23946284601F021FEB0BBB9F1000F3D
:1018100000D162B6BDE8F88F3F23C4F8CC30402336
:10182000C4F84431CBE74123C4F8CC304223C4F898
:101830004431C4E74723C4F8CC304823C4F84431CA
:10184000BDE74F23C4F8CC305023C4F84431B6E789
:101850002B23C4F8CC302C23C4F84431AFE72D231C
:10186000C4F8CC302E23C4F84431A8E72923C4F8A7
:10187000CC302A23C4F84431A1E7FF238BF8003091
:101880000023CAF8003023600A9B3BB10B9801216A
:1018900098470120B9F1000FBCD1BAE70120B9F196
:1018A000000FB7D1B5E700BF88000240A045002077
:1018B0009C450020984500202DE9F84F04460F462E
:1018C00090461E4600F13405284602F0C3F8202851
:1018D000FAD14FF480630020C4F8D830C4F85031F6
:1018E0004FF44033C4F8D400C4F8E830C4F8603191
:1018F0004E4BC4F8E400C4F8C83003F57A73C4F85A
:10190000EC00C4F840314023C4F8D000C4F848319A
:10191000E369C4F84C01C4F85C01C4F86401C4E98B
:101920003700C4E95500072B0BD8DFE803F06153FB
:101930005A373E454C045123C4F8CC305223C4F8E6
:10194000443104F1C8094846F5F7D2FE08B1FFBE9C
:10195000FEE7C4F8B490C4F80051EFF3108972B6F2
:10196000DFF8D0B094F91C30DFF8CCA08BF8003051
:101970000A9B2F4CCAF800300B9B23600EB118460F
:10198000B0471FFA88F23946284602F011FDB0BB75
:10199000B9F1000F00D162B6BDE8F88F3F23C4F85B
:1019A000CC304023C4F84431CBE74123C4F8CC30D9
:1019B0004223C4F84431C4E74723C4F8CC30482359
:1019C000C4F84431BDE74F23C4F8CC305023C4F8E9
:1019D0004431B6E72B23C4F8CC302C23C4F844316F
:1019E000AFE72D23C4F8CC302E23C4F84431A8E748
:1019F0002923C4F8CC302A23C4F84431A1E7FF23BB
:101A00008BF800300023CAF8003023600A9B3BB1FA
:101A10000B98012198470120B9F1000FBCD1BAE71A
:101A20000120B9F1000FB7D1B5E700BF880002402F
:101A3000A04500209C450020984500202DE9F0415C
:101A40000D4682B0EFF3108772B6002948D1FF230C
:101A5000254A264C237013682BB1002029461060BC
:101A6000234A1068984723781B0625D5DFF888801D
:101A70000025204E444605E001351C3406F5DC7691
:101A8000092D19D0A369012B1BD0002BF4D121689B
:101A900030460029F0D06369019323690093E3681D
:101AA0002289FFF709FF0028E6D1C5EBC50508EB41
:101AB000850348F82500586007B962B602B0BDE852
:101AC000F08161680029D7D06369304601932369AA
:101AD0000093E3682289FFF72DFE0028CCD1E4E7CC
:101AE00002F0E0FBB3E700BF984500209C450020D2
:101AF000A04500202036002084010020F0B50023FE
:101B000087B0022204460493CDE90223C369007E14
:101B10005D000B2821D1A07E0B2802D1002007B048
:101B2000F0BD454A6B1C454952F823304D780A7880
:101B30001978E47E8A424CD088425AD0D978DE1C8B
:101B400091424ED088426DD099799E1D8A4265D0CF
:101B500088426CD0012007B0F0BD374B374953F8AD
:101B600025300A7891F801E0197894F819C08A4272
:101B700022D0884225D0D978DE1C8A4225D08842DE
:101B800033D099799E1D8A4227D08842E2D1DB79F1
:101B90006345DFD133469B780A28059308D9002096
:101BA000012301A903FA0CF30193F6F745FFB2E70D
:101BB000234B03EB8020F3E75E787645DBD0884249
:101BC000D9D159786145D6D1E5E71F797745D6D186
:101BD000D7E75E78AE42AFD1B0E7DA797245D4D1BB
:101BE000B8E71F79AF42ADD1AEE719796145C8D1E9
:101BF000D0E75978A142A1D19B780A28059309D949
:101C00000020012301A9A3400193F6F715FF00204E
:101C100007B0F0BD0A4B03EB8020F2E7DA79AA4265
:101C200096D197E71979A1428ED13346E4E7DB7963
:101C3000A3428FD13346DFE79C02002098020020A8
:101C400000000258B34A0368934270B5A4B000F094
:101C50003D82A2F54C42934200F03A8202F5806246
:101C6000934200F0378202F58062934200F03482A2
:101C700002F58062934200F0338202F544429342BF
:101C800000F02C82A2F51C42934200F02B8202F558
:101C90008062934200F028829F4A934240F026825D
:101CA00008259E4C4FF4DC7000FB0540837E0A2B18
:101CB00019D8DFE813F0B701C501D301E101EF0145
:101CC000FD017F018D019B01A9010B00944BD3F80D
:101CD000E02042F48062C3F8E020D3F8E03003F45F
:101CE00080631E931E9B037E0A2B19D8DFE813F036
:101CF000380146015401CB00D900E700F50003018B
:101D00001C012A010B00864BD3F8E02042F48062CC
:101D1000C3F8E020D3F8E03003F480631393139BFF
:101D20004FF4DC7303FB0543DB69082B13D8DFE8B2
:101D300003F03A48566472808E9C0500784BD3F8C5
:101D4000F42042F00802C3F8F420D3F8F43003F092
:101D500008030893089BFFF7D1FE012801D1FFBEBD
:101D6000FEE74FF4DC7324AA6E4E0DF17C0C03FBEE
:101D70000544E36902EB43050FCEACE80F0033687E
:101D80000022ACF80030114635F9140CF5F7FEF8D6
:101D9000E36924AA02EB430333F9140C24B0BDE831
:101DA0007040F5F731B95E4BD3F8F02042F01002E5
:101DB000C3F8F020D3F8F03003F010030093009B39
:101DC000C9E7574BD3F8E82042F40032C3F8E820C3
:101DD000D3F8E83003F400330193019BBBE7504B89
:101DE000D3F8E82042F48022C3F8E820D3F8E830A2
:101DF00003F480230293029BADE7494BD3F8E8201C
:101E000042F40022C3F8E820D3F8E83003F40023BA
:101E10000393039B9FE7424BD3F8E82042F48012E0
:101E2000C3F8E820D3F8E83003F480130493049B4C
:101E300091E73B4BD3F8F02042F02002C3F8F020AA
:101E4000D3F8F03003F020030593059B83E7344B70
:101E5000D3F8E82042F08042C3F8E820D3F8E83015
:101E600003F080430693069B75E72D4BD3F8E820DB
:101E700042F00042C3F8E820D3F8E83003F0004312
:101E80000793079B67E7264BD3F8E02042F0080250
:101E9000C3F8E020D3F8E03003F008030C930C9B68
:101EA0003EE71F4BD3F8E02042F01002C3F8E020D9
:101EB000D3F8E03003F010030D930D9B30E7184B7F
:101EC000D3F8E02042F02002C3F8E020D3F8E0305D
:101ED00003F020030E930E9B22E7114BD3F8E02072
:101EE00042F04002C3F8E020D3F8E03003F04003B2
:101EF0000F930F9B14E70A4BD3F8E02042F08002C7
:101F0000C3F8E020D3F8E03003F080031093109B77
:101F100006E700BF00100140000C005820360020EA
:101F200000440258D44A0124724BD3F8E02042F412
:101F30008072C3F8E020D3F8E03003F4807311938B
:101F4000119BEDE66B4BD3F8E02042F40072C3F82E
:101F5000E020D3F8E03003F400731293129BDFE625
:101F6000644BD3F8E02042F00102C3F8E020D3F83C
:101F7000E03003F001030993099BD1E65D4BD3F8F0
:101F8000E02042F00202C3F8E020D3F8E03003F092
:101F900002030A930A9BC3E6564BD3F8E02042F0B3
:101FA0000402C3F8E020D3F8E03003F004030B93FD
:101FB0000B9BB5E64F4BD3F8E02042F04002C3F84C
:101FC000E020D3F8E03003F040031A931A9B8AE62E
:101FD000484BD3F8E02042F08002C3F8E020D3F869
:101FE000E03003F080031B931B9B7CE6414BD3F84E
:101FF000E02042F48072C3F8E020D3F8E03003F42C
:1020000080731C931C9B6EE63A4BD3F8E02042F49D
:102010000072C3F8E020D3F8E03003F400731D939E
:102020001D9B60E6334BD3F8E02042F00102C3F879
:10203000E020D3F8E03003F001031493149B52E640
:102040002C4BD3F8E02042F00202C3F8E020D3F892
:10205000E03003F002031593159B44E6254BD3F8BB
:10206000E02042F00402C3F8E020D3F8E03003F0AF
:1020700004031693169B36E61E4BD3F8E02042F07D
:102080000802C3F8E020D3F8E03003F00803179308
:10209000179B28E6174BD3F8E02042F01002C3F854
:1020A000E020D3F8E03003F010031893189B1AE6F1
:1020B000104BD3F8E02042F02002C3F8E020D3F820
:1020C000E03003F020031993199B0CE60025E8E5A6
:1020D0000125E6E50225E4E50325E2E50525E0E541
:1020E0000425DEE50625DCE50725DAE500239B7EF1
:1020F000FFDE00BF004402582DE9F04F91B00023ED
:1021000001223F490DF1240A09938B4601F11C0974
:10211000CAF8143001F13808CDF800A001F15407D5
:10212000CDF804A001F17006CDF808A001F18C05EE
:10213000CDF80CA001F1A804CDF810A001F1C40E57
:10214000CDF814A001F1E00CCAE90133CAE9033368
:102150000F92FF222B4BCDE906AA1A70BAE80F00A6
:10216000ABE80F009AE80700009B8BE807009B464E
:10217000BBE80F00A9E80F009AE80700019B89E877
:1021800007009946B9E80F00A8E80F009AE8070091
:10219000029B88E807009846B8E80F000FC79AE846
:1021A0000700039B87E807001F460FCF0FC69AE87A
:1021B0000700049B86E807001E460FCE0FC59AE86D
:1021C0000700059B85E807001D460FCD0FC49AE860
:1021D0000700069B84E807001C460FCCAEE80F0002
:1021E000079B9AE807001C468EE807000FCCACE876
:1021F0000F009AE807008CE8070011B0BDE8F08FE7
:10220000840100209C45002010B5094C04F13400E5
:1022100001F002FA237D1BB1636BDB69DB0600D49E
:1022200010BD2046FFF744FA636B10221A6210BDFE
:102230002036002010B50B4C04F5F67001F0ECF9D7
:1022400094F8CC3123B1D4F8EC31DB69DB0600D44F
:1022500010BD04F5DC70FFF72BFAD4F8EC31102236
:102260001A6210BD2036002010B50B4C04F56970C1
:1022700001F0D2F994F8843323B1D4F8A433DB69A4
:10228000DB0600D410BD04F55C70FFF711FAD4F83A
:10229000A43310221A6210BD2036002010B50B4C5A
:1022A00004F25C5001F0B8F994F83C3523B1D4F84D
:1022B0005C35DB69DB0600D410BD04F5A560FFF7D3
:1022C000F7F9D4F85C3510221A6210BD20360020D0
:1022D00010B50B4C04F2147001F09EF994F8F4362A
:1022E00023B1D4F81437DB69DB0600D410BD04F544
:1022F000DC60FFF7DDF9D4F8143710221A6210BD44
:102300002036002010B50B4C04F6CC0001F084F907
:1023100094F8AC3823B1D4F8CC38DB69DB0600D4B0
:1023200010BD04F69800FFF7C3F9D4F8CC3810229A
:102330001A6210BD2036002010B50B4C04F6842024
:1023400001F06AF994F8643A23B1D4F8843ADB696D
:10235000DB0600D410BD04F52560FFF7A9F9D4F819
:10236000843A10221A6210BD2036002010B50B4CA2
:1023700004F63C4001F050F994F81C3C23B1D4F829
:102380003C3CDB69DB0600D410BD04F60840FFF7D7
:102390008FF9D4F83C3C10221A6210BD2036002080
:1023A00010B50B4C04F6F45001F036F994F8D43D16
:1023B00023B1D4F8F43DDB69DB0600D410BD04F58D
:1023C0005C60FFF775F9D4F8F43D10221A6210BD75
:1023D0002036002010B5EFF3108472B6084B1A783F
:1023E000120602D504B962B610BD1B784FF4DC7238
:1023F00004485BB202FB0300C830F5F7CBFFF1E7FE
:102400009C4500202036002010B5EFF3108472B6F2
:10241000094B1A78120602D504B962B610BD1B78B2
:102420004FF4DC7205485BB202FB030000F5A070BC
:10243000F5F7B0FFF0E700BF9C45002020360020F4
:102440000021FFF7FBBA00BF214A036893422BD05B
:10245000A2F54C42934229D002F58062934227D0E4
:1024600002F58062934225D002F58062934223D028
:1024700002F54442934221D0A2F51C4293421FD060
:1024800002F5806293421DD0124A93421CD1082269
:102490004FF4DC71104B01FB0233197D11B118466A
:1024A000FFF706B9FFF7CABA0022F1E70122EFE70A
:1024B0000222EDE70322EBE70422E9E70522E7E742
:1024C0000622E5E70722E3E700231B7DFFDE00BFCE
:1024D00000100140000C005820360020204A0368FC
:1024E000934229D0A2F54C42934227D002F5806254
:1024F000934225D002F58062934223D002F5806298
:10250000934221D002F5444293421FD0A2F51C42CF
:1025100093421DD002F5806293421BD0114A934230
:102520001AD1082310484FF4DC7202FB0300037D2C
:1025300003B97047FFF7BCB80023F3E70123F1E7C5
:102540000223EFE70323EDE70423EBE70523E9E7A5
:102550000623E7E70723E5E700231B7DFFDE00BF37
:1025600000100140000C005820360020214A03686A
:1025700093422BD0A2F54C42934229D002F58062BF
:10258000934227D002F58062934225D002F5806203
:10259000934223D002F54442934221D0A2F51C423B
:1025A00093421FD002F5806293421DD0124A93429B
:1025B0001CD108224FF4DC71104B4FF0000C01FBD2
:1025C0000233012183F814C0FFF738BA0022F1E783
:1025D0000122EFE70222EDE70322EBE70422E9E71D
:1025E0000522E7E70622E5E70722E3E700231B755C
:1025F000FFDE00BF00100140000C00582036002014
:102600005A4B0122002147F6122030B46FF0F41427
:102610001A6259629C61C3F8D041C3F88843C3F879
:102620004045C3F84825C3F84C15C3F85425C3F8F2
:102630005805C3F8F846C3F80027C3F80417C3F8D1
:102640000C27C3F81007C3F8B048C3F8B828C3F87C
:10265000BC18C3F8C428C3F8C808C3F8684A444D76
:10266000C3E90B20C3E97621C3E97920C3E9E4215A
:10267000C3E9E720C3F8702AC3F8204CC3F8D84D4B
:102680003C4CC3F8741AC3F87C2AC3F8800AC3F818
:10269000282CC3F82C1CC3F8342CC3F8380CC3F80E
:1026A000E02DC3F8E41DC3F8EC2D2188A278C3F80F
:1026B000F00D314B3148A3F803105A71D9801A72CA
:1026C0002F4B2A72E980A3F803102E4D5A71D9803E
:1026D0001A722D4BE9802A72A0F803104271C18052
:1026E0000272A3F803105A71D98020681A72040C80
:1026F000264B274D1880A3F803105A71D9801A72FF
:102700009C70244BE980A3F803105A71D9801A7287
:10271000214B2A72A3F803105A71D9801A721F4BE9
:1027200018809C70A3F803105A71D9801A721C4B40
:1027300018809C70A3F803105A71D9801A72194B33
:1027400018809C701848A3F803105A71D9801A7227
:10275000164BA0F803104271C1800272A3F8031057
:102760005A71D9801A7230BC704700BF20360020E1
:102770002C0300209802002044030020380300208E
:102780005C0300202003002050030020C8450020E7
:10279000080300206803002014030020A445002043
:1027A000BC450020B04500208C02002080020020A3
:1027B0003E4B00220B20114610B5D3F8D84082B012
:1027C00044F00104C3F8D840D3F8D84004F0010421
:1027D0000094009CD3F8D84044F00204C3F8D840D9
:1027E000D3F8D83003F002030193019BF4F7CEFB3A
:1027F0000B20F4F709FC00220C201146F4F7C6FB6D
:102800000C20F4F701FC00220D201146F4F7BEFB6A
:102810000D20F4F7F9FB00220E201146F4F7B6FB69
:102820000E20F4F7F1FB00220F201146F4F7AEFB67
:102830000F20F4F7E9FB002210201146F4F7A6FB65
:102840001020F4F7E1FB00223C201146F4F79EFB38
:102850003C20F4F7D9FB002211201146F4F796FB37
:102860001120F4F7D1FB002238201146F4F78EFB3B
:102870003820F4F7C9FB002239201146F4F786FB13
:102880003920F4F7C1FB00223A201146F4F77EFB11
:102890003A20F4F7B9FB00223B201146F4F776FB0F
:1028A0003B2002B0BDE81040F4F7AEBB0044025834
:1028B000203100290FDD20F01F00BFF34F8F064AA3
:1028C0000144C2F85C0220300B1A002BF9DCBFF384
:1028D0004F8FBFF36F8F704700ED00E0034688B164
:1028E00090F83D20022A03D0802201209A6670478A
:1028F00002680421002083F83D10D36823F001030F
:10290000D36070470120704703682C495A6910B49E
:102910009C6944F008049C619C6944F010049C612B
:102920001C6824F001041C601C692140196199682D
:1029300021F44041996090F88110042901D091065A
:1029400030D490F88110032901D054061FD491058A
:1029500009D5D0F8841041F00101C0F884109969BC
:1029600041F400719961D20509D5D0F8842042F074
:102970000802C0F884209A6942F480729A610023A8
:102980005DF8044BA0F86230A0F86A307047D0F8C8
:10299000841041F00401C0F88410996941F04001AD
:1029A0009961D4E7D0F8841041F08001C0F8841018
:1029B000996941F020019961C3E700BF90FCFFFFD6
:1029C000002800F0C980664A00212DE9F843036819
:1029D00004468162934217D0A2F57842934213D005
:1029E00002F580629342C26800F0AE800F2A08D8D8
:1029F000C06B02F108014509C90805FB011108294E
:102A000016D90120BDE8F883E268E06B02F1080105
:102A1000534E4509C90805FB0111524DAB4218BF81
:102A2000B34203D005F58065AB4201D11029E8D847
:102A300094F8811001F0FF0500297AD04FF00008CA
:102A40000221A769A56B84F88110B7F1806F19681E
:102A500021F001011960996801F4F81C616858D0EF
:102A600011F4800901D0062A49D8D3F800E02EF4E9
:102A7000807EC3F800E0666B42EA08023743666A6C
:102A800037432669374366693743266A3743E66C1E
:102A90003743A6683743A66C3743E6693243104391
:102AA000A26D3A4340EA0C000A4398601543DD608A
:102AB000B9B99A6822F4C05242F400629A609A68E6
:102AC00022F4C06242F480629A601A6D22F0010220
:102AD0001A6500200123C4F8840084F88130BDE821
:102AE000F8831A6D22F001021A65B9F1000FF0D0D7
:102AF000DA68616D22F000420A43DA60E9E7D3F850
:102B000000E0266D2EF4807E4EEA060EC3F800E04B
:102B1000B1E7B1F5800F06D00029A1D1B5F1805FF2
:102B200002D08946A1E7CDB91E6846F480561E60E2
:102B300096E7204684F88050FDF77CFD2368E26824
:102B4000D4F82880E06B7BE7C06B02F108014509EF
:102B5000C90805FB011169E701207047894682E732
:102B60000030014000380040F8B590F88030012B6B
:102B700000F0928090F88130154601220446DEB2C2
:102B8000934280F880206BD1002964D0B5FA85F398
:102B90005B09002D5FD003224366A0F8683080F8FF
:102BA0008120C0F88430A0F86250A0F86A30026832
:102BB000C165A0F86050C0E91C338368B3F5C02F2D
:102BC00065D0D36823F4C02343F40033D360E368B3
:102BD000A06F0F2B4AD98369B3F5804F3BD13E4F8D
:102BE000203252F8183C07643C4F23F40043C7637B
:102BF0003B4FC7640027076542F8183CB4F86230C1
:102C00009BB2F4F7E3FF002849D1A36F354ADB6993
:102C1000B3F5807F2368596802EA010218BF2A438E
:102C20005A609A68616842F40042B1F5800F9A6078
:102C30001A6942F448721A611A6842F001021A6075
:102C400003D11A6842F400721A6000231E4684F809
:102C500080303046F8BD002384F880303046F8BD1F
:102C60000023022680F880303046F8BD072B8369A8
:102C700021D8B3F5005F27D0B3F5804FAFD1B4F8BA
:102C800062309BB203339B08A4F86230A7E7136855
:102C900043F4006313609AE702263046F8BDD4F887
:102CA0008430012284F8807043F01003C4F884302B
:102CB00084F88120D2E7B3F5804F05D0B3F5005FEB
:102CC000C9D1B3F5804F8AD1B4F862309BB20133D9
:102CD0005B08A4F8623082E70D31012491300124B1
:102CE000393101240000FFFFF8B590F88030012B46
:102CF00000F0968090F88130154601220446DEB23D
:102D0000934280F880206AD1002963D0B5FA85F318
:102D10005B09002D5ED00422A0F86030416680F887
:102D20008120C0F88430A0F86A50A0F86230A0F882
:102D30006850C0E91C338368B3F5C02F03686AD0BC
:102D4000DA6822F4C02242F48022DA60E2680F2AB4
:102D50004BD9E06F8269B2F5804F3BD19A6822F47B
:102D600080429A60414F0A4603F13001B4F86A305C
:102D700007643F4F9BB2C7633E4FC7640027076598
:102D8000F4F724FF00284ED1E36F3B4ADB69B3F52B
:102D9000807F2368596802EA010218BF2A435A60FB
:102DA0009A68616842F48042B1F5800F9A601A69AE
:102DB00042F450721A611A6842F001021A6003D19B
:102DC0001A6842F400721A6000231E4684F88030AC
:102DD0003046F8BD002384F880303046F8BD00232B
:102DE000022680F880303046F8BD072A27D89A6836
:102DF000E06F22F480429A608269B2F5005F2DD0C4
:102E0000B2F5804FAED1B4F86A2092B20332920884
:102E1000A4F86A20A6E71A6822F400621A6095E70F
:102E200002263046F8BDD4F88430012284F8807040
:102E300043F01003C4F8843084F88120CDE7E06FBC
:102E40008769B7F5804F02D0B7F5005FC2D19A68A5
:102E5000B7F5804F22F480429A6083D1B4F86A209B
:102E600092B201325208A4F86A207BE71D31012496
:102E7000B9300124393101240000FFFF2DE9F84366
:102E80001D4690F88030012B00F08380012304461A
:102E900080F8803090F88130012BDEB251D1002DC6
:102EA00018BF002A47D0B1FA81F35B09002942D04C
:102EB000C165A0F8605001684266A0F86850C0E99A
:102EC0001C33052084F88100C4F88430A4F86250D3
:102ED000A4F86A50CB6823F4C023CB608B6823F43A
:102EE00040438B60E3680F2B32D9E06F8369B3F501
:102EF000804F20D1624F4FF00008B4F86A30303173
:102F00000764DFF888919BB25E4FC0F84C90C763AE
:102F1000C0F85080F4F75AFE074600283DD0D4F898
:102F20008430012284F8808043F01003C4F8843098
:102F300084F8812002E0002384F880303046BDE828
:102F4000F8830023022680F880303046BDE8F883FD
:102F5000072B5DD8A36F9B69B3F5005F78D0B3F5FD
:102F6000804F06D1B4F862309BB203339B08A4F8BB
:102F70006230E06F8369B3F5005F61D0B3F5804FD5
:102F8000B8D1B4F86A309BB203339B08A4F86A3016
:102F9000B0E702263046BDE8F8832268A06F936848
:102FA0002032E16D43F4804342F8183CB4F86230BB
:102FB000C0F84C909BB20765C0E90F77F4F706FEA6
:102FC00000284DD1A36F304ADB69B3F5807F2368B9
:102FD000596802EA010218BF2A435A609A68616878
:102FE00042F40042B1F5800F9A601A6942F45872B7
:102FF0001A611A6842F001021A6004D000231E46CA
:1030000084F880309AE71A6842F400721A60F5E793
:10301000E06F8369B3F5804F02D0B3F5005F8AD1CA
:10302000A76FBF69B7F5804F06D1B4F86270BFB221
:1030300001377F08A4F86270B3F5804F7FF45AAF70
:10304000B4F86A309BB201335B08A4F86A3051E7E8
:10305000B4F862309BB201335B08A4F8623088E7B1
:10306000E06FF4F755FFD4F88430012284F88070C3
:1030700043F01003C4F8843084F881205EE700BF79
:103080002D310124E13001240000FFFF39310124FA
:10309000806B08B590F88130072B09D0836FDB690E
:1030A000B3F5807F05D00268136943F0080313610C
:1030B00008BDFDF7C7FE08BD806B08B590F88130EC
:1030C000072B09D0C36FDB69B3F5807F05D0026899
:1030D000136943F00803136108BDFDF715FF08BD30
:1030E000806B08B590F88130072B09D0836FDB69BE
:1030F000B3F5807F05D00268136943F008031361BC
:1031000008BDFDF763FF08BD704700BF806B08B5C1
:10311000FFF7FAFF08BD00BF704700BF806B08B51E
:10312000FFF7FAFF08BD00BF704700BF806B08B50E
:10313000FFF7FAFF08BD00BF10B5846BF5F77AFC06
:10314000022800D110BD236830495A69986940F0BF
:1031500008009861986940F010009861186820F0A4
:1031600001001860186901401961996821F4404113
:10317000996094F88110042901D091063AD494F80A
:103180008110032901D0500629D4910509D5D4F81E
:10319000841041F00101C4F88410996941F4007170
:1031A0009961D20509D5D4F8842042F00802C4F808
:1031B00084209A6942F480729A6100230122204699
:1031C000A4F86230A4F86A30D4F8843043F01003D5
:1031D000C4F8843084F88120FDF75AFF10BDD4F87C
:1031E000841041F00401C4F88410996941F0400151
:1031F0009961CAE7D4F8841041F08001C4F88410C2
:10320000996941F020019961B9E700BF90FCFFFF87
:1032100008B5806B00230122A0F86A30A0F8623064
:1032200080F88120FDF734FF08BD00BF704700BF64
:10323000036819695A692DE9F0419F6801EA02059E
:1032400090F8816012050446F6B202D5090700F134
:10325000D28005F06402042A3ED005F04502012A1E
:1032600044D005F02602022A00F0DC802A075CD553
:103270009A6942F008029A619A6942F010029A61D2
:103280009A6942F400629A611A6922F008021A618E
:103290009A6812F4404F33D1B4F86A2092B27AB3EC
:1032A000616E0EE02268126B41F8042B6166B4F87F
:1032B0006A20013A92B2A4F86A20B4F86A2092B265
:1032C000F2B1E2680F2AEDD8072A40F2A3801A8EE5
:1032D00021F8022B6166EAE72046636F9847236F67
:1032E0002046984705F04503012B02D1236F204665
:1032F000984705F02605022D00F09480BDE8F08186
:103300002046FFF701FB012384F88130D4F8843094
:10331000002B7CD1052E00F08A80042E00F08A80DC
:10332000032EEBD1FDF78EFDE8E715F4587FE5D0CD
:103330006E0609D5D4F8842042F00402C4F8842033
:103340009A6942F040029A61A80509D5D4F8842010
:1033500042F00102C4F884209A6942F400729A6132
:10336000E90509D5D4F8842042F00802C4F8842085
:103370009A6942F480729A61AA0609D5D4F8842029
:1033800042F08002C4F884209A6942F020029A61D7
:10339000D4F88420002AB1D0196807F44047274A9E
:1033A00021F00101B7F5404F1960196902EA0102E5
:1033B0001A6128D19A68E06F22F440429A6050B1B5
:1033C0001F4B0365F4F71CFF28B1D4F8843043F099
:1033D0004003C4F88430A06F00288FD0184B0365D9
:1033E000F4F70EFF002889D0D4F8843043F040036E
:1033F000C4F8843082E79A6942F400629A61FFF768
:1034000015FFBDE8F0810123204684F88130FDF7E7
:103410003FFE73E7226892F830200A70616E013136
:10342000616644E7636F2046BDE8F0411847FDF749
:10343000CDFD63E7FDF768FD60E700BF94FCFFFF8B
:103440001132012490F88100704700BF70B5D0F8A8
:103450008860202E31D171B3B2FA82F56D0952B372
:103460002123A0F856200446C0F890500165A0F82A
:103470005420C0F88830C06F60B105651346134D05
:103480002268C563124D28320564124DC564F4F7F5
:103490009DFBA0B922684023136202F1080353E8A0
:1034A000003F43F0800302F1080040E800310029AA
:1034B000F3D1002070BD012070BD022070BD10232B
:1034C0000120C4F89030C4F8886070BDD93401245C
:1034D000213501242D35012408B5C369806BB3F56E
:1034E000807F18D000230268A0F8563002F108034C
:1034F00053E8003F23F0800302F1080040E8003168
:103500000029F3D152E8003F43F0400342E8003184
:103510000029F7D108BDFEF793FF08BD704700BF33
:10352000806B08B5FFF7FAFF08BD00BF806B03682A
:10353000D0F8881010B5D0F88C409A68120601D5E2
:1035400021290DD09A68520601D5222C23D0D0F81B
:10355000903043F01003C0F89030FFF707F810BD2B
:103560000022A0F8562053E8002F22F0C00243E8C2
:1035700000210029F7D103F1080252E8002F22F4BC
:10358000000203F1080C4CE800210029F3D12022AD
:10359000C0F88820D6E70022A0F85E2053E8002F6C
:1035A00022F4907243E800210029F7D1134C03F173
:1035B000080252E8002F224003F1080C4CE80021D9
:1035C0000029F4D1C26E012A06D0002320224367CD
:1035D000C0F88C20C366BAE753E8002F22F010022F
:1035E00043E800210029F0D053E8002F22F0100218
:1035F00043E800210029EFD1E7E700BFFEFFFFEF1E
:1036000008B5806B0023A0F85E30A0F85630FEF7B6
:10361000ADFF08BD704700BF036840F60F0CDA69C4
:1036200012EA0C0F70B51D680446996800F02181FC
:10363000B14EB24805EA060C08405CEA000640F0CC
:103640008980E06E012822D0D00202D54E0200F11E
:103650003981100606D501F4000105F08000014310
:1036600040F02881510667D56E0665D553E8002FD6
:1036700022F0400243E800210029F7D12022002354
:103680002046C4F88820A367FEF7DAFE70BDD00696
:10369000DAD5EE06D8D510221A629A68550640F19E
:1036A0003C81D4F8800001684A6892B2002AEDD0CB
:1036B000B4F85C109142E9D9A4F85E20C269B2F571
:1036C000807F2FD053E8002F22F4807243E800213E
:1036D0000029F7D103F1080252E8002F22F001027D
:1036E00003F1080545E800210029F3D103F10802A0
:1036F00052E8002F22F0400203F1080545E80021BE
:103700000029F3D12022C4F88C20E16653E8002F71
:1037100022F0100243E800210029F7D1F4F7F8FB6A
:10372000B4F85C10022320462367B4F85E30C91A4F
:1037300089B2FFF76FFF70BD100202D5690000F17A
:10374000E780D301A2D5002DA0DA2046BDE8704065
:1037500000F054BED60709D5EE0507D501261E6236
:10376000D4F8906046F00106C4F89060960740F1E6
:103770009280CE070AD502261E62D4F8906046F0E9
:103780000406C4F89060560700F18B8016070BD52D
:1037900005F02006304307D008201862D4F89000C6
:1037A00040F00800C4F8900016050AD5680108D555
:1037B0004FF400601862D4F8900040F02000C4F884
:1037C0009000D4F8900000283FF460AF96060BD527
:1037D00005F0200501F0805155EA010204D0626F26
:1037E00012B1204690472368D4F890509A6805F0AB
:1037F000280502F04002154300F0C58053E8002F71
:1038000022F4907243E800210029F7D13C4803F1EB
:10381000080252E8002F024003F1080545E80021A4
:103820000029F4D1E26E012A54D000222021C4F8EC
:103830008C10E266996862674D0665D503F108024F
:1038400052E8002F22F0400203F1080040E8002176
:103850000029F3D1D4F88000002855D0294B036506
:10386000F4F7CEFC00283FF411AFD4F88000036DCC
:103870000EE096067FF5E5AE05F0200601F0805CCF
:1038800056EA0C063FF4DDAE436F002B3FF4FEAE6C
:10389000BDE87040184756077FF578AFCE077FF533
:1038A00075AF04261E62D4F8906046F00206C4F894
:1038B00090606BE7A36F002B3FF4E8AE2046BDE8B5
:1038C000704018474FF4801220461A62BDE87040DD
:1038D00000F092BD53E8002F22F0100243E80021CF
:1038E0000029A2D053E8002F22F0100243E8002163
:1038F0000029EFD199E700BF20010004010000106A
:10390000FEFFFFEF013601242046FEF72FFE70BDBB
:103910002046BDE8704000F073BDB4F85E00B4F816
:103920005C10B4F85E20091A92B289B2002A3FF402
:10393000ADAE00293FF4AAAE53E8002F22F49072F6
:1039400043E800200028F7D1124D03F1080252E8A5
:10395000002F2A4003F1080646E800200028F4D191
:1039600020226067C4F88C20E06653E8002F22F024
:10397000100243E800200028F7D1022320462367E5
:10398000FFF748FE70BD2046FEF7F0FDC4F89050EA
:1039900070BD00BFFEFFFFEF806B08B5012303671A
:1039A000C36E012B02D0FEF799FD08BDB0F85C1084
:1039B0004908FFF72FFE08BD08B5C369806BB3F552
:1039C000807F29D000220368A0F85E2053E8002FF2
:1039D00022F4807243E800210029F7D103F10802A4
:1039E00052E8002F22F0010203F1080C4CE80021FC
:1039F0000029F3D103F1080252E8002F22F040021F
:103A000003F1080C4CE800210029F3D12022C0F872
:103A10008C20C26E012A07D000230367C36E012BDE
:103A200013D0FEF711FD08BD53E8002F22F010025D
:103A300043E800210029EFD053E8002F22F01002C4
:103A400043E800210029EFD1E6E7B0F85C10FFF76A
:103A5000E1FD08BDD0F88820D0F88C0010437047F5
:103A60000169826803680A43C04930B54569044664
:103A7000C06987B02A431D6802432940BC4D0A43F0
:103A8000E168AB421A605A6822F4405242EA0102ED
:103A9000A1695A6000F0E080226A9D681143B54A2E
:103AA0002A40656A11439960DA6A22F00F022A43BC
:103AB000DA62B14A934223D0B04A934276D0B04AF8
:103AC000934200F08F81AF4A934200F0E181AE4A09
:103AD000934200F02181AD4A934200F0E381AC4A69
:103AE000934200F03482AB4A934200F0E781012018
:103AF00000234FF001126367A266A36707B030BDD1
:103B0000A54B5B6D03F03803282BF0D8A34AD35C98
:103B1000B0F5004F55D0202B00F24A81202BE6D87B
:103B200001A252F823F000BF673D0124613D01244A
:103B3000EF3A0124EF3A0124513D0124EF3A0124E8
:103B4000EF3A0124EF3A0124433D0124EF3A0124E6
:103B5000EF3A0124EF3A0124EF3A0124EF3A01242D
:103B6000EF3A0124EF3A01242D3D0124EF3A0124DC
:103B7000EF3A0124EF3A0124EF3A0124EF3A01240D
:103B8000EF3A0124EF3A0124EF3A0124EF3A0124FD
:103B9000EF3A0124EF3A0124EF3A0124EF3A0124ED
:103BA000EF3A0124EF3A0124D13E01247A4B5B6DB8
:103BB00003F00703052B9AD8794AB0F5004FD35C80
:103BC000A9D1202B00F24581202B90D801A252F8D8
:103BD00023F000BF3B3F0124353F0124EF3A01248D
:103BE000EF3A0124413F0124EF3A0124EF3A012446
:103BF000EF3A0124233F0124EF3A0124EF3A012454
:103C0000EF3A0124EF3A0124EF3A0124EF3A01247C
:103C1000EF3A01240F3F0124EF3A0124EF3A012447
:103C2000EF3A0124EF3A0124EF3A0124EF3A01245C
:103C3000EF3A0124EF3A0124EF3A0124EF3A01244C
:103C4000EF3A0124EF3A0124EF3A0124EF3A01243C
:103C5000EF3A01244B3F01249868464A02404E48FF
:103C60000A439A60DA6A616A22F00F020A43DA6252
:103C7000836D03F00703052B3FF639AF494AD35C48
:103C8000202B00F2B980012B7FF631AF023B1E2BB7
:103C90003FF62DAF01A252F823F000BF053F0124EB
:103CA000EF3A0124FB3E0124EF3A0124EF3A0124CC
:103CB000EF3A0124E93E0124EF3A0124EF3A0124CE
:103CC000EF3A0124EF3A0124EF3A0124EF3A0124BC
:103CD000EF3A0124D53E0124EF3A0124EF3A0124C2
:103CE000EF3A0124EF3A0124EF3A0124EF3A01249C
:103CF000EF3A0124EF3A0124EF3A0124EF3A01248C
:103D0000EF3A0124EF3A0124EF3A0124EF3A01247B
:103D1000EF3A01240B3F01241F4B5B6D03F00703B7
:103D2000052B3FF6E4AE204AD35CF1E61A4B1A6845
:103D3000920640F1C1801B681C48C3F3C103D84000
:103D40003BE003A8F9F742FB049838B90020CFE61E
:103D50006846F9F77DFA01980028F7D0656A2CE0EB
:103D6000F8F72CFBF1E7F8F7E1FAEEE7F369FFCF9C
:103D7000000C0058FFF4FF11001001400044004007
:103D800000480040004C004000500040001401403A
:103D900000780040007C0040004402580C4C012494
:103DA000384C0124404C0124384C01240090D003AD
:103DB000402B7FF49CAE4FF400406C4B4FF6EF71FC
:103DC000626833F81530B0FBF3F303EB5203B3FB37
:103DD000F2F3A3F110028A423FF689AE2268002076
:103DE000D36085E6624B5B6D03F00703052B3FF65E
:103DF0007EAE604AD35C8BE6402B7FF478AE4FF406
:103E000000405A4B656833F8112005EB4501B0FBC3
:103E1000F2F399423FF66BAEB3EB053F3FF667AE68
:103E200000231946ECF714FC2A460902030241EA72
:103E30001061680818184FF0000341F10001ECF719
:103E400007FC4D4AA0F54071034691423FF64FAE44
:103E5000C4E7402B7FF44BAE444B626833F8151037
:103E60005308B0FBF1F003EB40004FF6EF73B0FBEB
:103E7000F2F0A0F110029A423FF639AE20F00F03A3
:103E8000C0F3420022689BB203430020D3602FE6B8
:103E9000374B5B6D03F00703052B3FF628AE374A1F
:103EA000D35C35E6324B5B6D03F03803282B3FF6CD
:103EB0001EAE334AD35C2BE632487EE72C4B5B6D5B
:103EC00003F00703052B3FF612AE2F4AD35C1FE623
:103ED0002E4872E7264B1A68900642D51B6829487F
:103EE000C3F3C103D8408CE703A8F9F76FFA04982D
:103EF00000283FF42BAF616A83E76846F9F7A8F919
:103F00000198F5E7F9F792F9F2E7204879E7184BBD
:103F10001A68910627D51B681A48C3F3C103D84015
:103F20009AE703A8F9F752FA049800283FF40EAF75
:103F3000656A91E7F8F742FAF7E7F8F7F7F9F4E777
:103F40006846F9F785F90198EFE7104884E7084BD0
:103F50005B6D03F00703052B3FF6C9AD0C4AD35C3C
:103F6000D6E508484DE7074876E700BF484C0124EE
:103F700000440258384C0124FFFC0F00384C012447
:103F80000C4C01240090D003384C012400093D0062
:103F9000384C0124836A1A0710B406D50168846B73
:103FA0004A6822F4004222434A60DC0706D50168D1
:103FB000C46A4A6822F4003222434A60990706D54F
:103FC0000168046B4A6822F4803222434A605A072F
:103FD00006D50168446B4A6822F4802222434A6075
:103FE000DC0606D50168C46B8A6822F4805222433D
:103FF0008A60990606D50168046C8A6822F400522A
:1040000022438A605A060AD50168446C4A68B4F5AE
:10401000801F22F4801242EA04024A600BD01B0681
:1040200006D50268C16C536823F400230B43536028
:104030005DF8044B70474A68846C22F4C002224346
:104040004A60ECE738B500230446C0F89030F2F738
:1040500095F82268054613681B070ED413685907A4
:1040600032D4002320221846C4F8882084F88430F3
:10407000C4F88C20E366236738BDD3699802EDD479
:104080000CE019681A46490705D5D96908074FD4C5
:10409000D96909057AD4DB699802DFD4F2F76EF8A2
:1040A000431BB3F1007F2368EBD353E8002F22F0CA
:1040B000800243E800210029F7D12023032084F85F
:1040C0008410C4F8883038BDD3695B02C9D40DE0D0
:1040D0001A68500707D5DA69110700F18580DA6997
:1040E000120500F1AF80DB695B02BAD4F2F746F843
:1040F000431BB3F1007F2368EAD353E8002F22F477
:10410000907243E800210029F7D103F1080252E838
:10411000002F22F0010203F1080040E800210029ED
:10412000F3D12023032084F88410C4F88C3038BDE8
:1041300008221A6253E8002F22F4907243E800210B
:104140000029F7D1564803F1080252E8002F024037
:1041500003F1080545E800210029F4D1E26E012AA7
:104160000BD0002220200821C4F88C006267E26690
:1041700084F88420C4F8901097E753E8002F22F0C9
:10418000100243E800210029F7D1EAE74FF400626A
:104190001A6253E8002F22F4907243E800210029AC
:1041A000F7D13F4803F1080252E8002F024003F123
:1041B000080545E800210029F4D1E26E012A0AD061
:1041C000002220216267C4F88C1084F88420E26603
:1041D000C4F8901069E753E8002F22F0100243E87A
:1041E00000210029F7D1EBE708221A6253E8002FDB
:1041F00022F4907243E800210029F7D1284803F106
:10420000080252E8002F024003F1080545E80021AA
:104210000029F4D1E26E012A0BD0002220200821CF
:10422000C4F88C006267E26684F88420C4F89010B9
:1042300063E753E8002F22F0100243E80021002931
:10424000F7D1EAE74FF400621A6253E8002F22F434
:10425000907243E800210029F7D1114803F10802C8
:1042600052E8002F024003F1080545E8002100292B
:10427000F4D1E26E012A0AD0002220216267C4F83C
:104280008C1084F88420E266C4F8901035E753E877
:10429000002F22F0100243E800210029F7D1EBE7BC
:1042A000FEFFFFEF80B3D0F8883010B5044633B37B
:1042B00022682423A16AC4F88830136823F001031C
:1042C0001360C1B92046FFF7CBFB012811D023684A
:1042D00020465A6822F490425A609A6822F02A02D4
:1042E0009A601A6842F00102BDE810401A60FFF7B8
:1042F000A9BE012010BD2046FFF74CFEE2E780F882
:104300008430FDF79FFCD3E70120704738B50446A1
:1043100000232220C4F89030C4F88C00D4F8800028
:10432000A165A4F85C2070B12568036513460A46B0
:1043300005F124011B4DC5631B4D05641B4DC56470
:10434000F3F744FC28BB23694BB1236853E8002FE3
:1043500042F4807243E800210029F7D100E023688D
:1043600003F1080252E8002F42F0010203F10800B5
:1043700040E800210029F3D103F1080252E8002FA0
:1043800042F0400203F1080141E800200028F3D187
:1043900038BD102220230120C4F89020C4F88C30AE
:1043A00038BD00BFB9390124993901242D350124C4
:1043B000D0F88C30202B1AD1B9B1B2FA82F35B0954
:1043C0009AB130B40468C3660A4B9C420AD0636851
:1043D0001B0207D554E8003F43F0806344E80035F2
:1043E000002DF7D130BCFFF791BF012070470220AC
:1043F000704700BF000C0058704700BF704700BFF7
:10440000704700BF0B460146184600F0F1BA0000A5
:1044100038B510EE104AC4F30A53B3F57D7FB7EEFA
:10442000C07A1ED227EE077BB3F5667F6FD327EEE7
:10443000071B634B93ED142B93ED125B93ED0E3B37
:10444000A7EE025B93ED0C0B93ED104BA7EE030B65
:1044500027EE017BA1EE040BA5EE070BB7EEC00B18
:1044600038BD40F22E42934254D8554991ED086B25
:1044700027EE066BFDEEC66B91ED0A5B16EE903AE9
:1044800003F500031B1613F0020F06EE903A01F13C
:10449000700208BF0A46D807B8EEE66BA6EE457B69
:1044A00027EE076B1AD503F0030301EBC30393ED6B
:1044B000002B92ED1A4B92ED185B92ED163BA6EE97
:1044C000045B27EE027B27EE064B26EE046BA4EE80
:1044D000037BA5EE067BB7EEC70B38BD92ED142B20
:1044E00092ED127B92ED0E3B92ED0C0B92ED104B88
:1044F00026EE065BA6EE027BA6EE030B26EE056B10
:10450000A5EE040BA7EE060BB7EEC00B38BDB7EE59
:10451000000A38BDB3F5FF6F3DD22A4BC4F3836266
:1045200003EB820153F822200D69C4F31603C4F390
:10453000C25043F400038340086A03FB02F2A3FB6A
:104540000010E3FB050202F100518D0F01F0404124
:10455000511AECF74FF81C4B9FED177B05EBD47409
:1045600041EC160B14F0020FA3F1700208BF1346C2
:10457000E90726EE077B27EE076B10D504F003044E
:1045800002EBC40494ED002B93ED1A4B93ED185BF2
:1045900093ED163B93E7BDE8384000F057B893ED34
:1045A000142B93ED127B93ED0E3B93ED0C0B93EDDF
:1045B000104B9DE7AFF30080182D4454FB21193CAC
:1045C000E84D0124884D0124584E012410B582B0D5
:1045D0008DED010A044600F019FA9DED010A046010
:1045E00002B010BD30B1F1EE407A27EE800A2220F1
:1045F000FFF7ECBFF0EE407A27EE800A2220FFF7AB
:10460000E5BF00BF9FED010AFFF7ECBF00000010FF
:104610009FED010AFFF7E6BF0000201A9FED010A97
:10462000FFF7E0BF000000709FED070AFFEE007A81
:10463000B7EE007A00284FF0220047FE277A87EE77
:10464000800AFFF7C3BF00BF0000000070EE407A91
:10465000B4EE400A87EEA77AF1EE10FAB0EE470A00
:1046600002D62120FFF7B2BF704700BF0000000054
:1046700030B410EE103A2DED028BA3F5000110EED0
:10468000902AB1F1FE4F10EE104A82B04FEA42017B
:104690007ED201F1FF3C6FF08070844580F0F9809C
:1046A000002004F1404303F54D03C3F3C341DB0D88
:1046B000DB05E21ADB1507EE903ABFEE001BB24BAA
:1046C00003EB011191ED004B05EE102AB7EEC55A30
:1046D000A4EE051B93ED444B21EE012B93ED465BBD
:1046E00093ED403BA1EE045B93ED426B93ED484BA1
:1046F000A1EE036B22EE023BB8EEE78BB7EEE07A59
:1047000091ED020B38EE000BA1EE040BA2EE050BAF
:10471000A6EE030B27EE000B10EE903A48F2BF0214
:10472000C3F3CF33934252D2B7EE007B974B93ED56
:10473000402B30EE023B13EE102A33EE423B02F0E8
:104740001F01821803EBC10053F83140456830EE79
:10475000433B93ED465B93ED424BA3EE057BB0EEFE
:10476000470B93ED446B0023181905EBC23141EC64
:10477000170BA3EE046B23EE034BA6EE040B20EE07
:10478000070BB7EEC00B02B0BDEC028B30BC70471C
:104790004D1E6FF08070854280F0CE8059004D1E16
:1047A000854280F09280002B55DB0020B4F5000F8D
:1047B000BFF477AFDFED767A07EE103A67EE277A2F
:1047C00017EE904A24F00044A4F1386469E79FEDA5
:1047D000667BB4EEC70BF1EE10FA15DC9FED647B3F
:1047E000B4EEC70BF1EE10FA20DD4FF04C5388B158
:1047F0000193DDED017ABFEE007A77EE677AF4EE91
:10480000477AF1EE10FA11D002B0BDEC028B30BC49
:10481000FFF704BF0093DDED007AB7EE007A77EE84
:10482000877AF4EE477AF1EE10FAEDD19FED527BE4
:10483000B4EEC70BF1EE10FA57D99FED517BB4EEF1
:10484000C70BF1EE10FA7FF56FAF02B0BDEC028B33
:1048500030BCFFF7DDBEC2F3C7517E2911DD9629BA
:1048600054DC0120C1F1960100FA01F1481E10420A
:1048700007D111EA020018BF4FF4803024F0004441
:1048800094E700EE103A02B0BDEC028B30BCFFF7AB
:10489000DDBE002952D0B3F17E5F2CD06400B4F1AC
:1048A0007F4F2ED8B1F17F4F2BD1B4F1FE4F4BD0BB
:1048B000B4F1FE4F6FEA020234BF00240124D20F8C
:1048C00094424CD09FED330A5DE7002B20EE000AA6
:1048D0001EDB002000293AD1002ABFF654AF02B0F7
:1048E000BDEC028B30BCFFF79FBE02B0BDEC028B6B
:1048F00030BCFFF787BE82F48002520012F5000F31
:1049000022D907EE903A37EEA00A3CE70020B5E73F
:10491000C2F3C753A3F17F001728DAD8C3F196007A
:10492000012303FA00F0441E1442D2D11040D1D02A
:10493000B1EE400A1846CDE70029AFD184F48002D9
:10494000520012F5000FDCD8B7EE000A1BE7002A70
:10495000BFF619AFF7EE007A87EE800A13E720EE74
:10496000A00A10E7AFF3008071D5D1FFFFFF5F40D1
:10497000E2AAA3FFFFFF5F400000000000C062C08A
:104980000000000000A062C0604C0124C84E012459
:104990000000004B0000000008B52DED028BB0EECA
:1049A000408A00F021F80E4B93F9003001330BD010
:1049B000B4EE488AF1EE10FA06D6DFED0A8AB4EEBC
:1049C000E88AF1EE10FA02D4BDEC028B08BD00F0CB
:1049D0001DF888EEA80ABDEC028B2123036008BDF8
:1049E0007C03002000000000B1EEC00A704700BF49
:1049F00010B5054C13462CB10A4601460220AFF310
:104A0000008010BD2046FCE700000000014B186844
:104A1000704700BF8003002070B50D4D0D4C641B26
:104A2000A4100026A64209D10B4D0C4C00F020FB2F
:104A3000641BA4100026A64205D170BD55F8043BA6
:104A400098470136EEE755F8043B98470136F2E700
:104A5000905001249050012490500124C45001240E
:104A60000A44914200F1FF3300D1704710B511F8AC
:104A7000014B03F8014F9142F9D110BD02440346A6
:104A8000934200D1704703F8011BF9E730000000A2
:104A9000030000000000803F0000803F000300068C
:104AA00000020007020102000101020400010000EF
:104AB000020302020054004000580040005C004025
:104AC000001C0058000000400004004000080040A6
:104AD000000C004025002600270034003500470068
:104AE000520053008E0000006666263F6666263F31
:104AF0006666263F6666263F0000803F0000803FD6
:104B0000020E0000020D0000010800000109000073
:104B1000060E000001040000020200000203000073
:104B2000060D00000303000002070000060000005D
:104B30000C0000001200000018000000000100003E
:104B4000060100000C010000120100001801000025
:104B500000020000060200000C0200001202000029
:104B60001802000000030000060300000A0A0909F9
:104B7000090A00000000FA4500007A460000FA46E3
:104B800000803B470080BB47000301030002010295
:104B900000061016000610160B00FF009C000020F7
:104BA000840000209000002054000020C00000205D
:104BB000A8000020B400002060000020E4000020D5
:104BC000CC000020D80000206C00002054340020CD
:104BD0003C34002048340020243400207834002065
:104BE000603400206C3400203034002008010020A4
:104BF000F0000020FC0000207800002000000000F1
:104C000001020304010203040607080901808080F1
:104C10008080808004808080808080800880808088
:104C20008080808010808080808080802080808054
:104C300080808080400000000004081020400000B8
:104C400002040810204000000100020004000600D9
:104C500008000A000C001000200040008000000145
:104C6000BEF3F879EC61F63F1930965BC6FEDEBF05
:104C70003D88AF4AED71F53FA4FCD432680BDBBF31
:104C8000B010F0F03995F43F7BB71F0A8B41D7BFC6
:104C90008503B8B095C9F33F7BCF6D1AE99DD3BFAB
:104CA000A564880C190DF33F31B6F2F39B1DD0BFFC
:104CB000A08E0B7B225EF23FF07A3B1B1D7CC9BFAE
:104CC0003F341A4A4ABBF13F9F3CAF93E3F9C2BF5E
:104CD000BAE58AF05823F13F5C8D78BFCB60B9BF4D
:104CE000A70099413F95F03FCE5F47B69D6FAABFA1
:104CF000000000000000F03F000000000000000085
:104D0000AC479AFD8C60EE3F3DF5249FCA38B33F17
:104D1000A06A021FB3A4EC3FBA913854A976C43FED
:104D2000E6FC6A573620EB3FD2E4C44A0B84CE3F00
:104D30002DAAA163D1C2E93F1C65C6F04506D43F48
:104D4000ED417803E686E83FF89F1B2C9C8ED83F08
:104D5000624853F5DC67E73FCC7BB14EA4E0DC3F13
:104D60000B6E49C91676D23F7AC675A06919D7BFAE
:104D7000DDBAA76C0AC7DE3FC8F6BE484715E7BFD5
:104D80002BB82A654715F73FA2000000F9A20000E2
:104D900083F9A2006E83F9A24E6E83F9444E6E83AE
:104DA00015444E6E2915444EFC29154427FC29153F
:104DB0005727FC29D15727FCF5D1572734F5D15770
:104DC000DD34F5D1C0DD34F5DBC0DD3462DBC0DDC0
:104DD0009562DBC0999562DB3C999562433C99955D
:104DE00090433C994190433C000000000000F03F9C
:104DF000000000000000F0BF000000000000F0BF55
:104E0000000000000000F03F83C8C96D305F6441BE
:104E1000182D4454FB21F93F000000000000F03F32
:104E20001C620CFDFFFFDFBF198F06E15355A53F44
:104E30009D359AE887C056BFC3F87B024393F93E7D
:104E400003A695595455C5BFC40B23057610813F61
:104E500024CF7437EB9429BF000000000000F03F1E
:104E6000000000000000F0BF000000000000F0BFE4
:104E7000000000000000F03F83C8C96D305F64414E
:104E8000182D4454FB21F93F000000000000F0BF42
:104E90001C620CFDFFFFDF3F198F06E15355A5BFD4
:104EA0009D359AE887C0563FC3F87B024393F9BE0D
:104EB00003A695595455C5BFC40B23057610813FF1
:104EC00024CF7437EB9429BF000000000000F03FAE
:104ED000748515D3B0D9EF3F0F89F96C58B5EF3F02
:104EE000515B12D00193EF3F7B517D3CB872EF3F95
:104EF000AAB968318754EF3F3862756E7A38EF3F50
:104F0000E1DE1FF59D1EEF3F15B7310AFE06EF3FAC
:104F1000CBA93A37A7F1EE3F2234124CA6DEEE3F82
:104F20002D89616008CEEE3F272A36D5DABFEE3FE5
:104F3000824F9D562BB4EE3F295448DD07ABEE3F20
:104F400085553AB07EA4EE3FCD3B7F669EA0EE3FF6
:104F5000745FECE8759FEE3F8701EB7314A1EE3FA1
:104F600013CE4C9989A5EE3FDBA02A42E5ACEE3F7B
:104F7000E5C5CDB037B7EE3F90F0A38291C4EE3FC8
:104F80005D253EB203D5EE3FADD35A999FE8EE3F83
:104F9000475EFBF276FFEE3F9C5285DD9B19EF3FAB
:104FA0006990EFDC2037EF3F87A4FBDC1858EF3F18
:104FB0005F9B7B33977CEF3FDA90A4A2AFA4EF3FD7
:104FC00040456E5B76D0EF3F000000000000E842F5
:104FD0009423914BF86AAC3FF3C4FA50CEBFCE3F56
:104FE000D6520CFF422EE63F00000000000038437E
:104FF000FE822B65471547409423914BF86ABC3ECF
:10500000F3C4FA50CEBF2E3FD6520CFF422E963F2D
:105010000000000000000000000000000000000090
:105020000000000000000000000000000000000080
:105030000000000000000000000000000000000070
:105040000000000000000000000000000000000060
:105050000000000000000000000000000000000050
:105060000000000000000000000000000000000040
:10507000F8B500BFF8BC08BC9E467047F8B500BF45
:08508000F8BC08BC9E46704715
:08508800F8B5FE7F01000000F5
:10509000BD020024AD170024B5200024C131002436
:1050A000893A0024193F0024C5470024C151002437
:1050B000CD580024C15E0024591101247916012421
:0450C00001260124A0
:0450C4009902002429
:1050C80000000000100000000000000000000000C8
:1050D80000000000000000000000000010000000B8
:1050E80000000000000000000000000000000000B8
:1050F8000000000010000000000000000000000098
:105108000000000000000000000000000100000096
:1051180010000000060A0500040500000000000059
:10512800010C050104070109050000000004060040
:10513800000000000000000000040800000000005B
:10514800000000000104050006050609050000002E
:10515800010505000705000000000000060B05001A
:105168000505000000000000010E05020205000010
:1051780000000000020105010F0502030500000000
:10518800030305000000000000000000020B0601F8
:105198000406000000000000020C060105070000DC
:1051A80000000000020A06000000000000000000E5
:1051B80001040800060800000000000001050800BE
:1051C80007080000000000000005080000000000BB
:1051D80000000000000000000000000000000000C7
:1051E80000000000000000000000000001000000B6
:1051F80000000000000000000000000000000000A7
:105208000000000000000000010000000000000095
:105218000000000000000000000000000000000086
:105228000000000001000000000000000000000075
:105238000000000000000000000000000000000066
:105248000100000000000000000000000000000055
:105258000000000000000000000000000100000045
:105268000000000000000000000000000000000036
:105278000000000000000000010000000000000025
:105288000000000000000000000000000000000016
:105298000000000001000000000000000000000005
:1052A80000000000000000000000000000000000F6
:1052B80001000000000000000000000000000000E5
:1052C80000000000000000000000000001000000D5
:1052D80000000000000000000000000000000000C6
:1052E80000000000000000000100000000000000B5
:1052F80000000000000000000000000000000000A6
:105308000000000001000000000000000000000094
:105318000000000000000000000000000000000085
:105328000100000000000000000000000000000074
:105338000000000000000000000000000100000064
:105348000107080000000000000000000106080036
:1053580000000000000000000B00FF002C030020EC
:105368002003002044030020380300205C030020B1
:1053780050030020F0020020E4020020080300206F
:10538800FC020020C8450020680300201403002008
:10539800A4450020BC450020B04500208C02002018
:1053A80080020020010808020B0800010800000024
:1053B800010908020A08000008000000010C0E0399
:1053C800020801050E000000020C0801060E00008C
:1053D8000000000001040B000000000000000000B5
:1053E800010707010F040000000000000106070183
:1053F8000E04000000000000000307000000000089
:10540800000000000002070000000000000000008B
:10541800020B07000000000000000000020A07005D
:10542800000000000000000006090700000000005E
:10543800000000000090D0030090D003FF0000009F
:105448008403002000000000305001245050012443
:1054580010500124000000000000000000000000BF
:105468000000000000000000000000000000000034
:105478000000000000000000000000000000000024
:105488000000000000000000000000000000000014
:105498000000000000000000000000000000000004
:0454A8000000000000
:040000052400096169
:00000001FF
