:020000042400D6
:1000000000000220E9050024DD05002491390024C8
:10001000DD050024DD050024DD05002400000000CE
:10002000000000000000000000000000DD050024CA
:10003000DD05002400000000DD0500241539002442
:10004000DD050024DD050024DD050024DD05002498
:10005000DD050024DD050024DD050024DD05002488
:10006000DD050024DD050024DD0500249136002493
:100070009D360024ED1A0024A9360024B53600244C
:10008000A90001246D270024DD050024DD050024DE
:10009000DD050024DD050024DD050024DD05002448
:1000A000DD050024DD050024DD050024DD05002438
:1000B00029F2002435F2002441F20024A127002473
:1000C000DD050024AD270024DD05002471EA0024AD
:1000D0007DEA0024DDFE002409FF00243DFF00240A
:1000E000DD050024DD05002400000000DD050024FE
:1000F000DD050024DD050024DD050024DD050024E8
:10010000DD050024DD0500244DF2002489EA0024E9
:1001100071FF0024A5FF00240D1E0024DD0500242E
:10012000F51D0024011E0024ADEA0024E1EA0024AC
:10013000DD000124DD050024DD050024DD050024AB
:1001400000000000000000000000000000000000AF
:10015000DD050024DD050024DD050024D9FF002491
:10016000B9270024DD05002425390024493900245D
:10017000DD0500246D390024DD050024DD050024A3
:10018000DD050024DD0500240D00012441000124CB
:1001900095EA0024A1EA0024DD050024DD05002401
:1001A000DD050024DD050024DD050024DD05002437
:1001B00085330024DD050024DD050024DD05002451
:1001C000DD050024DD050024DD050024DD05002417
:1001D000DD050024DD050024DD050024DD05002407
:1001E000DD050024DD050024DD050024DD050024F7
:1001F000DD050024DD050024DD050024DD050024E7
:10020000DD050024DD050024DD050024DD050024D6
:10021000DD050024DD050024DD050024DD050024C6
:10022000DD050024DD050024DD05002400000000BC
:10023000DD050024DD05002400000000DD050024AC
:10024000DD050024DD050024DD050024DD05002496
:10025000DD050024DD050024DD050024DD05002486
:10026000DD050024DD050024DD050024DD05002476
:10027000DD050024DD0500247500012400000000D8
:10028000DD050024DD050024DD050024000000005C
:0802900000000000DD05002460
:1002980010B5054C237833B9044B13B10448AFF3B8
:1002A80000800123237010BD80030020000000009F
:1002B8004823012408B5034B1BB103490348AFF396
:1002C800008008BD000000008403002048230124AA
:1002D80053B94AB9002908BF00281CBF4FF0FF31A5
:1002E8004FF0FF3000F074B9ADF1080C6DE904CEA1
:1002F80000F006F8DDF804E0DDE9022304B07047F9
:100308002DE9F047089D04468E46002B4DD18A42C0
:10031800944669D9B2FA82F252B101FA02F3C2F1F3
:10032800200120FA01F10CFA02FC41EA030E944084
:100338004FEA1C48210CBEFBF8F61FFA8CF708FBA5
:1003480016E341EA034306FB07F199420AD91CEB7D
:10035800030306F1FF3080F01F81994240F21C81AF
:10036800023E63445B1AA4B2B3FBF8F008FB1033F7
:1003780044EA034400FB07F7A7420AD91CEB04042C
:1003880000F1FF3380F00A81A74240F207816444FC
:10039800023840EA0640E41B00261DB1D440002381
:1003A800C5E900433146BDE8F0878B4209D9002DE5
:1003B80000F0EF800026C5E9000130463146BDE86F
:1003C800F087B3FA83F6002E4AD18B4202D38242D9
:1003D80000F2F980841A61EB030301209E46002D88
:1003E800E0D0C5E9004EDDE702B9FFDEB2FA82F2DD
:1003F800002A40F09280A1EB0C014FEA1C471FFA3B
:100408008CFE0126200CB1FBF7F307FB131140EA21
:1004180001410EFB03F0884208D91CEB010103F1EE
:10042800FF3802D2884200F2CB804346091AA4B2B0
:10043800B1FBF7F007FB101144EA01440EFB00FE84
:10044800A64508D91CEB040400F1FF3102D2A645E9
:1004580000F2BB800846A4EB0E0440EA03409CE788
:10046800C6F12007B34022FA07FC4CEA030C20FA35
:1004780007F401FA06F31C43F9404FEA1C4900FA55
:1004880006F3B1FBF9F8200C1FFA8CFE09FB1811D2
:1004980040EA014108FB0EF0884202FA06F20BD945
:1004A8001CEB010108F1FF3A80F08880884240F295
:1004B8008580A8F102086144091AA4B2B1FBF9F0D9
:1004C80009FB101144EA014100FB0EFE8E4508D9D4
:1004D8001CEB010100F1FF346CD28E456AD9023859
:1004E800614440EA0840A0FB0294A1EB0E01A1423E
:1004F800C846A64656D353D05DB1B3EB080261EBAC
:100508000E0101FA07F722FA06F3F1401F43C5E985
:10051800007100263146BDE8F087C2F12003D840BB
:100528000CFA02FC21FA03F3914001434FEA1C47FD
:100538001FFA8CFEB3FBF7F007FB10360B0C43EAEF
:10054800064300FB0EF69E4204FA02F408D91CEB9F
:10055800030300F1FF382FD29E422DD9023863449D
:100568009B1B89B2B3FBF7F607FB163341EA03413D
:1005780006FB0EF38B4208D91CEB010106F1FF388C
:1005880016D28B4214D9023E6144C91A46EA004683
:1005980038E72E46284605E70646E3E61846F8E615
:1005A8004B45A9D2B9EB020864EB0C0E0138A3E75E
:1005B8004646EAE7204694E74046D1E7D0467BE73F
:1005C800023B614432E7304609E76444023842E7B7
:1005D800704700BF684620F007018D46FEE700BF60
:1005E8000A480B4A904208B503D0121A094911F07B
:1005F800A7FD0948094A904203D0121A002111F0B8
:10060800ADFD11F079FD00F073F8FEE70000002061
:100618007C03002088230124800300206C3B0020F9
:10062800704700BF30B500F1B805044683B02846CE
:1006380000F0AAF9204600F0CBF8284600F03AFC72
:10064800254B04F128001A78597842EA012100F074
:1006580077FF284600F02EFC204B04F14C001A7856
:10066800597842EA012100F06BFF284600F022FC8D
:100678001B4B04F170001A78597842EA012100F006
:100688005FFF284600F016FC164B04F194001A7818
:10069800597842EA012100F053FF2846302100250D
:1006A80000F0DEFB104B009504F52A701A78597893
:1006B8002B4642EA0121012201F00AFE0B4B00956C
:1006C80004F52F701A7859782B4642EA0121012245
:1006D80001F0FEFD03B030BDD8210124DC21012446
:1006E800E4210124F4210124D0210124D42101246E
:1006F800F8B512480026FFF795FF012503F0B4F975
:10070800074603F0B1F904462A460121E31B0B48CA
:10071800B3F5FA7F0BD900F07BF83246022107487F
:1007280085F0010586F00106274600F071F80448B7
:1007380000F01EFF014800F071F8E2E79C0300207A
:10074800C40300201F4800231F4A204910B44FF655
:100758000B74C0F8D830C0E90043C0E90543C0E9CC
:100768000C43C0E91543C0E91E43C0E92743C0E96B
:100778003834C0E90233C0E90733C0E90E33C0E9B1
:100788001733C0E92033C0E92933C0E93133C0E960
:100798003A33C0F8F030A0F8BC42C0F8C832C0E91B
:1007A8009E43C0E9A443C0E9AA43C0E9A0335DF869
:1007B800044BC0E9A633C0E9AC33C0E9B03311F04B
:1007C80087BC00BF9C0300200000002029060024ED
:1007D8000D4B30B51A7883B000245978054642EAA3
:1007E800012123460122009401F072FD074B009479
:1007F80005F114001A785978234642EA01210122AA
:1008080001F066FD03B030BDE8210124EC2101248C
:100818000129114618BF143001F04CBE90F844303D
:10082800FF2B00D0704770B584B0044603F01CF964
:1008380007EE900AD4ED126AF8EE677A9FED257AF2
:1008480077EEE67AF4EEC77AF1EE10FA3FDB04F1C0
:10085800B800002504F11406039000F02FFB03985C
:1008680000F0FAFA1C4B009520461A7859782B4666
:1008780042EA0121012201F02BFD184A00952B467E
:10088800117830465278042541EA0221012201F00C
:100898001FFD0121204601F00DFE0021304601F028
:1008A80009FE642003F0E2F80021204601F002FE70
:1008B8003046012101F0FEFD642003F0D7F8013D28
:1008C800E7D1032004B0BDE8704003F0D1B804B00C
:1008D80070BD00BF00803B45E8210124EC210124C4
:1008E80000294ED0274BF0B5D0E90024481E03F16B
:1008F8000C0E951C03F1100C4E00AC4218BF0528D5
:1009080002EB41058CBF01200020624538BFAE458F
:100918002CBF01270027384227D02644644538BF1A
:10092800B64522D39D890026D8894FEA510E65F332
:100938000F06A44602EB8E0E65F31F46002560F3F2
:100948000F0560F31F45104640F8046B70454CF8DE
:10095800045BF9D121F00100C90705D5998922F86E
:100968001010DB8924F81030F0BD023A023C023D39
:10097800998922F8021FAA42D98924F8021FF7D1BF
:10098800F0BD7047740600202DE9F04F40F20113C6
:100998000E4A012680462DED028BADF2844DC0F83B
:1009A8001C22ADF81430002304968DF8163003F09D
:1009B80057FA044603F0AAF804A9054640B93CB121
:1009C80040468DF8166003F0CBF90BE07406002062
:1009D800404603F0C5F9002D00F02A8208F108000E
:1009E80000F086FB072C24AC0CD0D24908F10C008F
:1009F800D14BD24AC4E9001301232146A260A38146
:100A080002F0DAFA0322012300251AA902A8DFF866
:100A18003CA3029508F1100B0DF1500927462E460C
:100A2800CDE91E2300220123CDE920230122002342
:100A3800CDE92223C24BCDE91A5303F1007303F524
:100A480040731C934FF44173ADF8743002F034FED8
:100A580001230AA903A80D950A930C931023039563
:100A68008DF83830B74B0B9301F0A8FE039908F1C5
:100A7800200000F03BFA0DF1180C9AE80F008CE802
:100A88000F006146029A584600F044FC584600F0B0
:100A98008BFC5846B0EE408A00F074FCD0ED007A2A
:100AA8004FF60B7300200021F8EE677A0DF583628C
:100AB80023800AF1100CA382CE4688EE277AE560DF
:100AC800C4E90155CDE92A012385A3872562656319
:100AD800C4E90B55CDE93401A4F85430A56488ED78
:100AE800867ACDE93A01A4F86830A4F87C30256606
:100AF8006567C4E91B55CDE94401A4F89030A4F812
:100B0800A830C4F88850C4F89C50C4E92555C4E9F5
:100B18002B55A4F8BC30C4F8B450CDE95401A4F85E
:100B2800D030A4F8E430C4F8C850C4F8DC50C4E9A4
:100B38003555CDE95E01A4F8FC30C4F8F050CDE994
:100B48006401A4F81031A4F82431C4F80851C4F899
:100B58001C51C4E94555CDE96E01A4F83831A4F813
:100B68005031A4F86431C4F83051C4F84451C4F881
:100B78005C51C4E94F55C4E95555CDE97E01C4F827
:100B88007051A4F87831A4F88C31C4F88451C4E9C0
:100B98005F55CDE98801A4F8A431C4F89851CDE98E
:100BA8008E01A4F8B831A4F8CC31C4F8B051C4F817
:100BB800C451C4E96F55CDE99801A4F8E031A4F80F
:100BC800F831A4F80C32C4F8D851C4F8EC51C4F880
:100BD8000452C4E97955C4E97F55CDE9A801A4F8C0
:100BE8002032A4F83432C4F81852C4F82C52C4E99C
:100BF8008955CDE9B201A4F84C32C4F84052CDE988
:100C0800B801A4F86032A4F87432C4F85852C4F891
:100C18006C52C4E99955CDE9C201A4F88832A4F808
:100C2800A032A4F8B432C4F88052C4F89452C4F87C
:100C3800AC52C4E9A355C4E9A955CDE9D201A4F839
:100C4800C832A4F8DC32C4F8C052C4F8D452C4E99B
:100C5800B355CDE9DC01A4F8F432C4F8E852CDE983
:100C6800E201C4F80053A4F80833A4F81C33C4F80C
:100C78001453C4E9C355CDE9EC01A4F83033A4F802
:100C88004833A4F85C33C4F82853C4F83C53C4F878
:100C98005453C4E9CD55C4E9D355CDE9FC01A4F8B2
:100CA8007033A4F88433C4F86853C4F87C53C4E997
:100CB800DD55C2E900010DF58662A4F89C33C4F83D
:100CC8009053C2E900010DF58B62A4F8B033A4F883
:100CD800C433C4F8A853C4F8BC53C4E9ED55C2E9F9
:100CE8000001A4F8D833C4F8D053C4F8E453BCE8DE
:100CF8000F00AEE80F009CE80300C4E9F7558EE842
:100D0800030039F8161001363846022200F05AFC62
:100D18000C2E07F15407F4D108F1140721460423D7
:100D28003246384608F1400500249FED078A00F056
:100D380059FC17E00508050905070506050A060612
:100D480004020404010A010B6F12033B74210124FD
:100D580000F06CFE98ED860A01462846013400F042
:100D68007BFB2035072CE1B23846F1D9E1B20134DA
:100D780000F05CFE00230146F0EE480A28461A46B9
:100D880098ED860A00F036FB0C2CEAD100242C4A98
:100D980008F12C00234611680094012201F098FA0A
:100DA800284B012208F5E070196800F0B7FB264BC4
:100DB800012208F5EC70196800F0B0FB234A2346BD
:100DC80008F5F87011680122009401F081FA204AB0
:100DD800234608F5017011680122009401F078FAA1
:100DE8000123D8F81C024BF680320FA91394103057
:100DF8000F92CDE911330223109301F09BF8384686
:100E080000F0F8FDD8F81C42237D04F110059BB9C9
:100E18002846104D2368D4E90112009501F008F91D
:100E2800012323750DF2844DBDEC028BBDE8F08FD4
:100E3800002C3FF4D3ADD5E5284601F02FF9E7E7BC
:100E4800F8210124F0210124E0210124D0210124EA
:100E5800D4210124E9080024103000F0A9BA00BF09
:100E6800F8B500F11007054600F1400400F5E076FA
:100E780038462DED028B00F089FA384600F094FAD6
:100E88003846B0EE408A00F07DFAD0ED007AF8EEF0
:100E9800677A88EE270A85ED860A01E095ED860ACD
:100EA8002046203400F00EFBB442F7D1BDEC028B93
:100EB800F8BD00BF90ED860A704700BF143000F0FF
:100EC800AFBD00BF07490022074B01F1600010B415
:100ED800302459601A611C601A755DF8044BC3E927
:100EE800020270470000003074060020F0B5462367
:100EF80087B00160002203710124FA26194605AB68
:100F08008DF814200296402200932346019405464A
:100F180001F0ECFC002840F09B809DF814300DF1A6
:100F280017074022284603F07F030097CDE90146C2
:100F38008DF814308DF817302346297901F0FEFC1E
:100F4800002840F08580042002F090FD05AB402287
:100F5800284600932346CDE90146297901F0C6FCCD
:100F6800002875D19DF8143040220097284603F0D8
:100F7800BF03CDE901468DF814308DF817302346AC
:100F8800297901F0DBFC002862D1042002F06EFD13
:100F98000DF115034322284600932346CDE9014667
:100FA800297901F0A3FC002852D10DF1160348223B
:100FB800284600932346CDE90146297901F096FC9D
:100FC800002845D19DF8153043220097284643F064
:100FD80001038DF815308DF817309DF8163043F061
:100FE8000103CDE901468DF816302346297901F031
:100FF800A5FC68BB9DF816304822009728468DF856
:1010080017302346CDE90146297901F097FCF8B954
:1010180005AB4022284600932346CDE901462979AD
:1010280001F064FCA0B99DF81420234601942846D9
:1010380002F0CF0402960097402229798DF81440D7
:101048008DF8174001F07AFC003818BF012000E045
:10105800012007B0F0BD00BFF0B5102387B0234CC6
:10106800012200250126002702A920460195CDE985
:1010780002234FF48052CDE904670BF019F864207D
:1010880003F08EF802A94FF480522046CDE9046798
:1010980002261027CDE902670BF00AF80322102375
:1010A80002A92046CDE9022300230422CDE9042326
:1010B8004FF480520AF0FCFF40F23223042202A9C6
:1010C800019310232046CDE90223019A01230592BA
:1010D8004FF4805204930AF0EBFF40F606012046D5
:1010E8000BF006F8284607B0F0BD00BF94060020B4
:1010F8001C4B00221C494FF0400C30B5054689B006
:101108000220596007219A601A620124DA620A22D1
:101118004FF4006EDC6006922022CDE90001042025
:101128000821CDE9020103201021CDE9040108209E
:101138006946C3E904024FF4C072181DC3E906C228
:101148004FF48052C3E909E20AF088FF38B928460B
:10115800FFF782FF003818BF012009B030BD2046D4
:1011680009B030BD9006002040410052614A00217C
:10117800D0B513688EB00A91002B40F0B9805E4B51
:1011880001214FF683700C2411600221D3F8D4207A
:101198000026032742F48052C3F8D420D3F8D42081
:1011A80002F480520092009AD3F8E02042F0100234
:1011B800C3F8E020D3F8E02002F010020192019A6F
:1011C800D3F8E02042F04002C3F8E020D3F8E02052
:1011D80002F040020292029AD3F8E02042F008029C
:1011E800C3F8E020D3F8E02002F008020392039A43
:1011F800D3F8E02042F48072C3F8E020D3F8E0206E
:1012080002F480720492049AD3F8E02042F080023B
:10121800C3F8E020D3F8E02002F080020592059A96
:10122800D3F8E02042F02002C3F8E020D3F8E02011
:1012380002F020020692069AD3F8E02042F0040257
:10124800C3F8E020D3F8E0300C9403F004030793CC
:101258000323079A0B93CDE9080108A9274805F04D
:10126800F7FB48F23712022308A925480C94CDE968
:101278000823CDE90A6705F0EBFB4CF20372022361
:1012880008A920480C94CDE90823CDE90A6705F0A0
:10129800DFFB40F2FF62022308A91B480C94CDE94A
:1012A8000823CDE90A6705F0D3FB4FF60C72022339
:1012B80008A916480C94CDE90823CDE90A6705F07A
:1012C800C7FB4FF63F02022308A911480C94CDE949
:1012D8000823CDE90A6705F0BBFB2022022308A9F1
:1012E8000A480C94CDE90A67CDE9082305F0B0FB5C
:1012F8000EB0D0BD8C0600200044025800100258E1
:1013080000180258000C025800200258001C02580D
:101318000014025830B5184C154685B0046004F125
:10132800080EEC460FC98EE80F00D4ED047AF5EEEE
:10133800C07A8CE80F00F1EE10FA1ADDB7EE006AF9
:1013480094ED057A27EE277AC6EE276A84ED0D7AA2
:10135800C4ED0C6A6DB1204640F8185F02F0A4FA9B
:10136800064903690020064A2162A262E36005B0CB
:1013780030BD012005B030BDC8060020C0200030B7
:10138800C000003000680830704700BFB1F5807FAA
:1013980003680A4628BF4FF48072B1F5807F9A60CF
:1013A80094BF0020012070470068183002F08ABA04
:1013B80010B50468A3691BB104F1180002F076FAAD
:1013C800E3691BB104F11C0002F070FA002010BDA3
:1013D80010B4074B4FF07E513024002203201961CE
:1013E8009C60D8605DF8044B5961C3E906227047D8
:1013F800C8060020F6EE007A9FED166A20EE207AE5
:101408000160F7EE006A80ED036A80ED020A27EEBC
:10141800277AC6EE877AF4EEE67AF1EE10FA11DD55
:10142800F0EE667A4FF07E514FF0000C0276002203
:10143800C0ED017AC0F814C0016143768276C0ED30
:10144800070A7047F4EEC67AF1EE10FAEAD5F0EE24
:10145800467AE7E700000000DFED187AB6EE007A7A
:10146800F7EE006A9FED166A60EE277A016080ED5C
:10147800036A80ED020A67EE877A86EEA77AB4EEF1
:10148800E67AF1EE10FA10DDB0EE667A4FF0804C95
:101498004FF07C514FF48072012380ED017AC0F83F
:1014A80010C04161028383767047B4EEC67AF1EECC
:1014B80010FAEBD5B0EE467AE8E700BF6F12033BAF
:1014C80000000000837E80ED020AABB9D0ED077AF8
:1014D80027EE800AF6EE007AB7EE007A20EE270AA9
:1014E800C7EE007AF4EEC77AF1EE10FA07DDF0EEF7
:1014F800477AC0ED017A7047DFED067AE8E7F5EE46
:10150800C07AF1EE10FAF4D5DFED037AC0ED017A76
:10151800704700BF6F12033B0000000070B584B035
:10152800002504461646ADF80C102B462A460399AA
:10153800009500F0CDFEA582A67504B070BD00BF71
:1015480010B586B00446ADF80C10ADF8141002F0D2
:101558008BFA4FF48071002220600123A18004F1EE
:101568000800A1830599009200F0B2FE06B010BDF4
:1015780010B5044602F078FA0021226821718242EF
:1015880000D110BD0346012204F108002360227136
:1015980000F084FF227F617F53005BB281B180F04D
:1015A800010252B21343DBB27F2B2377E9D102F059
:1015B8005BFA07EE900AF8EE677AC4ED087A10BD78
:1015C80042B2EFE710B4002383B00324018080F80F
:1015D800503080F85120C0E9014303B05DF8044B56
:1015E800704700BF2DE9F04FBE4F0024BE4D8DB0AF
:1015F800037007F140034260804616468946202260
:1016080021463846C5F88835C5F88475CDE90244C1
:10161800CDE90444CDE90644CDE90844CDE90A44BE
:1016280010F09CFD2022214605F26250C5F8514574
:10163800C5F85545C5F85945C5F85D4510F08EFD06
:1016480085F85065D8F8043085F86846002B62D0D4
:1016580005F5AA6A09F1500B264609EB0401281979
:101668005222013610F06CFD4FF0000327F8023BC0
:101678001BF804300AF8013F002B70D0D8F804306A
:101688004FF0010254349E4285F86826E5D3974A04
:10169800082195F850350026C5F88C254FF480228E
:1016A80093480027C5F8A4350023C5F890250122E2
:1016B800C5F89C1595F86816C5F8943585F8A035D1
:1016C800C5F89825C0E9006700293ED0C5F8B825B7
:1016D80085F8A13585F8A835002298F80030C5F8B6
:1016E800BC25C5F8C025002B40D0012200200121CF
:1016F800013B85F8C4257F4AC2E90001082B37D889
:10170800DFE813F0BD00C200C700CC00D100D6004E
:10171800DB00E100E800C5F89435F6B285F8A0359D
:101728000020724B0021C5F8A465C5F88C354FF42C
:101738008023C5F890350123C5F898350823C5F8E6
:101748009C3505F5B663C3E90001012385F8A13589
:10175800002385F8A8350323C5F8B835BCE7D8F8C1
:1017680004305434B3423FF678AF90E785F8C43577
:10177800614803F03DFA034608B1FFBEFEE702A93F
:101788005D48029303F094FB0446002875D10423B6
:1017980040F2FF720A90CDE9082395F85035002BE6
:1017A80000F0F58006234FF05409019309FB045318
:1017B80093F85130072B07D8DFE803F0595C5653EC
:1017C800504D4A040723079326B206EB4606C6EB9C
:1017D800C60605EB8608B700404600F09BFC09FBEF
:1017E800045393F85030042B00F3AD80022B00F320
:1017F800C08000F0BC802B19002283F8402515F822
:10180800262098F80130002A7CD0022A00F08D802A
:10181800012A40F0B480012B00F0B380002B374B35
:1018280018BF0023059305A9019B3348069302F0CE
:101838001BFD002840F0AE80013495F85035E4B225
:10184800A34240F2A4802E4B53F824300193ADE715
:1018580006230793B8E705230793B5E704230793FF
:10186800B2E703230793AFE702230793ACE700230C
:101878000793A9E701230793A6E7FFBEFEE7032026
:10188800402142E9020173E70720602142E9020191
:101898006EE70F20802142E9020169E71F20A0219D
:1018A80042E9020164E73F20C02142E902015FE703
:1018B8007F20E02142E902015AE7FF204FF48071BE
:1018C80042E9020154E740F2FF104FF4907142E9F7
:1018D80002014DE740F2FF304FF4A07142E90201E6
:1018E80046E700BFC040003000070020002002404B
:1018F800B00C0020D00C00208C0C00200002B02579
:10190800FC210124062B36D0072B3CD0022B49D0D2
:10191800032B49D0002B4BD0012B47D0042B49D0A7
:10192800052B254B18BF00237CE7042B25D0052B5E
:101938002BD08BB3012B31D0022B31D0032B1F4B73
:1019480018BF00236EE70323143705EB040B4FF091
:10195800000A2F448BF8403538460AF1010A00F096
:10196800D9FB9BF8403514375345F5DC47E701238D
:10197800EAE70223E8E7124B54E7124B52E7002349
:1019880050E7114B4EE7114B4CE7114B4AE70DB0AE
:10199800BDE8F08FFFBEFEE70E4B43E70E4B41E775
:1019A8000E4B3FE70E4B3DE70E4B3BE70E4B39E73F
:1019B8000E4B37E70E4B35E70000B84F0020903646
:1019C8000800900C1000C0102000F0148000501D7A
:1019D800000180210004002A0008302E0010603227
:1019E8000040C03A0080F03E00005247000021430A
:1019F8000000844B38B5094C40F2FF724FF00111DA
:101A080004F28C55284603F001FA94F85025D4F8CE
:101A180084152846BDE8384002F018BF00070020AA
:101A2800014802F0DFBF00BF8C0C0020034B0F29D8
:101A3800D3F8840598BF00EB4100704700070020E9
:101A4800244B02689A4200D07047234A0023234857
:101A5800D2F8D81030B5224C41F0200183B0C4F838
:101A6800F0050920C4F8F83504F5BE65C4F8F40596
:101A78004FF48060C2F8D8104FF40061D2F8D82033
:101A8800C4F8000694F8680602F02002C4F8FC3591
:101A980098420192C4F804164FF40051C4F8103665
:101AA8002846C4F81436019B14BF00234FF48073F2
:101AB800C4F80816C4F80C3603F026FE08B1FFBEB9
:101AC800FEE704F28C53C4F8D855C4F8283603B09E
:101AD80030BD00BF002002400044025840000240D0
:101AE80000070020014804F061BC00BFF00C002092
:101AF80002682DE9F84F504B9A4201D0BDE8F88FA3
:101B08004E4D95F86836002BF8D095F85035002BD7
:101B18007BD0002405F13C0905F2625605F5AA6759
:101B2800A04613E003F0010117F811BCA9F1280041
:101B380000F0C0FCBBF1010F25D895F850350134F1
:101B480009F154090236A2B293422BD917F8012F92
:101B5800002AF4D0D5F884350021327833F81400FF
:101B6800D5F8883503EB041323F8120033880133C2
:101B78009BB233805FFA83FA3A789A42D2D88A467F
:101B8800A6F80080D0E7CAF34001A9F1140000F0DC
:101B980091FCBBF1020FCAF38001CED0484600F099
:101BA80089FCCAE7002395F8680625490922984266
:101BB800C5F8F8354FF48060C5F8F015C5F8F42578
:101BC8004FF400614FF40052C5F8FC3508BF4FF4DC
:101BD8008073C5F80006C5F80416C5F80826002263
:101BE8001848C5F80C36C5F81026C5F8142603F0B1
:101BF8008BFD08B1FFBEFEE795F85025D5F8841592
:101C08001148BDE8F84F02F021BE0D4909224FF4F2
:101C18008060C5F8F835C5F8F0154FF40061C5F8CF
:101C2800F4254FF40052C5F8FC35C5F80006C5F890
:101C38000416C5F80826D2E7002002400007002055
:101C480040000240F00C00208C0C0020704700BFC0
:101C58000C4B4FF60B71002203F5A8601980DA606F
:101C680099821A6219855A6399879A64C3E901228D
:101C7800C3E90622C3E90B22C3E910225433984270
:101C8800ECD1704700070020504B02689A4200D000
:101C980070474F4BD3F8E81030B541F000514D4C28
:101CA80087B0D4F85421C3F8E810D3F8E81001F04D
:101CB800005104910499D3F8E01041F00101C3F8F0
:101CC800E010D3F8E03003F001030593059B32F0F0
:101CD80002033DD0013A012A6CD9D4F85831012BBE
:101CE8000AD000223620114603F05CF9362007B0EE
:101CF800BDE8304003F094B9D4F8543133F002020F
:101D080035D0013B012BECD8442240233249334DD6
:101D1800C4F88C1000212846C4F8B010C4E9242364
:101D280000224FF48063C4E926234FF400624FF485
:101D38000053C4E928234FF480724FF48033C4E978
:101D48002A2303F0E1FC88B9E560C4F8C440C8E779
:101D58004FF48061032204F5BA700093ADF80C10BB
:101D6800039900F0B5FAD4F85421B3E7FEE71C4B09
:101D7800A2634322636140231A4DC4E9062300226B
:101D88004FF480632846C4E908234FF400624FF4F7
:101D98000053C4E90A234FF480724FF48033C4E936
:101DA8000C2303F0B1FC20B9D4F85431A560E464E5
:101DB800A7E7FEE74FF4A061002303220A48ADF825
:101DC8000C100399009300F083FA86E70074004032
:101DD80000440258700D002028040240FC0D002029
:101DE80010040240840D0020F80E0020014804F081
:101DF800DDBA00BF840D0020014804F0D7BA00BF47
:101E0800FC0D002010B5054C204603F097FA04F5A8
:101E18008270BDE810400AF0C1BB00BF700D002001
:101E2800164BD3F85421D3F86411022A4FEA510112
:101E380030B583B00CD088B2D3F86821D3F870419C
:101E480002EB400300930CB16846A04703B030BDD5
:101E5800D3F86C21002AF9D088B2D3F86841D3F8B6
:101E6800705104EB400402EB4002CDE90042002D22
:101E7800ECD06846A84703B030BD00BF700D002005
:101E8800134BD3F85421022A10B582B00CD0D3F8E2
:101E98006811D3F87021009122B1D3F86411684613
:101EA8004908904702B010BDD3F86C21002AF9D038
:101EB800D3F86811D3F87041CDE90012002CF1D0A5
:101EC800D3F8641168464908A04702B010BD00BFA6
:101ED800700D0020094BD3F85421022A0DD000B50B
:101EE800D3E95B1283B0019122B1D3F8641101A840
:101EF8004908904703B05DF804FB7047700D002057
:101F08000B4BD3F85421022A10D0D3F8641110B522
:101F1800D3E95B24C1F34F0382B0490802EB4303C2
:101F280001930CB101A8A04702B010BD704700BFD3
:101F3800700D002030B58C463A4C3B4D8DB0046096
:101F480004F5A87EBCE80F00AEE80F00DCF800300E
:101F580020462560CEF8003003F002F90023D4F8BB
:101F680058510393CDB11622012D049218D00022A6
:101F7800D4F860110125D4F854319142CDE90652C4
:101F880018BF0222059233F0020235D0013B012B23
:101F98003DD9002528460DB030BD02230493E6E75D
:101FA800224A0093C4F80C31C4F81431C4F804214F
:101FB800C4F81C31CDE9013301F050FFD4F8503199
:101FC8004BF68032C4F80851002B08BF1346B0FB0B
:101FD800F3F304F58270C4F810310AF0A1F8002870
:101FE800D8D120230290694604F5827000930AF044
:101FF8007FFB0028BBD0CDE703A90A4803F0D2F93C
:102008000028C7D1D4F85431013B012BC1D8102284
:1020180003A9044803F0C6F9051E18BF0125284680
:102028000DB030BD700D002000740040001000405D
:1020380070B504681D4682B01046D4F85831012B9B
:1020480003D0D4F85431022B24D1D4F85C31069A49
:10205800002BC4F86811C4F870212B460CBF082661
:102068000026C4F86C010A46C4F8645100212046D1
:10207800009603F08BF8D4F86C212B4610212046EB
:10208800009603F083F804F582700AF0FFF8002048
:1020980002B070BD012002B070BD00BF10B5046869
:1020A800D4F85831012B09D1D4F8543133F0020156
:1020B80006D0013B012B0BD9002010BD012010BD1B
:1020C800204603F0EFF8D4F85431013B012BF3D844
:1020D8001021204603F0E6F8002010BD00000000A3
:1020E8009FED097B0A4B00224FF60B71C3F8802144
:1020F800C3F88C21A3F87411A3F8881183ED5E7BD3
:10210800C3E96422704700BF00000000000000001F
:10211800700D002003780B2B2DD042780F2A2AD877
:102128004168022910B590B03ED0032902D0012998
:1021380000D000210C918168012902D0022918BF22
:1021480000210D91C168022904D0032902D0012978
:1021580018BF00210A2B0E910ED85B4C04EB832488
:1021680004610A2B17D8DFE803F009A09284766887
:102178005A4C3E30220070470024F1E7534BD3F805
:10218800E01041F00101C3F8E010D3F8E03003F0AB
:1021980001030093009B01230BA9204693400B9356
:1021A80004F056FC10B010BD11210C91C3E7474B49
:1021B800D3F8E01041F48061C3F8E010D3F8E030C0
:1021C80003F480630A930A9BE5E7404BD3F8E010D9
:1021D80041F40071C3F8E010D3F8E03003F4007361
:1021E8000993099BD7E7394BD3F8E01041F4807184
:1021F800C3F8E010D3F8E03003F480730893089B29
:10220800C9E7324BD3F8E01041F08001C3F8E01081
:10221800D3F8E03003F080030793079BBBE72B4B11
:10222800D3F8E01041F04001C3F8E010D3F8E030F3
:1022380003F040030693069BADE7244BD3F8E01068
:1022480041F02001C3F8E010D3F8E03003F0200398
:102258000593059B9FE71D4BD3F8E01041F0100153
:10226800C3F8E010D3F8E03003F010030493049BA4
:1022780091E7164BD3F8E01041F00801C3F8E010DD
:10228800D3F8E03003F008030393039B83E70F4B75
:10229800D3F8E01041F00401C3F8E010D3F8E030BF
:1022A80003F004030293029B75E7084BD3F8E01090
:1022B80041F00201C3F8E010D3F8E03003F0020364
:1022C8000193019B67E700BF0000025800440258D1
:1022D80010B592B0ADF804100180C9B2149C0B2956
:1022E800C460C0E901233FD090F801C0BCF10F0FD2
:1022F8003AD8022A3FD0032A02D0012A00D000226D
:102308000E92012B02D0022B18BF0023022C0F9330
:102318002CD0032C2AD0012C28D000230A29109372
:1023280027D85C4A02EB812202610A2914D8DFE827
:1023380001F0A39587796B5D4F4133250600564B15
:10234800D3F8E01041F48061C3F8E010D3F8E0302E
:1023580003F480630C930C9B01230DA9104603FA28
:102368000CF30D9304F074FB12B010BD0A291094FD
:10237800D7D90022D8E711220E92C2E7464BD3F8EC
:10238800E01041F40071C3F8E010D3F8E03003F432
:1023980000730B930B9BDFE73F4BD3F8E01041F43E
:1023A8008071C3F8E010D3F8E03003F480730A9327
:1023B8000A9BD1E7384BD3F8E01041F08001C3F80D
:1023C800E010D3F8E03003F080030993099BC3E7DA
:1023D800314BD3F8E01041F04001C3F8E010D3F8D6
:1023E800E03003F040030893089BB5E72A4BD3F885
:1023F800E01041F02001C3F8E010D3F8E03003F01A
:1024080020030793079BA7E7234BD3F8E01041F07D
:102418001001C3F8E010D3F8E03003F0100306937E
:10242800069B99E71C4BD3F8E01041F00801C3F86C
:10243800E010D3F8E03003F008030593059B8BE721
:10244800154BD3F8E01041F00401C3F8E010D3F8BD
:10245800E03003F004030493049B7DE70E4BD3F8AC
:10246800E01041F00201C3F8E010D3F8E03003F0C7
:1024780002030393039B6FE7074BD3F8E01041F087
:102488000101C3F8E010D3F8E03003F00103029330
:10249800029B61E7000002580044025808B5012178
:1024A80043780069994089B204F0D4FC003818BF19
:1024B800012008BD01230A464178006903FA01F1A9
:1024C80089B204F0CDBC00BF10B5002386B012223B
:1024D80004460493CDE902230368022B1FDC002B7A
:1024E80001DB0423059323790A2B1FD8114800EB3D
:1024F80083206279012301A99340019304F0A8FA8B
:10250800A3790A2B14D80B4800EB8320E279012326
:1025180001A99340019304F09BFA06B010BD032B68
:10252800E1D10623059323790A2BDFD90020E0E7C0
:102538000020EBE700000258634A0368934210B595
:102548008CB028D0614A934258D0614A934200F037
:102558009480604A934201D00CB010BD5E4C5F4835
:10256800D4F8E03043F00203C4F8E030D4F8E030A7
:1025780003F002030A930A9BFFF7A6FFD4F8F4308E
:1025880043F08003C4F8F430D4F8F43003F0800347
:102598000B930B9BE0E7504C5148D4F8E03043F0E4
:1025A8000203C4F8E030D4F8E03003F002030193EA
:1025B800019BFFF789FFD4F8E83000221F2043F47D
:1025C80000131146C4F8E830D4F8E83003F40013D7
:1025D8000293029BD4F8D83043F00103C4F8D830F2
:1025E800D4F8D83003F001030393039B02F0DAFC1C
:1025F8001F200CB0BDE8104002F012BD364C39481F
:10260800D4F8E03043F08003C4F8E030D4F8E03088
:1026180003F080030493049BD4F8E03043F00203F2
:10262800C4F8E030D4F8E03003F002030593059BCA
:10263800FFF74AFFD4F8E8300022212043F4800352
:102648001146C4F8E830D4F8E83003F48003069360
:10265800069BD4F8D83043F00103C4F8D830D4F836
:10266800D83003F001030793079B02F09BFC21205D
:102678000CB0BDE8104002F0D3BC1B48FFF724FFA4
:10268800154B00224820D3F8E840114644F40004D2
:10269800C3F8E840D3F8E84004F400040894089C20
:1026A800D3F8D84044F00104C3F8D840D3F8D83060
:1026B80003F001030993099B02F074FC48200CB055
:1026C800BDE8104002F0ACBC005400400058004087
:1026D800005C0040001C005800440258B011002063
:1026E800100F0020F00F0020D01000202DE9F0433B
:1026F8001A4B87B000254FF010099E46EC46184B40
:10270800FF22E04667461A700EF118060EF13004F3
:10271800CDE90055CDE90255ADF80090BCE80F00B1
:10272800CDE90455AEE80F009CE803000095ADF82C
:1027380000908EE80300B8E80F000FC69CE803007D
:102748000095ADF8009086E803000FCF0FC49CE811
:10275800030084E8030007B0BDE8F083040000200C
:102768000C0F002010B5EFF3108472B6084B1A78DE
:10277800120602D504B962B610BD1878054B40B2EE
:10278800C0EBC00003EB4010143003F00FFEF1E77C
:102798000C0F0020100F0020014805F04DBC00BFB1
:1027A8009C0F0020014805F047BC00BF7C100020AA
:1027B800014805F041BC00BF5C1100202DE9F04341
:1027C8000D6885B0404EC5EBC503032D4FEA43178E
:1027D80006EB4313036041DCCA680C46012A3DD866
:1027E8004FEAC5084CD020689C466168A8EB0509EB
:1027F800A2680DF1100EE36806EB4919ACE80F006A
:10280800324B227C8CF80020D9F808C00FCB0EE997
:102818000F000EEB8503BCF1010F53F8103CC9F80B
:102828008C3032D0BCF1020F43D0BCF1000F36D04F
:10283800227C8C37A8EB050500233744520006EBB1
:10284800451601213846C6F8AC30C6E92521C6E947
:102858002733C6E9293305F0FFF818B1012005B080
:10286800BDE8F0830146384605F0F2FB0028F5D1B3
:102878000146384605F016FC003818BF0120EEE77F
:102888000A7C103A672AAED9E8E701F0E5FA104B5E
:1028980098420CBF0F4B104BC9F89030C8E701F0B5
:1028A800DBFA0B4B98420CBF0C4B0D4BC9F8903020
:1028B800BEE701F0D1FA064B98420CBF094B0A4B10
:1028C800C9F89030B4E700BF100F00209C21012404
:1028D800000E27072D0FB0303211D0205F439060D3
:1028E8008A62E030200BA0101A0980102DE9F0410F
:1028F800046884B09846E368BDF82C70CBB90D46DF
:1029080016468C34204605F09FFB2028FAD1204635
:102918000C9C69004346324689B2CDE901740A9C91
:10292800009405F023FA003818BF012004B0BDE870
:10293800F081012004B0BDE8F08100BF2DE9F0412D
:10294800046884B09846E368BDF82C70CBB90D468E
:1029580016468C34204605F077FB2028FAD120460D
:102968000C9C69004346324689B2CDE901740A9C41
:10297800009405F0C7F8003818BF012004B0BDE87E
:10298800F081012004B0BDE8F08100BF094B6FF071
:10299800F41110225960C3F8E4101A7483F8F02077
:1029A800C3F8C41183F8D021C3F8A41283F8B02265
:1029B800704700BF100F002030B5002395B04FF4CA
:1029C8008071062204460B9306921393CDE90C13EB
:1029D800CDE90E33CDE9113301F042FA07282BD0A7
:1029E80004F1100541F2883206A9284606F098FB42
:1029F80028B10123184684F85C3015B030BD022296
:102A0800022306A92846CDE9002310220123CDE997
:102A1800022300224FF48003CDE9042305224FF05E
:102A2800807306926A460F9341F2883306F0E4FCFD
:102A38000028DED115B030BD0323012084F85C30B6
:102A480015B030BD0000000070B50023A4B04FF0F1
:102A580080724FF480750446ADF806300D93CDE9C9
:102A680010320122CDE90E53CDE91223CDE91433FA
:102A7800002943D0F02300F1100508AEADF8063068
:102A8800C02341F2883231462846089306F048FBB5
:102A980028B10123184684F85C3024B070BD41F297
:102AA80088320DF10601284606F0A4FB03460028EB
:102AB800EFD105224FF480711E93284616924FF0ED
:102AC80080721B9321931F9202AA9FED1F7BCDE971
:102AD8001C13CDE922338DED027B9FED1D7B41F266
:102AE800883316A98DED047B9FED1B7B8DED067B4E
:102AF80006F082FC0028CCD124B070BD00F110058E
:102B080008AE612341F2883231462846089306F020
:102B180007FB0028BDD141F288320DF10601284695
:102B280006F0E6FB0028B4D1BDF80630204623F0B5
:102B3800780343F04003ADF80630FFF73DFF002867
:102B48009ED0A6E7AFF3008000000000010000005F
:102B5800100000000100000000000000000040001C
:102B68002DE9F04F00234FF4807501264FF080784F
:102B780004462DED028BABB08DF8073013932193EB
:102B8800299314950E96CDF85C80CDE91533CDE9DF
:102B98001863CDE91A33CDE92253CDE92433CDE9C1
:102BA800273306231C9301F05BF9072808D004F1AA
:102BB800100741F288321CA9384606F0B1FA40B134
:102BC8000123184684F85C302BB0BDEC028BBDE8BD
:102BD800F08F4FF0020A4FF0020B4FF0050941F257
:102BE800883308AA1CA93846CDF89480CDF870908F
:102BF8009FED2F8BCDE908AB4FF0000A4FF4800B07
:102C08008DED0A8BCDE90CAB06F0F6FB0028D7D189
:102C180041F2883238460EA906F082FA0028CFD150
:102C2800402341F288320DF1070138468DF807300C
:102C380006F0E0FA0028C3D141F288330EA902AAAF
:102C48003846CDF83890CDF85C809FED1B7BCDE9F8
:102C580006AB8DED027B9FED1A7B8DED047B06F0B4
:102C6800CBFB03460028ABD1CDF870904FF001099B
:102C7800CDF894804FF00008219308AA29931CA945
:102C880038462295CDE92333CDE9273341F28833FD
:102C98008DED0A8BCDE90CABCDE9088906F0ACFBCC
:102CA800002891D0304684F85C608DE7AFF300804F
:102CB8001000000001000000400000004300000078
:102CC80000800000010000002DE9F04F00234FF4C0
:102CD800807601254FF0807804462DED028BABB04D
:102CE800CDE9153313932193299314960E95CDF8B6
:102CF8005C80CDE91853CDE91A33CDE92263CDE9DB
:102D08002433CDE9273306231C9301F0A9F80728BB
:102D180008D004F1100741F288321CA9384606F0A1
:102D2800FFF940B10123184684F85C302BB0BDECA4
:102D3800028BBDE8F08F4FF0020A4FF0020B4FF004
:102D4800050941F2883308AA1CA93846CDF89480B1
:102D5800CDF870909FED308BCDE908AB4FF0000AAD
:102D68004FF4800B8DED0A8BCDE90CAB06F044FBDC
:102D78000028D7D141F2883238460EA906F0D0F99A
:102D88000028CFD1402341F288320DF1070138469F
:102D98008DF8073006F02EFA0028C3D19DF80730C9
:102DA80008AA0C90FF2008934FF400430EA90B9536
:102DB800CDF83890CDF85C80CDE909034FF4800355
:102DC80038460D9341F2883306F016FB0346002877
:102DD800A8D10022219329931CA938462296CDF820
:102DE8007090CDF89480CDE92333CDE927330123C2
:102DF800CDE9022341F2883302AA8DED048BCDE997
:102E080006AB06F0F9FA002890D0284684F85C5002
:102E18008CE700BFAFF30080100000000100000045
:102E280070B50122AAB004460D465F48C02104F0DF
:102E380017F800265D4B06965B4895FAA5F5CDE98F
:102E48000466D3F8E02042F02002C3F8E020C02254
:102E5800D3F8E03003F0200301930123019902A97C
:102E6800CDE9022303F0F4FD142001F099F932466C
:102E7800C0214D4803F0F4FF142001F091F901221C
:102E8800C021494803F0ECFF142001F089F901231F
:102E9800474AE6612261C4E90533002D77D0B5FAC7
:102EA80085F1013900234FF4807604F11005C4E957
:102EB80008162846C4E90B3306F0C4F830B10123DC
:102EC8001D4684F85C3028462AB070BD66231690EB
:102ED800179041F2883213900EA91B900E93CDE9FA
:102EE8001460CDE91900284606F01AF90028E6D141
:102EF80099230EA941F2883228460E9306F010F95C
:102F08000028DCD105230121249008AA21902790CC
:102F18001C934FF08073CDE92260CDE92800102082
:102F2800259341F28833CDE90A019FED1D7B0020EE
:102F38004FF48001CDE90C011CA928468DED087BD2
:102F480006F05AFA0028BAD12046FFF7BDFE00283D
:102F5800B5D1284606F0D2F805460028AFD1237926
:102F68000A2B18D963790121994003F0ABFEA379A4
:102F78000A2B0ED80F4800EB83200126E17906FAC8
:102F880001F103F09FFE266684F864609BE71F2129
:102F980088E70020F1E7074800EB8320E2E700BF5D
:102FA800000000000100000000140258004402580C
:102FB80000500052000002582DE9F041684CA2B0C0
:102FC8000D46046000F04CFF07284BD028682346C4
:102FD800AA68696807C3AA89184620F8042B267BC3
:102FE800677B06F08BF8002834D1012E94F8643002
:102FF80014BF4FF480154FF400052366002B39D019
:10300800584B95FAA5F523610123C4E9053300233C
:10301800E361002D6ED0B5FA85F1013900234FF434
:1030280080785148C4E90818C4E90B3306F00AF857
:1030380080B966230B90139041F2883206A9069353
:10304800CDE90C80CDE90E00CDE91100464806F027
:1030580067F8A0B101231D4684F85C30284622B0E9
:10306800BDE8F08101250323284684F85C3022B0AE
:10307800BDE8F08129462046FFF7D2FEC0E7992334
:1030880041F2883206A93848069306F049F8002824
:10309800E0D105231C9019906A4614934FF0807371
:1030A800219014A91D9341F288339FED277BCDE928
:1030B8001A80CDE91F008DED007B9FED257B2A4806
:1030C8008DED027B9FED247B8DED047B06F094F95A
:1030D8000028BFD131462248FFF7B6FC0028B9D1F5
:1030E8001F48FFF73DFD05460028B3D127B102234D
:1030F8002366B3E71F2191E7EB23002600271890EA
:1031080014934FF440631F9006AA1B934FF4005387
:10311800209014A917934FF4404313481C93A023FD
:10312800CDF868801693062319934FF080532193A6
:103138004FF04073CDE906671D9306F0D5F90028D6
:10314800D5D087E7AFF30080000000000100000041
:103158001000000001000000000000000000400016
:103168009012002000500052A01200205E4B02680E
:103178002DE9F0419A428CB04FF00004CDE90744A4
:10318800CDE909440B9402D00CB0BDE8F081574B4F
:10319800574DD3F8D420574F42F48042564EDFF8AB
:1031A8005C81C3F8D420D3F8D42002F48042009282
:1031B800009ADA6F42F48042DA67DA6F22F48042CA
:1031C800DA67D3F8E02042F04002C3F8E020D3F8F1
:1031D800E02002F040020192019AD3F8E02042F088
:1031E8002002C3F8E020D3F8E02002F02002029287
:1031F800029AD3F8E02042F01002C3F8E020D3F896
:10320800E02002F010020392039AD3F8E02042F083
:103218000202C3F8E020D3F8E03003F0020304937D
:10322800049B22E014F0FC0252D103F1200155F86E
:10323800211008780A2839D891F801C0012109928B
:1032480007EB802201FA0CF107910221CDF81480D6
:10325800089103210A910CA90B4413F81C3C07A9F7
:10326800104601340B9303F0F3FB2A6EE3B2002AF5
:10327800D8D0052B2CD803F11A0255F822100A7859
:103288000A2A18D9497801228A4002210792002285
:10329800CDE9081203210A910CA90B4496E8030012
:1032A8000590ADF8181013F81C3CD8E748780121B0
:1032B80009928140C8E74878012107EB82228140C2
:1032C800022007910021CDE9080103210A91E3E7D3
:1032D80000225C20114601F065FE5C2001F0A0FE92
:1032E8000CB0BDE8F08100BF005000520044025805
:1032F80090120020000002583C2201240A0A090A00
:103308000268F8B5194B9A4200D0F8BD184A002453
:10331800184F0125D2F8D430174E23F48043C2F851
:10332800D43011E014F0FC0F1BD157F821301A7873
:103338000020597801340A2A05FA01F198BF06EBF2
:10334800822089B203F0BEFCE3B23A6E03F1200199
:10335800002AE7D0052B03F11A0202D857F82230C9
:10336800E5E75C20BDE8F84001F068BE0050005277
:10337800004402589012002000000258014806F04C
:103388003FB900BFA01200200E4B6FF0F4120021CD
:10339800981C30B41C1D9D1D9A605D671C67C3E9AD
:1033A8000022C3E9181103F10A0203F1080130BC35
:1033B800C3E91A30C3E91E12C3E92030C3E9221257
:1033C800704700BF9012002038B5036871B9026ACF
:1033D80000F1280500F5AC74012A0CBF002140213A
:1033E8008BBB1D4B5722C0F858310DE0426A00F1E3
:1033F800C00500F5E874012A0CBF00214021EBB19B
:10340800164B5A22C0F8D03100232046C4E90121C6
:103418004FF480524FF48061636262614FF48042DE
:10342800C4E903314FF48073C4E906234FF4003331
:10343800236202F069F958B1FFBEFEE7084B582233
:10344800C0F8D031E0E7074B5922C0F85831DBE724
:10345800C5E92044A56338BD100002407000024051
:1034680028000240580002402DE9F043C28889B084
:1034780081468388ADF800200089B9F80A10B9F8A8
:103488000C20ADF80230D9F81830ADF80400ADF8CA
:103498000610ADF80820002B3FD0D9F81C70B7FAF9
:1034A80087F77F09012502236C460DF10A06DFF82C
:1034B80070800695CDE9043599F804202078824279
:1034C800627818D0D9F80010F9B1012902D1F8B101
:1034D8000A2107910A2805FA02F203A994BF08EB0A
:1034E80080200020039203F0B3FA0234A642E3D10D
:1034F80009B0BDE8F08399F805109142E2D1002F98
:10350800F3D0D9F800100029DFD106210791E1E7AF
:10351800022A0CBF08210A21DBE70127C2E700BF06
:1035280000000258534A0368934230B505468BB0F1
:1035380055D02032934252D04F4A934204D0203281
:10354800934201D00BB030BD4C4C4D48D4F8E0301C
:1035580043F00103C4F8E030D4F8E03003F001038D
:103568000593059BD4F8E03043F00803C4F8E03035
:10357800D4F8E03003F008030693069BD4F8E03053
:1035880043F04003C4F8E030D4F8E03003F04003DF
:103598000793079BD4F8F03043F40003C4F8F030E5
:1035A800D4F8F03003F400030893089BFFF75CFF9E
:1035B800D4F8D830296843F001032F4A3048C4F8BA
:1035C800D830891AD4F8D83018BF012103F0010384
:1035D8000993099B0BB0BDE83040FFF7F5BE274CB7
:1035E8002848D4F8E03043F00103C4F8E030D4F8B8
:1035F800E03003F001030093009BD4F8E03043F07F
:103608001003C4F8E030D4F8E03003F0100301935D
:10361800019BD4F8E03043F04003C4F8E030D4F81C
:10362800E03003F040030293029BD4F8F03043F4F7
:103638008003C4F8F030D4F8F03003F48003039327
:10364800039BFFF711FFD4F8D830296843F0010332
:10365800084A0C48C4F8D830891AD4F8D83018BFAA
:10366800012103F001030493049B0BB0BDE8304033
:10367800FFF7AABE04580140045C01400044025808
:103688007C15002020130020014802F08FBE00BFE7
:1036980078140020014802F089BE00BFF014002011
:1036A800014802F083BE00BFD4160020014802F092
:1036B8007DBE00BF4C1700202DE9F0470C684FF481
:1036C8001776774F86B004FB06F6012C07EB060841
:1036D800C0F8008000F39F8000230D468E46C44644
:1036E800C8F85032C8E9923369A3D3E900236AA124
:1036F800D1E90001CDE9022306AB03EB8403CDE950
:10370800040153F810AC53F8089CBEE80F00ACE86D
:103718000F00BEE80F00ACE80F009EE80300C8F8F1
:1037280028A0C8F8C0908CE803002B69042B0CD89B
:10373800DFE803F078828C9603004FF41773594A38
:1037480003FB04739A64C3F8E020AA692B6A002A71
:1037580042D0002B4FF4177308BF022203FB0473F7
:1037680018BF0322DA6201221A63EA696B6A002A27
:103778003FD1191E4FF4177318BF012103FB0473BF
:10378800C3E931126969012943D0022947D10325C8
:1037980000214FF4177306F128002A46019103FB14
:1037A8000473002438445C645C63DC65C3F8DC4063
:1037B800C3F8CC40C3F8F440C3E90F44C3E9154447
:1037C800C3E93544C3E93B44022308F01FFB0199D0
:1037D80000284FD0FFBEFEE7191E4FF4177318BF1D
:1037E800012103FB0473C3E90B12EA696B6A002A1F
:1037F800BFD0002B4FF417730CBF0222032203FB28
:103808000473C3F8C4200122C3F8C82069690129D8
:10381800BBD10225BDE7012006B0BDE8F087002531
:103828002946B6E74FF417734FF4FA5203FB0473B3
:103838009A64C3F8E02088E74FF417734FF47A527C
:1038480003FB04739A64C3F8E0207EE74FF4177310
:103858004FF4FA4203FB04739A64C3F8E02074E758
:103868004FF417734BF6803203FB04739A64C3F862
:10387800E0206AE706F1C00002232A46384408F02F
:10388800C5FA0028C8D0FFBEFEE700BFAFF300802E
:1038980004580140045C014024580140245C014064
:1038A80020130020007701000068704710B50468F5
:1038B80004F1280008F064FB04F1C00008F060FB84
:1038C800002010BD03681B69042B05D8044A02EBCD
:1038D800830393ED000A70479FED020A704700BF0B
:1038E8004422012400803B47064B6FF0F4124FF648
:1038F8000B71C3E901229981A3F86812C3E99822E0
:10390800704700BF20130020704700BF08B500F0C3
:1039180035FCBDE8084001F01FBC00BF064808B5EB
:1039280003680BB103F0A0FA044803681BB1BDE8B3
:10393800084004F0E3BB08BDF01C0020E01700209D
:10394800064808B503680BB103F08EFA044803680B
:103958001BB1BDE8084004F0D1BB08BDF01C002035
:10396800E0170020064808B503680BB103F07CFA9D
:10397800044803681BB1BDE8084004F0BFBB08BD9C
:10398800F01C0020E0170020364BDA6A520062D59E
:103998009A6A9A6A9A6A9B6A180600D500BE314BE1
:1039A8009B6A990600D500BE2E4B9B6ADA0600D5A5
:1039B80000BE2C4B9B6A1B0700D500BE294B9B6A97
:1039C800980700D500BE274B9B6AD90700D500BED3
:1039D800244B9B6A1A0400D500BE224B9B6A9B04A9
:1039E80000D500BE1F4B9B6AD80400D500BE1D4BF6
:1039F8009B6A190500D500BE1A4B9B6A5A0500D56B
:103A080000BE184B9B6A9B0500D500BE154B9B6AF0
:103A1800D80500D500BE134B9B6A990100D500BE9E
:103A2800104B9B6ADA0100D500BE0E4B9B6A1B0344
:103A380000D500BE0B4B9B6A580300D500BE094B4E
:103A48009B6A990300D500BE064B9B6ADA0306D42D
:103A580000BE00BEFEE7DB6A9B07FAD5F8E700BEAA
:103A6800F6E700BF00ED00E000F094BB00F098BB63
:103A7800B0B1431E022B12D81F4B9B6803F1784349
:103A8800B3F5003F0BD3022831D003282BD11B4BB1
:103A98001B4A1A601B4B00221A6601F0E3BA7047F2
:103AA80000B540F2063189B04FF60B720346ADF807
:103AB800081002990090ADF80C2001220690CDE97B
:103AC800040003A8FEF704FC03A80121FEF7F2FC9A
:103AD8000A2000F065FB0B4B00221A6609B05DF85E
:103AE80004EB01F0BFBA054B00221A60D2E7034B82
:103AF800054A1A60CEE700BF00ED00E000008038FC
:103B0800FA4E07B00044025807B0FE5A0A4B9B68A9
:103B180003F17843B3F5003F0BD3084B986848B1DD
:103B28009868012806D09868022803D09B6803206B
:103B380070470120704700BF00ED00E000008038AA
:103B48002DE9F041CEB004464C2200210AA80EF01F
:103B580005FB2022002102A80EF000FBC022002154
:103B68001EA80EF0FBFA022005F086F92368012B47
:103B78004FF0000354D0584A02250193C820D16A57
:103B8800564B21F00101D162D26A02F00102019282
:103B98009A6942F440429A619B6903F44043019355
:103BA800019B4E4A93699B04FCD54D49022400228F
:103BB80001268B6A04274FF0080823F003032343E8
:103BC8008B62052316900AA818934FF48033109639
:103BD800179419941597CDF86880CDE91B222122F6
:103BE800CDE91344CDE90A2305F0AAFE00B1FEE7AA
:103BF8003F220323294602A8CDE9022300220823F5
:103C0800CDE9042340224023CDE9062340234FF485
:103C18008062CDE9082306F02DFA0346B8B1FEE725
:103C28002E4A04250093F02091692B4B41F4404122
:103C38009161926902F440420092DA6A42F001020C
:103C4800DA62DB6A03F001030093009BA9E72022F4
:103C580026932E9380212C924FF48052319306257F
:103C68003F931EA8279236924FF4803225914FF445
:103C780040113292479200222895802540911021C8
:103C8800CDF888802B9720962A91CDE92F3440F2E1
:103C9800271329934FF480632D930023CDE92346FE
:103CA800CDE93C234FF480740C23449402242193DF
:103CB80007A3D3E90023CDE93445CDE91E2306F057
:103CC800C5FC00B1FEE705F0FBF84EB0BDE8F08199
:103CD8000F130F03000000000004005800480258AA
:103CE8000044025870B584B0012401F0E3F94FF4A0
:103CF80080764FF04052194B68460025ADF80040D9
:103D08000396CDE9012301F0F3F919224FF040435E
:103D180068468DF8082001938DF80F40ADF80D60C6
:103D28008DF801408DF80A5001F0E2F902230B22C8
:103D380068468DF80F508DF801304FF062538DF8BA
:103D480008200193ADF80D408DF80A4001F0D0F934
:103D5800042001F0BDF904B070BD00BF0E000103DE
:103D680030B50D46044685B0D1E9000184E803006A
:103D780000F0D4F9AB79002B63D00CF07FFBFEF791
:103D8800B5FC0AF031FE0CF01DF82B795BB3304C12
:103D9800636913F4803326D1C4F88430BFF34F8F9E
:103DA800D4F8801043F6E07EC1F34E3CC1F3C9015C
:103DB8004FEA4C1C0CEA0E000B4640EA8372013BAA
:103DC800C4F860225A1CF8D1ACF1200C1CF1200F69
:103DD800F0D1BFF34F8F636943F480336361BFF35E
:103DE8004F8FBFF36F8F6B79B3B1194A536913F4CF
:103DF800003311D1BFF34F8FBFF36F8FC2F850322A
:103E0800BFF34F8FBFF36F8F536943F40033536190
:103E1800BFF34F8FBFF36F8F4FF0FF3200230024A3
:103E2800002569460B4802928DF80C30CDE9004513
:103E38000BF00EFA07480BF073FA09F071FF05B0A2
:103E480030BD2046FFF77CFE2046FFF74BFF94E786
:103E580000ED00E0D817002006F074BA06F0BABAF0
:103E68001C4B9B6803F17842B2F5003F25D3B3F5AC
:103E7800803F20D303F16042B2F5003F1FD303F126
:103E88005C42B2F5002F1CD303F17042B2F5902FBB
:103E980019D303F14842B2F5803F16D303F18042AB
:103EA800B2F1806F13D303F1E043B3F5000F2CBFD9
:103EB8000820072070470120704700207047022023
:103EC800704703207047042070470520704706207C
:103ED800704700BF00ED00E003480023034A04498F
:103EE80003600EF0F5B800BFD817002000000020CE
:103EF8001139002400F2C441D0F8080509F076BA57
:103F080001EBC10300EB8303D0F80805D3F888223E
:103F180009F09CBA01EBC10300EB8303D0F8080554
:103F28009A6C09F0CDBA00BFD0F8080509F076BB45
:103F3800016910B5044619B1022900D0FEE7012134
:103F4800D4F8080509F04AFBD4F80805BDE8104084
:103F580009F016BB10B50446D0F8080509F042FB75
:103F68002268D2F8003E43F00103C2F8003E236AFB
:103F780023B1034A136943F00603136110BD00BF60
:103F880000ED00E0D0F8080509F03CBBD0F80805C2
:103F980009F06ABBD0F8080509F050BBD0F808054D
:103FA80009F078BBD0F8080509F076BB9446D0F83C
:103FB800C8021A4608B5634604F05AFE032802D818
:103FC800024B185C08BD032008BD00BF582201241D
:103FD800D0F8C80208B504F0CDFE032802D8024B79
:103FE800185C08BD032008BD58220124D0F8C80277
:103FF80008B504F003FF032802D8024B185C08BD7B
:10400800032008BD582201240A06D0F8C83206D475
:1040180001EBC10103EB810191F87E02704701F0C9
:104028007F0101EBC10103EB810191F83E0070476C
:10403800D0F8C80208B504F005FE032802D8024BE0
:10404800185C08BD032008BD58220124D0F8C80216
:1040580008B504F06DFE032802D8024B185C08BDB1
:10406800032008BD58220124D0F8C80208B504F07E
:104078003DFE032802D8024B185C08BD032008BD8A
:1040880058220124D0F8000309F004BED0F8000338
:1040980009F018BED0F8000309F020BE704700BF31
:1040A800D0F8000309F006BED0F8000309F006BEF8
:1040B800D0F8D40308B503F051FB032802D8024B0B
:1040C800185C08BD022008BD5C220124704700BFAF
:1040D8000F4B1B780BB90120704710B504464FF4FD
:1040E8007A700C4AB0FBF3F31068B0FBF3F000F001
:1040F800CBFF0F2C00D808B1012010BD00222146AB
:104108004FF0FF3000F04EFF034B00201C6010BD45
:104118004C000020740300205000002010B503203C
:10412800124C00F02DFF05F005FF114B11499A695B
:104138009B69C2F3032203F00F038A5CCB5C02F095
:104148001F020D4903F01F03D04020FA03F3086053
:104158000E202360FFF7BCFF10B10124204610BDDC
:104168000446FFF7B3FF204610BD00BF78030020C8
:1041780000440258CC22012474030020034A044B53
:1041880011681B780B441360704700BFF41F0020B0
:104198004C000020014B1868704700BFF41F002036
:1041A80038B50446FFF7F6FF0546631C02D0044BFA
:1041B8001B781C44FFF7EEFF431BA342FAD338BD1C
:1041C8004C000020014B1868000C70470010005C80
:1041D800704700BF806B08B5FFF7FAFF08BD00BF46
:1041E800836B5A6D12F0500F5A6D10B51DD11968B6
:1041F80042F400725A650A6812F0080FCA681BD0A8
:1042080012F4406F0DD1CA6894040AD45A6D22F48E
:1042180080725A655A6DD10403D45A6D42F0010276
:104228005A651846FDF764FC10BDD2060AD4DB6C4B
:10423800BDE81040DB6C18479007E7D01846FDF73B
:1042480057FCF1E71846FDF701FD10BD806B08B576
:10425800436D43F040034365836D43F00403836576
:10426800FDF7F4FC08BD00BFF0B5002283B0019251
:1042780090F85020012A00F0B880034601201A68FF
:1042880083F850009468640708D55A6D42F02002FC
:104298005A65002283F8502003B0F0BD0C68002C4A
:1042A800C0F2A180C4F31305002D00F0978094FAA2
:1042B800A4F515B1B5FA85F5A840A40ED56928432B
:1042C800D0614D681F2002F1300E04F01F04AE09C2
:1042D80005EA000C06F00C0600FA0CF704FA0CF4D8
:1042E80056F80E0020EA0700044346F80E4090688E
:1042F800400776D4956815F0080555D10C6802F189
:10430800140607208F684FEAD45CC4F304540CF0F9
:10431800040C00FA04FE07FA04F4B64F5CF8060031
:1043280020EA0E0020434CF80600386800F0704080
:10433800B0F1805F00F0E880D068D668C70600F169
:10434800EB80C6F382064869760000FA06F60F6924
:10435800042F7BD002F16004086854F827C000F0ED
:10436800F8400CF0004C40EA0C00304344F82700B9
:10437800487E0E69012854F826000CBF4FF000470C
:10438800002720F00040384344F826000C7E0869D6
:10439800012C04D100F01F004FF40065854010691E
:1043A80020F4F040054315619068C40714D4CE6822
:1043B8000C6806F018079048D2F8C050F840C4F3CB
:1043C8001307204025EA07052843C2F8C0008B4898
:1043D800864257D0002C0BDB00205AE7A40EA040E1
:1043E8006CE79068E0E7A40E6BE7022003B0F0BD2D
:1043F80083498A4200F0B68001F580718A4200F054
:10440800B180804D8048A968806801F0E076C0439B
:1044180000F00100002800F0B4807C48844200F0DD
:10442800FD807B48844200F01C817A488442D3D1C5
:104438004902D1D474498A42CED1AA68002022F018
:10444800E072324342F48002AA6022E7106E0C68E0
:1044580000F0F840A506B0EB846F79D0506E00F0FC
:10446800F84085426FD0906E00F0F840854274D0D5
:10447800D06E00F0F840854296D1D06E20F0004012
:10448800D06691E7002F4ED094FAA4F5002D00F0E5
:104498008C80B5FA85F0013000F01F06092E40F235
:1044A8008480B5FA85F580060126013500F0F840CC
:1044B80094FAA4F405F01F0506FA05F50543002C47
:1044C80000F0DF80B4FA84F4A0196FF01D0600F044
:1044D8001F04032010FB0460000540F0007028430F
:1044E800072402F11405C60DC0F3045006F00406B3
:1044F80004FA00F7745924EA07048F6807FA00F0F1
:10450800204370510C6865E7D6684869C6F382068F
:10451800760000FA06F61AE77608486906F00806F3
:1045280000FA06F613E7A40E013404F01F06092E5C
:104538002DD8A506012005F0F845B040054306EB47
:1045480046000005CBE7506E20F0004050668AE731
:10455800106E20F00040106680E7906E20F000405A
:10456800906685E726482C4D00F58070A96850F8BC
:10457800F86C8068304301F0E076C04300F0010039
:1045880048E75A6D012042F020025A6581E606EBA1
:104598004600A50601241E3805F0F84504FA06F67B
:1045A8000005354340F0007099E794FAA4F000281C
:1045B8006ED0B0FA80F00130800600F0F84094FA2E
:1045C800A4F5002D62D0B5FA85F50126013505F070
:1045D8001F0506FA05F5054394FAA4F4002C52D0F9
:1045E800B4FA84F4013404F01F0404EB44042005F5
:1045F80075E700BF0010005CFFFF0F000000FF47D9
:10460800002002400063025800600258000084CB7A
:10461800000052C70000B8CF0023024008023FF54F
:10462800DBAE1D498A427FF4D7AE1C4A1C4812688B
:10463800A968920921F0E071A0FB020231439209B6
:1046480041F400010132A96052000192019A002A46
:104658003FF4C2AE019A013A0192019A002AF9D1B7
:10466800BAE611F080707FF4B7AE0B498A427FF446
:10467800B3AEAA6822F0E072324342F08072AA60B8
:1046880007E608482BE74FF4401028E70225A2E781
:104698004FF0806093E700BF006002587403002069
:1046A800632D3E05000050FE03689A6812F0040F5F
:1046B8009A6870B5044603D1120701D4002070BD72
:1046C800DA68960104D5A08A40F2011290421AD005
:1046D80002299A6840D0560708D59A68900705D4E9
:1046E80098682D4A024042F010029A60012919D0B8
:1046F8009A68120702D59A68900734D5032914BF1F
:1047080004250C250FE01A68500606D4234A01E058
:10471800013A18D019684906FAD540221A609A68F1
:10472800520727D40425FFF735FD236806469B6802
:104738001D42C3D0FFF72EFD831B052B2368F6D936
:104748009A682A42F3D0636D012043F01003636531
:10475800A36D0343A36570BD150702D59A68920738
:1047680013D50825DFE798680B4A024042F020027B
:104778009A60C3E79A689607D4D499680425064ACC
:104788000A4042F010029A60CDE79968024A0A404E
:1047980042F020029A60E4E7C0FFFF7F00DC0C00D3
:1047A80003689A68D10701D5002070479968214AA3
:1047B800114270B504462CD199681F4A0A4042F04C
:1047C80001029A60FFF7E6FC23681C4A05469342FB
:1047D80028D002F58072934224D0194A92681A6848
:1047E800D60714D4144E9A68D00704D49A68324075
:1047F80042F001029A60FFF7CDFC431B022B2368AD
:1048080002D91A68D10704D51A68D207EBD5002057
:1048180070BD636D012043F010036365A36D03430E
:10482800A36570BD074A9268D206D8D0064A93425B
:10483800D5D1ECE73F000080C0FFFF7F0020024099
:104848000063025800230240002102402DE9F04194
:104858003E4D044600680F461646A84219D03C4B08
:10486800984216D03B4DAB688068420716D494F83E
:104878005020012A12D003F01F080122B8F1090FB5
:1048880084F850200DD90023012084F85030BDE869
:10489800F081314DAB6880684207E8D50220BDE859
:1048A800F08140F2212323FA08F3DB4313EA0205DF
:1048B800E9D12046FFF774FF002841D1626D274BEC
:1048C8002168134043F480736365B8F1000F02D088
:1048D8001F4B994203D0636D23F480136365636DA6
:1048E80013F4805330D0A36D23F00603A365E06C66
:1048F80033461B4D3A46E66A4031C563194D056497
:10490800194DC5641C2541F8405C002584F85050B9
:1049180051F83C5C45F0100541F83C5C51F8345CBA
:1049280025F00305354341F8345C01F05BF9226852
:104938000E4B91680B4043F004039360BDE8F0818F
:1049480084F85050BDE8F081A365D0E7002002400C
:10495800002102400063025800230240FEF0FFFFDE
:10496800E9410024DD41002455420024C0FFFF7FB7
:1049780038B503689A68950702D59B68002038BD4A
:104988009A68D40729D59A68044602F00D02012ACC
:1049980008D0636D012043F010036365A36D0343E2
:1049A800A36538BD986803210D4A024042F002020F
:1049B8009A601960FFF7EEFB236805469B68D907E4
:1049C8000BD5FFF7E7FB401B2368022802D99A683A
:1049D800D207DED49B68DB07F3D4002038BD00BFC4
:1049E800C0FFFF7F38B590F85030012B26D0012347
:1049F8000321044680F85030FFF756FE0546C0B93B
:104A08002368E06CDA6822F00302DA6090F8352057
:104A1800022A16D05A6822F010025A602046FFF780
:104A2800A7FF054628B9626D114B134043F00103F7
:104A380063650023284684F8503038BD022528468F
:104A480038BD01F071FA054660B1636D20462268F1
:104A580043F040036365536823F010035360FFF786
:104A680087FFE6E72268536823F010035360D5E711
:104A7800FEEEFFFF38B5574A04460368934226D036
:104A880002F58072934222D0534B9B6813F4403F47
:104A980022D005F017FC63680546B3F5003F00F027
:104AA8008880B3F5403F6CD0B3F5803F00F081803B
:104AB800FFF788FB41F2030398424BD8474B9D42CE
:104AC8002AD92268936843F48073936038BD444BB5
:104AD8009B6813F4403FDCD14FF40020002106F01E
:104AE80005FE63680546B3F5101F6CD008D8B3F50A
:104AF800E01F50D016D9B3F5001FD9D14509D7E723
:104B0800B3F5201F45D0B3F5301FD1D1FFF75AFBBD
:104B180041F20303984240D82268936823F48073D3
:104B2800936038BDB3F5801F06D00AD9B3F5A01F2E
:104B380002D0B3F5C01FBBD19B0C5B00B5FBF3F5EE
:104B4800B6E7B3F5002FF7D023F40022B2F5802F93
:104B5800F2D0ADE7234B9D4205D82268936823F431
:104B68004073936038BD204B9D421AD91F4B226871
:104B78009D42936829D823F4407343F400739360EB
:104B880038BD8508FFF71EFB41F203039842E1D8C0
:104B980094E7C5098CE705098AE7124BB3EB152F93
:104BA800DBD22268936823F4407343F480739360E4
:104BB80038BD1B0CB5FBF3F5FFF704FB41F203030B
:104BC8009842C7D87AE7850972E743F4407393603F
:104BD80038BD00BF0020024000630258002D31019B
:104BE8000023024021BCBE0041787D0181F0FA0219
:104BF80070B5002382B00193002800F0D180456D84
:104C08000446002D00F0BB80226893689D0003D500
:104C18009168724B0B4093609368D80016D4704B20
:104C280070491B6890689B09A1FB03136E499B0997
:104C38000140013341F0805191600193019B2BB1F8
:104C4800019B013B0193019B002BF9D19368D9008B
:104C580024D4636D012543F010036365A36D2B43D2
:104C6800A365936813F0040F636D1DD1DB061BD495
:104C7800636D23F4817343F0020363659368DE0771
:104C880028D45A4B9A4217D003F580739A4213D00E
:104C9800574B9B68D9071DD4564A15E093680025E1
:104CA80013F0040F636DE1D0636D012543F0100329
:104CB8002846636502B070BD4C4A4F4B92689B68AA
:104CC8001343D80706D44D4A9368616823F47C13CC
:104CD8000B439360FFF776FA41F20303A168984209
:104CE800237F52D894F815C01A04206B42EA4C323C
:104CF80002430A43012B03D1236A013B42EA4342A0
:104D0800636A23B103F47873A16A0B431A432368D7
:104D18003B49D86801400A43DA609A6812F0040FE8
:104D28009A681CD112071AD4D868364A217D0240E5
:104D380042EA8132E16A0A43DA6094F83820012AAB
:104D48003AD01A6922F001021A611A692046616B89
:104D580022F070420A431A61FFF78CFE2368E2686A
:104D6800012A21D01A6B22F00F021A63636D2846BC
:104D780023F0030343F00103636502B070BDFCF741
:104D88005FFEA56584F850503EE71029AAD1617DE1
:104D98001A0442EA4132216B0A4342F01C02A9E795
:104DA8000125284602B070BD196BA26921F00F01D8
:104DB800013A0A431A63D9E7D4E90F12666C01393C
:104DC8001869324342EA0142A16C0A430E49014084
:104DD8000A4342F001021A61B7E700BFC0FFFF5F54
:104DE80074030020632D3E05C0FFFF6F00200240C2
:104DF800006002580063025800210240002302406C
:104E080003C0F0FFFCBFFFFF1EF800FCF0B5002355
:104E180083B0019390F85030012B40D00123044611
:104E28000E46154680F85030FFF7A2FDE8B9676DC9
:104E380005F080421B4B06F480311B4D3B401B4F55
:104E480043F00203636523689E68354015430D43AC
:104E580045F000459D609A68002A0FDB636D23F0DA
:104E6800030343F00103636503E0636D43F010033C
:104E78006365002384F8503003B0F0BD019A013215
:104E88000192019ABA42E6D3636D0022012023F011
:104E9800120384F8502043F010036365ECE7022006
:104EA80003B0F0BDFDEEFFFFC0FFFE3F00F8C325D5
:104EB800F0B490F850209AB00E68012A4DD00346FD
:104EC8002B4C002201201D681692A54283F8500041
:104ED800179208D0596D83F8502041F02001596588
:104EE8001AB0F0BC7047234CA26852070BD5AA68C9
:104EF8005A6D012042F020025A65002283F85020A2
:104F08001AB0F0BC7047A86810F00400F0D1C6B120
:104F1800DFF868C04F68DCF8082022F440423A43C2
:104F2800CCF80820AD68A2682A43D40713D48A684D
:104F3800DCF808101643104A0A401643CCF80860FB
:104F4800DBE70E498A6822F440428A60A868A268B2
:104F58000243D00705D50020CFE702201AB0F0BCE5
:104F680070478C683046044A22408A60C5E700BF13
:104F78000020024000210240E0F0FFFF0023024031
:104F880006494FF6FF0C0002054BCA6800F4E060C2
:104F980002EA0C0210430343CB60704700ED00E0C7
:104FA8000000FA051B4BDB68C3F3022300B5C3F10D
:104FB800070E03F1040CBEF1040F28BF4FF0040ED6
:104FC800BCF1060F1AD9033B4FF0FF3C0CFA03FC67
:104FD80022EA0C024FF0FF3C00280CFA0EFC21EAF2
:104FE8000C0101FA03F141EA02010ADB09010A4B4B
:104FF800C9B2034483F800135DF804FB002213468A
:10500800E8E700F00F000901044BC9B20344197620
:105018005DF804FB00ED00E000E100E0FCEC00E0DE
:10502800002807DB012300F01F01034A40098B40D9
:1050380042F82030704700BF00E100E000280DDB97
:105048004309012200F01F000549203302FA00F04D
:1050580041F82300BFF34F8FBFF36F8F704700BF36
:1050680000E100E0BFF34F8F0549064BCA6802F420
:10507800E0621343CB60BFF34F8F00BFFDE700BF73
:1050880000ED00E00400FA05431EB3F1807F0CD266
:105098004FF0E022002006494FF0F00C536107233F
:1050A80081F823C09061136170470120704700BFE9
:1050B80000ED00E0BFF35F8F044B00215A6A22F431
:1050C80080325A62C3F89410704700BF00ED00E0C8
:1050D800064B40F00100C3F894005A6A42F480324B
:1050E8005A62BFF34F8FBFF36F8F704700ED00E038
:1050F800174A4378C2F89830017821B3436800B55D
:10510800C2F89C30C37A90F80CC01B0690F80FE0E8
:1051180043EA0C7390F80AC00B43817B43EACC4303
:1051280090F80DC043EA8C4390F809C043EA414324
:10513800017A43EA0E4343EA0C2343EA4103C2F8E7
:10514800A0305DF804FBC2F89C10C2F8A0107047AC
:1051580000ED00E0704700BF08B5FFF7FBFF08BD92
:1051680088B110B50379044603F0FF023BB1002370
:1051780002210122217118462361227110BD42715A
:10518800FCF782FDF3E70120704700BFF8B504463D
:105198004079069F012853D00D4611460122266802
:1051A8006271022222713DBBA068042F374ADFF8E2
:1051B800E4C0C2633268C0F840C042F48052DFF8ED
:1051C800D8C0C0F84CC0326042D0082F3DD0002F64
:1051D80038D02A46376847F40057376000F002FD98
:1051E8000023637138BB236805F0100101251A6894
:1051F8008D4015431D60F8BDE068042F244ADFF890
:105208009CC0C2633268C0F840C042F08052DFF8E8
:1052180090C0C0F84CC032602FD0082F24D0D7B12E
:105228003768002247F00057376000F0DBFC0023A6
:1052380063710028D7D0236943F004032361F8BDC4
:105248000220F8BD06F10802C4E706F11002C1E722
:1052580006F10C02BEE7376806F1140247F0005762
:10526800376000F0BFFCE2E7376806F11C0247F040
:105278000057376000F0B6FCD9E7376806F1180226
:1052880047F00057376000F0ADFCD0E70953002421
:1052980009550024195300242953002419550024C2
:1052A8002955002438B54FF4805C036801F0100ECE
:1052B80004461D6801200CFA0EFC00FA0EF025EADF
:1052C8000C051D601A6822EA00021A6059B9A06824
:1052D80000F02AFE22680020136823F400531360AC
:1052E8000123237138BDE06800F01EFE226800200B
:1052F800136823F0005313600123237138BD00BFE6
:1053080010B5846B2046FCF78BFD0123237110BD7B
:10531800806B08B5FCF7B4FD08BD00BF704700BF3F
:1053280010B5846B2369204643F004032361FFF71B
:10533800F5FF0123237110BD704700BF03681A6889
:10534800910410B5044602D55A6B920418D41A6811
:10535800910002D55A6B920000D410BD04224FF080
:10536800005120462271226942F0020222615963EB
:105378001A6822F08052BDE810401A6000F0DCB8CC
:1053880004224FF400510271026942F001020261E5
:1053980059631A6822F480521A60FFF7CDFF236818
:1053A800D5E700BF2DE9F04143790E460968012B86
:1053B80000F09880012304290546144643714FF0F4
:1053C8000203037145D002F0100200683369012B13
:1053D80008D11F24836B944023EA04047369934023
:1053E80023438363072404FA02F3C46B24EA030407
:1053F800D6E90273012B28D0022B28D0B7FA87F3FD
:105408005B093B430B4371689340914023434FF43E
:105418008044C3639440036823EA040340F6FE749F
:1054280003609440036823EA040301240B43C0216A
:10543800036001FA02F30268002122EA0302026013
:1054480008462C716971BDE8F0810023D9E7012372
:10545800D7E7FEF79FFE2B6807465B6B1CBBDFF8A0
:105468009C8013EA080F0DD0FEF794FEC31B012B96
:105478002B6803D95A6B12EA080F36D15B6B13EA13
:10548800080FF1D10120FEF78BFE2868B369036489
:1054980011E0FEF77FFEC31B012B2B6802D95A6B64
:1054A800002A22DB5B6B002BF3DB0120FEF778FE82
:1054B8002868B369436404F0100240F2FF31836C3A
:1054C800914023EA0103F16991400B43FF21836472
:1054D8009140C36C23EA0103316A91400B43316860
:1054E800C36473E70220BDE8F0812B69032243F00F
:1054F800080310462B612A71A5E700BF0080002031
:1055080010B5846B2046FCF7FBFC0123237110BD0A
:10551800806B08B5FCF7DEFC08BD00BF704700BF14
:1055280010B5846B2369204643F004032361FFF719
:10553800F5FF0123237110BD704700BF0268344B8B
:10554800344930B4344D354CAA4218BF9A420CBF86
:10555800012300238A4208BF43F001033031A242ED
:1055680008BF43F0010330348A4208BF43F0010307
:105578003031A24208BF43F0010330348A4208BFE9
:1055880043F0010301F55C71A24208BF43F0010337
:1055980004F55C748A4208BF43F001033031A2422B
:1055A80008BF43F0010330348A4208BF43F00103C7
:1055B8003031A24208BF43F0010330348A4208BFA9
:1055C80043F001033031A24208BF43F001038A428D
:1055D80008BF43F0010313B9114B9A4213D1D3B258
:1055E8001049114C103BA1FB03515F2B0F4BC1F32A
:1055F800021103EA0203615C88BF0433C165836555
:10560800184630BC704722F0FF038365F8E700BFF7
:1056180010000240400002402800024058000240AA
:10562800B8040240ABAAAAAA6022012400FCFFFF2A
:105638000368294A294930B4294D2A4CAB4218BF7E
:1056480093420CBF012200228B4208BF42F00102A4
:105658002831A34208BF42F0010228348B4208BF18
:1056680042F001022831A34208BF42F001028B42F6
:1056780008BF42F0010212B91B4A934213D1DBB2B0
:105688001A4C1B4A0121083B1A4DA4FB03434566EB
:1056980002EB1312C3F30413920001FA03F3026638
:1056A800836630BC7047DAB21349144C1944103A77
:1056B800A829A4FB02234FEA131300D80833104A81
:1056C80003F01F0501210F4C1A44A94044669200BB
:1056D80081660266E5E700BF085402583054025854
:1056E8001C5402584454025894540258CDCCCCCC83
:1056F8000096001680580258F0FBFDBFABAAAAAA74
:105708000082001080080240F8B50446FEF742FD0A
:10571800002C00F0778123680546924A934248D0CE
:105728001832934245D030328F498B4218BF93428A
:1057380001F130010CBF012200228B4208BF42F068
:10574800010218318B4208BF42F0010218318B4226
:1057580008BF42F0010218318B4208BF42F0010233
:1057680001F556718B4208BF42F0010218318B4295
:1057780008BF42F0010218318B4208BF42F0010213
:1057880018318B4208BF42F0010218318B4208BF22
:1057980042F0010218318B4208BF42F00102183171
:1057A8008B4208BF42F001021AB9704A934240F096
:1057B80098810022022184F8342084F835101A6870
:1057C80022F001021A6006E0FEF7E4FC431B052BF9
:1057D80000F2FF8023681A68D607F5D4D4E90225B9
:1057E80020692A43A1691D68024360690243E06990
:1057F8000A4302435E482840256A2A435D4D024316
:10580800606A042800F000812E685B4D3540B5F1D0
:10581800005F80F0BB801A605A6922F007020243D9
:105828005A612046FFF78AFEE26D3F2302F01F020D
:105838009340836022684B4B50484B49824218BFC3
:105848009A4200F130000CBF012300238A4208BFAE
:1058580043F001033031824208BF43F00103303086
:105868008A4208BF43F001033031824208BF43F047
:10587800010330308A4208BF43F0010301F55C712F
:10588800824208BF43F0010300F55C708A4208BFFA
:1058980043F001033031824208BF43F00103303046
:1058A8008A4208BF43F001033031824208BF43F007
:1058B800010330308A4208BF43F00103303182428D
:1058C80008BF43F0010330308A4208BF43F00103A8
:1058D8002B49824208BF43F001032A488A4208BF85
:1058E80043F001032831824208BF43F00103283006
:1058F8008A4208BF43F001032831824208BF43F0BF
:10590800010328308A4208BF43F00103283182424C
:1059180008BF43F001038A4208BF43F0010313B9EB
:10592800194B9A4218D12046FFF782FEA368802BB4
:105938005CD06368A06EDAB2013BD4E91851072B3A
:105948002A60486059D8501E07286ED9626FD4E97A
:105958001B31002018604A6000200123606584F82C
:105968003530F8BD1000024040000240B804024043
:105978003F8010FE0010005C0000FFFF280002407E
:10598800085402581C540258945402586568A5F1EA
:1059980029061F2E24D94F3D032D01D842F4801229
:1059A8001A6004285A6922F0070242EA00027FF4CA
:1059B80037AFE56AA06A0243002D3FF431AF0029F2
:1059C80069D1012800F0888030F002017FF428AF07
:1059D80069E0202203230120626584F83530F8BD90
:1059E800734D25FA06F6F507DAD5D7E70023A16E39
:1059F800D4E918026360036051600023C4E91B33D3
:105A08006367A9E70120F8BD2F68D4E90B562E4338
:105A18003243684E3E40B6F1005FB7D21A605A6909
:105A280022F0070242F00402C4E72168624B634D8A
:105A3800A94218BF994205F114050CBF01230023A0
:105A4800A94208BF43F001031435A94208BF43F037
:105A580001031435A94208BF43F001031435A942D4
:105A680008BF43F001031435A94208BF43F00103FE
:105A78003BB9534B994204D0524B534913449B00B2
:105A880003E0524B524913449B0001228240C4E96F
:105A98001B3162675DE7B1F5005F0ED0022805D9BA
:105AA80003287FF4BDAEE9017FF5BAAE0123402299
:105AB8001846626584F83530F8BD03283FF6B0AE65
:105AC80001A151F820F000BFB55A0024AF5A0024B4
:105AD800B55A0024E15A0024B5F1C07F7FF4A0AE86
:105AE800E4E7354A35483B49834218BF934200F101
:105AF80028000CBF012200228B4208BF42F001029D
:105B08002831834208BF42F0010228308B4208BF87
:105B180042F001022831834208BF42F001028B4261
:105B280008BF42F0010212B9254A934238D1002237
:105B38000221294D84F8351084F834201A6815405C
:105B4800A268402A2AD0802A0CBF4FF48040002047
:105B5800266AD4E90312D20842EAD102616942EA0C
:105B6800D102A16942EAD102E16942EAD1021B49A4
:105B780042EA161219442A4302431948A0FB0101BC
:105B880020461A600B099B00E365FFF7D7FCE26D1E
:105B9800012302F01F02934043604BE61020D7E731
:105BA800402203230120626584F83530F8BD00BF28
:105BB8003F00C0C30000FFFF085402581C5402589D
:105BC800945402583F820010400902403F96001644
:105BD80040590258305402580F00FEFFF8ABFDA799
:105BE800CDCCCCCC002800F08281844690F83400DB
:105BF800012800F07E8101202DE9F0439CF8354012
:105C08008CF83400844208D04FF400620023CCF8AA
:105C180054208CF83430BDE8F0830220DCF80040D2
:105C2800554D8CF835000020544ECCF8540054489B
:105C3800AC4218BF844205F118050CBF01200020B2
:105C4800AC4208BF40F001001835AC4208BF40F034
:105C580001001835AC4208BF40F001001835AC42CD
:105C680008BF40F0010005F55675AC4208BF40F08A
:105C780001001835AC4208BF40F001001835AC42AD
:105C880008BF40F001001835AC4208BF40F00100E1
:105C98001835AC4208BF40F001001835AC4208BFC7
:105CA80040F001001835AC4208BF40F0010018353B
:105CB800AC4208BF40F00100A5F59265AC4218BFA0
:105CC800B4420CBF0125002501D000285AD026680F
:105CD800DCF8589026F001062660002D7ED0DCF80E
:105CE80064603746DCF868607E60DCF86C7037B159
:105CF800DCF87060B646DCF87460CEF80460DCF856
:105D08005C604FF03F0E06F01F080EFA08FEC9F857
:105D180008E0266826F4802626606360DCF80830F0
:105D2800402B00F0E880A160E26015B9002800F07F
:105D3800E880236823F01E0343F016032360DCF891
:105D480040301BB1236843F008032360DCF860305F
:105D58001A68D20303D51A6842F480721A601FB118
:105D68003B6843F480733B602368002043F00103E1
:105D78002360BDE8F08300BF5800024010000240D5
:105D880040000240644F654EDCF85890B44218BF9A
:105D9800BC4206F128060CBF01270027B44208BF01
:105DA80047F001071436B44208BF47F0010714361C
:105DB800B44208BF47F001071436B44208BF47F0A1
:105DC8000107266826F001062660554EB44208BF32
:105DD80047F0010717B9534FBC4212D1DCF8646091
:105DE8003746DCF868607E60DCF86C7037B1DCF848
:105DF8007060B646DCF87460CEF8046000287FF462
:105E08007EAF464FDFF810E1744518BFBC420EF173
:105E1800140E0CBF01270027744508BF47F001077F
:105E28000EF1140E744508BF47F001070EF1140E69
:105E3800744508BF47F001070EF1140E744508BFFA
:105E480047F001070EF1140E744508BF47F001072B
:105E580017B9344FBC4254D1DCF85C60012706F016
:105E68001F0E07FA0EF7C9F804706360DCF80830F3
:105E7800402B43D0A160E260236823F00E0343F077
:105E88000A032360DCF84030002B2DD0236843F050
:105E980004032360204B214A944218BF9C4202F11C
:105EA80028020CBF01230023944208BF43F00103DA
:105EB8001432944208BF43F001031432944208BFDD
:105EC80043F001031432944208BF43F00103143233
:105ED800944208BF43F001031432944208BF43F0D0
:105EE8000103002B3FF440AFDCF86C702EE7012073
:105EF800704702207047A260E16016E7A260E16087
:105F0800BAE7236823F00E0343F00A032360DCF8A2
:105F18004030002BBAD1BDE71C540258085402582F
:105F2800805402589454025870B50546FEF732F969
:105F3800002D00F0248195F83530022B40F0DD80EB
:105F48002C6806468F4B9048904A844218BF9C4262
:105F580000F130008E490CBF01230023844208BFA2
:105F680043F001031830844208BF43F0010318309E
:105F7800844208BF43F001031830844208BF43F04D
:105F8800010300F55670844208BF43F0010318303E
:105F9800844208BF43F001031830844208BF43F02D
:105FA80001031830844208BF43F0010318308442CB
:105FB80008BF43F001031830844208BF43F00103CF
:105FC8001830844208BF43F001031830844208BFE8
:105FD80043F001038C4218BF94420CBF01220022F7
:105FE80002D0002B00F09080216821F01E01216072
:105FF800616921F080016161002A00F0B0802A6E99
:10600800136823F480731360236823F0010323606B
:1060180005E0FEF7BFF8831B052B00F2A680236876
:10602800DB07F6D42A68574B57485A49824218BFAB
:106038009A4200F148000CBF012300238A4208BF9E
:1060480043F001033031824208BF43F0010330308E
:106058008A4208BF43F0010301F55C71824208BF20
:1060680043F0010300F55C708A4208BF43F0010366
:106078003031824208BF43F0010330308A4208BF02
:1060880043F001033031824208BF43F0010330304E
:106098008A4208BF43F001033031824208BF43F00F
:1060A80001038A4208BF43F0010318318A4208BF3E
:1060B80043F0010333B9A1F59561354B9A4218BFF6
:1060C8008A426FD1EA6D3F23A96D02F01F02934007
:1060D8008B60EB6ED5E91921516033B11A68D5E9A7
:1060E8001C1022F480721A604860002301221846AE
:1060F80085F8352085F8343070BD802200230120D2
:106108006A6585F8343070BD2268234922F00E0292
:106118002260224A8C4218BF944201F128010CBF28
:10612800012200228C4208BF42F0010214318C4245
:1061380008BF42F0010214318C4208BF42F001024C
:1061480014318C4208BF42F0010214318C4208BF5E
:1061580042F001021AB9124A94427FF455AF296EEF
:106168000A6822F480720A604EE720210322002385
:106178000120696585F8343085F8352070BD012027
:1061880070BD00BF580002404000024010000240AD
:106198002800024070000240085402581C5402585B
:1061A80094540258E86D0121164B00F01F00164C5C
:1061B8008140A24218BF9A42A86D0CBF0123002358
:1061C800416012481249824208BF43F00103283057
:1061D8008A4208BF43F001032831824208BF43F0D6
:1061E80001038A4208BF43F0010314318A4208BF01
:1061F80043F00103002B7FF46CAF064B9A423FF447
:1062080068AF72E71C5402580854025830540258B8
:10621800445402589454025800285FD038B590F876
:1062280035200346022A55D10168574A914248D081
:106238001832914245D03032544C5548A14218BFCB
:10624800914204F148040CBF01220022814208BF98
:1062580042F001023030A14208BF42F0010230345E
:10626800814208BF42F0010200F55C70A14208BFFC
:1062780042F0010204F55C74814208BF42F0010259
:106288003030A14208BF42F001023034814208BFD9
:1062980042F001023030A14208BF42F0010230341E
:1062A800814208BF42F001023030A14208BF42F0EB
:1062B8000102814208BF42F0010212B9354A9142F7
:1062C8000ED10422002083F835200B6823F0010347
:1062D8000B6038BD802201205A6538BD0120704707
:1062E8002D4A2E4D0868A94218BF91422C4C20F027
:1062F8000E0005F13C050CBF012200220860A142F6
:1063080008BF42F0010208682834A94208BF42F0D9
:10631800010220F00100A14208BF42F0010214343A
:106328000860A14208BF42F001021E48814208BF2E
:1063380042F0010212B91C4A914217D101229D6D07
:10634800D3E91704216800F01F0021F4807182400E
:1063580021606A60DA6ED3E91910486032B11168B9
:10636800D3E91C0421F480711160446001210024E8
:106378001A6D83F8351083F834401AB118469047DF
:10638800204638BD104638BD10000240400002408B
:1063980070000240B80402401C54025808540258C5
:1063A8003054025880540258945402582DE9F0434E
:1063B80000229C4B83B09C4E1D6881460192036865
:1063C8009A4A846D934218BFB342276808BF0126D2
:1063D800216818BF002645D018329548834218BF57
:1063E800934200F118000CBF01220022834208BF2B
:1063F80042F001021830834208BF42F0010218300F
:10640800834208BF42F001021830834208BF42F0BD
:10641800010200F55670834208BF42F001021830AD
:10642800834208BF42F001021830834208BF42F09D
:1064380001021830834208BF42F00102183083423B
:1064480008BF42F001021830834208BF42F001023F
:106458001830834208BF42F001021AB9754A9342C4
:1064680040F05082D9F85C10082201F01F0C02FAA3
:106478000CF2174240F0888127FA0CF2D2070CD5AB
:106488005A69100609D5012202FA0CF2A260D9F85D
:10649800542042F00202C9F854204FF0040E0EFABC
:1064A8000CF038425BD0002E4FD1614ADFF888816A
:1064B800434518BF934208F130080CBF012200225F
:1064C800434508BF42F0010208F11808434508BFD8
:1064D80042F0010208F11808434508BF42F00102E2
:1064E80008F11808434508BF42F0010208F556783C
:1064F800434508BF42F0010208F11808434508BFA8
:1065080042F0010208F11808434508BF42F00102B1
:1065180008F11808434508BF42F0010208F11808BD
:10652800434508BF42F0010208F11808434508BF77
:1065380042F0010208F11808434508BF42F0010281
:106548001AB93C4A934240F019821A68920706D554
:10655800A060D9F8542042F00402C9F8542010224F
:1065680002FA0CFC1CEA070F6CD0002E45D1304A09
:10657800314EB34218BF934206F130060CBF0122D8
:106588000022B34208BF42F001021836B34208BFE6
:1065980042F001021836B34208BF42F00102183631
:1065A800B34208BF42F0010206F55676B34208BF6F
:1065B80042F001021836B34208BF42F00102183611
:1065C800B34208BF42F001021836B34208BF42F096
:1065D80001021836B34208BF42F001021836B3422E
:1065E80008BF42F001021836B34208BF42F0010268
:1065F8001AB9104A934240F0C9811A68100721D588
:10660800C4F808C01A68560300F14C811A68D2050C
:1066180003D41A6822F008021A60D9F840308BB106
:106628000CE000BF74030020100002402800024064
:1066380058000240B80402404000024048469847CB
:10664800D9F85C1001F01F0120268E403E4268D028
:10665800D9F80020A54BA64FBA4218BF9A4207F1B5
:1066680018070CBF01230023BA4208BF43F00103F7
:106678001837BA4208BF43F001031837BA4208BFB7
:1066880043F001031837BA4208BF43F00103183733
:10669800BA4208BF43F001031837BA4208BF43F0B3
:1066A800010307F55677BA4208BF43F001031837CC
:1066B800BA4208BF43F001031837BA4208BF43F093
:1066C80001031837BA4208BF43F001031837BA422A
:1066D80008BF43F001031837BA4208BF43F001036B
:1066E8001837BA4208BF43F001031BB9814B9A42DD
:1066F80040F062811368DB0613D5A66099F835303F
:10670800042B136800F0AE8013F4802F136800F098
:10671800D3801C0340F1DE80D9F83C300BB14846E9
:106728009847D9F85430002B00F0B980D9F8543084
:10673800D8071FD5D9F80020042189F83510136827
:1067480023F0010313606C4BA3FB0535AD0A02E08F
:106758001368D90704D5019B0133AB420193F7D9DC
:106768001368DB074CBF0323012389F83530002366
:1067780089F83430D9F84C30002B00F09080484626
:1067880003B0BDE8F0431847186840070AD51868F1
:1067980020F004001860A260D9F8542042F00102E9
:1067A800C9F8542027FA0CF2D2077FF576AE534A7F
:1067B8005348834218BF934200F130000CBF0122B6
:1067C8000022834208BF42F001021830834208BF0A
:1067D80042F001021830834208BF42F0010218302B
:1067E800834208BF42F0010200F55670834208BF99
:1067F80042F001021830834208BF42F0010218300B
:10680800834208BF42F001021830834208BF42F0B9
:1068180001021830834208BF42F001021830834257
:1068280008BF42F001021830834208BF42F001025B
:106838001830834208BF42F00102002A7FF420AEDC
:10684800002E7FF41DAE1A68042202FA0CF23A42B6
:1068580040F09480102202FA0CFC17EA0C0F3FF467
:10686800F1AE84E623F016031360536923F0800326
:106878005361D9F840309BB3136823F008031360C1
:106888003F230125002203FA01F1D9F85030A16015
:1068980089F8355089F83420002B7FF470AF03B0A5
:1068A800BDE8F0831B6818037FF5B7AED9F8483008
:1068B800002B7FF4C3AEC5E613F480737FF42CAFCE
:1068C800116821F010011160012289F8343089F82B
:1068D800352021E7D9F84430002B7FF420AF20E79A
:1068E800D9F84830002BC7D1CAE700BF10000240D2
:1068F80028000240B8040240B5814E1B58000240EF
:10690800400002404E4A4F4DAB4218BF934205F13A
:1069180014050CBF01220022AB4208BF42F001025D
:106928001435AB4208BF42F001021435AB4208BF30
:1069380042F001021435AB4208BF42F0010214359F
:10694800AB4208BF42F0010212B93F4A9342A6D1B6
:10695800D9F85C5004261A6805F01F05AE400E42AF
:1069680019D0570717D5100466604BD5D1034FD4FB
:10697800D9F84830002B7FF402AF90E71A6810224C
:1069880002FA0CFC17EA0C0F3FF45CAE1A685207C7
:106998007FF558AE34E60226AE400E4211D0970776
:1069A8000FD56660140439D5D00343D4D9F84430E0
:1069B800002B7FF4E4AE72E713689F077FF5B1AE52
:1069C8009BE60826AE400E423FF469AF11077FF5FB
:1069D80066AF1A68002122F00E021A600123D9F866
:1069E8004C2003FA05F56560C9F8543089F834106D
:1069F80089F83530002A3FF452AF484603B0BDE865
:106A0800F0431047920603D41A6822F004021A6071
:106A1800D9F84030002B7FF4B2AE40E712F02002E4
:106A280008D11968012421F00A01196089F8354054
:106A380089F83420D9F83C30002B7FF4A0AE2EE73B
:106A4800085402581C54025894540258406D704718
:106A58002DE9F04F0C6883B0002C00F0A6804FF0B1
:106A6800000C8E4F634601229A4012EA040E00F091
:106A780095804D6805F0030909F1FF36012E40F2B3
:106A88009780B9F1030F40F0D18009FA0CF26FEA50
:106A98000208066815F4403F06EA080842EA0802B8
:106AA80002607BD0D7F8F42023F0030803F0030931
:106AB80042F0020208F1B0484FEA8909C7F8F42009
:106AC80008F58068D7F8F42002F002020192019AD2
:106AD8000F22D8F8086002FA09F226EA0202704E7C
:106AE800B04229D006F58066B04200F0AC806D4E09
:106AF800B04200F0AE806C4EB04200F09E806B4E0B
:106B0800B04200F0B2806A4EB04200F0B480694EE4
:106B1800B04200F0A480684EB04200F0B280674EE8
:106B2800B04200F0B480664EB0420CBF09260A2677
:106B380006FA09F942EA0902C8F808204FF0B042FB
:106B4800EE026FEA0E0812684FF0B04654BF08EA2A
:106B580002024EEA02023260AA0276684FF0B042A0
:106B680054BF08EA06064EEA06065660D2F8846064
:106B7800AA034FF0B04254BF08EA06064EEA0606DA
:106B8800ED034FF0B045C2F88460D2F8802054BFBE
:106B980008EA02024EEA0202C5F8802001330CF12D
:106BA800020C34FA03F27FF45EAF03B0BDE8F08F55
:106BB8004FF00308866808FA0CF826EA080ACE6837
:106BC8006FEA080806FA0CF646EA0A068660C5F374
:106BD8000016D0F804A09E402AEA0202324342601E
:106BE800C268B9F1020F8E6802EA080206FA0CF6CA
:106BF80046EA020609FA0CF2C6607FF44AAF03F0CF
:106C080007064FEAD3094FEA860B0F2600EB8909DE
:106C180006FA0BF6D9F820A02AEA060A0E6906FA3F
:106C28000BF646EA0A06C9F8206032E74FF0030877
:106C380008FA0CF86FEA0808D2E7032606FA09F9F9
:106C480042EA090278E7012606FA09F942EA090246
:106C580072E7022606FA09F942EA09026CE70626F3
:106C680006FA09F942EA090266E7042606FA09F96A
:106C780042EA090260E7052606FA09F942EA09022A
:106C88005AE7072606FA09F942EA090254E70826EC
:106C980006FA09F942EA09024EE700BF0044025821
:106CA8000000025800080258000C02580010025850
:106CB8000014025800180258001C025800200258FC
:106CC80000240258002900F0A88000232DE9F04F85
:106CD800DFF8689183B0DFF86881DFF868A1DFF832
:106CE80068B14FF0010E0EFA03F212EA010C6FD0F0
:106CF80023F0030503F003040F2640454D444FEAF3
:106D08008404AF6806FA04F607EA0607019721D05B
:106D1800504566D0584567D0434FB8426ED0434F70
:106D2800B84270D0424FB84263D0424FB84256D0B2
:106D3800414FB84272D0DFF814E1704568D0DFF8EF
:106D480010E1704514BF4FF00A0E4FF0090E0EFA0D
:106D580004F400E00024019FA74219D14FF0B04489
:106D6800D4F8807027EA0C07C4F88070D4F88470CF
:106D780027EA0C07C4F88470676827EA0C0767607D
:106D8800276827EA0C072760AC6824EA0606AE6085
:106D980003255C0003F007070F2605FA04F40568CD
:106DA800BF00254306FA07F70560DD0800EB8505F7
:106DB8002E6A26EA07062E62C56825EA0405C5601C
:106DC800456825EA02024260826822EA0404846077
:106DD800013331FA03F284D103B0BDE8F08F4FF0EC
:106DE800060E0EFA04F4B6E74FF0020E0EFA04F49B
:106DF800B1E74FF0050E0EFA04F4ACE74FF0030EBE
:106E08000EFA04F4A7E74FF0040E0EFA04F4A2E712
:106E18004FF0080E0EFA04F49DE770474FF0070E86
:106E28000EFA04F497E700BF000C0258001002584D
:106E38000014025800180258001C02580004005898
:106E480000000258000402580008025800200258A6
:106E5800002402580369194214BF0120002070471A
:106E680002B90904816170472DE9F04F056885B0C2
:106E78000446284606F0D8F8012802D005B0BDE837
:106E8800F08F206806F09AF80028F7D0206806F0FE
:106E980095F810F4001F206802D04FF400134361E6
:106EA80006F08CF810F4801F206802D04FF480138D
:106EB800436106F083F810F0806F206802D04FF02D
:106EC8008063436106F07AF810F0020F206801D061
:106ED8000223436106F072F810F0005F206875D154
:106EE80006F06CF8C20100F11081206806F066F81F
:106EF800030700F10381206806F060F8C7062668DA
:106F080000F1E980304606F059F88001B6D52068CE
:106F180006F0F2F8A2688146002A00F0D780002621
:106F280005F5A0654FF02C0A2BE006F04BF8410759
:106F380063D508F5A063042203EB47139A60072280
:106F48000AFB0743394683F86120206806F0D8F821
:106F58003946206806F036F810F4007F3946206874
:106F68007BD008F5A06806F0CBF84FF4007308EB67
:106F78004718C8F80830A26801362035964280F0D4
:106F8800A58006F00F0329FA03F3D907F4D52B6877
:106F9800F7B2D4F800801B0439464046C5D406F041
:106FA80011F810F0040B40D008F5A068042307225C
:106FB800394608EB4718C8F808300AFB074383F836
:106FC8006120206806F09CF8A268D5E74FF00053CE
:106FD8004361D5F84034D90782D41021284605F0FA
:106FE80011FD284605F038FDA369022B00F0E08169
:106FF8002046FDF74FF8206872E73946206805F00B
:10700800E1FFC20540F1BB8008F5A0634FF4807230
:10701800394603EB47139A6008220AFB074383F8B3
:107028006120206806F06CF892E73946206805F080
:10703800C9FF810640F1B98008F5A06820220AFB43
:1070480007F308EB4718C8F80820E21892F83D1033
:10705800012900F05181A2688EE705F0B3FFC2074D
:1070680040F1B78008F5A0682023E168780108EBB3
:10707800471BCBF8083051B1DBF810200AFB074C4E
:10708800C2F31202DCF848309B1ACCF850300AFBE5
:1070980007430022DA65012283F86120CBF8082033
:1070A80093F83F2012F0FD0200F0C680012A00F09C
:1070B800158101290AFB074700F0B38097F854307F
:1070C80083F0010387F85430A26855E723684FF02E
:1070D80000725A61D2E6B36923F01003B361376ACC
:1070E800C7F34341C7F30A12022902D1002A40F02C
:1070F800AC80B36943F01003B36103E72046FCF7A3
:10710800C1FF206808234361F6E62668D6F84034B4
:107118000293D6F840340393039B23F02E03039382
:10712800029B9B0707D5029BDF0700F1A580039B05
:1071380043F002030393029B180715D5039B43F002
:1071480008030393029B590740F19A80A169022919
:1071580000F0EB802369012B03D14EF66022C6F8BC
:1071680004242046FCF79CFF029B9A0603D5039B48
:1071780043F020030393039BC6F84034B5E6394631
:10718800206805F01FFF030733D508F5A063082220
:10719800394603EB47139A6006220AFB074383F834
:1071A8006120206805F0ACFFD2E63946206805F07A
:1071B80009FF10F4007B67D008F5A0634FF4007254
:1071C8003946206803EB47139A6005F099FFA268D7
:1071D800D2E63946206805F0F5FE800640F1B08019
:1071E80008F5A068202308EB4718C8F80830A268FB
:1071F800C2E63946206805F0E5FE400540F1888082
:1072080008F5A0634FF48062394603EB47139A6090
:1072180009220AFB074383F86120206805F070FF04
:1072280096E63B6DB7F84020013B1344B3FBF2F3FD
:10723800DB073FF543AF0EE73946206805F060FFEE
:107248001023E168CBF8083033E707F00F074FF059
:107258002C0808FB0748D8F8441000293FF449AF28
:10726800D8F85030D8F84C001344834240F2DB8001
:10727800042388F860303CE72046FCF707FF56E710
:107288002046FCF711FF6FE73946206805F09AFEA3
:1072980010F0010300F091800AFB0742394620688C
:1072A800C2F85CB0019205F08DFE08F5A06310F0FD
:1072B800400F019A03EB471304D0012182F83D10D7
:1072C80040229A60012239469A600AFB074383F8F4
:1072D8006120206805F014FFA2684DE658F80010F8
:1072E80041F0005148F800103946204683F86020E4
:1072F800FCF7D4FEE168DCE682F83DB0603340F28A
:1073080002323946E252206805F0FAFEA26833E6F6
:107318003946206805F056FE01067FF519AE08F5D6
:10732800A063802203EB471308E6029B206803F45E
:10733800C023B3F5802F18BF012105F0BBFE10E76D
:107348003946206805F03EFE10F0020B00F08A80F6
:1073580008F5A06802200AFB07F2790108EB471339
:107368009860A01890F86130012B00F09580062BEA
:1073780000F0E980072B00F0D580092B00F0D280BF
:10738800052B00F01C81032B00F01E81042B00F05C
:107398002D81082B00F01F81022B3FF45CAE0AFB05
:1073A80007433946204693F86020FCF777FE52E6FB
:1073B8000121206805F07EFE1AE63946206801930F
:1073C80005F000FE420616D50AFB0742019B08F5A8
:1073D800A0683946D365052308EB471882F8613061
:1073E800012382F83D30206805F08AFE4023C8F862
:1073F8000830A268C0E53946206805F0E3FD10F0C2
:10740800080B4ED008F5A0630822394603EB471352
:107418009A6006220AFB074383F86120206805F07A
:107428006FFEA268A8E5304606F5A066019205F051
:107438002DFD06EB4711D8F84430019A0969D8F8B0
:1074480050001344C1F3C9411044C8F844307B01CB
:10745800C8F8500021B1B8F84010914200F0A2805D
:10746800266846E63946206805F0ACFD10F0400273
:107478003CD008F5A06340200AFB0742394603EBDD
:10748800471398600523C2F85CB082F86130206821
:1074980005F036FEA2686FE5603240F20123A35280
:1074A8007DE73946206805F08DFDC3065DD50AFBEA
:1074B80007430422C3F85CB083F8612093F83D3099
:1074C8003BB90AFB074393F83C2012B9012283F821
:1074D8003D203946206805F013FE08F5A068102302
:1074E80008EB4718C8F80830A26845E5394620680F
:1074F800019205F067FD10F0100F019A3FF4ABAD53
:107508000AFB074393F83F10032900F0868011F027
:10751800FD01E2D1E268D965002ADED1042283F8B0
:107528006120D6E70AFB07424FF0020382F8613078
:10753800D36D0133022BD3650AD90023D365042305
:1075480082F860302BE7603240F20523A35226E729
:107558004FF0020382F8603058F8013023F080437E
:1075680043F0004348F8013019E73946206805F030
:1075780029FD000653D5E368002B73D00AFB0743A7
:10758800DA6D0132022ADA6562D84FF0020283F816
:10759800602008F5A068802308EB4718C8F8083071
:1075A800A268E9E49A5922F0804242F000429A51D6
:1075B80098F8543083F0010388F8543050E74FF0BE
:1075C800020380F86130EAE60AFB07434FF0020243
:1075D80083F86120E3E60AFB07F34FF40170E11832
:1075E8006033CA6D0132CA65E052D8E60AFB07F378
:1075F80040F2022003F160022344A05293F83F3086
:1076080013F0FD0F7FF4CBAE58F8013023F0804320
:1076180043F0004348F80130C1E6DA657EE73946B1
:10762800206805F0CFFC410526D50AFB074309224F
:1076380008F5A068394683F86120206808EB4718E8
:1076480005F05EFD4FF48063C8F80830A26893E443
:10765800002239462046DA65042283F86020FCF7C8
:107668001DFD96E70AFB07430722394683F8612088
:10767800206805F045FD8CE73946206805F0A2FC36
:1076880082077FF5E8AC08F5A06802210AFB07F33A
:10769800780108EB47129160E21892F8611001290D
:1076A80027D0032920D0042946D0052944D006290B
:1076B80015D0072902D009297FF4CDAC0AFB07436E
:1076C8004FF0020283F86120DA6D0132022ADA658E
:1076D80037D90022DA65042283F860205FE6603338
:1076E80040F20522E2525AE64FF0020382F8613076
:1076F80055E6603340F20121E15292F83F30023BF7
:10770800012B3FF64CAEE3687BB1012B7FF447AE0B
:10771800D36C002B3FF443AEB2F84010013B0B444E
:10772800B3FBF1F3DB077FF53AAE92F8553083F0FF
:10773800010382F8553032E6603340F20222E25209
:107748002DE64FF0020283F8602058F8003023F04D
:10775800804343F0004348F8003020E690F8F832C0
:10776800012B0CD0012310B50446006884F8F832C8
:1077780005F038FD0023184684F8F83210BD0220C1
:10778800704700BF2DE9F04703684FF02008054611
:107798000E461746986910F0020940F09E809C69D1
:1077A80014F0100468D010223C46CA46DA61711CF5
:1077B8009A6963D1900600F19380BAF1000F04D161
:1077C8009C69A106FCD5C3F81C8049F0040401217A
:1077D8009A69D00530D54FF48071560544F00104FC
:1077E800D96104D54FF4806144F00804D96191054A
:1077F80004D54FF4007244F00204DA619A699007E4
:1078080001D500229A629A69D10703D49A6942F095
:1078180001029A615A68002134482026024001205A
:107828005A606B6C85F840101C436C6485F84160A5
:1078380085F84210BDE8F0875005D3D49205D8D416
:107848000029DBD1721CA5D0FCF7A4FCC01B2B6857
:10785800B04201D8002E9DD19A6912F0020299D146
:107868006B6C2021012085F840200B436B6485F860
:10787800411085F84220DDE72146A9E792062FD47A
:10788800BAF1000FA1D1FCF785FC001B2B688642DA
:1078980001D3002E8BD1586895F842209969D2B24D
:1078A80009040BD5410409D4202A07D05A6842F4A8
:1078B80080425A60FCF76EFC2B6804469A69900671
:1078C8003FF575AFFCF766FC001B2B681928F5D946
:1078D8004FF020094FF0010A69E70020BDE8F08762
:1078E800BAF1000F3FF46FAF6FE700BF00E800FE8A
:1078F80003682DE9F04790469A69940665D40646D0
:107908000F464FF010099C6914F0100460D0002550
:107918004446C3F81C90AA46791C9A695AD1900625
:107928007DD4BAF1000F04D19C69A106FCD52022B0
:10793800DA6145F0040401219A69D00530D54FF485
:107948008071550544F00104D96104D54FF4806174
:1079580044F00804D961970504D54FF4007244F047
:107968000204DA619A69900701D500229A629A693D
:10797800D10703D49A6942F001029A615A6800213A
:1079880034482025024001205A60736C86F8401064
:107998001C43746486F8415086F84210BDE8F087AD
:1079A8005005D3D49505D8D40029DBD1FCF7F2FBD8
:1079B800A0EB08003368B84200D81FB99A6912F0E2
:1079C800200230D09A6992069DD50020BDE8F08744
:1079D8002146B1E7920622D4BAF1000FA9D1FCF7EB
:1079E800D9FB001B3368874201D3002F94D1586814
:1079F80096F842209969D2B2090403D5410401D40A
:107A0800202A1DD19A69900686D4FCF7C3FB001B77
:107A180033681928F6D920254FF0010A7CE7BAF116
:107A2800000F84D085E7736C2021012086F8402060
:107A38000B43736486F8411086F84220BDE8F0874E
:107A48005A6842F480425A60FCF7A4FB3368044643
:107A5800D8E700BF00E800FE00284ED010B590F827
:107A68004130044603F0FF02002B41D02368242153
:107A7800626884F84110196822F07062E06821F0A9
:107A88000101012819601A619A6822F400429A607B
:107A9800A26829D042F4044202289A6002D14FF425
:107AA80000625A6058684FF0200C1549226901435A
:107AB8005960D96821F40041D960D4E9050102432D
:107AC80042EA0122D4E90710DA6000220143104695
:107AD8001960196841F001011960626484F841C0B5
:107AE800226384F8422010BD42F400429A60D9E72C
:107AF80080F84020FAF720FDB8E70120704700BF62
:107B0800008000022DE9F047984690F84130BDF812
:107B180024A0202B0A9F32D1089B04464BB3BAF10C
:107B2800000F26D090F84030012B28D001230E46B4
:107B3800914680F84030FCF72DFB236805469A698A
:107B480011041FD5FCF726FB401B23681928F6D91A
:107B58009A691204F3D5636C2021002201200B439B
:107B680084F84020636484F8411084F84220BDE81A
:107B7800F0874FF4007301206364BDE8F0870220AA
:107B8800BDE8F087089A2121C6F30906204684F843
:107B9800411040216262002284F8421062636264EC
:107BA8006D49A4F82AA05A680A405FFA88F142EAA7
:107BB80001426A49324311432A4659603946FFF760
:107BC800E1FD002875D1B8F1010F0AD04FEA19225A
:107BD8002368394620469A622A46FFF7D3FD0028D3
:107BE80067D15FFA89F322689362781C4AD1936956
:107BF8001906FCD5638D9BB2FF2B40F28A8053682F
:107C080057490B40574933431943FF232385516094
:107C1800DFF84C814FF0FF0ADFF8489104E0638DEC
:107C28009BB2002B00F083802A4639462046FFF796
:107C3800A9FD00286BD1626A216812F8010B238D17
:107C480088626262013B628D9BB2013A238592B2DF
:107C58006285628D92B2002AE1D0002BDFD1781CB8
:107C68002CD18B691A06FCD5638D9BB2FF2B40D9AA
:107C78004B68A4F828A003EA0803334343EA09033E
:107C88004B60CCE793691B06B4D4FCF783FA401B1E
:107C98002268874201D3002FA7D1936913F080038C
:107CA800A3D1626C20210A43626484F8411084F8ED
:107CB80042300023012084F840305EE78B691B06C0
:107CC800D2D4FCF767FA401B2168874201D3002F02
:107CD800C5D18B6913F08003C1D1626C20210120CA
:107CE80084F840300A43626484F8411084F84230D2
:107CF80043E7638D9BB2DAB223854B6803EA080336
:107D0800334343EA024343F000734B6087E70120A3
:107D180033E7638D12489BB2D9B223855368034079
:107D2800334343EA014343F00073536070E72A4644
:107D380039462046FFF7DCFD0028E8D123682021DA
:107D4800094DD9615A682A405A6084F8411084F86C
:107D5800400084F8420010E7009800FC0020000171
:107D6800009C00FC0000FF0100E800FE2DE9F04740
:107D78001F4690F84130BDF82490202B0A9C37D13B
:107D8800089B82466BB3B9F1000F2AD090F84030B7
:107D9800012B2DD001230E46904680F84030FCF789
:107DA800F9F9DAF8003005469A69120423D5FCF788
:107DB800F1F9401BDAF800301928F5D99A6910044E
:107DC800F2D5DAF844302021002201200B438AF84A
:107DD8004020CAF844308AF841108AF84220BDE8A9
:107DE800F0874FF400730120CAF84430BDE8F087EB
:107DF8000220BDE8F087089A2221C6F309065046FA
:107E08008AF841104021CAF8242000228AF842103A
:107E1800CAF83420CAF844208149AAF82A905A6836
:107E28000A40F9B242EA01422146324342F4005282
:107E38005A602A46FFF7A6FC002840F09080012FE0
:107E48000CD04FEA1822DAF80030214650469A62E0
:107E58002A46FFF797FC002840F081805FFA88F3F4
:107E6800DAF800209362611C5FD193695B06FCD548
:107E7800BAF82A309BB2FF2B40F2AB8053686849AE
:107E88000B40684933431943FF23AAF8283051604F
:107E9800654F4FF0FF09DFF89C81601C27D193697B
:107EA8005907FCD5526ADAF824301A70BAF82A2031
:107EB800DAF82430013A013392B2CAF82430BAF819
:107EC8002830AAF82A20013BBAF82A209BB292B29D
:107ED800AAF828300AB1002B46D0BAF82A309BB24B
:107EE800002B00F08680601CDAF80020D7D0936958
:107EF8005B07D7D4FCF74EF9401BDAF80020844220
:107F080001D3002CC9D1936913F00403C5D1DAF861
:107F18004420202101208AF840300A43CAF844202E
:107F28008AF841108AF8423060E793695F069FD467
:107F3800FCF730F9401BDAF80020844201D3002C0A
:107F480091D1936913F040038DD1DAF844202021B0
:107F58000A43CAF844208AF841108AF842300023BC
:107F680001208AF8403041E7DAF80020601C10D17F
:107F780093691906FCD5BAF82A309BB2FF2B19D998
:107F88005368AAF828903B40334343EA08035360F8
:107F9800A3E793691B06EED4FCF7FCF8401BDAF85C
:107FA8000020844201D3002CE0D1936913F08003B0
:107FB800DCD1ACE7BAF82A309BB2D9B2AAF828309B
:107FC80053683B40334343EA014343F00073536033
:107FD80083E7BAF82A3012489BB2D9B2AAF82830F7
:107FE80053680340334343EA01431049194351603E
:107FF8004EE72A4621465046FFF77AFC70B9DAF870
:10800800003020210A4CD9615A6822405A608AF807
:1080180041108AF840008AF84200E7E60120E5E6C8
:10802800009800FC0024FF01009C00FC00240002D2
:1080380000E800FE0000FF010268436B91691268C6
:1080480003B11847704700BF90F84100704700BF60
:1080580090F84120202A23D15FFA82FC90F8402032
:108068000346012A1CD00268242000B583F8410089
:108078004FF0000E106820F001001060106820F426
:10808800805010601068014370461160116841F01B
:108098000101116083F841C083F840E05DF804FBFA
:1080A8000220704790F84120202A22D1034600B5CB
:1080B8005FFA82FE90F84020012A1CD00268242032
:1080C8004FF0000C83F84100106820F001001060A8
:1080D800106820F4706040EA012160461160116860
:1080E80041F00101116083F841E083F840C05DF878
:1080F80004FB0220704702205DF804FB2DE9F04FD5
:10810800056889B00446284604F08EFF10B109B00E
:10811800BDE8F08F8346206804F050FF0028F6D0B1
:10812800D5F8083805F500622068C3F30D230292DC
:10813800C4F8FC3404F042FF10F0020F206803D0AA
:10814800436903F00203436104F038FF10F0100F95
:10815800206812D0836923F0100383612E6AC6F366
:10816800434306F00F07022B00F0E383062B00F0D1
:108178002283836943F01003836104F01FFF070320
:1081880000F18082206804F019FF460300F128827C
:10819800206804F013FF0028C0F29A81206804F0D8
:1081A8000DFF030500F15781206804F007FF060161
:1081B80014D52268536903F00063536194F8F434CA
:1081C800002B40F0AB820121204684F8F414536D53
:1081D800C3F38303C4F8F83400F04CFE206804F0BD
:1081E800EDFEC00400F19E81206804F0E7FE10F463
:1081F800005F206840F07F8104F0E0FE010700F195
:10820800E681206804F0DAFE020671D5AA6963687F
:1082180022F08002012BAA616AD994F8A322012ACC
:1082280000F0E883022B63D994F8C722012A00F0F2
:10823800FC83032B5CD994F8EB22012A00F0B4826A
:10824800042B55D994F80F23012A00F0C782052B77
:108258004ED994F83323012A00F02484062B47D9F9
:1082680094F85723012A00F03184072B40D994F859
:108278007B23012A00F04884082B39D994F89F23DE
:10828800012A00F05584092B32D994F8C323012A16
:1082980000F062840A2B2BD994F8E723012A00F016
:1082A8006F840B2B24D994F80B24012A00F07C84CA
:1082B8000C2B1DD994F82F24012A00F07D840D2B56
:1082C80016D994F85324012A00F09D840E2B0FD957
:1082D80094F87724012A00F0A4840F2B08D994F885
:1082E8009B34012B04D104F59361206804F074FDDC
:1082F800206804F063FEC30240F1AB806368012B81
:1083080040F2898094F86420D5F82019012A00F0F9
:108318001482022B7FD994F88820D5F84019012AB5
:1083280000F01E82032B76D994F8AC20D5F860199A
:10833800012A00F02182042B6DD994F8D020D5F8B9
:108348008019012A00F02482052B64D994F8F420BE
:10835800D5F8A019012A00F04183062B5BD994F8BF
:108368001821D5F8C019012A00F05383072B52D9D8
:1083780094F83C21D5F8E019012A00F05E83082B17
:1083880049D994F86021D5F8001A012A00F06183D0
:10839800092B40D994F88421D5F8201A012A00F035
:1083A8006C830A2B37D994F8A821D5F8401A012AEA
:1083B80000F080830B2B2ED994F8CC21D5F8601AC5
:1083C800012A00F095830C2B25D994F8F021D5F8D3
:1083D800801A012A00F0A0830D2B1CD994F81422CE
:1083E800D5F8A01A012A00F0AB830E2B13D994F804
:1083F8003822D5F8C01A012A00F0B6830F2B0AD903
:1084080094F85C22D5F8E01A012A00F0C183102BF9
:1084180001D9D5F8003B2068436903F48013436110
:1084280004F0CCFD870221D4206804F0C7FD400089
:1084380000F1C480206804F0C1FD41077FF567AEF4
:1084480023685D686A0700F195825A682A435A6072
:108458005DE62068E4E7029B9B68DF0700F18682FF
:108468002068436903F4006343619EE6D4F804C0BE
:10847800BCF1010F26D905F532622346012104E03B
:1084880001312032243361451CD093F8A4021668C8
:108498000128F5D1002EF3DAD4F8FC7406F48036FE
:1084A80007F00107BE42EBD183F8A302A86940F0A8
:1084B8008000A86168690606E2D4029A536843F40A
:1084C800007353602068436903F400134361ACE709
:1084D800029A536823F00103536094F8F434012B93
:1084E80000F037812046FBF74DFD2068436903F013
:1084F8000043436153E604F09BFD206804F0D4FA7E
:108508002668206101F0DEFE227C0146304604F038
:10851800FFF92046FBF70CFD2068436903F400537C
:10852800436169E6029A10212068536823F0010329
:10853800536004F067FA6068E0B105F510634FF620
:108548007F3199600BF1010B1A682033834522F4BF
:10855800001243F8202CC3F8E811D3F8E02122F4E4
:108568000012C3F8E021D3F8E02142F00062C3F81A
:10857800E021E6D10299226BCB6943F00113CB616C
:10858800002A40F0CF804A6942F22B0313434B6123
:108598000B6943F00B030B61D5F8003804F2C442B1
:1085A800217B23F4FE632068C5F8003804F056FDEB
:1085B8002068436903F48053436116E62046FBF7BD
:1085C800EDFC2068436903F08043436133E72046AC
:1085D800FBF7AAFC2068436903F00803436111E62E
:1085E800206804F0FFFC804600283FF4D1AD4FF02E
:1085F800000A2068274605F5106956460395CDF808
:1086080010B009E05FEA580806F1010607F12407EF
:1086180009F1200900F0EC8018F0010FF2D05FFAA0
:1086280086FA514604F0F0FCC107054613D50299B5
:1086380006F00F0301229A404B6B23EA02034B63B7
:108648000123E168C9F80830994200F09881514641
:108658002046FBF75FFC2A0702D50823C9F8083033
:10866800EB0602D51023C9F80830680602D5402366
:10867800C9F80830A90700F14F812A0600F1F980EE
:108688002068BFE7206804F0A5FC064600283FF4F0
:1086980079AD05F53067A2464FF00009CDF80CB06A
:1086A80008E0760809F1010907F120070AF1240A10
:1086B80000F09B80F007F4D55FFA89FB20685946E3
:1086C80004F098FC10F0010F804640F0B38018F0D9
:1086D800080F40F0908018F0100F01D01022BA60F7
:1086E80018F0020F0ED06A69100604D5029B5A686A
:1086F80042F480625A609AF87F22012A00F0818150
:108708000223BB6018F0200F01D02023BB6018F4AF
:10871800005FC6D04FF40053BB60C2E72046FBF7AA
:1087280019FC5BE5D1F8843043F00B03C1F88430C1
:108738004B6C43F00B034B642EE70029BFF6E9AD01
:10874800214684F8632051F8600B04F045FB636808
:10875800DFE50021204684F8F41400F08BFBC4E622
:108768000029BFF6DFAD214684F8872051F8840B35
:1087780004F032FB6368D5E50029BFF6DCAD21467D
:1087880084F8AB2051F8A80B04F026FB6368D2E507
:108798000029BFF6D9AD214684F8CF2051F8CC0B7B
:1087A80004F01AFB6368CFE504F53A71206804F019
:1087B80013FB636844E507EBC707082204F2C441CA
:1087C800284604F063FBC6F30A1304EB870220680B
:1087D800D2F890120B44C2F89032CAE404F54371FF
:1087E800206804F0F9FA636831E5DDF80CB0C9E4F3
:1087F800DDE9035BCDE421680822BB4BBA6001F5D3
:108808003062096C02EB49129942906840F2C880C4
:10881800030402D54FF4004191602046FBF76AFB40
:10882800E16801297FF457AF04F2C442206804F0DC
:1088380015FC50E720680122E168BA6000F5306253
:108848000129D0F840C002EB4912936800F0AC80CF
:10885800A6498C4500F00981B9F1000F04D1D4F87C
:108868008C22002A00F0D78159462046FBF748FBA6
:108878002DE7D7E91353D4F800B0AB4258463FF67A
:10888800C1AE0BF51062796CCDF81CB002EB461244
:108898000592EA1A8A4228BF0A460599896903326D
:1088A80089B2B1EB920FC0F0958052460696CA463F
:1088B8002646C146059C904619E0ED1A7B6CB96CBA
:1088C80042469D42584628BF1D46337B0093ABB2B3
:1088D80004F0C6FABB6CA1692B4489B2BB643B6D3A
:1088E8002B440335B1EB950F3B656BD3FD6C9D4273
:1088F800E3D83446C846069ED146D4F800B0079B54
:108908000122584603F5006106F00F039A404B6BAD
:1089180023EA02034B6375E63146039804F072F8C4
:1089280097F83F30012B00F0B4800223C9F80830D3
:10893800A3E647F6F0731E423FF41BAC07EBC707EC
:10894800C6F30A12284604EB87071646D7F888129A
:1089580004F09CFAD7F8883220683344C7F8883284
:10896800D7F890323344C7F8903202E42046FBF738
:10897800F1FA75E52046FBF715FB236865E5D7E9AD
:1089880011231344BB64002E7FF461AEE36C002B0B
:108998007FF45DAE04F2C442206804F05FFB56E643
:1089A8002046FBF7A7FA96E6190740F197804E494B
:1089B8008C457FF68CAE18047FF589AE4FF40041E4
:1089C800916084E63446C846069ED146D4F800B085
:1089D800FD6C58469D423FF615AE90E70029BFF65C
:1089E800BCAC214684F8F32051F8F00B04F0F4F9FC
:1089F8006368B2E404F52871206804F0EDF963684F
:108A080010E40023594620468AF87F32FBF7BEFA65
:108A180076E60029BFF6AAAC04F58A71206884F8C6
:108A2800172104F0D9F96368A0E404F531712068CE
:108A380004F0D2F96368FFF7FCBB0029BFF69FACCE
:108A480004F59C71206884F83B2104F0C5F963683B
:108A580095E40029BFF69CAC04F5AE71206884F853
:108A68005F2104F0B9F9636892E41804A6D4990662
:108A78007FF5FAAE20219160F6E60029BFF691ACA9
:108A880004F5C071206884F8832104F0A5F96368AF
:108A980087E44FF000035146204687F83F30FBF744
:108AA80079FA42E704F54C71206804F095F9636897
:108AB800FFF7D4BB0029BFF67DAC04F5D27120685E
:108AC80084F8A72104F088F9636873E404F5557104
:108AD800206804F081F96368FFF7C7BB990673D56E
:108AE80020219160F3E500BF0A30544F0A31544FFA
:108AF8000029BFF668AC04F5E471206884F8CB213E
:108B080004F06AF963685EE404F55E71206804F0B5
:108B180063F96368FFF7B0BB0029BFF65DAC04F5E5
:108B2800F671206884F8EF2104F056F9636853E47D
:108B380004F56771206804F04FF96368FFF7A3BB79
:108B48000029BFF652AC04F50471206884F813229A
:108B580004F042F9636848E404F57071206804F091
:108B68003BF96368FFF796BB0029BFF647AC04F5ED
:108B78000D71206884F8372204F02EF963683DE40B
:108B880004F57971206804F027F96368FFF789BB59
:108B98000029BFF63CAC04F51671206884F85B2206
:108BA80004F01AF9636832E404F58161206804F07E
:108BB80013F96368FFF77CBB04F22C41206804F0CA
:108BC8000BF96368FFF77BBB13F0280F7FF47FADC9
:108BD8001B498C4502D91B043FF5F0AE1169DAF840
:108BE8009C22C1F31201521ACAF89022B9F1000F5F
:108BF8007FF43AAED4F88C12D9B1D4F888120A446A
:108C0800C4F8882230E604F58A61206804F0E4F8A4
:108C18006368FFF75BBB04F2C442494604F01EFADE
:108C280022E604F27441206804F0D6F86368FFF77E
:108C380054BB04F2C442012104F010FA14E600BF48
:108C48000A30544F90F8BC24012A0ED0012210B5E6
:108C58000446006884F8381084F8BC2404F09CF9B1
:108C68000023184684F8BC3410BD0220704700BFAA
:108C780010B501F00F0E0906044627D44FF0240C56
:108C88000CFB0E0C0CF51F710EEBCE0C00EB8C0CD4
:108C980000208CF87D028A604A7881F800E00B7128
:108CA8000AB1A1F81AE0022B01D100234B7194F804
:108CB800BC34012B18D00123206884F8BC3403F09D
:108CC800FFFE0023184684F8BC3410BD24204FF062
:108CD800010C00FB0E4000F13C010EEBCE0004EB52
:108CE800800080F83DC0D6E7022010BD08B501F02D
:108CF8000F0E24210EEBCE0C01FB0E0100EB8C0CA9
:108D080001F51F71CCF88C320023CCF888228CF83E
:108D18007CE2CCF890328CF87D32C3680068012B75
:108D280008BFCCF89822DAB203F012FF002008BD81
:108D380008B501F00F0E24210EEBCE0C01FB0E013D
:108D480000EB8C0C3C31CCF84C300023CCF848209C
:108D5800CCF8503001238CF83CE08CF83D30C368E7
:108D68000068012B08BFCCF85820DAB203F0F0FEF7
:108D7800002008BD38B5436801F00F059D4234D87E
:108D88000B0604461DD4242201EBC10302FB01019A
:108D980000EB8303002201F51F7183F87D22012374
:108DA8000D708B7094F8BC249A421CD0206884F80B
:108DB800BC3404F091F8D5B10023184684F8BC34CB
:108DC80038BD242105EBC503012201FB050100EB99
:108DD80083033C3183F83D2001230D708B7094F898
:108DE800BC249A42E2D1022038BD012038BD04F2E9
:108DF800C442217B206804F031F9DDE7426838B5C8
:108E080001F00F03934232D811F0800F04464FF05F
:108E1800240103EBC30219D101FB0341002004EB39
:108E28008202002501F51F7182F87D020B708D709A
:108E380094F8BC34012B18D00123206884F8BC3482
:108E480004F07EF8284684F8BC5438BD01FB034181
:108E5800012004EB820200253C3182F83D000B70B2
:108E68008D7094F8BC34012BE6D1022038BD012066
:108E780038BD00BF704700BF38B5104CE36813F029
:108E8800040FE36805D103F00703181A18BF01207F
:108E980038BD23F007031843E060FBF77BF905466C
:108EA80005E0FBF777F9401BB0F57A7F04D86368D3
:108EB8009B04F6D5002038BD012038BD0048025873
:108EC800024AD36843F08073D36070470048025861
:108ED80070B44D6A15B1B2F1406F3AD18B691BB3CA
:108EE8000C6A002C4CD08E680068C661CE69002ED2
:108EF80069D02B4313432343CC6A334323430C6B7E
:108F080023434C6B23430C692343CC6823430C68ED
:108F180023434C69B2F1406F43EA8443436165D00F
:108F28004B6870BC836170470B6ABBB100682B4308
:108F38008C68CE69C461002E6BD01343CC6A33436E
:108F480023430C6B23434C6B23430C692343CC68AA
:108F5800DEE78B6A0468013B2361BFE7CB69002B1E
:108F680066D1002D42D0CB6A0C6B2B4300681343AB
:108F78004A6923434C6B234343EA8243436135E008
:108F8800CC6945EA030C002C32D003684CEA020095
:108F9800B2F1406F40EA0400CC6A40EA04000C6B6E
:108FA80040EA04004C6B40EA0400CC6840EA040044
:108FB8000C6840EA04004C6940EA8440586115D0C6
:108FC8004A689A6112E045EA030C0D694CEA02030B
:108FD800CA6A23431343D1E90C4223430C68134361
:108FE8004A692B43234343EA8243436170BC704779
:108FF800CC6A4CEA020300682343D1E90C422343BC
:109008000C6813434A69234343EA824370BC4361B3
:109018007047CC6A13432343D1E90C4223431343DB
:10902800D1E90442234343EA824370BC4361704759
:109038002B43CD6A0C6B134300682B4323434C6BC3
:1090480084E700BF70B50546FBF7A4F8002D46D0AD
:1090580095F841300646002B39D0AC6C2A68A968CF
:109068001368013923F4F85343EA0123136001E03C
:10907800631C24D1936813F02003F9D1E869E968E7
:1090880014680143286A0143686841EA0061194885
:109098002040014368691160A9695468014328693F
:1090A80041EA004114482040012401431846516018
:1090B8001168214311606B6485F8414070BDFBF76E
:1090C80069F8801BA0420CD85CB12A68D2E7284610
:1090D800FAF74CF841F288331C46AB64BEE701202E
:1090E80070BD0423012085F841306B6C03436B6429
:1090F80070BD00BF2FFFFF00FEF8E0FF70B10268EF
:10910800136823F0010310B513600446FAF7F8F862
:1091180000236364184684F8413010BD012070476D
:109128002DE9F04104460E461546FBF733F894F84E
:109138004030012B3AD0012384F8403094F8413074
:10914800012BDFB206D002270023384684F84030CE
:10915800BDE8F081002380466364022384F841302F
:10916800681C23680ED19A6812F02002FBD13146A0
:109178002046FFF7ADFE736AE3B10123002784F8A8
:109188004130E1E79A6812F020021ED0FBF702F89E
:10919800A0EB0800854201D3002DE1D1042384F817
:1091A8004130636C43F001036364CDE7022738461E
:1091B800BDE8F081226893689B07FCD50221012352
:1091C8000027D16084F84130BEE731462046FFF7DA
:1091D8007FFE736A43B1D0E7FAF7DCFFA0EB080023
:1091E8008542DBD3002DD9D0226893689907F3D53F
:1091F800E4E700BF2DE9F843044689461546FAF727
:10920800C9FF94F840302768012B67D0012384F800
:10921800403094F84130012B5FFA83F807D04FF0C3
:1092280002080023404684F84030BDE8F883002354
:109238006364B9F1000F56D01223064684F8413012
:109248003B690133E3623B69C4F824900133A362AC
:109258007B6923F040637B61E36A002B31D06A1C91
:10926800394611D18B685B07FCD5636A1B7887F890
:109278002030E26A636A013A0133E262E26A6362B9
:10928800F2B16A1C2168EDD08B685807EDD4FAF763
:1092980081FF801B854201D3002DF2D1042384F87D
:1092A8004130636C43F00103636413E0BB689B07C0
:1092B8000CD4FAF76FFF801B8542EFD3002DEDD059
:1092C8002768691CF2D1BB689A07FCD502234FF0C6
:1092D8000008FB60012384F84130A2E74FF0020840
:1092E8004046BDE8F883636C43F00803636498E77D
:1092F8002DE9F843044615468946FAF74BFF2768D7
:10930800BA6994F84030012B6CD0012384F84030BE
:1093180094F84130012B5FFA83F807D04FF0020828
:109328000023404684F84030BDE8F8830023636496
:10933800B9F1000F5BD02223064684F841303B691F
:109348000133A3633B69C4F83090013363637B69DD
:1093580023F0406343F080637B61BA61A36B002B09
:1093680033D0681C394612D18B6813F0060FFBD036
:1093780097F82020236B1A70A26B236B013A0133F4
:10938800A263A26B2363FAB1681C2168ECD08B68D6
:1093980013F0060FECD1FAF7FDFE801B854201D3CE
:1093A800002DF1D1042384F84130636C43F00103AC
:1093B800636413E0BB689B070CD4FAF7EBFE801BD1
:1093C8008542EFD3002DEDD02768691CF2D1BB6828
:1093D8009A07FCD502234FF00008FB60012384F8AC
:1093E80041309DE74FF002084046BDE8F883636CC2
:1093F80043F00803636493E72DE9F84F04461F46DA
:1094080089469046FAF7C6FE94F84030012B52D0B0
:10941800012384F8403094F84130012B5FFA83FB34
:1094280007D04FF0020B0023584684F84030BDE8BF
:10943800F88F002382466364422384F841307A1C03
:1094480026682CD1B568AB06FCD4D8F8003049465C
:109458002046B362D8F804307362D8F80830F36253
:109468003268D8F8103022F440021343D8F80C20A0
:1094780043F480033360C9F828204FF00062FFF7F7
:1094880027FD781C22681BD193681907FCD5082191
:1094980001234FF0000BD16084F84130C3E7B36873
:1094A8009D06D2D5FAF776FEA0EB0A00874212D3C2
:1094B800002FC4D10FE04FF0020B5846BDE8F88FDB
:1094C80093681B07E3D4FAF765FEA0EB0A0087420E
:1094D80001D3002FD5D1042384F84130636C43F0C5
:1094E800010363649FE700BF2DE9F04704460F4678
:1094F8001646FAF74FFE94F84030012B45D0012369
:1095080084F8403094F84130012B5FFA83F907D092
:109518004FF002090023484684F84030BDE8F08740
:1095280000238046D4F848A06364822384F841303D
:10953800BAF1FF3F256814D1AB689A06FCD42B68B2
:10954800726823F00803082A43EA02032B6021D03B
:109558004FF04062394620464FF00009FFF7B8FC4B
:10956800D8E7AB689B06EAD5FAF714FEA0EB08002B
:10957800824502D3BAF1000FDAD1042384F84130CE
:10958800636C43F001036364C4E74FF00209484683
:10959800BDE8F087326810232A63EB602B6843F438
:1095A80080132B60D4E700BF704700BF08B5006C7C
:1095B80000238363C36290F84130082B0BD1036802
:1095C8000222DA601A6842F400321A601A6842F01D
:1095D80002021A6008BD012380F84130FFF7E4FF5A
:1095E80008BD00BF704700BF704700BF704700BF8D
:1095F800704700BF704700BF704700BF704700BF8B
:1096080038B5036804469A68196855070ED54803A3
:109618000CD594F84120122A75D094F84120222ABA
:1096280000F0A1802046FFF7E5FF38BD950726D555
:10963800880324D50222DA601A6822F4E0221A602C
:1096480094F84120122A7AD094F84120222A00F076
:10965800A98094F84120022A00F0D08094F8412093
:10966800082AE2D15A690121204622F040625A6153
:1096780084F84110636C3BBBFFF7B4FF38BD150796
:1096880025D4D50735D5C80333D50125DD601A683B
:1096980022F470221A60626C42F0020262641A6854
:1096A800520779D51A68E06B22F004021A60574B0A
:1096B800836506F079FF0028B7D0636C204643F035
:1096C8000403636484F84150FFF76EFF38BD080354
:1096D800D7D50822DA601A68520206D51A6801211D
:1096E80022F410221A6084F841102046FFF784FF04
:1096F80038BDD00699D5CA0297D510222046DA601F
:10970800FFF77CFF38BD9A6850078BD518460EE0E6
:10971800626A127883F82020E16A20680139626A57
:10972800E1620132816862624D077FF57BAFE26AD0
:10973800002AEDD1036823F48023036072E71A68D6
:10974800510709D51A68E16B22F0040209681A600A
:10975800CB6823F00103CB600123204684F8413015
:10976800FFF746FF38BD9A6852077FF55BAF18468A
:109778000EE093F82010226B1170A16B206801395C
:10978800226BA16301328168226349077FF54AAFE2
:10979800A26B002AEDD1CDE7204684F84150FFF7AF
:1097A80003FF38BD1A6852071DD49A6812F47C5F0B
:1097B8000FD111E093F82010226B1170A16B206873
:1097C8000139226BA16301328168226311F47C5F45
:1097D80002D0A26B002AEDD10123204684F8413043
:1097E800FFF704FF38BD1A68E16B22F0040209682C
:1097F8001A60CB6823F00103CB60EDE70123204614
:1098080084F84130FFF7F0FE38BD00BFB59500245D
:10981800454B30B49A6A9C6ADD6A14F47C7F596BB4
:10982800C4F3051038D0C1F3CC0105F0010502F0EE
:10983800030205FB01F1012A07EE901AB8EEE77A58
:1098480002D0022A4ED04AB307EE900ADFED376AFB
:10985800F8EEE77A1B6B86EEA76A9FED355AC3F3DD
:10986800080306EE903AF7EE005AF8EEE66AE7EEDD
:10987800056A76EEA56A66EE266A2B4B1B6BC3F368
:109888004623013307EE903AB8EEE77AC6EE877AB8
:10989800FCEEE77A17EE900A30BC70471A68920619
:1098A80027D5196807EE900A224AF7EE005A1B6B73
:1098B800C1F3C101F8EEE77A9FED1D5AC3F308031F
:1098C800CA4006EE903A06EE102AF8EEE66AB8EEBE
:1098D800C66AE7EE056A86EE277A76EEA56A66EE30
:1098E800876ACAE707EE900ADFED136AF8EEE77AAF
:1098F800B0E707EE900A9FED115A1B6BB7EE006AAE
:10990800F8EEE77ADFED0A5AC3F30803C5EE276AD3
:1099180007EE903AF8EEE77AE7EE257A77EE867A60
:1099280066EEA76AA9E700BF004402580024744AFB
:10993800000000390090D0030024744B0024744CBC
:10994800002800F0EC81F8B503680446D80730D544
:10995800A5490A69896A02F03802102A00F00981CB
:10996800182A00F001816368B3F5803F00F02C816C
:10997800002B00F06A81B3F5A02F9B4B1A6800F00A
:109988008E8222F480321A601A6822F480221A60C9
:10999800FAF700FC944E41F28837054605E0FAF7DD
:1099A800F9FB401BB84200F24E8133689A03F6D5A2
:1099B80023689D0700F18A80D90633D58A4A13693E
:1099C800926A03F03803082B00F0E380182B00F0AC
:1099D800DB80E369844D002B00F071812B6843F034
:1099E80080032B60FAF7D6FB064605E0FAF7D2FBB0
:1099F800801B022800F227812B68DB05F6D5FAF7D1
:109A0800E1FB41F20303984200F27182226A6B681B
:109A1800202A23F0F8430CBF43F0804343EA8263D3
:109A28006B6023681D0716D563696F4D002B00F026
:109A380024816B6F43F001036B67FAF7ABFB0646B3
:109A480005E0FAF7A7FB801B022800F2FC806B6F89
:109A58009807F6D523689A0616D5A369624D002B98
:109A680000F01C812B6843F480532B60FAF792FBBB
:109A7800064605E0FAF78EFB801B022800F2E38019
:109A88002B689F04F6D52368590700F1A380606A04
:109A9800D0B1554D2B6903F03803182B00F0B18174
:109AA8002B68022823F080732B6000F04481FAF7BA
:109AB80071FB044605E0FAF76DFB001B022800F273
:109AC800C2802B689B01F6D40020F8BD464A136972
:109AD800926A13F038032DD1434BE2681B6859078B
:109AE80001D5002A4ED0404D2B6823F019031343AB
:109AF8002B60FAF74FFB064605E0FAF74BFB801B95
:109B0800022800F2A0802B685B07F6D5FAF75AFB0B
:109B180041F20303984200F2F98022696B68402AF7
:109B280023F47C330CBF43F4003343EA02336B6005
:109B3800236841E7182B00F0E5802B4DE2682B687D
:109B4800002A00F0CE8023F0190313432B60FAF7A4
:109B580021FB064604E0FAF71DFB801B022872D899
:109B68002B685F07F7D5D1E701F0030102297FF4DD
:109B7800FAAE1D4A126891037FF51BAF6268002A8E
:109B88007FF417AF0120F8BD02F00302012A7FF429
:109B980020AF154B1B68DA0502D5E369802BF1D19C
:109BA800FAF710FB41F20303984200F2BA80226AE6
:109BB800202A00F0AB810C494B6823F0F84343EAB4
:109BC80082634B6023682DE7074A136843F48033A8
:109BD8001360DDE6054D2B6843F480732B60FAF7BC
:109BE800D9FA064609E000BF004402580048025866
:109BF800FAF7D0FA801B642825D82B68DA05F7D540
:109C0800A368012B00F07C81002B00F05781052B05
:109C1800A74B1A6F00F0838122F001021A671A6FAE
:109C280022F004021A67FAF7B5FAA14E41F2883712
:109C3800054604E0FAF7AEFA401BB84203D8336F82
:109C48009B07F7D523E70320F8BD994D41F28837E4
:109C58002B6823F480332B602B6823F480232B603C
:109C6800FAF798FA064604E0FAF794FA801BB84225
:109C7800E9D82B689B03F7D49AE66B6F23F00103AE
:109C88006B67FAF787FA064604E0FAF783FA801B4F
:109C98000228D8D86B6F9907F7D4DBE62B6823F432
:109CA80080532B60FAF776FA064604E0FAF772FA60
:109CB800801B0228C7D82B689804F7D4E3E62B68E2
:109CC80023F080032B60FAF765FA064604E0FAF7FA
:109CD80061FA801B0228B6D82B68DF05F7D4236801
:109CE800A0E623F001032B60FAF754FA064604E0D5
:109CF800FAF750FA801B0228A5D82B685807F7D422
:109D0800236859E690077FF418AFE5E66B68226987
:109D180023F0FE4343EA02636B6023684CE60120AC
:109D28007047634A216AD36823F07C5343EA01638E
:109D3800D360236876E6FAF72DFA064605E0FAF7C7
:109D480029FA801B02283FF67EAF2B689901F6D4CA
:109D5800A96A584BA26A0B405749554E1343E26A09
:109D680043EA0213AB62D4E90D32013B013A5B02CC
:109D780012049BB202F4FE021343226B013AC2F3AF
:109D880008021343E26B013A120602F0FE42134343
:109D98002B63EB6A23F00103EB626A6BA36C11403F
:109DA80041EAC3016963EB6A226C23F00C03134395
:109DB800EB62EB6A626C23F002031343EB62EB6A1B
:109DC80043F48033EB62EB6A43F40033EB62EB6AF3
:109DD80043F48023EB62EB6A43F00103EB622B68E8
:109DE80043F080732B60FAF7D5F9044605E0FAF7DB
:109DF800D1F9001B02283FF626AF33689A01F6D541
:109E080062E60128AA6A2E6B3FF45FAE02F00303F4
:109E1800A16A8B427FF4B6AEC2F30512E36A9A4296
:109E28007FF4B0AE236BC6F30802013B9A427FF47D
:109E3800A9AE636BC6F34622013B9A427FF4A2AEF9
:109E4800A36BC6F30642013B9A427FF49BAEE36BD9
:109E5800C6F30666013B9E427FF494AE6B6BA26C20
:109E6800C3F3CC039A423FF42FAE114AD36A23F0CE
:109E78000103D362FAF78EF90546FAF78BF9A8427F
:109E8800FBD00B4A0020A16C0B4B546B234043EAD8
:109E9800C1035363D36A43F00103D362F8BD42F4AC
:109EA80080221A601A6842F480321A6070E500BF96
:109EB800004402580CFCFFFF0700FFFF1C4D41F255
:109EC80088372B6F23F001032B672B6F23F00403D4
:109ED8002B67FAF75FF9064605E0FAF75BF9801B8E
:109EE800B8423FF6B0AE2B6F9807F6D4CFE5EB68D3
:109EF800226A23F07C5343EA0263EB60236891E50E
:109F08000B4A136F43F0010313678CE6084A536842
:109F180023F0F84343F080435360236882E542F01E
:109F280004021A671A6F42F001021A677BE600BF43
:109F380000440258474A136903F03803102B04D031
:109F4800182B0DD01BB1444870474448704713681C
:109F580099064AD513684248C3F3C103D8407047ED
:109F6800936A30B4946AD56A14F47C7F516BC4F355
:109F7800051038D0C1F3CC0105F0010503F0030347
:109F880005FB01F1012B07EE901AB8EEE77A02D033
:109F9800022B2CD093B307EE900A9FED325AF8EEBD
:109FA800E77A136BC5EE276ADFED2F5AC3F3080370
:109FB80007EE903AB7EE006AF8EEE77AE7EE257A10
:109FC80077EE867A66EEA76A224B1B6BC3F34623AD
:109FD800013307EE903AB8EEE77AC6EE877AFCEEE0
:109FE800E77A17EE900A30BC70471D48704707EEB5
:109FF800900A9FED1E5AF8EEE77AD2E713689B069F
:10A0080020D5146807EE900A1549F7EE005A136B2D
:10A01800C4F3C104F8EEE77A9FED135AC3F30803BB
:10A02800E14006EE903A06EE101AF8EEE66AB8EE4F
:10A03800C66AE7EE056A86EE277A76EEA56A66EEC8
:10A04800876AC1E707EE900A9FED095AF8EEE77AAA
:10A05800A7E700BF0044025800093D000024F400AF
:10A068000090D0030024744A000000390024744B87
:10A078000024744C002800F00C818C4A136803F00B
:10A088000F038B422DE9F04104460D460CD21368AC
:10A0980023F00F030B431360136803F00F038B4285
:10A0A80002D00120BDE8F08123685F070BD5804905
:10A0B80020698A6902F07002904204D98A6922F004
:10A0C800700202438A611E070BD579496069CA6923
:10A0D80002F07002904204D9CA6922F07002024369
:10A0E800CA61D8060BD57249A069CA6902F4E06250
:10A0F800904204D9CA6922F4E0620243CA6199060F
:10A108000BD56B49E0690A6A02F07002904204D9E3
:10A118000A6A22F0700202430A629A0740F1AB8091
:10A128006348E168826902F00F02914204D98269AA
:10A1380022F00F020A438261D80730D55C4AA16831
:10A14800936923F470630B43936161681368022970
:10A1580000F0A180032900F09880012900F0A18077
:10A1680058079ED5524E41F28838336923F00703C9
:10A178000B433361FAF70EF8074605E0FAF70AF8D9
:10A18800C01B404500F28B803369626803F03803D6
:10A19800B3EBC20FF2D12368990706D5E1684448AA
:10A1A800826902F00F028A4269D840490A6802F0BF
:10A1B8000F02AA420AD90A6822F00F022A430A604B
:10A1C8000A6802F00F02AA427FF46BAF5A070BD558
:10A1D800374920698A6902F07002904204D28A697C
:10A1E80022F0700202438A611F070BD5304960696B
:10A1F800CA6902F07002904204D2CA6922F0700261
:10A208000243CA61DE060BD52949A069CA6902F46E
:10A21800E062904204D2CA6922F4E0620243CA6151
:10A228009D060BD5224AE169136A03F0700399422F
:10A2380004D2136A23F070030B431362FFF77AFE0C
:10A248001B4A03461B4891699269C1F303211A4DC1
:10A2580002F00F02194C415C825C01F01F011848A2
:10A2680002F01F02CB4000682B60D3402360BDE89A
:10A27800F041F9F72DBFDA073FF560AF95E782693E
:10A2880022F00F02114381618FE79F013FF56AAF0A
:10A2980007E7012070479B033FF564AF01E7032000
:10A2A80000E7DE053FF55EAFFBE600BF0020005289
:10A2B80000440258CC2201247403002078030020B3
:10A2C80050000020184A38B5136903F03803102BE2
:10A2D8001AD0182B23D0CBB11448134B14499A69C0
:10A2E8009B69C2F30322134C03F00F03124D8A5CDF
:10A2F800CB5C02F01F0220FA02F203F01F0022FAE0
:10A3080000F02A60206038BD0C48E6E713689B0619
:10A3180008D512680A48C2F3C102D040DDE7FFF74A
:10A3280077FADAE70648D8E70044025800093D0002
:10A33800CC22012478030020740300200024F400B8
:10A348000090D0031C4A38B5136903F03803102B6A
:10A3580021D0182B2BD003B31848174A18499369F2
:10A36800184DC3F30323184CCB5C03F01F0320FAEA
:10A3780003F3906900F00F002B60085C00F01F00E9
:10A38800C3402360D269C2F30212885C00F01F0048
:10A3980023FA00F038BD0D48DFE713689B0609D59E
:10A3A80010680B4BC0F3C10023FA00F0D5E7FFF7A4
:10A3B8002FFAD2E70648D0E70044025800093D00CA
:10A3C800CC22012474030020780300200024F40028
:10A3D8000090D0031C4A38B5136903F03803102BDA
:10A3E80021D0182B2BD003B31848174A1849936962
:10A3F800184DC3F30323184CCB5C03F01F0320FA5A
:10A4080003F3906900F00F002B60085C00F01F0058
:10A41800C3402360D269C2F30222885C00F01F00A7
:10A4280023FA00F038BD0D48DFE713689B0609D50D
:10A4380010680B4BC0F3C10023FA00F0D5E7FFF713
:10A44800E7F9D2E70648D0E70044025800093D0082
:10A45800CC22012474030020780300200024F40097
:10A468000090D003F8B53A4CA36A03F00303032B1A
:10A4780067D0236806460F4623F080632360F9F708
:10A4880089FE054604E0F9F785FE431B022B56D8E2
:10A4980023681A01F7D4A36A326823F47C3343EAA9
:10A4A8000233A362D6E90232013B013A5B0212048D
:10A4B8009BB202F4FE0213437268013AC2F3080227
:10A4C80013433269013A120602F0FE421343A363B2
:10A4D800E36A726923F0C0031343E362E26AB36973
:10A4E80022F020021A431B4BE262E26A22F01002B9
:10A4F800E262E16BF2690B4043EAC203E363E36A99
:10A5080043F01003E362E36AEFB1012F0CBF43F499
:10A51800801343F40013E3620D4C236843F0806317
:10A528002360F9F737FE054604E0F9F733FE401BD0
:10A53800022804D823681B01F7D50020F8BD0320A2
:10A54800F8BD0120F8BD43F40023E362E4E700BF4F
:10A55800004402580700FFFFF8B53A4CA36A03F01D
:10A568000303032B67D0236806460F4623F0805366
:10A578002360F9F70FFE054604E0F9F70BFE431BCD
:10A58800022B56D823689A00F7D4A36A326823F0BE
:10A598007C7343EA0253A362D6E90232013B013AD3
:10A5A8005B0212049BB202F4FE0213437268013A82
:10A5B800C2F3080213433269013A120602F0FE425E
:10A5C80013432364E36A726923F440631343E36229
:10A5D800E26AB36922F400721A431B4BE262E26A30
:10A5E80022F48072E262616CF2690B4043EAC203B2
:10A5F8006364E36A43F48073E362E36AEFB1012FB3
:10A608000CBF43F4000343F08073E3620D4C2368EE
:10A6180043F080532360F9F7BDFD054604E0F9F7E0
:10A62800B9FD401B022804D823689B00F7D50020F9
:10A63800F8BD0320F8BD0120F8BD43F48003E362B0
:10A64800E4E700BF004402580700FFFF2DE9F84384
:10A65800D0E9003204461D0103F0006623D5816E5F
:10A66800B1F5001F00F04F8512D8002900F0A5852C
:10A67800B1F5801F40F09E8502210830FFF7F2FEF9
:10A688000646002E40F01E85A16ED4E9003203E094
:10A69800B1F5401F40F08E85AE4D0026286D20F4A0
:10A6A800401001432965D8050AD5A16D042906D8AB
:10A6B800DFE811F0320539051605100310030126ED
:10A6C800354699051DD5E16D802900F0128500F207
:10A6D800F980002900F02084402940F0FA80002108
:10A6E80004F10800FFF7BEFE0546D4E90032002D4C
:10A6F80040F0EB83974FE06D396D21F4E071014331
:10A7080039655F0521D5D4F8A810B1F5800F00F0A0
:10A718001D8500F2E180002900F00584B1F5001FD5
:10A7280040F0E280002104F10800FFF79BFE054697
:10A73800D4E90032002D40F0CF83864FD4F8A8002A
:10A74800B96D21F460010143B965180521D5D4F824
:10A75800AC10B1F1007F00F0B98400F2C880002984
:10A7680000F0D483B1F1807F40F0C980002104F16A
:10A778000800FFF777FE0546D4E90032002D40F0C7
:10A78800A283744FD4F8AC00B96D21F0E0610143A5
:10A79800B965990118D5E16C202900F01E8400F2F2
:10A7A800B18039B1102940F0B0806A48C16A41F4DB
:10A7B8000031C162002D40F0D383664FE06CF96C24
:10A7C80021F030010143F964DF041FD5216EB1F592
:10A7D800005F00F0B18400F29B80002900F09083B4
:10A7E800B1F5805F40F09C80002104F10800FFF77C
:10A7F80039FE0546D4E90032002D40F06883554FF4
:10A80800206E396D21F4E0410143396598041DD566
:10A81800616EB1F5003F00F00F8400F2848059B1F9
:10A82800B1F5803F40F08780012104F10800FFF76F
:10A8380019FE0546D4E90032002D40F09B83454FB0
:10A84800606E396D21F4E0210143396559041DD545
:10A85800D4F8B010B1F1005F00F0FA836ED851B1AE
:10A86800B1F1805F72D1012104F10800FFF7FAFD10
:10A878000546D4E90032002D40F08083354FD4F8E6
:10A88800B000B96D21F0E0410143B9651F040DD551
:10A89800216FB1F1805F00F0C783B1F1005F00F074
:10A8A8002582002900F02A8201263546D8015FD585
:10A8B800A16C032900F2BB84DFE811F05600E10324
:10A8C8004E005600C0293FF412AFB1F5807F3FF427
:10A8D8000EAF0126354614E7B1F5C00F3FF42AAF95
:10A8E800B1F5000F3FF426AF012635462DE7B1F14B
:10A8F800407F3FF443AFB1F1806F3FF43FAF012693
:10A90800354646E730293FF455AF012635465BE723
:10A91800B1F5405F3FF470AFB1F5804F3FF46CAFD5
:10A928000126354672E721F48030B0F5802F83D0B8
:10A93800B1F5403F80D00126354687E721F08050A9
:10A94800B0F1804F97D0B1F1405F94D001263546E1
:10A958009CE700BF00440258022104F10800FFF7F9
:10A9680081FD0546D4E90032002D00F0FB822E4619
:10A97800590200F15A82D8072FD5E16F28292AD821
:10A98800DFE811F0FA01290029002900290029002F
:10A998002900290006042900290029002900290086
:10A9A80029002900F201290029002900290029008D
:10A9B80029002900FA012900290029002900290075
:10A9C80029002900FA012900290029002900290065
:10A9D80029002900FA0101263546990717D5A16FE4
:10A9E800052900F22084DFE811F00E00BB03060001
:10A9F8000E000E000E00012104F12800FFF7ACFD47
:10AA08000546D4E90032002D00F099822E465F07F2
:10AA180018D5D4F89410052900F20D84DFE811F058
:10AA28000E00AC0306000E000E000E00012104F11A
:10AA38002800FFF791FD0546D4E90032002D00F00B
:10AA480086822E4698061FD5D4F89010B1F1005F83
:10AA580000F0098300F20B8159B1B1F1805F40F039
:10AA68001081002104F10800FFF7FCFC0546D4E939
:10AA78000032002D40F05F82A64FD4F89000796D27
:10AA880021F0E0410143796559061FD5D4F89C109F
:10AA9800B1F5006F00F0B28200F2F68059B1B1F55D
:10AAA800806F40F0FB80002104F10800FFF7DAFC1A
:10AAB8000546D4E90032002D40F06282954FD4F863
:10AAC8009C00B96D21F4E0510143B9651F061FD5FB
:10AAD800D4F8A010B1F5804F00F09B8200F2E1801D
:10AAE80059B1B1F5005F40F0E680002104F108009B
:10AAF800FFF7B8FC0546D4E90032002D40F03C824F
:10AB0800844FD4F8A000B96D21F460410143B965C0
:10AB180018070BD5D4F88400B0F5805F00F0B88230
:10AB28007C4F796D21F4405101437965D9060BD5E5
:10AB3800D4F89800B0F5807F00F0B782754FB96DF2
:10AB480021F440710143B9651F030ED5D4F8A41050
:10AB5800B1F5803F00F0F480B1F5003F00F0F880D7
:10AB6800002900F02E820126354658030FD5D4F867
:10AB78008810B1F5001F00F0CF80B1F5401F00F03C
:10AB8800D380B1F5801F00F0148201263546D90321
:10AB980009D5216D002900F00382B1F5803F00F04E
:10ABA8009D81012635469F0000F1F18098030CD560
:10ABB800D4F88010B1F5807F00F0EA817ED921F4C5
:10ABC8008070B0F5007F7BD00126D90206D55148A8
:10ABD800656F016D21F0004129430165DF0007D54C
:10ABE8004C48D4F8B850016921F4804129430161E7
:10ABF8009D0206D54748E56E016D21F08071294315
:10AC08000165580009D54349086920F400400861E6
:10AC18000869D4F8BC5028430861002B06DA3D487F
:10AC2800656DC16C21F040512943C164190207D5F3
:10AC38003849D4F88C004B6D23F4400303434B652B
:10AC4800D30700F1B080970700F1BA80550700F1EB
:10AC5800C480100700F1CE80D10600F1D88092069A
:10AC680000F12581301E18BF0120BDE8F88321F0CE
:10AC78008050B0F1804F3FF4FCAEB1F1405F3FF43B
:10AC8800F8AE01263546FFE621F48060B0F5805F16
:10AC98003FF411AFB1F5406F3FF40DAF01263546D3
:10ACA80014E721F40050B0F5004F3FF426AFB1F59A
:10ACB800C04F3FF422AF0126354629E7002983D14A
:10ACC800002D40F06381134D686D20F440700143FE
:10ACD80069657AE73546002D40F0FB800D4FA06D81
:10ACE800396D21F0070101433965EAE4012104F1D6
:10ACF8000800FFF7B7FB0546D4E90032002D40F005
:10AD08001C81044F206F396D21F040510143396592
:10AD1800CCE500BF00440258012104F12800FFF7E8
:10AD28001BFC0546D4E90032002D40F02D81B14FBF
:10AD3800D4F88800796D21F440110143796526E73C
:10AD4800022104F12800FFF707FC0546D4E9003288
:10AD5800002D40F01781A74FD4F8A400B96D21F455
:10AD680040310143B96500E7012104F12800FFF7EC
:10AD7800F3FB0546D4E90032002D40F0DA809D4F00
:10AD8800E06F796D21F038010143796525E60221EC
:10AD980004F12800FFF7E0FBD4E9003200283FF473
:10ADA80005AF012602E7002104F10800FFF75AFB6E
:10ADB800626800283FF447AF970706467FF546AF1D
:10ADC800012104F10800FFF74DFB626800283FF4F9
:10ADD8003DAF550706467FF53CAF022104F1080058
:10ADE800FFF740FB626800283FF433AF06461007C0
:10ADF8007FF532AF002104F12800FFF7ADFB626850
:10AE080000283FF429AFD10606467FF528AF04F1A4
:10AE1800280501212846FFF79FFB002800F0DB806A
:10AE280063689B064CD5064643E0734F3B6843F482
:10AE380080733B60F9F7AEF9804606E0F9F7AAF9A6
:10AE4800A0EB0800642800F2AF813B68DA05F5D56D
:10AE5800002D40F0E381674AD4F8B430116F5940AF
:10AE680011F4407F0BD0116F106F21F4407140F442
:10AE780080301067106F20F4803010671167B3F5C9
:10AE8800807F00F0AD8103F44072B2F5407F00F09E
:10AE9800BB8158490A6922F47C520A615548C3F3B8
:10AEA8000B01076F3943D4E90032016763E504F108
:10AEB800280502212846FFF74FFB00283FF4D2AEB1
:10AEC8000120BDE8F8832E4663E42E4619E42E4699
:10AED8009CE42E46FFF7F5BB2E4636E4022104F12A
:10AEE8000800FFF7BFFA0546D4E90032002D5ED10D
:10AEF800404F206DF96C21F480310143F96452E62A
:10AF08003C48C16A41F40031C16275E43948C16AFC
:10AF180041F40031C16231E43648C16A41F400317C
:10AF2800C162FFF7E4BB3348C16A41F40031C16232
:10AF380000E42E4651E52E46A6E52E46B6E42D4FF2
:10AF4800A06F796D21F00701014379655FE5294F0D
:10AF5800D4F89400B96D21F007010143B96571E592
:10AF68002E4631E4234FA06CF96C21F00301014314
:10AF7800F964FDE42E4669E42E46C9E52E4685E4CB
:10AF88002E46A3E52E46F0E52E4600E62E461CE6A4
:10AF9800184FF86A40F40030F862002DF6D192E6B6
:10AFA8001448C16A41F40031C162002DA0D02E4678
:10AFB800F9E51048C16A41F40031C162002DE3D1BE
:10AFC800B5E604F10800FFF74DFA0546D4E900326A
:10AFD800002DD7D1BFE6626841E6022104F10800DE
:10AFE800FFF740FA0546D4E90032002DB8D1FFF743
:10AFF800E4BB00BF0044025800480258022104F193
:10B008002800FFF7A9FA0546D4E90032002DB7D188
:10B0180054E5022104F12800FFF79EFA0546D4E919
:10B028000032002DA8D16BE58448C16A41F4003193
:10B03800C162002D81D164E6012104F12800FFF7E7
:10B048008BFA0546D4E90032002D93D1FFF7F7BB00
:10B05800012104F12800FFF77FFA0546D4E9003200
:10B06800002D8BD10AE4022104F12800FFF774FABD
:10B078000546D4E90032002D7FF45DAFFCE46F484B
:10B08800C16A41F40031C162002D7FF470AC69E7F8
:10B09800022104F12800FFF75FFA002840F09480AD
:10B0A800D4F88400D4E900323AE5022104F12800FA
:10B0B800FFF752FA002840F08D80D4F89800D4E9C0
:10B0C80000323BE5D4E90032FFF7EDBA002104F184
:10B0D8002800FFF741FA0546D4E90032FFF74EBBD6
:10B0E800002104F12800FFF737FA0546D4E90032B9
:10B0F800F1E5002104F12800FFF72EFA0546D4E90E
:10B108000032FFF7F4BA02212830FFF725FA064685
:10B11800002E3FF4B9AAD5E748483546C16A41F43C
:10B128000031C162D7E5002104F10800FFF79AF960
:10B138000546D4E90032CEE5002104F12800FFF7E6
:10B148000BFA0546D4E90032FFF756BB002104F19B
:10B158002800FFF701FA0546D4E90032FFF7EABAFA
:10B16800012104F10800FFF77DF90546D4E9003212
:10B17800002D7FF44BACE2E6012104F10800FFF753
:10B1880071F90546D4E90032002D7FF45AACDEE6A9
:10B19800012104F10800FFF765F90546D4E90032FA
:10B1A800002D7FF4C6AEEAE50326D4E90032354621
:10B1B800FFF7E1BB0126FFF776BA204DE86A40F4B5
:10B1C8000030E862FFF768BAD4F884000126D4E9B1
:10B1D8000032A5E4D4F898000126D4E90032ADE4A1
:10B1E800F8F7D8FFDFF85480074641F2883904E0C1
:10B1F800F8F7D0FFC01B4845D6D8D8F870309B0761
:10B20800F6D5D4F8B4303EE60C480D4A016902EA96
:10B21800131221F47C510A4302613FE6D4E900325B
:10B228002E46FFF7A8BB01263546FFF7F0BB0126DF
:10B238003546FFF79DBB0126354603E40044025816
:10B24800CFFFFF0008B5FFF73DF8054B054A1B6A1D
:10B25800C3F30213D35C03F01F03D84008BD00BF3B
:10B2680000440258CC220124584B70B4996A9D6A54
:10B27800DE6A15F47C3FC5F30532DC6B5CD0C4F3A1
:10B28800CC04C6F3001601F0030106FB04F40129FF
:10B2980007EE904AB8EEE77A03D0022975D0002964
:10B2A8004FD007EE902ADFED4A6AF8EEE77A9B6BFB
:10B2B80086EEA76A9FED475AC3F3080306EE903A55
:10B2C800F7EE005AF8EEE66AE7EE056A76EEA56A4A
:10B2D80066EE266A3D4AB7EE006A936BC3F34623CF
:10B2E80007EE103AB8EEC77A70BC37EE067AC6EEAB
:10B2F800877AFCEEE77AC0ED007A936BC3F30643D6
:10B3080007EE103AB8EEC77A37EE067AC6EE877AB5
:10B31800FCEEE77AC0ED017A936BC3F3066307EEA0
:10B32800903AF8EEE77A77EE867A86EEA77ABCEE60
:10B33800C77A80ED027A704770BCC0E9002282604B
:10B3480070471968890627D51C6807EE902A224994
:10B35800F7EE005A9B6BC4F3C102F8EEE77A9FED53
:10B368001D5AC3F30803D14006EE903A06EE101AB0
:10B37800F8EEE66AB8EEC66AE7EE056A86EE277A60
:10B3880076EEA56A66EE876AA4E707EE902ADFEDF7
:10B39800136AF8EEE77A8AE707EE902A9FED105ACB
:10B3A8009B6BB7EE006AF8EEE77ADFED0A5AC3F353
:10B3B8000803C5EE276A07EE903AF8EEE77AE7EE5B
:10B3C800257A77EE867A66EEA76A83E70044025804
:10B3D8000024744A000000390090D0030024744B04
:10B3E8000024744C584B70B4996A9D6ADE6A15F053
:10B3F8007C7FC5F305525C6C5CD0C4F3CC04C6F307
:10B40800002601F0030106FB04F4012907EE904A27
:10B41800B8EEE77A03D0022975D000294FD007EE9D
:10B42800902ADFED4A6AF8EEE77A1B6C86EEA76A87
:10B438009FED475AC3F3080306EE903AF7EE005A19
:10B44800F8EEE66AE7EE056A76EEA56A66EE266A23
:10B458003D4AB7EE006A136CC3F3462307EE103A71
:10B46800B8EEC77A70BC37EE067AC6EE877AFCEE7D
:10B47800E77AC0ED007A136CC3F3064307EE103A7F
:10B48800B8EEC77A37EE067AC6EE877AFCEEE77A28
:10B49800C0ED017A136CC3F3066307EE903AF8EE39
:10B4A800E77A77EE867A86EEA77ABCEEC77A80EDE1
:10B4B800027A704770BCC0E9002282607047196840
:10B4C800890627D51C6807EE902A2249F7EE005A0C
:10B4D8001B6CC4F3C102F8EEE77A9FED1D5AC3F363
:10B4E8000803D14006EE903A06EE101AF8EEE66A26
:10B4F800B8EEC66AE7EE056A86EE277A76EEA56AA2
:10B5080066EE876AA4E707EE902ADFED136AF8EE85
:10B51800E77A8AE707EE902A9FED105A1B6CB7EE80
:10B52800006AF8EEE77ADFED0A5AC3F30803C5EEBE
:10B53800276A07EE903AF8EEE77AE7EE257A77EE93
:10B54800867A66EEA76A83E7004402580024744AA4
:10B55800000000390090D0030024744B0024744C80
:10B568005C4B70B4996A9D6ADE6A15F47C7FC5F3FA
:10B5780005125C6B5CD0C4F3CC0406F0010601F044
:10B58800030106FB04F4012907EE904AB8EEE77AB6
:10B598007ED0022975D000294FD007EE902ADFED22
:10B5A8004E6AF8EEE77A1B6B86EEA76A9FED4B5A58
:10B5B800C3F3080306EE903AF7EE005AF8EEE66A8F
:10B5C800E7EE056A76EEA56A66EE266A414AB7EEA8
:10B5D800006A136BC3F3462307EE103AB8EEC77A36
:10B5E80070BC37EE067AC6EE877AFCEEE77AC0EDD5
:10B5F800007A136BC3F3064307EE103AB8EEC77A26
:10B6080037EE067AC6EE877AFCEEE77AC0ED017A65
:10B61800136BC3F3066307EE903AF8EEE77A77EE1A
:10B62800867A86EEA77ABCEEC77A80ED027A7047F2
:10B6380070BCC0E9002282607047196889062ED55F
:10B648001C6807EE902A2649F7EE005A1B6BC4F3D4
:10B65800C102F8EEE77A9FED215AC3F30803D140FF
:10B6680006EE903A06EE101AF8EEE66AB8EEC66AEA
:10B67800E7EE056A86EE277A76EEA56A66EE876AB1
:10B68800A4E707EE902ADFED176AF8EEE77A8AE773
:10B6980007EE902ADFED146AF8EEE77A83E707EE03
:10B6A800902A9FED0D5A1B6BB7EE006AF8EEE77A09
:10B6B800DFED0A5AC3F30803C5EE276A07EE903A8E
:10B6C800F8EEE77AE7EE257A77EE867A66EEA76AED
:10B6D8007CE700BF004402580024744C0000003985
:10B6E8000090D0030024744B0024744AA0F58073A2
:10B6F8000B4300B585B000F08480A0F500730B43C0
:10B7080039D0A0F580630B4300F0E680A0F5006314
:10B718000B4300F08980A0F580530B4361D0A0F55E
:10B7280000530B4300F01281A0F500230B4300F0F7
:10B73800A380A0F580330B4300F0FA80A0F5804386
:10B748000B4300F04381A0F5004050EA010337D1D4
:10B75800994A136D03F04053B3F1805F00F0838082
:10B76800B3F1005F00F0568153BB106810F400304D
:10B7780044D0924842E0904A136D03F4E073802B62
:10B7880000F0A58020D9C02B37D0B3F5807F17D122
:10B79800D36C116803F04053490702D5002B00F021
:10B7A800C180854A1268D00503D5B3F1805F00F0E7
:10B7B8000181814A1268910302D5B3F1005FD8D0A4
:10B7C800002005B05DF804FB002B4CD0402BF7D1CE
:10B7D800106810F0006011D001A8FFF745FD01982E
:10B7E8000CE0754A136D03F4E043B3F5005F6ED0C7
:10B7F80037D9B3F5405F40F08780714805B05DF8F0
:10B8080004FB6D4B1B6D03F00703042BD8D801A272
:10B8180052F823F0BFB800249BB80024ABB800242A
:10B8280003B80024A7B80024634A936D03F0E063CB
:10B83800B3F1007F4BD044D9B3F1407FDDD0B3F1F1
:10B84800806FBDD1D36C126803F040535207A8D55E
:10B85800002BA6D1584B5B481B68C3F3C103D840E3
:10B86800CCE7002B54D1106810F00070C6D001A8A6
:10B87800FFF776FE0298C1E74F4A936D03F4403311
:10B88800B3F5803F00F0D080B3F5003FDAD0002B4D
:10B8980096D1494B186810F00060AFD09CE7464A33
:10B8A80076E7454B186810F00050A7D001A8FFF7BD
:10B8B80099FD0198A2E7404B186810F000709DD0E0
:10B8C800D5E7002BCFD0B3F1807F81D078E710681F
:10B8D80010F0005092D0E9E7374A936D03F4600303
:10B8E800B3F5800FF3D006D8002BBCD0B3F5001FFA
:10B8F8003FF46EAF64E7B3F5C00F3FF47EAFB3F526
:10B90800000F3FF445AF5BE7B3F5804F9AD057E798
:10B91800B3F5805F3FF45CAF52E7106810F00400A5
:10B928003FF46CAF13682748C3F3C103D84065E7F9
:10B93800214BDA6CD203BFD5186810F000603FF4D1
:10B948005DAF01A8FFF790FC039857E71A4A136DFB
:10B9580003F4E023B3F5403FDFD010D8B3F5803FC0
:10B9680058D0B3F5003F18D1134B186810F00050A9
:10B978003FF444AF01A8FFF735FD02983EE7B3F561
:10B98800802F12D0B3F5A02F7FF41AAF0A4B186896
:10B9980010F400303FF432AFEBE6002B7FF410AF29
:10B9A80005B05DF804EBFEF7CDBC106810F48070AC
:10B9B8003FF424AF044821E7004402580024F4006F
:10B9C8000080BB000090D00300093D00284B9B6D10
:10B9D80003F0E043B3F1405F37D014D8B3F1805F90
:10B9E8003FD0B3F1005FBFD0002B7FF4E9AEFEF784
:10B9F80069FC1F4B1F4A1B6AC3F30213D35C03F095
:10BA08001F03D840FAE6B3F1804F17D0B3F1A04F27
:10BA1800BCD0D5E6106810F000603FF4EFAE01A886
:10BA2800FFF722FC0298E9E6106810F000503FF496
:10BA3800E5AE01A8FFF7D6FC0398DFE60C4B1868C3
:10BA480010F480703FF4DAAEB4E7094B186810F0D0
:10BA580004003FF4D3AE1B680748C3F3C103D840C2
:10BA6800CCE6034B186810F000603FF4C7AED6E789
:10BA780000440258CC2201240090D003F8B5016894
:10BA88000546AB4B99421CD02033994219D003F597
:10BA9800787399424ED0203399424BD003F578738E
:10BAA800994200F02E812033994200F02A81A14B5F
:10BAB800994200F028812033994200F02481012026
:10BAC800F8BD9D4E95F8913003F0FF02002B38D059
:10BAD8009A4B9B4A1B68A2FB03230A681B0B22F4A0
:10BAE80080329B000A60002B32D00C68013B14F4B2
:10BAF8008034F8D1022385F89130EB68012B00F0EF
:10BB08004481022B15BF032023200227222715BFBB
:10BB18004FF0010C4FF0210C00222022AB68013BB2
:10BB2800042B00F26E81DFE813F0E1001C00E8004E
:10BB38001B00E40095F89130824E03F0FF02002BC1
:10BB4800C6D1284685F89020F7F7ECFC2968BFE7AE
:10BB5800D5F89430012043F04003C5F89430F8BD7F
:10BB68003A464FF400672B6A3260002B49D0704B7D
:10BB7800994200F01F817448081AB0FA80F0400911
:10BB8800002840F01781714B994200F02181203341
:10BB9800994200F01D816E4B994200F012812033CA
:10BBA800994200F00E81634B994200F02181694B64
:10BBB800994200F01781AB69B3F5002F00F0EB80D4
:10BBC800AA6A00EB8000696CB2F1806F4FEA40030B
:10BBD800286A0CBF0222012200FB02F21202B3FB08
:10BBE800F2F35D4AA2FB0302D20802EB8200A3EB48
:10BBF8004003092B08BF013204296A6201D15208A7
:10BC08006A626B6833F002032B6D40F0B980012B38
:10BC180014BF4FF400740024F8F7D4FA696CB0F537
:10BC2800005FD5E9003242EA0102A96C42EA01024A
:10BC3800E96C42EA0102E96A42EA0102696942EAF8
:10BC48000102C0F09580A96918680A43A96A0A43E5
:10BC580042490140196029690A4319680A43696A17
:10BC680042EA01523E493A4322431A605A68286B15
:10BC78001140EA690243686B5960024359680A43F4
:10BC880038495A609A6811406A6E9960E96D9868F7
:10BC98000A43296E0A43696D01390A43A96D0139BE
:10BCA80042EA012202434FF220009A60D968AA6E44
:10BCB8000140D960E96ED8680A43696F42EA0142D7
:10BCC800296F013942EA0122194902438B42DA609D
:10BCD8001BD0184A934218D000230122C5F894308B
:10BCE800184685F8912085F89030F8BD4FF48067A4
:10BCF80039E702464FF4006735E762464FF40067BC
:10BD080031E7194EDEE6194EDCE6736C23F00103C9
:10BD1800736495F83830012BDED1D5E90F23013A49
:10BD280043EA02137364736C43F001037364D3E74B
:10BD3800045801400454005800580140740300207E
:10BD48001BECCB95005C014024580140045C014089
:10BD58000460014024540058CDCCCCCC10C005F070
:10BD6800F01FFFFF0080F8FF0060014000540058FA
:10BD7800A96918680A43244901401960A96A6BE750
:10BD8800012B08BF4FF4007446E7132012274FF029
:10BD9800110C1022C2E6696C042930D008291ED083
:10BDA8006A6D00EB80004300286A00FB02F2B3FBD7
:10BDB800F2F316E700214FF48070FFF797FC29682B
:10BDC800E1E600214FF40070FFF790FC2968EAE6ED
:10BDD80000214FF40070FFF789FC2968DBE64FF477
:10BDE8008072DEE700214FF40060FFF77FFCE2E697
:10BDF80000214FF48060FFF779FC2968D7E64022DC
:10BE0800CFE70027AFE600BF10C005F8022938B514
:10BE1800044635D9C81E012830D80020236760643D
:10BE2800E064E065A0664FF6FF706067606830F018
:10BE380002000CBF0125002504294FF400312565B7
:10BE48000CBF01200D2021664FF48021A06561669A
:10BE5800032A13D8DFE802F03E4F555C2368474AAF
:10BE6800934205D002F1C052A2F58232934205D125
:10BE78006368012B02D1636C002B37D0012038BDD9
:10BE8800002023676064E064A066606830F0020008
:10BE980014BF0120002020654FF48030E0654FF684
:10BEA800FF70606713F00100E8D149B94FF48020B2
:10BEB800C4E91810032AE1D8DFE802F05546362C09
:10BEC80060664FF400302066032AD7D8DFE802F016
:10BED8004B3C2C2280211B014022A1646365E26651
:10BEE800F8F770F994F83830012BB7D02046BDE840
:10BEF8003840FFF7C3BD80225B01A2646365E26638
:10BF0800EEE7C0215B018022A1646365E266E7E792
:10BF1800E021F7E75B08E02080219A01A0645B013B
:10BF2800E166C4E91523DBE75B08C0228025022906
:10BF38004FEA8310A2644FEA4313E5666065A36580
:10BF4800CED10823A366CBE75B08802202294FEAFB
:10BF58008310A2644FEA4313E266C4E91503BFD114
:10BF68001023A366BCE75B08802040215A01A06427
:10BF78001B01E166C4E91523B2E700BF045801407C
:10BF880038B590F89030012B61D0324A0546324BD3
:10BF9800126801680120A3FB023285F89000120B99
:10BFA8000B68920023F480330B60F2B10B68013AFE
:10BFB80013F48033F9D11C460B6823F400330B606B
:10BFC80095F89130122B2DD095F89130222B14D062
:10BFD8002A6801200021536843F00803536085F85C
:10BFE8009100204685F8901038BDD5F8943001248A
:10BFF80043F04003C5F89430DEE7D5F88400002804
:10C00800E6D0F9F791FF0028E2D0D5F884305B6DCF
:10C01800802BDDD0D5F89430012443F08003C5F897
:10C028009430D5E7D5F880000028CDD0F9F77CFF0B
:10C038000028C9D0D5F880305B6D802BC4D0D5F8E6
:10C048009430012443F08003C5F89430BCE70224FF
:10C05800204638BD740300201BECCB9518B338B5C7
:10C0680090F82C3004460D4603F0FF02B3B1214688
:10C07800022384F82C3051F8040B00F099FB626815
:10C088002946206800F0D2FB084A012100201368E5
:10C0980043F00043136084F82C1038BD80F82D203D
:10C0A800F5F764F8E3E70120704700BF004000524D
:10C0B80070B590F82C300446022BD8B204D000F0AA
:10C0C800FB06012E01D0012070BD02230D46206819
:10C0D80084F82C3000F0F6FB2B68022B03D00020EC
:10C0E80084F82C6070BD0523002084F82C3070BDC6
:10C0F80038B590F82C300446022BD8B205D094F805
:10C108002C30012BDDB201D0012038BD022320687C
:10C1180084F82C3000F0EEFB002084F82C5038BD59
:10C12800002800F0A58038B590F83D30044603F0AB
:10C13800FF02002B76D0226802234E49B2F1804FCD
:10C1480084F83D30A2EB01011368B1FA81F14FEA9E
:10C15800511127D031BB4848484D824267D000F57D
:10C168008060824263D0551B00F58060B5FA85F582
:10C1780082424FEA551563D0002D61D140484149AC
:10C188008A4218BF824265D001F580618A4261D037
:10C19800A06923F08003E168034313606368D162F8
:10C1A800936223E0354D23F07003A068551B0343C9
:10C1B800B5FA85F56D09206923F440730343A06936
:10C1C80023F0800303431360E368D36263689362D8
:10C1D80051B94DB92A492B4B9A4218BF8A4203D00C
:10C1E80003F580639A4201D1636913630123002038
:10C1F800536184F8483084F83E3084F83F3084F83E
:10C20800403084F8413084F8423084F8433084F870
:10C21800443084F8453084F8463084F8473084F850
:10C228003D3038BD80F83C2002F0E8FE83E7551B1E
:10C2380023F07003A068B5FA85F503436D09BAE7E2
:10C24800A06823F0700303430F488242B3D0002D47
:10C25800B1D193E7206923F44073A1690343E068EF
:10C2680023F080030B4361681360D0629162B1E7E9
:10C278000120704700000140000400400004014014
:10C288000040014000440140000C004090F83D305F
:10C29800012B3DD10268234B2349B2F1804F18BFCF
:10C2A8009A4230B40CBF01230023204D0224AA4235
:10C2B80008BF43F0010380F83D401D4C8A4208BF87
:10C2C80043F001031B4801F58051A24208BF43F027
:10C2D8000103824208BF43F001038A4208BF43F0CA
:10C2E800010333B900F57050101AB0FA80F0400914
:10C2F80098B19168104B0B40062B0BD0B3F5803FDB
:10C3080008D01368002043F00103136030BC704765
:10C3180001207047002030BC7047136843F00103C8
:10C328001360F3E7000001400008004000040040EB
:10C33800000C0040000401400700010090F83D3067
:10C34800012B41D102680221244BB2F1804F18BF62
:10C358009A4230B40CBF01230023214D214CAA423C
:10C3680008BF43F0010380F83D10D168A24208BF1E
:10C3780043F0010304F5806441F001011A48A24228
:10C3880008BF43F00103D160824208BF43F00103B4
:10C3980016498A4208BF43F0010333B900F57050CB
:10C3A800101AB0FA80F0400998B19168104B0B4010
:10C3B800062B0BD0B3F5803F08D01368002043F05C
:10C3C8000103136030BC704701207047002030BC67
:10C3D8007047136843F001031360F3E7000001405E
:10C3E800000400400008004000040140001800401C
:10C3F8000700010090F83C30012B00F081800246D4
:10C40800022370B40468012082F83D3082F83C00B1
:10C418005A4BA5682B40A3600B68702B00F09C80DA
:10C4280025D8502B6ED039D9602B18D1206A4D6889
:10C4380020F01000C96820620020A36923F470432B
:10C4480043EA0133216A21F0A001A3614C4B41EA80
:10C4580005112162A1680B4043F06703A360012125
:10C46800002382F83D1082F83C3070BC7047B3F569
:10C47800005F60D033D943498B4206D029D942495D
:10C488008B4202D010318B42E9D1A0683C4901406F
:10C4980000200B4343F00703A360E0E7402B23D1C0
:10C4A800236A256A486823F00A0325F00105CE6847
:10C4B8001843334B2562A16921F0F00141EA0611C6
:10C4C800A16120620020A1680B4043F04703A360EC
:10C4D800C5E723F01001B1F5801FC0D1D5E7B3F54A
:10C4E800805018BF0120BAE7B9D8202BCDD003D986
:10C4F800302BCAD00120B2E733F01001AFD1C4E726
:10C5080002207047236A256A486823F00A0325F049
:10C518000105CE6818431A4B2562A16921F0F00184
:10C5280041EA0611A16120620020A1680B4043F096
:10C538005703A36093E7D1E90153A0682B43CD6863
:10C5480020F47F41002043EA05230B43A360A3683E
:10C5580043F48043A36082E7D1E90153A0682B43E9
:10C56800CD6820F47F41002043EA05230B43A360F4
:10C57800A36843F07703A36071E700BF8800CEFF8C
:10C588008FFFCFFF2000100030001000704700BF61
:10C59800704700BF704700BF704700BF036870B5A1
:10C5A800DE6805461C69A10701D5B20754D46207A5
:10C5B80001D573073DD4200701D5310727D4E306F9
:10C5C80001D5F00610D4E10701D5F20762D423069D
:10C5D80052D5300666D4600601D5710673D4A2061A
:10C5E80001D5B3064DD470BD2B686FF010022846F4
:10C5F8001A6108222A77DB6913F4407F74D1FFF7A8
:10C60800C5FF2846FFF7C6FF00232B77DBE72B681B
:10C618006FF0080228461A6104222A77DB699A0714
:10C628005FD1FFF7B3FF2846FFF7B4FF00232B774E
:10C63800C5E72B686FF0040228461A6102222A77A0
:10C648009B6913F4407F49D1FFF7A0FF2846FFF705
:10C65800A1FF00232B77AEE76FF002021A610122D7
:10C6680002779B69990736D1FFF790FF2846FFF7B5
:10C6780091FF00232B779AE7E205ACD533061AD44D
:10C68800A9E72B686FF0200228461A61BDE87040C0
:10C6980000F088B82B686FF0010228461A6102F092
:10C6A8009DFD94E72B686FF0800228461A6100F020
:10C6B8007BF8E1058FD52B686FF4807228461A61E4
:10C6C80000F074F887E72B686FF0400228461A617B
:10C6D800FFF762FF83E7FFF75BFFCAE7FFF758FF43
:10C6E800B7E7FFF755FFA1E7FFF752FF8CE700BF59
:10C6F80090F83C30012B4BD003680246022030B43E
:10C70800244D82F83D00AB4258689C6829D005F555
:10C718008065AB4225D0204D20F07000AB4218BF99
:10C72800B3F1804F05F580650CBF4FF0010C4FF059
:10C73800000CAB4208BF4CF0010C05F58065AB421C
:10C7480008BF4CF0010C0D682843144D5860AB42EB
:10C7580014BF60464CF0010060B91148834209D00B
:10C768000DE04D6820F4700028430D6820F070003B
:10C7780028435860896824F080040C439C60002397
:10C788000121184682F83D1082F83C3030BC7047D1
:10C7980002207047000001400004004000180040DB
:10C7A80000400140704700BF704700BF704700BF9E
:10C7B8000B6810B4D3B90468A3F500434A68234052
:10C7C8001343D1E9024223431343D1E904422343EB
:10C7D8001343D1E9064223431343D1E908422343D3
:10C7E8005DF8044B13430360002070470268D1E9E9
:10C7F800074322F4F84222434C6A1A430A4B224365
:10C80800026042681340D1E9014223431343D1E94E
:10C81800034223431343D1E9054223435DF8044B04
:10C8280013434360002070470080FFFF30B40ABB09
:10C838008368D1E9002403F07043013C013A43EADC
:10C8480004131343D1E90224013A013C43EA0223C9
:10C8580043EA0432D1E904348969013B013C0139D6
:10C8680042EA034343EA045343EA016330BC83606A
:10C87800002070478268CC68114B013C13404A691C
:10C8880043EA0433541E43EA0454D1E90025846082
:10C89800C3686C1E013A03F0704343EA04130C6941
:10C8A8001A438B68013C8969013B013942EA032339
:10C8B80043EA044343EA016330BCC3600020704785
:10C8C800FF0F0FFF10B4D1E900340246006923437B
:10C8D800D1E9021443EA4423054C013904400020FD
:10C8E80023435DF8044B43EA41131361704700BFCB
:10C8F8000000C0FF0246054B002010B454692340D5
:10C908005DF8044B43EA41015161704701C0FFFFE4
:10C91800022A03460BD04FF4105CD968002021F49A
:10C928007051D960DA6842EA0C02DA607047234A2B
:10C9380023480A4482422CD9224A23480A44824284
:10C948002AD9224A22480A44824228D9214A22481E
:10C958000A44824226D3214A21480A44824224D9E1
:10C96800204A21480A44824222D3204A20480A44C5
:10C978008242D0D31F4A20480A4482421BD31F4A0E
:10C988001F480A44824234BF4FF4E05C4FF4C05C55
:10C99800C3E74FF4705CC0E74FF4605CBDE74FF449
:10C9A800505CBAE74FF4405CB7E74FF4305CB4E74B
:10C9B8004FF4205CB1E74FF4005CAEE7405327FF2B
:10C9C800FF340C00401E1BFF3F420F0000DC0BFF32
:10C9D8007F4F1200808CF9FE20D6130060B6E5FE6A
:10C9E8005FE3160000D3CEFE40771B00C05BB3FEAA
:10C9F800C091210000CA91FE20753800E05459FE0C
:10CA0800E09C410082B00023124A019302E00369CE
:10CA1800002B08DB019B01330193019B9342F6D95C
:10CA2800032002B07047890100230A4A41F020011F
:10CA38000193016103E0036913F0200306D0019B11
:10CA480001330193019B9342F5D9E9E7184602B0F7
:10CA5800704700BF400D030082B00023114A0193C4
:10CA680002E00369002B08DB019B01330193019B62
:10CA78009342F6D9032002B0704700211023094AD7
:10CA88000191036103E0036913F0100306D0019BD1
:10CA980001330193019B9342F5D9EBE7184602B0A5
:10CAA800704700BF400D0300D0F8083813F00600A7
:10CAB80004D013F0020F14BF02200F20704700BFEC
:10CAC80030B44B780A78012B20D002F00F0C4FF4C9
:10CAD8008033D0F81C4800EB421203FA0CF32343CE
:10CAE800C0F81C38D2F8003B1B040CD48B68D2F871
:10CAF800004BC3F30A0308791449234343EA8043EC
:10CB08001943C2F8001B002030BC704700F50064D0
:10CB180002F00F0500EB4210AB40E5692B43E361DF
:10CB2800D0F800391C04EED48B68D0F80059C3F350
:10CB38000A030C7905492B4343EA844343EA8252AA
:10CB4800114330BCC0F80019002070470080001065
:10CB58002DE9F0414B780C78012B45D000EB4413BC
:10CB68009A4E9B4DD3F8107B03F5306C3E40C3F8CA
:10CB7800106BD3F8106B3540C3F8105B7CBB0C69A5
:10CB8800002C40F093808C680C62DCF81050C4F3E1
:10CB98001204012A44EA0504CCF81040DCF81040DD
:10CBA80044F40024CCF8104000F0A1800A79012A4E
:10CBB8000CD1D0F8082812F4807FD3F8002B0CBFD2
:10CBC80042F0005242F08052C3F8002BD3F8002BF9
:10CBD800002042F00442C3F8002BBDE8F0810C6944
:10CBE800002C66D18C68D0E70B6900EB44162BBB90
:10CBF800D6F810C9012A764F744D0CEA0707C6F813
:10CC08001079D6F8107947F40027C6F81079D6F8C5
:10CC1800107905EA0705C6F8105906F510650F7969
:10CC280000F0B180D6F800C9012F4CF0044CC6F8CA
:10CC380000C900F088800020BDE8F081D6F810C94E
:10CC4800624F634D0CEA0707C6F81079D6F81079D9
:10CC58003D40C6F8105906F51065002C4ED18F6876
:10CC6800BB4200F2A0802F6947F400272F61D5F856
:10CC780010C0C3F3120747EA0C072F610F79012F81
:10CC88004DD0012A00F08A80D6F8002942F00442EB
:10CC9800C6F80029002BCED004F00F020124D0F8EA
:10CCA800343894401C43C0F83448C4E78C680C619D
:10CCB8006AE78D68012A474E2C4404F1FF34B4FB1F
:10CCC800F5F4A4B204FB05F506EAC444DCF81060E8
:10CCD8000D62C5F3120544EA0604CCF81040DCF8EE
:10CCE800104045EA0405CCF810507FF45FAFCA68DD
:10CCF800002A3FF45BAFCCF8142057E7D1F808E0DE
:10CD0800344F03EB0E0CD5F810800CF1FF3CBCFB44
:10CD1800FEFC07EACC4747EA08072F61A7E7D5F8E2
:10CD280010C0012A2CF0C04CC5F810C0D5F810C0AE
:10CD38004CF0005CC5F810C038D0D6F8007947F040
:10CD48000447C6F80079D0F8086816F4807F2E6882
:10CD58000CBF46F0005646F080562E60002A7FF43D
:10CD68006AAF9BB203339A083FF465AFCB6800EB18
:10CD7800043003EB820100F5805053F8042B8B42FA
:10CD88000260FAD157E7CB695BB9012F11D02B6844
:10CD9800002043F004432B60BDE8F081CB69002BF1
:10CDA800F5D06B61F1E73B460F615CE7CB69002B7F
:10CDB800F7D1D0F8083813F4807F2B680CBF43F004
:10CDC800005343F080532B60E1E700BF0000F8FFF9
:10CDD800FFFF07E00000F81F002382B001934B78A3
:10CDE800012B0B7820D000F5306000EB431003686E
:10CDF800002B02DB002002B07047036842F2107279
:10CE080043F000630360036843F08043036002E07B
:10CE18000368002BEEDA019B01330193019B9342D7
:10CE2800F6D9012002B0704700F5106000EB4313FB
:10CE38001A68002ADEDA1A6842F2107142F00062BB
:10CE48001A601A6842F080421A6002E01A68002AE2
:10CE5800D0DA019A01320192019A8A42F6D9E0E7C2
:10CE680010B49DF8044064B903339B0809D001321B
:10CE780001EB830300EB023051F8042B8B42026074
:10CE8800FAD100205DF8044B704700BF5FEA920CAE
:10CE980070B5054602F003061CD000F5805E0A4610
:10CEA80000230133DEF800409C4542F8044BF8D1DA
:10CEB80001EB8C006EB105F58055731E2A689BB294
:10CEC80002702BB1110A012B417001D0120C827033
:10CED800304470BD0846EDE74A780B78012A00EB2C
:10CEE80043100CD0D0F8002B0BB1002A14DAD0F87C
:10CEF800003B43F40013C0F8003B00207047D0F813
:10CF08000029002A00DB73B9D0F8003943F4001374
:10CF1800C0F8003900207047D0F8003B23F0804368
:10CF2800C0F8003BE3E7D0F8003923F08043C0F8AD
:10CF38000039D0F8003943F40013C0F80039E9E7A4
:10CF48004A780B78012A00EB431013D0D0F8003B45
:10CF580023F40013C0F8003B0B79023B012B01D9E5
:10CF680000207047D0F8003B43F08053C0F8003BE6
:10CF780000207047D0F8003923F40013C0F80039B6
:10CF88000B79023B012BEBD8D0F8003943F08053E2
:10CF9800C0F8003900207047034609010020D3F883
:10CFA800002801F4FE6122F4FE62C3F80028D3F8D9
:10CFB80000281143C3F80018704700BF4269806910
:10CFC8001040704700EB4111D1F80805D1F80C3535
:10CFD80018407047D0F81838D0F81C081840000CD2
:10CFE800704700BFD0F81838D0F81C08184080B235
:10CFF800704700BF00EB411100F50060D1F8082B25
:10D0080040691040704700BFD0F81028D0F8343875
:10D0180000EB411001F00F01D0F80809CB40DB010B
:10D02800DBB2134318407047406900F001007047B5
:10D038000346094A002003F5006110B4D3F80049FB
:10D0480022405DF8044BC3F80029D3F8043843F4B0
:10D0580080734B60704700BF00F8FFFF144B10B49B
:10D06800046C9C421AD800F5306000230129036142
:10D07800036943F400230361036943F01803036160
:10D08800036943F0C043036104D14261036843F07C
:10D098008023036000205DF8044B7047D0F8003B04
:10D0A80000F53060002BE0DA00205DF8044B704793
:10D0B8000A30544FD0F8002401F00303012900F589
:10D0C800806C22F00302C0F80024D0F8002443EA60
:10D0D8000203C0F8003409D0022905D141F2707367
:10D0E8000020CCF804307047012070474BF680339D
:10D0F8000020CCF804307047D0F8140480B2704790
:10D1080000EB4111002310B483B001F5A06C01932A
:10D11800D1F80035D1F8004582689B0C920601D5FC
:10D12800002C25DA13F0010FD1F8003543F08043C5
:10D13800C1F8003521D0D0F8103413F47F0FD1F89E
:10D1480000353AD123F00043C1F80035D1F8003555
:10D1580043F00043C1F8003503E0DCF80030002B51
:10D1680006DA019B01330193019BB3F57A7FF4D969
:10D17800002003B05DF8044B704783689B0625D4F4
:10D18800C36A13F47F0FD1F8003516D123F000439A
:10D19800C1F80035D1F8003543F00043C1F8003537
:10D1A80003E0DCF80030002BE2DA019B0133019345
:10D1B800019BB3F57A7FF4D9DAE743F00043002006
:10D1C800C1F8003503B05DF8044B7047D1F800355D
:10D1D800002043F00043C1F8003503B05DF8044B6C
:10D1E800704700BF10B4002485B0764A0146019408
:10D1F800836823F001038360029403E00B69002B2A
:10D20800C0F2BB80029B01330293029B9342F5D983
:10D21800012000236B4A039303E00B69002BC0F243
:10D22800BF80039B01330393039B9342F5D90120ED
:10D23800D1F8003501F5A06201F5E06C23F08023F8
:10D2480043F08043C1F80035D1F8203523F080231E
:10D2580043F08043C1F82035D1F8403523F08023CE
:10D2680043F08043C1F84035D1F8603523F080237E
:10D2780043F08043C1F86035D1F8803523F080232E
:10D2880043F08043C1F88035D1F8A03523F08023DE
:10D2980043F08043C1F8A035D1F8C03523F080238E
:10D2A80043F08043C1F8C035D1F8E03523F080233E
:10D2B80043F08043C1F8E035D1F8003623F08023ED
:10D2C80043F08043C1F80036D1F8203623F080239C
:10D2D80043F08043C1F82036D1F8403623F080234C
:10D2E80043F08043C1F84036D1F8603623F08023FC
:10D2F80043F08043C1F86036D1F8803623F08023AC
:10D3080043F08043C1F88036D1F8A03623F080235B
:10D3180043F08043C1F8A036D1F8C03623F080230B
:10D3280043F08043C1F8C036D1F8E03623F08023BB
:10D3380043F08043C1F8E036136823F4004343F018
:10D348004043136002E01368002B06DA019B0133A7
:10D358000193019BB3F57A7FF5D920326245EBD171
:10D368004FF0FF33C1F814344B618B6843F001036D
:10D378008B6005B05DF8044B704700204FF4846360
:10D38800104A02900B6104E0086910F020003FF495
:10D3980040AF029B01330293029B9342F4D937E7D3
:10D3A80000241023074A03940B6103E00B69DB0692
:10D3B8007FF53EAF039B01330393039B9342F5D95B
:10D3C80035E700BF400D0300D0F8B8320BB11B6839
:10D3D80018471846704700BF08B5D0F8B8325B68E0
:10D3E8009847002818BF032008BD00BF38B500F2D1
:10D3F800AA250446284600F007FCB4F8B03294F891
:10D40800AA120122C4F8983201F01F03C4F894222A
:10D41800934209D0022B13D063B1204601F080015A
:10D42800BDE83840F6F7D4BD29462046BDE8384067
:10D4380000F0F8BA29462046BDE8384000F042B965
:10D4480029462046BDE8384000F02EBB70B504469A
:10D4580031B90B46D0F89412032910D0002070BDC2
:10D4680090F89C32032BF9D1D0F8B8329B69002B85
:10D47800F4D00022BDE87040C0F8D4221847D0E9A3
:10D488005715A94208D890F89C22032A0FD02046A5
:10D4980000F0E8FB002070BD4B1B11462A469D4258
:10D4A800C0F85C3128BF1A4600F0D2FBD6E7D0F8A6
:10D4B800B8221269002AEAD0C0F8D4329047E6E7C9
:10D4C80070B5044659B9D0F89432022B16D094F8A6
:10D4D800A03213B1002384F8A032002070BD90F868
:10D4E8009C32032BF9D1D0F8B8325B69002BF4D009
:10D4F8000022BDE87040C0F8D4221847D0E90736AA
:10D508000D46B34210D81CD094F89C32032B2BD074
:10D5180080212046F6F75CFD204600F0AFFB94F82A
:10D52800A032002BD9D0D5E79B1B1146C3611A4600
:10D5380000F084FB2B462A4629462046F6F794FD40
:10D54800C5E782699342DFD8D0F898329A42DBD295
:10D558000A4600F073FB2B462A4629462046C4F8A3
:10D568009852F6F781FDB2E7D4F8B832DB68002BA1
:10D57800CED000222046C4F8D4229847C8E700BF7E
:10D58800F8B500210122D0F8B832044680F89C2270
:10D598004160C0F89412C0F8A41280F8A0121BB120
:10D5A8005B680BB19847B0B90027402300220126D9
:10D5B80020461D461146F6F7F9FC00222B4680212D
:10D5C8002046A4F86461C4F86051F6F7EFFC3846C9
:10D5D800A6842562F8BD0327E7E700BF03460020BD
:10D5E8001974704790F89C220346042A04D090F8D6
:10D5F8009C22D2B280F89D220422002083F89C222B
:10D60800704700BF90F89C32042B04D190F89D32EB
:10D61800DBB280F89C320020704700BF90F89C2253
:10D62800032A01D00020704708B5D0F8B83213B1EA
:10D63800DB6903B19847002008BD00BFD0F8D422A9
:10D64800AE3250F822205AB108B590F89C32032B1C
:10D6580001D0002008BD136A23B19847002008BDF7
:10D6680003207047184608BDD0F8D422AE3250F8CF
:10D6780022205AB108B590F89C32032B01D0002023
:10D6880008BD536A23B19847002008BD032070479E
:10D69800184608BD002070470121D0F8B82280F84C
:10D6A8009C1242B15268017908B5904708B9002028
:10D6B80008BD032008BD0020704700BF0020704748
:10D6C80000207047F0B50C7883B00E46054604F08C
:10D6D8006004202C0ED0402C0CD0BCB180212846F0
:10D6E800F6F776FC002128460C46F6F771FC204632
:10D6F80003B0F0BDD5F8D43231462846AE3355F8DC
:10D7080023309B6803B0BDE8F04018474B78092BDD
:10D71800E4D801A252F823F081D70024AFD700241F
:10D72800E5D60024CDD70024E5D60024EFD7002481
:10D7380027D80024E5D6002459D8002449D7002446
:10D748008978B34E0129317000F2508190F89C32EB
:10D75800022BDFB200F00E81032F00F01F81802121
:10D768000324F6F735FC00212846F6F731FC31781A
:10D778002846FFF731FEBAE790F89C22013A022AC0
:10D7880026D8CA88022A23D10121D0F8A422C16050
:10D798000AB10322C260022205F10C0128461C4688
:10D7A80000F03EFAA3E790F89C32013B022B0FD819
:10D7B8004B88012B9BD100232846C5F8A43200F0E2
:10D7C80051FA94E74B88012BF6D0022B00F0078121
:10D7D80080212846F6F7FCFB00212846F6F7F8FBDF
:10D7E800204603B0F0BD8B88002BF1D1CB88002BED
:10D7F800EED14E887F2EEBD890F89C32032BE7D0E1
:10D80800F1B280F89E12F6F713FC284600F02AFAC7
:10D81800002E40F0E080012385F89C3267E7002362
:10D828004A88ADF80630130A013B062BD0D801A16F
:10D8380051F823F0E5D80024CBD80024F5D80024EB
:10D84800D9D70024D9D70024B7D800247FD80024FA
:10D85800CA88012ABCD190F89C120229CBB200F2E6
:10D868008280002B3FF43AAF0146002341F8083F7D
:10D8780000F0D6F93BE7037C002BA9D1D0F8B832E9
:10D888000DF106001B6B984707234370F288002AA6
:10D8980065D0BDF80630002B9AD09A42014628463A
:10D8A80028BF1A46ADF8062000F0BAF91FE7037C36
:10D8B800002B8DD1D0F8B8320DF106005B6B98477C
:10D8C800E4E7037C002B40F09A80D0F8B8320DF1E1
:10D8D80006009B6A984702234370D7E7D0F8B43212
:10D8E8000DF10601007C1B689847CFE7D2B2052AE4
:10D8F8003FF66EAFDFE802F026201A140E03D0F8C8
:10D90800B4329B69002B3FF463AF0DF10601287C0C
:10D918009847BBE7D0F8B4325B69002BF5D157E7DD
:10D92800D0F8B4321B69002BEFD151E7D0F8B432EC
:10D93800DB68002BE9D14BE7D0F8B4329B68002BA9
:10D94800E3D145E7D0F8B4325B68002BDDD13FE77F
:10D95800022341600C4680F89C32FFF73DFD2846C3
:10D9680000F080F9C3E6032B7FF4B8AE011D00F088
:10D9780057F9BCE60029F2D001214160FFF724FDE8
:10D988000446002846D080212846F6F721FB0021CE
:10D998002846F6F71DFB85F89C72A8E60029D7D023
:10D9A80041680129DBD0C9B2FFF716FD3178284656
:10D9B8006960FFF709FD06460028D0D08021284677
:10D9C800F6F706FB002128463446F6F701FB2979CD
:10D9D8002846FFF701FD022385F89C3287E68B88ED
:10D9E8001B0A80F8A03200F03DF980E6802103246C
:10D9F800F6F7EEFA00212846F6F7EAFA77E6D0F8C5
:10DA0800B8320DF10600DB6A9847022343703DE700
:10DA1800F81F0020284600F025F9032385F89C32DA
:10DA280065E600BF38B50B780D46044603F0600282
:10DA3800402A0BD05B0609D500258021F6F7C8FAE5
:10DA480020462946F6F7C4FA284638BD94F89C3291
:10DA5800013B022B02D8297901290AD980212046C5
:10DA6800F6F7B6FA002120460D46F6F7B1FA284631
:10DA780038BD2046FFF722FE90B9D4F8B8329B682B
:10DA880073B12946C4F8D40220469847EB88054666
:10DA9800002BD9D10028D7D1204600F0E3F8D3E7EE
:10DAA8000325284638BD00BF30B50C468A8883B0A8
:10DAB80005462378D1B203F06003202B1ED0402BFB
:10DAC8001CD06BB380212846F6F782FA002128463D
:10DAD800F6F77EFA002003B030BD90F89C32022B96
:10DAE800DAB259D0032AEDD16388002BF2D14B0664
:10DAF8007ED12846019100F0B5F801992846FFF734
:10DB0800DFFD0028E6D1D5F8B832C5F8D4029B6805
:10DB1800002BDFD02146284603B0BDE83040184727
:10DB28006378012BD9D0032B24D0002BCAD190F8CD
:10DB38009C32022BD8B238D00328C3D101F00F038E
:10DB4800120603EB830305EB83033FD4B3F8643178
:10DB5800002BB7D001F07F03142404FB035404F511
:10DB6800AA74002B3ED1236002222146284600F0E9
:10DB780057F8AFE790F89C32022BDAB20CD0032AA0
:10DB8800A0D1638823B9480602D0E388002B36D099
:10DB9800284600F067F89DE74A0693D0F6F718FA8A
:10DBA80080212846F6F714FA94E748068AD1110628
:10DBB8004FF000034FF0020228464CBF05F1140154
:10DBC80005F5AA710B6000F02BF883E79B8C002BFE
:10DBD8003FF478AF01F07F035C1C04EB840405EB91
:10DBE8008404BEE72846F6F70FFA30B10123BAE7F6
:10DBF8000191F6F7FBF901997BE72060B4E7284625
:10DC0800F6F7E6F9C4E700BF0B7803704B7843706A
:10DC18004B8843808B888380CB88C380704700BF44
:10DC280010B5134602240A460021C0F89442C0E900
:10DC38000633F6F70BFA002010BD00BF8C46002112
:10DC480008B513466246F6F701FA002008BD00BF82
:10DC58008C46002108B513466246F6F705FA0020FF
:10DC680008BD00BF002310B504241A461946C0F8A1
:10DC78009442F6F7EBF9002010BD00BF002310B561
:10DC880005241A461946C0F89442F6F7EDF9002023
:10DC980010BD00BFD0F8C8230132C0F8C8230278ED
:10DCA8000B2A00D07047D0F88033002BFAD09B693C
:10DCB800184700BF012380F823337047002380F8FA
:10DCC80023337047034600220121104683F82013AE
:10DCD80083F8212383F82223704700BF38B5012336
:10DCE8000025044680F8213380F8235380F8205318
:10DCF800F6F7DEF92179204600F006F8617920462A
:10DD080000F002F8284638BD0A2907D800EB810040
:10DD1800D0F88833C3F30E03C0F888330020704767
:10DD28000C4A82B00C4BD2F8DC1041F04001C2F82A
:10DD3800DC10D2F8DC2002F040020192019A1A6845
:10DD480022F020021A601A6842F004021A6002B037
:10DD5800704700BF004402580018024870B50023FD
:10DD680004464FF4806204214FF440353448C4F827
:10DD78003821C4F8D410C4F83431C4F84C113149EE
:10DD8800C4F8B000C4F82811C4E92F32C4E931330B
:10DD9800C4E93335C4E93733C4E94F33C4E95135ED
:10DDA800C4E95533A2680323C4F8D830C4F8503105
:10DDB800042A0AD8DFE802F01F262D340300552272
:10DDC8005623C4F8B420C4F82C310022402304F1AF
:10DDD800B005C4F8B8202846C4F83031F7F794FCE9
:10DDE80008B1FFBEFEE704F594763046F7F78CFCE1
:10DDF800E8B1FFBEFEE725222623C4F8B420C4F804
:10DE08002C31E2E727222823C4F8B420C4F82C31A7
:10DE1800DBE73D223E23C4F8B420C4F82C31D4E714
:10DE280053225423C4F8B420C4F82C31CDE704F1AC
:10DE38002803C4E92865C4F8E830C4F8603170BD27
:10DE480040040240580402402DE9F04F814683B057
:10DE58000E4617461D4600F12804204603F058F9DF
:10DE680001288246F9D14846FFF778FF8046002806
:10DE780035D1EFF31083019372B6DFF888B00C9BAD
:10DE880099F90820DFF880A0DFF88090CBF80030FF
:10DE98000D9B89F80020CAF800300DB11846A84734
:10DEA800BAB23146204602F0C5FC30B9019B03B92D
:10DEB80062B6404603B0BDE8F08F0023CBF80030CF
:10DEC800CAF80030FF2389F800300C9B8BB1012180
:10DED8000D9888469847019B002BEAD1E8E70C9BF0
:10DEE80053B1D0460D9851469847404603B0BDE817
:10DEF800F08F4FF00108D9E7D046404603B0BDE89F
:10DF0800F08F00BF1C2A0020242A0020202A00208D
:10DF18002DE9F04F814683B00E4617461D4600F1A5
:10DF28002804204603F0F4F801288246F9D148462F
:10DF3800FFF714FF8046002835D1EFF310830193D3
:10DF480072B6DFF888B00C9B99F90820DFF880A03A
:10DF5800DFF88090CBF800300D9B89F80020CAF8D4
:10DF680000300DB11846A847BAB23146204602F033
:10DF780021FD30B9019B03B962B6404603B0BDE844
:10DF8800F08F0023CBF80030CAF80030FF2389F85F
:10DF980000300C9B8BB101210D9888469847019B56
:10DFA800002BEAD1E8E70C9B53B1D0460D985146B7
:10DFB8009847404603B0BDE8F08F4FF00108D9E715
:10DFC800D046404603B0BDE8F08F00BF1C2A0020B1
:10DFD800242A0020202A00202DE9F04F814683B012
:10DFE8000F461646984600F12804204603F090F89C
:10DFF8000128FAD182464846FFF7B0FE05460028B8
:10E0080038D1EFF31083019372B699F90830DFF82D
:10E018008890DFF888B089F800300D9BDFF880A081
:10E02800CBF800300E9BCAF800300C9B0BB10E9851
:10E0380098471FFA88F33A463146204602F084FD95
:10E0480030B9019B03B962B6284603B0BDE8F08F2A
:10E058000023CBF80030CAF80030FF2389F80030DD
:10E068000D9B8BB101210E980D469847019B002B03
:10E07800EAD1E8E70D9B4BB155460E9851469847B3
:10E08800284603B0BDE8F08F0125DAE75546284653
:10E0980003B0BDE8F08F00BF202A00201C2A002012
:10E0A800242A00202DE9F041022286B000260446E9
:10E0B80005690496CDE90226D0E90272BF000AB3C9
:10E0C800022D00F0C8802078B5FA85F50126D4F82D
:10E0D80020800B284FEA551521D1A0780B2801D0B4
:10E0E800002E3AD120790B2801D0002D5ED1A079DD
:10E0F800B8F1000F02D00B2840F08480002006B051
:10E10800BDE8F08135F002032078D4F820800CBFF8
:10E1180001260026023D18BF01250B28DDD0764BCD
:10E12800617853F827301A780B2A02D0904200F011
:10E138009A80DA7803F1030C0B2A02D0824200F0AD
:10E14800A2809A7903F1060C824202D10B2A40F090
:10E15800A080012006B0BDE8F0817A1C664BE1780A
:10E1680053F822301A780B2A02D0904200F09A8095
:10E17800DA78DE1C0B2A02D0904200F0AC809A7943
:10E188009E1D9042E5D10B2AE3D0DB798B42E0D18A
:10E1980033469B780A28059340F2898000200123A2
:10E1A8008B4001A90193F8F753FC9BE7BA1C524B2B
:10E1B800617953F822301A780B2A01D090427AD02C
:10E1C800DA78DD1C0B2A02D0904200F08A809A7916
:10E1D8009D1D9042BDD10B2ABBD0DB798B42B8D1B3
:10E1E8002B469B780A28059369D9002001238B4088
:10E1F80001A90193F8F72CFCA079B8F1000F7FF47E
:10E208007AAF7BE73C4B0337E47953F827301A7829
:10E218000B2A01D0904256D0DA78D91C0B2A01D0AB
:10E22800904264D09A79991D904292D10B2A90D04D
:10E23800DB79A3428DD10B469B780A28059346D9F2
:10E248000020012301A9A3400193F8F701FC002055
:10E2580006B0BDE8F08100780125D4F820800B28AD
:10E268003FF440AF5BE75A788A427FF462AF9B780D
:10E278000A28059312D9002001238B4001A9019394
:10E28800F8F7E6FB29E71A798A427FF45AAF634622
:10E29800EDE7DB798B427FF45CAFF8E7174B03EBD4
:10E2A8008020E9E75A788A427FF462AF71E7134B1E
:10E2B80003EB802073E75A788A4281D191E70F4BAC
:10E2C80003EB802092E75A78A242A5D1B4E70B4B22
:10E2D80003EB8020B5E71A798A427FF450AF3346C2
:10E2E80057E71A798A427FF472AF2B4679E71A7991
:10E2F800A24297D10B469FE76C22012400000258E6
:10E30800B04A0368934200F05F83A2F578429342D3
:10E3180000F05C8302F58062934200F0598302F5B5
:10E328007842934200F0568302F5E052934200F09F
:10E338005383A54A934240F051830521A34B10B55E
:10E348004FF4D074B2B001FB04F41A5D1C440A2ADD
:10E3580019D8DFE812F02B03AB02B902C902D702C1
:10E36800E502F30201030F031D030B00984AD2F8DC
:10E37800E00040F48060C2F8E000D2F8E02002F447
:10E3880080623192319AA2780A2A19D8DFE812F00D
:10E39800E200F000FE000C0122013001CA01D801A0
:10E3A800E601F4010B008A4AD2F8E00040F48060EC
:10E3B800C2F8E000D2F8E02002F480622692269AA1
:10E3C80022790A2A19D8DFE812F0E501F3010102DF
:10E3D8000F021D022B0239024702550263020B008D
:10E3E8007B4AD2F8E00040F48060C2F8E000D2F83E
:10E3F800E02002F480621B921B9AA2790A2A19D89B
:10E40800DFE812F020012E013C014A0158016601A3
:10E4180074018201040112010B006D4AD2F8E00078
:10E4280040F48060C2F8E000D2F8E02002F4806294
:10E438001092109A4FF4D07202FB01339B68052B9F
:10E4480011D8DFE803F0192F455B7103604BD3F84F
:10E45800F42042F02002C3F8F420D3F8F43003F09B
:10E4680020030593059B2046FFF71CFE012801D0D9
:10E4780032B010BDFFBEFEE7554B00222320D3F873
:10E48800F01041F48051C3F8F0101146D3F8F03081
:10E4980003F480530093009BF6F784FD2320F6F7DE
:10E4A800BFFDE0E74A4B00222420D3F8E81041F4EE
:10E4B8008041C3F8E8101146D3F8E83003F48043EC
:10E4C8000193019BF6F76EFD2420F6F7A9FDCAE734
:10E4D8003F4B00223320D3F8E81041F40041C3F841
:10E4E800E8101146D3F8E83003F400430293029B86
:10E4F800F6F758FD3320F6F793FDB4E7344B0022C6
:10E508005420D3F8F01041F40051C3F8F01011462C
:10E51800D3F8F03003F400530393039BF6F742FD5E
:10E528005420F6F77DFD9EE7294B00225520D3F8AD
:10E53800F01041F48011C3F8F0101146D3F8F03010
:10E5480003F480130493049BF6F72CFD5520F6F78B
:10E5580067FD88E71E4AD2F8E00040F00100C2F8E3
:10E56800E000D2F8E02002F001021C921C9A27E792
:10E57800174AD2F8E00040F00200C2F8E000D2F8F2
:10E58800E02002F002021D921D9A19E7104AD2F803
:10E59800E00040F00400C2F8E000D2F8E02002F009
:10E5A80004021E921E9A0BE7094AD2F8E00040F0D6
:10E5B8000800C2F8E000D2F8E02002F008021F923A
:10E5C8001F9AFDE60030014000140058FC1F00208F
:10E5D80000440258C34AD2F8E00040F01000C2F8E4
:10E5E800E000D2F8E02002F010022092209AE7E63C
:10E5F800BC4AD2F8E00040F02000C2F8E000D2F8AF
:10E60800E02002F020022192219AD9E6B54AD2F8F8
:10E61800E00040F48070C2F8E000D2F8E02002F494
:10E6280080720E920E9A05E7AE4AD2F8E00040F4E6
:10E638000070C2F8E000D2F8E02002F400720F92F5
:10E648000F9AF7E6A74AD2F8E00040F00100C2F8B6
:10E65800E000D2F8E02002F001020692069AE9E60C
:10E66800A04AD2F8E00040F00200C2F8E000D2F878
:10E67800E02002F002020792079ADBE6994AD2F8F4
:10E68800E00040F00400C2F8E000D2F8E02002F018
:10E6980004020892089ACDE6924AD2F8E00040F0C7
:10E6A8000800C2F8E000D2F8E02002F0080209925F
:10E6B800099ABFE68B4AD2F8E00040F01000C2F891
:10E6C800E000D2F8E02002F010020A920A9AB1E6BD
:10E6D800844AD2F8E00040F02000C2F8E000D2F806
:10E6E800E02002F020020B920B9AA3E67D4AD2F8B2
:10E6F800E00040F04000C2F8E000D2F8E02002F06C
:10E7080040020C920C9A95E6764AD2F8E00040F066
:10E718008000C2F8E000D2F8E02002F080020D92FA
:10E728000D9A87E66F4AD2F8E00040F04000C2F840
:10E73800E000D2F8E02002F040022292229A3FE65E
:10E74800684AD2F8E00040F08000C2F8E000D2F851
:10E75800E02002F080022392239A31E6614AD2F83F
:10E76800E00040F48070C2F8E000D2F8E02002F443
:10E7780080722492249A23E65A4AD2F8E00040F4A0
:10E788000070C2F8E000D2F8E02002F4007225928E
:10E79800259A15E6534AD2F8E00040F00100C2F885
:10E7A800E000D2F8E02002F001021192119A24E66A
:10E7B8004C4AD2F8E00040F00200C2F8E000D2F87B
:10E7C800E02002F002021292129A16E6454AD2F8A6
:10E7D800E00040F00400C2F8E000D2F8E02002F0C7
:10E7E80004021392139A08E63E4AD2F8E00040F079
:10E7F8000800C2F8E000D2F8E02002F00802149203
:10E80800149AFAE5374AD2F8E00040F01000C2F84E
:10E81800E000D2F8E02002F010021592159AECE51B
:10E82800304AD2F8E00040F02000C2F8E000D2F808
:10E83800E02002F020021692169ADEE5294AD2F864
:10E84800E00040F04000C2F8E000D2F8E02002F01A
:10E8580040021792179AD0E5224AD2F8E00040F019
:10E868008000C2F8E000D2F8E02002F0800218929E
:10E87800189AC2E51B4AD2F8E00040F48070C2F84A
:10E88800E000D2F8E02002F480721992199AB4E5F7
:10E89800144AD2F8E00040F40070C2F8E000D2F860
:10E8A800E02002F400721A921A9AA6E50D4AD2F8EC
:10E8B800E00040F00200C2F8E000D2F8E02002F0E8
:10E8C80002022892289A5EE5064AD2F8E00040F053
:10E8D8000400C2F8E000D2F8E02002F00402299215
:10E8E800299A50E5004402583E4AD2F8E00040F028
:10E8F8000800C2F8E000D2F8E02002F008022A92EC
:10E908002A9A40E5374AD2F8E00040F01000C2F8F1
:10E91800E000D2F8E02002F010022B922B9A32E5A8
:10E92800304AD2F8E00040F02000C2F8E000D2F807
:10E93800E02002F020022C922C9A24E5294AD2F8F1
:10E94800E00040F04000C2F8E000D2F8E02002F019
:10E9580040022D922D9A16E5224AD2F8E00040F0A6
:10E968008000C2F8E000D2F8E02002F080022E9287
:10E978002E9A08E51B4AD2F8E00040F48070C2F8ED
:10E98800E000D2F8E02002F480722F922F9AFAE485
:10E99800144AD2F8E00040F40070C2F8E000D2F85F
:10E9A800E02002F400723092309AECE40D4AD2F87A
:10E9B800E00040F00100C2F8E000D2F8E02002F0E8
:10E9C80001022792279ADEE40021B7E40121B5E489
:10E9D8000221B3E40321B1E40421AFE400231B784E
:10E9E800FFDE00BF004402582DE9F043002289B041
:10E9F8001B4B01210DF1040C9E461A4B0791E14671
:10EA0800E04667460EF11C060EF138050EF1540477
:10EA1800CDE90122CDE90322CDE90522FF221A70B2
:10EA2800BCE80F00AEE80F009CE807008EE807007E
:10EA3800B9E80F000FC69CE8070086E80700B8E8A9
:10EA48000F000FC59CE8070085E807000FCF0FC42B
:10EA58009CE8070084E8070009B0BDE8F08300BF20
:10EA680014010020202A0020014802F047BA00BF04
:10EA780024200020014802F041BA00BFC421002030
:10EA8800014802F03BBA00BF64230020014802F0AD
:10EA980035BA00BF04250020014802F02FBA00BF94
:10EAA800A426002010B5EFF3108472B6084B1A782C
:10EAB800120602D504B962B610BD1B784FF4D072A5
:10EAC80004485BB202FB0300B030F7F76FFCF1E7D4
:10EAD800202A0020FC1F002010B5EFF3108472B626
:10EAE800094B1A78120602D504B962B610BD1B7814
:10EAF8004FF4D07205485BB202FB030000F5947036
:10EB0800F7F754FCF0E700BF202A0020FC1F002084
:10EB18002DE9F04184B0EFF3108772B6284AFF213F
:10EB2800284C1368217023B100211160264A10680F
:10EB3800984723781B061CD5DFF894800025234EC0
:10EB48004446216879B162686AB1A369012B22D071
:10EB5800A3B963693046019323690093E368228966
:10EB6800FFF7D6F918B301351C3406F5D076042D15
:10EB7800E7D107B962B604B0BDE8F081D4E9043042
:10EB8800CDE90130E068238900903046FFF724FA88
:10EB98000028E8D10BE0D4E904301146CDE9003073
:10EBA8003046E3682289FFF74FF90028DBD1C5EB2F
:10EBB800C50508EB850348F825005860D9E700BF6C
:10EBC8001C2A0020202A0020242A0020FC1F0020C4
:10EBD800140100202DE9F04184B0EFF3108772B6DC
:10EBE800284AFF21284C1368217023B100211160A5
:10EBF800264A1068984723781B061CD5DFF89480AE
:10EC08000025234E4446216879B162686AB1A36938
:10EC1800012B22D0A3B9636930460193236900937D
:10EC2800E3682289FFF774F918B301351C3406F537
:10EC3800D076042DE7D107B962B604B0BDE8F081FB
:10EC4800D4E90430CDE90130E068238900903046EA
:10EC5800FFF7C2F90028E8D10BE0D4E904301146E7
:10EC6800CDE900303046E3682289FFF7EDF8002847
:10EC7800DBD1C5EBC50508EB850348F825005860CE
:10EC8800D9E700BF1C2A0020202A0020242A0020BF
:10EC9800FC1F0020140100202DE9F04184B0EFF39F
:10ECA800108772B6284AFF21284C1368217023B1B7
:10ECB80000211160264A1068984723781B061CD546
:10ECC800DFF894800025234E4446216879B16268B4
:10ECD8006AB1A369012B22D0A3B9636930460193B5
:10ECE80023690093E3682289FFF712F918B3013505
:10ECF8001C3406F5D076042DE7D107B962B604B006
:10ED0800BDE8F081D4E90430CDE90130E068238919
:10ED180000903046FFF760F90028E8D10BE0D4E90D
:10ED280004301146CDE900303046E3682289FFF708
:10ED38008BF80028DBD1C5EBC50508EB850348F83F
:10ED480025005860D9E700BF1C2A0020202A00208F
:10ED5800242A0020FC1F0020140100202DE9F04186
:10ED680084B0EFF3108772B601F090FC284A294C62
:10ED7800FF21136821702BB1002111600121264A5F
:10ED88001068984723781B061CD5DFF89480002567
:10ED9800224E4446216879B162686AB1A369012BA1
:10EDA80022D0A3B963693046019323690093E368CD
:10EDB8002289FFF7ADF818B301351C3406F5D07673
:10EDC800042DE7D107B962B604B0BDE8F081D4E9F3
:10EDD8000430CDE90130E068238900903046FFF720
:10EDE800FBF80028E8D10BE0D4E904301146CDE95E
:10EDF80000303046E3682289FFF726F80028DBD187
:10EE0800C5EBC50508EB850348F825005860D9E728
:10EE18001C2A0020202A0020242A0020FC1F002071
:10EE2800140100205E4B00226FF0F411022030B470
:10EE38000824DA615862C3F8BC21C3F8C401C3F8D6
:10EE48005C23C3F86403C3F8E014C3F8E414C3F8FC
:10EE5800F444C3F8F824C3F8FC24C3F80405C3F841
:10EE68008016C3F88416C3F89446C3F89826C3F8E6
:10EE78009C26C3F8A406C3F820184A4DC3E90542E6
:10EE8800C3E96D42C3E9D542C3E90011C3E968117A
:10EE9800C3E9D011C3F824184349C3F83448C3F868
:10EEA8003828424CC3F83C28C3F844080A888B78B1
:10EEB8003F482372E280C28003723E4C3E48E280A3
:10EEC800A0F8032023724371C28003723B4C3C4874
:10EED8000968E2802372A0F803203A4C4371C2808B
:10EEE80003723948E2802372A0F80320374C43713B
:10EEF800C2800372080C2180EA802B72A070A4F8EB
:10EF080003206371E2802372314C2180A070A4F841
:10EF180003206371E28023722E4C2180A070A4F834
:10EF280003206371E28023722B4C2180A070A4F827
:10EF380003206371E2802372284C2180A070A4F81A
:10EF480003206371E2802372254C2180A070A4F80D
:10EF580003206371E2802372224C2180A070E2803A
:10EF68002372A4F8032063711F4C21801F49A070ED
:10EF7800E2801F482372A1F803204B71CA800B72EC
:10EF8800A4F803201B4963711B4CC280E2802372E2
:10EF98000372A1F803204B71CA800B7230BC704712
:10EFA800FC1F0020D8000020682201249C000020BB
:10EFB8009000002054000020C0000020A80000207D
:10EFC800E4000020CC0000206C000020EC29002088
:10EFD800D4290020E0290020BC290020102A002084
:10EFE800F8290020042A0020C82900200801002050
:10EFF800FC00002078000020F0000020714A03681F
:10F0080011698B4200B587B04BD0516F8B4200F02D
:10F01800B680D2F8D8108B4200F0B380D2F83C11F9
:10F028008B4200F0B080B3F1804F1ED0664A934205
:10F038000DD0664A934200F0A880654A934200F0DA
:10F04800B280644A93421ED007B05DF804FB624B5D
:10F05800D3F8E82042F00202C3F8E820D3F8E830F9
:10F0680003F002030293029BEEE75B4BD3F8E82020
:10F0780042F00102C3F8E820D3F8E83003F00103B6
:10F088000193019BE0E7544BD3F8E82042F01002CB
:10F09800C3F8E820D3F8E83003F010030593059B84
:10F0A800D2E700206421B3F1804F01FB0022127BDC
:10F0B8001ED045498B4235D044498B4248D04449FB
:10F0C8008B42BED1444BD3F8E81041F00801C3F895
:10F0D800E810D3F8E83003F008030493049B002AEF
:10F0E800B2D0322000220F21F5F75CFF322014E065
:10F0F800394BD3F8E81041F00101C3F8E810D3F810
:10F10800E83003F001030193019B002A9CD01C20E6
:10F1180000220F21F5F746FF1C2007B05DF804EB2D
:10F12800F5F77EBF2C4BD3F8E81041F00201C3F885
:10F13800E810D3F8E83003F002030293029B002A98
:10F1480082D01D2000220F21F5F72CFF1D20E4E7B7
:10F15800214BD3F8E81041F00401C3F8E810D3F8C4
:10F16800E83003F004030393039B002A3FF46CAFD9
:10F178001E2000220F21F5F715FF1E20CDE70120E4
:10F1880090E702208EE703208CE7134BD3F8E820A2
:10F1980042F00402C3F8E820D3F8E83003F004038F
:10F1A8000393039B50E70C4BD3F8E82042F0080286
:10F1B800C3F8E820D3F8E83003F008030493049B6D
:10F1C80042E700BF282A0020000400400008004051
:10F1D800000C004000100040004402580F4B026829
:10F1E80019698A420BD0596F8A4211D0D3F8D810C6
:10F1F8008A420FD0D3F83C118A420DD070470021C3
:10F20800642202FB0133DA6D002AF7D0186E10472A
:10F218000121F5E70221F3E70321F1E7282A00207D
:10F228000148FDF7BBB900BF382A00200148FDF7A7
:10F23800B5B900BF9C2A00200148FDF7AFB900BF4F
:10F24800002B00200148FDF7A9B900BF642B00205E
:10F25800F0B54FF0640C0F682E4D8DB00CFB07FC19
:10F26800032F05EB0C06066047DC0B46086834469E
:10F2780049689A6807C41B7B237004AC7268264BE4
:10F28800002A4FF00002726118BF1022B2610FCB42
:10F2980084E80F000CAB03EB870353F8203CB3F171
:10F2A800804F336124D01D4A934221D030890CF11C
:10F2B800100464230021802203FB07532C44C3E974
:10F2C80007019A622046FCF72BFF034600B1FEE7D0
:10F2D8004FF4805208A92046099301930892CDE97A
:10F2E8000A33CDE90233FDF785F8034640B1FEE75E
:10F2F800642303FB07539868D9E701200DB0F0BDDC
:10F3080001A9204601930393FDF7F2F90028F5D0EF
:10F31800FEE700BF282A0020AC210124000C004091
:10F32800006808B5037B10302BB1FDF707F80038EB
:10F3380018BF012008BDFCF7A9FF003818BF01203D
:10F3480008BD00BF0C4B00224FF0FF311A739960C3
:10F35800D96683F87020C3F8D01083F8D420C3F896
:10F36800341183F83821C3E90022C3E91922C3E91B
:10F378003222C3E94B227047282A00201F4BC1685C
:10F388000268F0B5D3F88C5083B00369ADB24D1B59
:10F39800A2B1AB4212D00446866811D2F018E91A1D
:10F3A800CDE9001001F0EAF80023DDE90010D4E906
:10F3B8000062B047E3682561AB421BD003B0F0BDE3
:10F3C800F018C91ACDE9000101F0D8F80023DDE9E9
:10F3D8000001D4E90072B8473046294601F0CEF85A
:10F3E80000233046626829462668B047E3682561ED
:10F3F800AB42E3D10023236103B0F0BD000002401B
:10F408002DE9F84F04460F4690461E4600F1340594
:10F41800284602F085F92028FAD14FF480630020AD
:10F42800C4F8D830C4F850314FF44033C4F8D4008D
:10F43800C4F8E830C4F860314E4BC4F8E400C4F8AE
:10F44800C83003F57A73C4F8EC00C4F8403140239F
:10F45800C4F8D000C4F84831E369C4F84C01C4F8D2
:10F468005C01C4F86401C4E93700C4E95500072BFE
:10F478000BD8DFE803F061535A373E454C0451235B
:10F48800C4F8CC305223C4F8443104F5A079484676
:10F49800F6F73AF908B1FFBEFEE7C4F8B090C4F831
:10F4A8007851EFF3108972B6DFF8D0B094F91C30B8
:10F4B800DFF8CCA08BF800300A9B2F4CCAF800303C
:10F4C8000B9B23600EB11846B0471FFA88F23946E5
:10F4D800284601F021FEB0BBB9F1000F00D162B699
:10F4E800BDE8F88F3F23C4F8CC304023C4F844313A
:10F4F800CBE74123C4F8CC304223C4F84431C4E7F5
:10F508004723C4F8CC304823C4F84431BDE74F231F
:10F51800C4F8CC305023C4F84431B6E72B23C4F8E0
:10F52800CC302C23C4F84431AFE72D23C4F8CC30B9
:10F538002E23C4F84431A8E72923C4F8CC302A2361
:10F54800C4F84431A1E7FF238BF800300023CAF840
:10F55800003023600A9B3BB10B980121984701209A
:10F56800B9F1000FBCD1BAE70120B9F1000FB7D14A
:10F57800B5E700BF88000240383B0020343B00203C
:10F58800303B00202DE9F84F04460F4690461E46B2
:10F5980000F13405284602F0C3F82028FAD14FF4C8
:10F5A80080630020C4F8D830C4F850314FF4403399
:10F5B800C4F8D400C4F8E830C4F860314E4BC4F83D
:10F5C800E400C4F8C83003F57A73C4F8EC00C4F852
:10F5D80040314023C4F8D000C4F84831E369C4F886
:10F5E8004C01C4F85C01C4F86401C4E93700C4E9FB
:10F5F8005500072B0BD8DFE803F061535A373E4517
:10F608004C045123C4F8CC305223C4F8443104F1DB
:10F61800C8094846F6F778F808B1FFBEFEE7C4F80F
:10F62800B490C4F80051EFF3108972B6DFF8D0B087
:10F6380094F91C30DFF8CCA08BF800300A9B2F4CD3
:10F64800CAF800300B9B23600EB11846B0471FFA6A
:10F6580088F23946284602F011FDB0BBB9F1000F17
:10F6680000D162B6BDE8F88F3F23C4F8CC30402300
:10F67800C4F84431CBE74123C4F8CC304223C4F862
:10F688004431C4E74723C4F8CC304823C4F8443194
:10F69800BDE74F23C4F8CC305023C4F84431B6E753
:10F6A8002B23C4F8CC302C23C4F84431AFE72D23E6
:10F6B800C4F8CC302E23C4F84431A8E72923C4F871
:10F6C800CC302A23C4F84431A1E7FF238BF800305B
:10F6D8000023CAF8003023600A9B3BB10B98012134
:10F6E80098470120B9F1000FBCD1BAE70120B9F160
:10F6F800000FB7D1B5E700BF88000240383B0020B3
:10F70800343B0020303B00202DE9F0410D4682B00B
:10F71800EFF3108772B6002948D1FF23254A264CFB
:10F72800237013682BB1002029461060234A106803
:10F73800984723781B0625D5DFF888800025204EBA
:10F74800444605E001351C3406F5DC76092D19D050
:10F75800A369012B1BD0002BF4D121683046002966
:10F76800F0D06369019323690093E3682289FFF766
:10F7780009FF0028E6D1C5EBC50508EB850348F865
:10F788002500586007B962B602B0BDE8F08161682B
:10F798000029D7D063693046019323690093E36851
:10F7A8002289FFF72DFE0028CCD1E4E702F0E0FB28
:10F7B800B3E700BF303B0020343B0020383B00203B
:10F7C800B82B002084010020F0B5002387B0022266
:10F7D80004460493CDE90223C369007E5D000B282B
:10F7E80021D1A07E0B2802D1002007B0F0BD454AE8
:10F7F8006B1C454952F823304D780A781978E47E15
:10F808008A424CD088425AD0D978DE1C91424ED0D8
:10F8180088426DD099799E1D8A4265D088426CD005
:10F82800012007B0F0BD374B374953F825300A7827
:10F8380091F801E0197894F819C08A4222D08842D8
:10F8480025D0D978DE1C8A4225D0884233D09979D0
:10F858009E1D8A4227D08842E2D1DB796345DFD1F9
:10F8680033469B780A28059308D90020012301A96B
:10F8780003FA0CF30193F7F7EBF8B2E7234B03EB2A
:10F888008020F3E75E787645DBD08842D9D1597875
:10F898006145D6D1E5E71F797745D6D1D7E75E78B8
:10F8A800AE42AFD1B0E7DA797245D4D1B8E71F7963
:10F8B800AF42ADD1AEE719796145C8D1D0E75978E3
:10F8C800A142A1D19B780A28059309D900200123D8
:10F8D80001A9A3400193F7F7BBF8002007B0F0BDDA
:10F8E8000A4B03EB8020F2E7DA79AA4296D197E730
:10F8F8001979A1428ED13346E4E7DB79A3428FD14F
:10F908003346DFE79C0200209802002000000258DE
:10F91800B34A0368934270B5A4B000F03D82A2F5E3
:10F928004C42934200F03A8202F58062934200F022
:10F93800378202F58062934200F0348202F58062D9
:10F94800934200F0338202F54442934200F02C8245
:10F95800A2F51C42934200F02B8202F5806293428A
:10F9680000F028829F4A934240F0268208259E4C48
:10F978004FF4DC7000FB0540837E0A2B19D8DFE8C2
:10F9880013F0B701C501D301E101EF01FD017F01CA
:10F998008D019B01A9010B00944BD3F8E02042F4A0
:10F9A8008062C3F8E020D3F8E03003F480631E934C
:10F9B8001E9B037E0A2B19D8DFE813F03801460195
:10F9C8005401CB00D900E700F50003011C012A010E
:10F9D8000B00864BD3F8E02042F48062C3F8E020A5
:10F9E800D3F8E03003F480631393139B4FF4DC7374
:10F9F80003FB0543DB69082B13D8DFE803F03A481B
:10FA0800566472808E9C0500784BD3F8F42042F03F
:10FA18000802C3F8F420D3F8F43003F0080308937D
:10FA2800089BFFF7D1FE012801D1FFBEFEE74FF486
:10FA3800DC7324AA6E4E0DF17C0C03FB0544E369CC
:10FA480002EB43050FCEACE80F0033680022ACF898
:10FA58000030114635F9140CF5F7A4FAE36924AA25
:10FA680002EB430333F9140C24B0BDE87040F5F7FA
:10FA7800D7BA5E4BD3F8F02042F01002C3F8F0205A
:10FA8800D3F8F03003F010030093009BC9E7574BFD
:10FA9800D3F8E82042F40032C3F8E820D3F8E8307D
:10FAA80003F400330193019BBBE7504BD3F8E820E4
:10FAB80042F48022C3F8E820D3F8E83003F4802326
:10FAC8000293029BADE7494BD3F8E82042F40022A9
:10FAD800C3F8E820D3F8E83003F400230393039B2A
:10FAE8009FE7424BD3F8E82042F48012C3F8E8209D
:10FAF800D3F8E83003F480130493049B91E73B4B5D
:10FB0800D3F8F02042F02002C3F8F020D3F8F03008
:10FB180003F020030593059B83E7344BD3F8E820D3
:10FB280042F08042C3F8E820D3F8E83003F080437D
:10FB38000693069B75E72D4BD3F8E82042F0004268
:10FB4800C3F8E820D3F8E83003F000430793079B95
:10FB580067E7264BD3F8E02042F00802C3F8E0201C
:10FB6800D3F8E03003F008030C930C9B3EE71F4BDF
:10FB7800D3F8E02042F01002C3F8E020D3F8E030D8
:10FB880003F010030D930D9B30E7184BD3F8E020DA
:10FB980042F02002C3F8E020D3F8E03003F020035D
:10FBA8000E930E9B22E7114BD3F8E02042F040025F
:10FBB800C3F8E020D3F8E03003F040030F930F9B25
:10FBC80014E70A4BD3F8E02042F08002C3F8E020A3
:10FBD800D3F8E03003F080031093109B06E700BFD2
:10FBE80000100140000C0058B82B002000440258B7
:10FBF800BC210124724BD3F8E02042F48072C3F890
:10FC0800E020D3F8E03003F480731193119BEDE604
:10FC18006B4BD3F8E02042F40072C3F8E020D3F82D
:10FC2800E03003F400731293129BDFE6644BD3F8C1
:10FC3800E02042F00102C3F8E020D3F8E03003F0FE
:10FC480001030993099BD1E65D4BD3F8E02042F00C
:10FC58000202C3F8E020D3F8E03003F002030A936D
:10FC68000A9BC3E6564BD3F8E02042F00402C3F8DF
:10FC7800E020D3F8E03003F004030B930B9BB5E6C8
:10FC88004F4BD3F8E02042F04002C3F8E020D3F80D
:10FC9800E03003F040031A931A9B8AE6484BD3F8E6
:10FCA800E02042F08002C3F8E020D3F8E03003F00F
:10FCB80080031B931B9B7CE6414BD3F8E02042F466
:10FCC8008072C3F8E020D3F8E03003F480731C930B
:10FCD8001C9B6EE63A4BD3F8E02042F40072C3F85E
:10FCE800E020D3F8E03003F400731D931D9B60E619
:10FCF800334BD3F8E02042F00102C3F8E020D3F8F8
:10FD0800E03003F001031493149B52E62C4BD3F814
:10FD1800E02042F00202C3F8E020D3F8E03003F01C
:10FD280002031593159B44E6254BD3F8E02042F0D7
:10FD38000402C3F8E020D3F8E03003F0040316937C
:10FD4800169B36E61E4BD3F8E02042F00802C3F8B3
:10FD5800E020D3F8E03003F008031793179B28E658
:10FD6800174BD3F8E02042F01002C3F8E020D3F894
:10FD7800E03003F010031893189B1AE6104BD3F8E1
:10FD8800E02042F02002C3F8E020D3F8E03003F08E
:10FD980020031993199B0CE60025E8E50125E6E503
:10FDA8000225E4E50325E2E50525E0E50425DEE591
:10FDB8000625DCE50725DAE500239B7EFFDE00BF8C
:10FDC800004402582DE9F04F91B0002301223F4929
:10FDD8000DF1240A09938B4601F11C09CAF8143065
:10FDE80001F13808CDF800A001F15407CDF804A0BE
:10FDF80001F17006CDF808A001F18C05CDF80CA032
:10FE080001F1A804CDF810A001F1C40ECDF814A09A
:10FE180001F1E00CCAE90133CAE903330F92FF226A
:10FE28002B4BCDE906AA1A70BAE80F00ABE80F0011
:10FE38009AE80700009B8BE807009B46BBE80F0089
:10FE4800A9E80F009AE80700019B89E8070099468E
:10FE5800B9E80F00A8E80F009AE80700029B88E8B5
:10FE680007009846B8E80F000FC79AE80700039BF9
:10FE780087E807001F460FCF0FC69AE80700049BC4
:10FE880086E807001E460FCE0FC59AE80700059BB7
:10FE980085E807001D460FCD0FC49AE80700069BAA
:10FEA80084E807001C460FCCAEE80F00079B9AE8D1
:10FEB80007001C468EE807000FCCACE80F009AE854
:10FEC80007008CE8070011B0BDE8F08F840100201E
:10FED800343B002010B5094C04F1340001F002FA5B
:10FEE800237D1BB1636BDB69DB0600D410BD2046A4
:10FEF800FFF744FA636B10221A6210BDB82B00207A
:10FF080010B50B4C04F5F67001F0ECF994F8CC310F
:10FF180023B1D4F8EC31DB69DB0600D410BD04F55D
:10FF2800DC70FFF72BFAD4F8EC3110221A6210BDFE
:10FF3800B82B002010B50B4C04F5697001F0D2F90C
:10FF480094F8843323B1D4F8A433DB69DB0600D4F6
:10FF580010BD04F55C70FFF711FAD4F8A433102231
:10FF68001A6210BDB82B002010B50B4C04F25C507F
:10FF780001F0B8F994F83C3523B1D4F85C35DB6965
:10FF8800DB0600D410BD04F5A560FFF7F7F9D4F837
:10FF98005C3510221A6210BDB82B002010B50B4C2E
:10FFA80004F2147001F09EF994F8F43623B1D4F8F1
:10FFB8001437DB69DB0600D410BD04F5DC60FFF7FD
:10FFC800DDF9D4F8143710221A6210BDB82B0020BE
:10FFD80010B50B4C04F6CC0001F084F994F8AC3859
:10FFE80023B1D4F8CC38DB69DB0600D410BD04F6A5
:08FFF8009800FFF7C3F9D4F8EB
:020000042401D5
:10000000CC3810221A6210BDB82B002010B50B4C52
:1000100004F6842001F06AF994F8643A23B1D4F824
:10002000843ADB69DB0600D410BD04F52560FFF7D8
:10003000A9F9D4F8843A10221A6210BDB82B002016
:1000400010B50B4C04F63C4001F050F994F81C3C00
:1000500023B1D4F83C3CDB69DB0600D410BD04F6C8
:100060000840FFF78FF9D4F83C3C10221A6210BD0B
:10007000B82B002010B50B4C04F6F45001F036F903
:1000800094F8D43D23B1D4F8F43DDB69DB0600D409
:1000900010BD04F55C60FFF775F9D4F8F43D10224B
:1000A0001A6210BDB82B002010B5EFF3108472B6A1
:1000B000084B1A78120602D504B962B610BD1B7837
:1000C0004FF4DC7204485BB202FB0300C830F6F761
:1000D00071F9F1E7343B0020B82B002010B5EFF3A5
:1000E000108472B6094B1A78120602D504B962B6AA
:1000F00010BD1B784FF4DC7205485BB202FB0300B5
:1001000000F5A070F6F756F9F0E700BF343B002089
:10011000B82B00200021FFF7FBBA00BF214A03687B
:1001200093422BD0A2F54C42934229D002F5806233
:10013000934227D002F58062934225D002F5806277
:10014000934223D002F54442934221D0A2F51C42AF
:1001500093421FD002F5806293421DD0124A93420F
:100160001CD108224FF4DC71104B01FB0233197DC6
:1001700011B11846FFF706B9FFF7CABA0022F1E736
:100180000122EFE70222EDE70322EBE70422E9E791
:100190000522E7E70622E5E70722E3E700231B7DC8
:1001A000FFDE00BF00100140000C0058B82B0020FB
:1001B000204A0368934229D0A2F54C42934227D0AB
:1001C00002F58062934225D002F58062934223D0EB
:1001D00002F58062934221D002F5444293421FD03F
:1001E000A2F51C4293421DD002F5806293421BD0BF
:1001F000114A93421AD1082310484FF4DC7202FBD3
:100200000300037D03B97047FFF7BCB80023F3E791
:100210000123F1E70223EFE70323EDE70423EBE7F4
:100220000523E9E70623E7E70723E5E700231B7D2E
:10023000FFDE00BF00100140000C0058B82B00206A
:10024000214A036893422BD0A2F54C42934229D015
:1002500002F58062934227D002F58062934225D056
:1002600002F58062934223D002F54442934221D0AA
:10027000A2F51C4293421FD002F5806293421DD02A
:10028000124A93421CD108224FF4DC71104B4FF0FC
:10029000000C01FB0233012183F814C0FFF738BAC8
:1002A0000022F1E70122EFE70222EDE70322EBE76C
:1002B0000422E9E70522E7E70622E5E70722E3E76C
:1002C00000231B75FFDE00BF00100140000C00582A
:1002D000B82B00205A4B0122002147F6122030B4DF
:1002E0006FF0F4141A6259629C61C3F8D041C3F8EC
:1002F0008843C3F84045C3F84825C3F84C15C3F8F4
:100300005425C3F85805C3F8F846C3F80027C3F8C6
:100310000417C3F80C27C3F81007C3F8B048C3F894
:10032000B828C3F8BC18C3F8C428C3F8C808C3F871
:10033000684A444DC3E90B20C3E97621C3E979201B
:10034000C3E9E421C3E9E720C3F8702AC3F8204CCD
:10035000C3F8D84D3C4CC3F8741AC3F87C2AC3F8D0
:10036000800AC3F8282CC3F82C1CC3F8342CC3F81B
:10037000380CC3F8E02DC3F8E41DC3F8EC2D218838
:10038000A278C3F8F00D314B3148A3F803105A712D
:10039000D9801A722F4B2A72E980A3F803102E4DD0
:1003A0005A71D9801A722D4BE9802A72A0F8031075
:1003B0004271C1800272A3F803105A71D98020687B
:1003C0001A72040C264B274D1880A3F803105A719B
:1003D000D9801A729C70244BE980A3F803105A71DB
:1003E000D9801A72214B2A72A3F803105A71D9804E
:1003F0001A721F4B18809C70A3F803105A71D98091
:100400001A721C4B18809C70A3F803105A71D98083
:100410001A72194B18809C701848A3F803105A716F
:10042000D9801A72164BA0F803104271C180027273
:10043000A3F803105A71D9801A7230BC704700BFFC
:10044000B82B00202C030020980200204403002039
:10045000380300205C03002020030020500300200C
:10046000603B0020080300206803002014030020E4
:100470003C3B0020543B0020483B00208C020020E5
:10048000800200203E4B00220B20114610B5D3F80D
:10049000D84082B044F00104C3F8D840D3F8D84023
:1004A00004F001040094009CD3F8D84044F0020406
:1004B000C3F8D840D3F8D83003F002030193019B6E
:1004C000F4F774FD0B20F4F7AFFD00220C20114669
:1004D000F4F76CFD0C20F4F7A7FD00220D20114667
:1004E000F4F764FD0D20F4F79FFD00220E20114665
:1004F000F4F75CFD0E20F4F797FD00220F20114663
:10050000F4F754FD0F20F4F78FFD00221020114660
:10051000F4F74CFD1020F4F787FD00223C20114633
:10052000F4F744FD3C20F4F77FFD00221120114632
:10053000F4F73CFD1120F4F777FD00223820114636
:10054000F4F734FD3820F4F76FFD0022392011460E
:10055000F4F72CFD3920F4F767FD00223A2011460C
:10056000F4F724FD3A20F4F75FFD00223B2011460A
:10057000F4F71CFD3B2002B0BDE81040F4F754BD79
:1005800000440258203100290FDD20F01F00BFF386
:100590004F8F064A0144C2F85C0220300B1A002B30
:1005A000F9DCBFF34F8FBFF36F8F704700ED00E0B2
:1005B000034688B190F83D20022A03D08022012012
:1005C0009A66704702680421002083F83D10D368C2
:1005D00023F00103D36070470120704703682C4962
:1005E0005A6910B49C6944F008049C619C6944F009
:1005F00010049C611C6824F001041C601C692140EB
:100600001961996821F44041996090F8811004299A
:1006100001D0910630D490F88110032901D05406FE
:100620001FD4910509D5D0F8841041F00101C0F81C
:100630008410996941F400719961D20509D5D0F807
:10064000842042F00802C0F884209A6942F4807243
:100650009A6100235DF8044BA0F86230A0F86A307C
:100660007047D0F8841041F00401C0F884109969F3
:1006700041F040019961D4E7D0F8841041F0800145
:10068000C0F88410996941F020019961C3E700BF67
:1006900090FCFFFF002800F0C980664A00212DE988
:1006A000F843036804468162934217D0A2F578426A
:1006B000934213D002F580629342C26800F0AE808C
:1006C0000F2A08D8C06B02F108014509C90805FBCB
:1006D0000111082916D90120BDE8F883E268E06B12
:1006E00002F10801534E4509C90805FB0111524D9D
:1006F000AB4218BFB34203D005F58065AB4201D1D0
:100700001029E8D894F8811001F0FF0500297AD06B
:100710004FF000080221A769A56B84F88110B7F19A
:10072000806F196821F001011960996801F4F81CC3
:10073000616858D011F4800901D0062A49D8D3F84D
:1007400000E02EF4807EC3F800E0666B42EA080207
:100750003743666A37432669374366693743266AF3
:100760003743E66C3743A6683743A66C3743E669E0
:1007700032431043A26D3A4340EA0C000A439860AA
:100780001543DD60B9B99A6822F4C05242F40062A0
:100790009A609A6822F4C06242F480629A601A6D8C
:1007A00022F001021A6500200123C4F8840084F8B5
:1007B0008130BDE8F8831A6D22F001021A65B9F1A3
:1007C000000FF0D0DA68616D22F000420A43DA606F
:1007D000E9E7D3F800E0266D2EF4807E4EEA060E9F
:1007E000C3F800E0B1E7B1F5800F06D00029A1D130
:1007F000B5F1805F02D08946A1E7CDB91E6846F405
:1008000080561E6096E7204684F88050FDF77CFDF8
:100810002368E268D4F82880E06B7BE7C06B02F1C4
:1008200008014509C90805FB011169E70120704766
:10083000894682E70030014000380040F8B590F862
:100840008030012B00F0928090F881301546012213
:100850000446DEB2934280F880206BD1002964D038
:10086000B5FA85F35B09002D5FD003224366A0F83B
:10087000683080F88120C0F88430A0F86250A0F879
:100880006A300268C165A0F86050C0E91C33836813
:10089000B3F5C02F65D0D36823F4C02343F40033ED
:1008A000D360E368A06F0F2B4AD98369B3F5804FFB
:1008B0003BD13E4F203252F8183C07643C4F23F4A2
:1008C0000043C7633B4FC7640027076542F8183CE5
:1008D000B4F862309BB2F5F789F9002849D1A36FCB
:1008E000354ADB69B3F5807F2368596802EA010263
:1008F00018BF2A435A609A68616842F40042B1F511
:10090000800F9A601A6942F448721A611A6842F0BC
:1009100001021A6003D11A6842F400721A600023BF
:100920001E4684F880303046F8BD002384F88030BD
:100930003046F8BD0023022680F880303046F8BDEE
:10094000072B836921D8B3F5005F27D0B3F5804F1B
:10095000AFD1B4F862309BB203339B08A4F8623085
:10096000A7E7136843F4006313609AE70226304652
:10097000F8BDD4F88430012284F8807043F010036D
:10098000C4F8843084F88120D2E7B3F5804F05D0D5
:10099000B3F5005FC9D1B3F5804F8AD1B4F86230A6
:1009A0009BB201335B08A4F8623082E7E10D0124B9
:1009B000650D01240D0E01240000FFFFF8B590F82D
:1009C0008030012B00F0968090F88130154601228E
:1009D0000446DEB2934280F880206AD1002963D0B9
:1009E000B5FA85F35B09002D5ED00422A0F86030D3
:1009F000416680F88120C0F88430A0F86A50A0F8E1
:100A00006230A0F86850C0E91C338368B3F5C02F8A
:100A100003686AD0DA6822F4C02242F48022DA60E5
:100A2000E2680F2A4BD9E06F8269B2F5804F3BD163
:100A30009A6822F480429A60414F0A4603F13001DD
:100A4000B4F86A3007643F4F9BB2C7633E4FC76438
:100A500000270765F5F7CAF800284ED1E36F3B4A37
:100A6000DB69B3F5807F2368596802EA010218BF89
:100A70002A435A609A68616842F48042B1F5800F57
:100A80009A601A6942F450721A611A6842F00102BF
:100A90001A6003D11A6842F400721A6000231E46DD
:100AA00084F880303046F8BD002384F8803030462A
:100AB000F8BD0023022680F880303046F8BD072AB2
:100AC00027D89A68E06F22F480429A608269B2F572
:100AD000005F2DD0B2F5804FAED1B4F86A2092B24B
:100AE00003329208A4F86A20A6E71A6822F400628A
:100AF0001A6095E702263046F8BDD4F8843001220A
:100B000084F8807043F01003C4F8843084F88120A6
:100B1000CDE7E06F8769B7F5804F02D0B7F5005F8A
:100B2000C2D19A68B7F5804F22F480429A6083D18F
:100B3000B4F86A2092B201325208A4F86A207BE726
:100B4000F10D01248D0D01240D0E01240000FFFF85
:100B50002DE9F8431D4690F88030012B00F083808A
:100B60000123044680F8803090F88130012BDEB2FA
:100B700051D1002D18BF002A47D0B1FA81F35B098B
:100B8000002942D0C165A0F8605001684266A0F813
:100B90006850C0E91C33052084F88100C4F8843013
:100BA000A4F86250A4F86A50CB6823F4C023CB6049
:100BB0008B6823F440438B60E3680F2B32D9E06FDE
:100BC0008369B3F5804F20D1624F4FF00008B4F82D
:100BD0006A3030310764DFF888919BB25E4FC0F80D
:100BE0004C90C763C0F85080F5F700F8074600281E
:100BF0003DD0D4F88430012284F8808043F0100383
:100C0000C4F8843084F8812002E0002384F8803026
:100C10003046BDE8F8830023022680F88030304655
:100C2000BDE8F883072B5DD8A36F9B69B3F5005F20
:100C300078D0B3F5804F06D1B4F862309BB203335D
:100C40009B08A4F86230E06F8369B3F5005F61D060
:100C5000B3F5804FB8D1B4F86A309BB203339B0828
:100C6000A4F86A30B0E702263046BDE8F88322686F
:100C7000A06F93682032E16D43F4804342F8183C42
:100C8000B4F86230C0F84C909BB20765C0E90F77AA
:100C9000F4F7ACFF00284DD1A36F304ADB69B3F500
:100CA000807F2368596802EA010218BF2A435A600C
:100CB0009A68616842F40042B1F5800F9A601A693F
:100CC00042F458721A611A6842F001021A6004D0A4
:100CD00000231E4684F880309AE71A6842F40072B6
:100CE0001A60F5E7E06F8369B3F5804F02D0B3F582
:100CF000005F8AD1A76FBF69B7F5804F06D1B4F8FE
:100D00006270BFB201377F08A4F86270B3F5804FFC
:100D10007FF45AAFB4F86A309BB201335B08A4F891
:100D20006A3051E7B4F862309BB201335B08A4F833
:100D3000623088E7E06FF5F7FBF8D4F884300122E1
:100D400084F8807043F01003C4F8843084F8812064
:100D50005EE700BF010E0124B50D01240000FFFF76
:100D60000D0E0124806B08B590F88130072B09D057
:100D7000836FDB69B3F5807F05D00268136943F0A8
:100D80000803136108BDFDF7C7FE08BD806B08B5F9
:100D900090F88130072B09D0C36FDB69B3F5807FF2
:100DA00005D00268136943F00803136108BDFDF71D
:100DB00015FF08BD806B08B590F88130072B09D06E
:100DC000836FDB69B3F5807F05D00268136943F058
:100DD0000803136108BDFDF763FF08BD704700BF3E
:100DE000806B08B5FFF7FAFF08BD00BF704700BF72
:100DF000806B08B5FFF7FAFF08BD00BF704700BF62
:100E0000806B08B5FFF7FAFF08BD00BF10B5846B13
:100E1000F5F720FE022800D110BD236830495A6939
:100E2000986940F008009861986940F01000986156
:100E3000186820F00100186018690140196199686C
:100E400021F44041996094F88110042901D0910661
:100E50003AD494F88110032901D0500629D4910581
:100E600009D5D4F8841041F00101C4F884109969BF
:100E700041F400719961D20509D5D4F8842042F07B
:100E80000802C4F884209A6942F480729A610023AF
:100E900001222046A4F86230A4F86A30D4F88430E5
:100EA00043F01003C4F8843084F88120FDF75AFF22
:100EB00010BDD4F8841041F00401C4F8841099697D
:100EC00041F040019961CAE7D4F8841041F08001F3
:100ED000C4F88410996941F020019961B9E700BF15
:100EE00090FCFFFF08B5806B00230122A0F86A3058
:100EF000A0F8623080F88120FDF734FF08BD00BF04
:100F0000704700BF036819695A692DE9F0419F686D
:100F100001EA020590F8816012050446F6B202D596
:100F2000090700F1D28005F06402042A3ED005F0E2
:100F30004502012A44D005F02602022A00F0DC8096
:100F40002A075CD59A6942F008029A619A6942F0D0
:100F500010029A619A6942F400629A611A6922F059
:100F600008021A619A6812F4404F33D1B4F86A202B
:100F700092B27AB3616E0EE02268126B41F8042BD4
:100F80006166B4F86A20013A92B2A4F86A20B4F813
:100F90006A2092B2F2B1E2680F2AEDD8072A40F235
:100FA000A3801A8E21F8022B6166EAE72046636F60
:100FB0009847236F2046984705F04503012B02D13F
:100FC000236F2046984705F02605022D00F09480F7
:100FD000BDE8F0812046FFF701FB012384F8813052
:100FE000D4F88430002B7CD1052E00F08A80042EAA
:100FF00000F08A80032EEBD1FDF78EFDE8E715F4B3
:10100000587FE5D06E0609D5D4F8842042F004025A
:10101000C4F884209A6942F040029A61A80509D573
:10102000D4F8842042F00102C4F884209A6942F482
:1010300000729A61E90509D5D4F8842042F00802CB
:10104000C4F884209A6942F480729A61AA0609D58C
:10105000D4F8842042F08002C4F884209A6942F0D7
:1010600020029A61D4F88420002AB1D0196807F4CC
:101070004047274A21F00101B7F5404F196019692F
:1010800002EA01021A6128D19A68E06F22F4404214
:101090009A6050B11F4B0365F5F7C2F828B1D4F838
:1010A000843043F04003C4F88430A06F00288FD010
:1010B000184B0365F5F7B4F8002889D0D4F88430CC
:1010C00043F04003C4F8843082E79A6942F4006236
:1010D0009A61FFF715FFBDE8F0810123204684F8EF
:1010E0008130FDF73FFE73E7226892F830200A70E6
:1010F000616E0131616644E7636F2046BDE8F041EF
:101100001847FDF7CDFD63E7FDF768FD60E700BF19
:1011100094FCFFFFE50E012490F88100704700BFAA
:1011200070B5D0F88860202E31D171B3B2FA82F553
:101130006D0952B32123A0F856200446C0F8905000
:101140000165A0F85420C0F88830C06F60B1056513
:101150001346134D2268C563124D28320564124DA3
:10116000C564F4F743FDA0B922684023136202F17D
:10117000080353E8003F43F0800302F1080040E811
:1011800000310029F3D1002070BD012070BD022084
:1011900070BD10230120C4F89030C4F8886070BD81
:1011A000AD110124F51101240112012408B5C36910
:1011B000806BB3F5807F18D000230268A0F856300A
:1011C00002F1080353E8003F23F0800302F1080016
:1011D00040E800310029F3D152E8003F43F04003DA
:1011E00042E800310029F7D108BDFEF793FF08BDA2
:1011F000704700BF806B08B5FFF7FAFF08BD00BF5E
:10120000806B0368D0F8881010B5D0F88C409A68CD
:10121000120601D521290DD09A68520601D5222C3B
:1012200023D0D0F8903043F01003C0F89030FFF78F
:1012300007F810BD0022A0F8562053E8002F22F036
:10124000C00243E800210029F7D103F1080252E867
:10125000002F22F4000203F1080C4CE800210029C1
:10126000F3D12022C0F88820D6E70022A0F85E2023
:1012700053E8002F22F4907243E800210029F7D1AF
:10128000134C03F1080252E8002F224003F1080C2E
:101290004CE800210029F4D1C26E012A06D00023B7
:1012A00020224367C0F88C20C366BAE753E8002FBA
:1012B00022F0100243E800210029F0D053E8002F6B
:1012C00022F0100243E800210029EFD1E7E700BF38
:1012D000FEFFFFEF08B5806B0023A0F85E30A0F89A
:1012E0005630FEF7ADFF08BD704700BF036840F6FB
:1012F0000F0CDA6912EA0C0F70B51D680446996884
:1013000000F02181B14EB24805EA060C08405CEAC3
:10131000000640F08980E06E012822D0D00202D57C
:101320004E0200F13981100606D501F4000105F0E6
:101330008000014340F02881510667D56E0665D5CF
:1013400053E8002F22F0400243E800210029F7D1A2
:10135000202200232046C4F88820A367FEF7DAFE87
:1013600070BDD006DAD5EE06D8D510221A629A687A
:10137000550640F13C81D4F8800001684A6892B279
:10138000002AEDD0B4F85C109142E9D9A4F85E20AF
:10139000C269B2F5807F2FD053E8002F22F480720B
:1013A00043E800210029F7D103F1080252E8002F99
:1013B00022F0010203F1080545E800210029F3D1DC
:1013C00003F1080252E8002F22F0400203F1080561
:1013D00045E800210029F3D12022C4F88C20E166E1
:1013E00053E8002F22F0100243E800210029F7D132
:1013F000F4F79EFDB4F85C10022320462367B4F88E
:101400005E30C91A89B2FFF76FFF70BD100202D5B6
:10141000690000F1E780D301A2D5002DA0DA2046B3
:10142000BDE8704000F054BED60709D5EE0507D5DB
:1014300001261E62D4F8906046F00106C4F8906060
:10144000960740F19280CE070AD502261E62D4F894
:10145000906046F00406C4F89060560700F18B8057
:1014600016070BD505F02006304307D00820186278
:10147000D4F8900040F00800C4F8900016050AD592
:10148000680108D54FF400601862D4F8900040F06D
:101490002000C4F89000D4F8900000283FF460AF1A
:1014A00096060BD505F0200501F0805155EA0102A2
:1014B00004D0626F12B1204690472368D4F8905050
:1014C0009A6805F0280502F04002154300F0C58037
:1014D00053E8002F22F4907243E800210029F7D14D
:1014E0003C4803F1080252E8002F024003F10805CE
:1014F00045E800210029F4D1E26E012A54D00022EF
:101500002021C4F88C10E266996862674D0665D5A3
:1015100003F1080252E8002F22F0400203F1080014
:1015200040E800210029F3D1D4F88000002855D0EC
:10153000294B0365F4F774FE00283FF411AFD4F88B
:101540008000036D0EE096067FF5E5AE05F02006FF
:1015500001F0805C56EA0C063FF4DDAE436F002BD1
:101560003FF4FEAEBDE87040184756077FF578AFF0
:10157000CE077FF575AF04261E62D4F8906046F062
:101580000206C4F890606BE7A36F002B3FF4E8AE4F
:101590002046BDE8704018474FF4801220461A627A
:1015A000BDE8704000F092BD53E8002F22F0100219
:1015B00043E800210029A2D053E8002F22F01002B6
:1015C00043E800210029EFD199E700BF2001000482
:1015D00001000010FEFFFFEFD51201242046FEF7A8
:1015E0002FFE70BD2046BDE8704000F073BDB4F81A
:1015F0005E00B4F85C10B4F85E20091A92B289B2A9
:10160000002A3FF4ADAE00293FF4AAAE53E8002F04
:1016100022F4907243E800200028F7D1124D03F124
:10162000080252E8002F2A4003F1080646E800208D
:101630000028F4D120226067C4F88C20E06653E8CB
:10164000002F22F0100243E800200028F7D10223E7
:1016500020462367FFF748FE70BD2046FEF7F0FDE9
:10166000C4F8905070BD00BFFEFFFFEF806B08B55F
:1016700001230367C36E012B02D0FEF799FD08BD5D
:10168000B0F85C104908FFF72FFE08BD08B5C36924
:10169000806BB3F5807F29D000220368A0F85E201C
:1016A00053E8002F22F4807243E800210029F7D18B
:1016B00003F1080252E8002F22F0010203F1080CA6
:1016C0004CE800210029F3D103F1080252E8002F71
:1016D00022F0400203F1080C4CE800210029F3D16C
:1016E0002022C0F88C20C26E012A07D00023036795
:1016F000C36E012B13D0FEF711FD08BD53E8002F78
:1017000022F0100243E800210029EFD053E8002F17
:1017100022F0100243E800210029EFD1E6E7B0F8FB
:101720005C10FFF7E1FD08BDD0F88820D0F88C00F0
:10173000104370470169826803680A43C04930B5A5
:1017400045690446C06987B02A431D6802432940A1
:10175000BC4D0A43E168AB421A605A6822F4405219
:1017600042EA0102A1695A6000F0E080226A9D68A5
:101770001143B54A2A40656A11439960DA6A22F03A
:101780000F022A43DA62B14A934223D0B04A93420D
:1017900076D0B04A934200F08F81AF4A934200F076
:1017A000E181AE4A934200F02181AD4A934200F0BC
:1017B000E381AC4A934200F03482AB4A934200F09A
:1017C000E781012000234FF001126367A266A3673F
:1017D00007B030BDA54B5B6D03F03803282BF0D864
:1017E000A34AD35CB0F5004F55D0202B00F24A81BC
:1017F000202BE6D801A252F823F000BF3B1A0124A7
:10180000351A0124C3170124C3170124251A012402
:10181000C3170124C3170124C3170124171A012475
:10182000C3170124C3170124C3170124C3170124BC
:10183000C3170124C3170124C3170124011A01246B
:10184000C3170124C3170124C3170124C31701249C
:10185000C3170124C3170124C3170124C31701248C
:10186000C3170124C3170124C3170124C31701247C
:10187000C3170124C3170124C3170124A51B012486
:101880007A4B5B6D03F00703052B9AD8794AB0F5C4
:10189000004FD35CA9D1202B00F24581202B90D89A
:1018A00001A252F823F000BF0F1C0124091C0124DF
:1018B000C3170124C3170124151C0124C3170124D5
:1018C000C3170124C3170124F71B0124C3170124E4
:1018D000C3170124C3170124C3170124C31701240C
:1018E000C3170124C3170124E31B0124C3170124D8
:1018F000C3170124C3170124C3170124C3170124EC
:10190000C3170124C3170124C3170124C3170124DB
:10191000C3170124C3170124C3170124C3170124CB
:10192000C3170124C31701241F1C01249868464AC9
:1019300002404E480A439A60DA6A616A22F00F0256
:101940000A43DA62836D03F00703052B3FF639AFD4
:10195000494AD35C202B00F2B980012B7FF631AFCE
:10196000023B1E2B3FF62DAF01A252F823F000BF21
:10197000D91B0124C3170124CF1B0124C317012441
:10198000C3170124C3170124BD1B0124C31701245D
:10199000C3170124C3170124C3170124C31701244B
:1019A000C3170124C3170124A91B0124C317012451
:1019B000C3170124C3170124C3170124C31701242B
:1019C000C3170124C3170124C3170124C31701241B
:1019D000C3170124C3170124C3170124C31701240B
:1019E000C3170124C3170124DF1B01241F4B5B6DA8
:1019F00003F00703052B3FF6E4AE204AD35CF1E683
:101A00001A4B1A68920640F1C1801B681C48C3F348
:101A1000C103D8403BE003A8F9F7E8FC049838B9C3
:101A20000020CFE66846F9F723FC01980028F7D09C
:101A3000656A2CE0F8F7D2FCF1E7F8F787FCEEE7EF
:101A4000F369FFCF000C0058FFF4FF1100100140B4
:101A50000044004000480040004C0040005000405E
:101A60000014014000780040007C0040004402580F
:101A7000DC2201240823012410230124082301244B
:101A80000090D003402B7FF49CAE4FF400406C4B91
:101A90004FF6EF71626833F81530B0FBF3F303EBE8
:101AA0005203B3FBF2F3A3F110028A423FF689AE70
:101AB00022680020D36085E6624B5B6D03F007036C
:101AC000052B3FF67EAE604AD35C8BE6402B7FF45D
:101AD00078AE4FF400405A4B656833F8112005EB9F
:101AE0004501B0FBF2F399423FF66BAEB3EB053F15
:101AF0003FF667AE00231946EEF7EEFB2A460902D1
:101B0000030241EA1061680818184FF0000341F120
:101B10000001EEF7E1FB4D4AA0F54071034691420A
:101B20003FF64FAEC4E7402B7FF44BAE444B6268A8
:101B300033F815105308B0FBF1F003EB40004FF6FB
:101B4000EF73B0FBF2F0A0F110029A423FF639AE0B
:101B500020F00F03C0F3420022689BB20343002031
:101B6000D3602FE6374B5B6D03F00703052B3FF681
:101B700028AE374AD35C35E6324B5B6D03F0380351
:101B8000282B3FF61EAE334AD35C2BE632487EE765
:101B90002C4B5B6D03F00703052B3FF612AE2F4A6B
:101BA000D35C1FE62E4872E7264B1A68900642D592
:101BB0001B682948C3F3C103D8408CE703A8F9F791
:101BC00015FC049800283FF42BAF616A83E7684650
:101BD000F9F74EFB0198F5E7F9F738FBF2E72048F3
:101BE00079E7184B1A68910627D51B681A48C3F382
:101BF000C103D8409AE703A8F9F7F8FB0498002836
:101C00003FF40EAF656A91E7F8F7E8FBF7E7F8F7FE
:101C10009DFBF4E76846F9F72BFB0198EFE71048C6
:101C200084E7084B5B6D03F00703052B3FF6C9AD56
:101C30000C4AD35CD6E508484DE7074876E700BF75
:101C4000182301240044025808230124FFFC0F003C
:101C500008230124DC2201240090D003082301245E
:101C600000093D0008230124836A1A0710B406D531
:101C70000168846B4A6822F4004222434A60DC0710
:101C800006D50168C46A4A6822F4003222434A60D9
:101C9000990706D50168046B4A6822F48032224312
:101CA0004A605A0706D50168446B4A6822F48022CC
:101CB00022434A60DC0606D50168C46B8A6822F4B8
:101CC000805222438A60990606D50168046C8A68AE
:101CD00022F4005222438A605A060AD50168446CF5
:101CE0004A68B4F5801F22F4801242EA04024A6076
:101CF0000BD01B0606D50268C16C536823F4002381
:101D00000B4353605DF8044B70474A68846C22F4BF
:101D1000C00222434A60ECE738B500230446C0F80D
:101D20009030F2F73BFA2268054613681B070ED481
:101D30001368590732D4002320221846C4F888209B
:101D400084F88430C4F88C20E366236738BDD369F7
:101D50009802EDD40CE019681A46490705D5D969EF
:101D600008074FD4D96909057AD4DB699802DFD412
:101D7000F2F714FA431BB3F1007F2368EBD353E867
:101D8000002F22F0800243E800210029F7D1202310
:101D9000032084F88410C4F8883038BDD3695B020E
:101DA000C9D40DE01A68500707D5DA69110700F1A8
:101DB0008580DA69120500F1AF80DB695B02BAD475
:101DC000F2F7ECF9431BB3F1007F2368EAD353E841
:101DD000002F22F4907243E800210029F7D103F18B
:101DE000080252E8002F22F0010203F1080040E847
:101DF00000210029F3D12023032084F88410C4F8A3
:101E00008C3038BD08221A6253E8002F22F49072F9
:101E100043E800210029F7D1564803F1080252E8AF
:101E2000002F024003F1080545E800210029F4D104
:101E3000E26E012A0BD0002220200821C4F88C0079
:101E40006267E26684F88420C4F8901097E753E84C
:101E5000002F22F0100243E800210029F7D1EAE721
:101E60004FF400621A6253E8002F22F4907243E8A4
:101E700000210029F7D13F4803F1080252E8002F62
:101E8000024003F1080545E800210029F4D1E26E83
:101E9000012A0AD0002220216267C4F88C1084F83D
:101EA0008420E266C4F8901069E753E8002F22F01E
:101EB000100243E800210029F7D1EBE708221A625B
:101EC00053E8002F22F4907243E800210029F7D153
:101ED000284803F1080252E8002F024003F10805E8
:101EE00045E800210029F4D1E26E012A0BD000223E
:101EF00020200821C4F88C006267E26684F8842000
:101F0000C4F8901063E753E8002F22F0100243E872
:101F100000210029F7D1EAE74FF400621A6253E882
:101F2000002F22F4907243E800210029F7D11148D4
:101F300003F1080252E8002F024003F1080545E8CA
:101F400000210029F4D1E26E012A0AD000222021CA
:101F50006267C4F88C1084F88420E266C4F890109C
:101F600035E753E8002F22F0100243E80021002952
:101F7000F7D1EBE7FEFFFFEF80B3D0F8883010B564
:101F8000044633B322682423A16AC4F88830136856
:101F900023F001031360C1B92046FFF7CBFB0128F2
:101FA00011D0236820465A6822F490425A609A68F9
:101FB00022F02A029A601A6842F00102BDE810403D
:101FC0001A60FFF7A9BE012010BD2046FFF74CFEA6
:101FD000E2E780F88430FDF79FFCD3E701207047EB
:101FE00038B5044600232220C4F89030C4F88C0091
:101FF000D4F88000A165A4F85C2070B12568036561
:1020000013460A4605F124011B4DC5631B4D0564AB
:102010001B4DC564F3F7EAFD28BB23694BB1236868
:1020200053E8002F42F4807243E800210029F7D1E1
:1020300000E0236803F1080252E8002F42F0010299
:1020400003F1080040E800210029F3D103F1080260
:1020500052E8002F42F0400203F1080141E800205D
:102060000028F3D138BD102220230120C4F890208D
:10207000C4F88C3038BD00BF8D1601246D160124C4
:1020800001120124D0F88C30202B1AD1B9B1B2FA48
:1020900082F35B099AB130B40468C3660A4B9C4270
:1020A0000AD063681B0207D554E8003F43F0806301
:1020B00044E80035002DF7D130BCFFF791BF012077
:1020C00070470220704700BF000C0058704700BFE7
:1020D000704700BF704700BF0B460146184600F02E
:1020E00001B8000010B5054C13462CB10A46014654
:1020F0000220AFF3008010BD2046FCE70000000086
:1021000070B50D4D0D4C641BA4100026A64209D1DC
:102110000B4D0C4C00F00CF9641BA4100026A642D9
:1021200005D170BD55F8043B98470136EEE755F8E8
:10213000043B98470136F2E7502301245023012441
:1021400050230124842301240A44914200F1FF33E7
:1021500000D1704710B511F8014B03F8014F9142BF
:10216000F9D110BD02440346934200D1704703F8F1
:10217000011BF9E730000000030000000000803F71
:102180000000803F00030006000200070201020079
:102190000101020400010000020302020054004099
:1021A00000580040005C0040001C00580000004047
:1021B0000004004000080040000C004025002600FC
:1021C0002700340035004700520053008E00000005
:1021D000020E0000020D00000108000001090000CD
:1021E000060E0000010400000202000002030000CD
:1021F000060D0000030300000207000006000000B7
:102200000C00000012000000180000000001000097
:10221000060100000C01000012010000180100007E
:1022200000020000060200000C0200001202000082
:102230001802000000030000060300000A0A090952
:10224000090A00000000FA4500007A460000FA463C
:1022500000803B470080BB470003010300020102EE
:1022600000061016000610160B00FF009C00002050
:10227000840000209000002054000020C0000020B6
:10228000A8000020B400002060000020E40000202E
:10229000CC000020D80000206C000020EC29002099
:1022A000D4290020E0290020BC290020102A002089
:1022B000F8290020042A0020C82900200801002055
:1022C000F0000020FC00002078000020000000004A
:1022D000010203040102030406070809018080804B
:1022E00080808080048080808080808008808080E2
:1022F00080808080108080808080808020808080AE
:102300008080808040000000000408102040000011
:102310000204081020400000010002000400060032
:1023200008000A000C00100020004000800000019E
:10233000F8B500BFF8BC08BC9E467047F8B500BFB2
:08234000F8BC08BC9E46704782
:08234800C0DFFE7F0100000070
:10235000BD0200244D070024CD0E0024D913002413
:10236000591C0024E92000249529002491330024DD
:10237000F1380024E13E00242DEE00244DF300242A
:04238000D50201245D
:042384009902002496
:102388000000000010000000000000000000000035
:102398000000000000000000000000001000000025
:1023A8000000000000000000000000000000000025
:1023B8000000000010000000000000000000000005
:1023C8000000000000000000000000000100000004
:1023D80010000000060A05000405000000000000C7
:1023E800010C0501040701090500000000040600AE
:1023F80000000000000000000004080000000000C9
:10240800000000000104050006050609050000009B
:10241800010505000705000000000000060B050087
:102428000505000000000000010E0502020500007D
:1024380000000000020105010F050203050000006D
:10244800030305000000000000000000020B060165
:102458000406000000000000020C06010507000049
:1024680000000000020A0600000000000000000052
:10247800010408000608000000000000010508002B
:102488000708000000000000000508000000000028
:102498000000000000000000000000000000000034
:1024A8000000000000000000000000000100000023
:1024B8000000000000000000000000000000000014
:1024C8000000000000000000010000000000000003
:1024D80000000000000000000000000000000000F4
:1024E80000000000010000000000000000000000E3
:1024F80000000000000000000000000000000000D4
:1025080001000000000000000000000000000000C2
:1025180000000000000000000000000001000000B2
:1025280000000000000000000000000000000000A3
:102538000000000000000000010000000000000092
:102548000000000000000000000000000000000083
:102558000000000001000000000000000000000072
:102568000000000000000000000000000000000063
:102578000100000000000000000000000000000052
:102588000000000000000000000000000100000042
:102598000000000000000000000000000000000033
:1025A8000000000000000000010000000000000022
:1025B8000000000000000000000000000000000013
:1025C8000000000001000000000000000000000002
:1025D80000000000000000000000000000000000F3
:1025E80001000000000000000000000000000000E2
:1025F80000000000000000000000000001000000D2
:1026080001070800000000000000000001060800A3
:1026180000000000000000000B00FF002C03002059
:102628002003002044030020380300205C0300201E
:1026380050030020F0020020E402002008030020DC
:10264800FC020020603B00206803002014030020E7
:102658003C3B0020543B0020483B00208C020020DB
:1026680080020020010808020B0800010800000091
:10267800010908020A08000008000000010C0E0306
:10268800020801050E000000020C0801060E0000F9
:102698000000000001040B00000000000000000022
:1026A800010707010F0400000000000001060701F0
:1026B8000E040000000000000003070000000000F6
:1026C80000000000000207000000000000000000F9
:1026D800020B07000000000000000000020A0700CB
:1026E80000000000000000000609070000000000CC
:0C26F800000000000090D0030090D00310
:04000005240005E9E5
:00000001FF
